Will overwrite experiment MSR3D_BLIPT_PTv3_VIC_LORA_2Will overwrite experiment MSR3D_BLIPT_PTv3_VIC_LORA_2

Starting experiments: MSR3D_BLIPT_PTv3_VIC_LORA_2
Starting experiments: MSR3D_BLIPT_PTv3_VIC_LORA_2
MSR3DMix about to load: ['msqa_scannet'].
MSR3DMix about to load: ['msqa_scannet'].
Loading MSQAScanNet train-set language
Loading MSQAScanNet train-set language
Finish loading MSQAScanNet train-set language, collected 145623 data
MSR3DMix finishes loading dataset: msqa_scannet.
Indecies of these datasets: [0, 145623]
Finish loading MSQAScanNet train-set language, collected 145623 data
MSR3DMix finishes loading dataset: msqa_scannet.
Indecies of these datasets: [0, 145623]
Loading MSQAScanNet val-set language
Finish loading MSQAScanNet val-set language, collected 890 data
Loading MSQAScanNet val-set language
Finish loading MSQAScanNet val-set language, collected 890 data
Loading MSQAScanNet test-set language
Finish loading MSQAScanNet test-set language, collected 827 data
Loading MSQAScanNet test-set language
Finish loading MSQAScanNet test-set language, collected 827 data
5
5
5
5
[PTv3 Checkpoint] Missing: 0  Unexpected: 0[PTv3 Checkpoint] Missing: 0  Unexpected: 0

!!!! situation type !!!! as_transform_for_objects
!!!! situation type !!!! as_transform_for_objects
!!! scene token len !!! 60
!!! scene token len !!! 60
Hidden Size:4096
Hidden Size:4096
EmbodiedSolver built with 8.1B parameters
1.1B learnable parameters
🔥 Tuned parameter: visual_prompter.anchor_feat -- torch.Size([1, 1, 256])
🧊 Frozen parameter: visual_prompter.anchor_size -- torch.Size([1, 1, 3])
🔥 Tuned parameter: visual_prompter.object_orientation_feat -- torch.Size([1, 1, 256])
🔥 Tuned parameter: visual_prompter.orientation_encoder.weight -- torch.Size([256, 84])
🔥 Tuned parameter: visual_prompter.orientation_encoder.bias -- torch.Size([256])
🔥 Tuned parameter: visual_prompter.object_type_embedding.weight -- torch.Size([2, 256])
🧊 Frozen parameter: visual_prompter.obj_encoder.model.logit_scale -- torch.Size([])
🧊 Frozen parameter: visual_prompter.obj_encoder.model.backbone.embedding.stem.conv.weight -- torch.Size([48, 5, 5, 5, 6])
🧊 Frozen parameter: visual_prompter.obj_encoder.model.backbone.embedding.stem.norm.norm.0.weight -- torch.Size([48])
🧊 Frozen parameter: visual_prompter.obj_encoder.model.backbone.embedding.stem.norm.norm.0.bias -- torch.Size([48])
🧊 Frozen parameter: visual_prompter.obj_encoder.model.backbone.embedding.stem.norm.norm.1.weight -- torch.Size([48])
🧊 Frozen parameter: visual_prompter.obj_encoder.model.backbone.embedding.stem.norm.norm.1.bias -- torch.Size([48])
🧊 Frozen parameter: visual_prompter.obj_encoder.model.backbone.embedding.stem.norm.norm.2.weight -- torch.Size([48])
🧊 Frozen parameter: visual_prompter.obj_encoder.model.backbone.embedding.stem.norm.norm.2.bias -- torch.Size([48])
🧊 Frozen parameter: visual_prompter.obj_encoder.model.backbone.enc.enc0.block0.cpe.0.weight -- torch.Size([48, 3, 3, 3, 48])
🧊 Frozen parameter: visual_prompter.obj_encoder.model.backbone.enc.enc0.block0.cpe.0.bias -- torch.Size([48])
🧊 Frozen parameter: visual_prompter.obj_encoder.model.backbone.enc.enc0.block0.cpe.1.weight -- torch.Size([48, 48])
🧊 Frozen parameter: visual_prompter.obj_encoder.model.backbone.enc.enc0.block0.cpe.1.bias -- torch.Size([48])
🧊 Frozen parameter: visual_prompter.obj_encoder.model.backbone.enc.enc0.block0.cpe.2.norm.0.weight -- torch.Size([48])
🧊 Frozen parameter: visual_prompter.obj_encoder.model.backbone.enc.enc0.block0.cpe.2.norm.0.bias -- torch.Size([48])
🧊 Frozen parameter: visual_prompter.obj_encoder.model.backbone.enc.enc0.block0.cpe.2.norm.1.weight -- torch.Size([48])
🧊 Frozen parameter: visual_prompter.obj_encoder.model.backbone.enc.enc0.block0.cpe.2.norm.1.bias -- torch.Size([48])
🧊 Frozen parameter: visual_prompter.obj_encoder.model.backbone.enc.enc0.block0.cpe.2.norm.2.weight -- torch.Size([48])
🧊 Frozen parameter: visual_prompter.obj_encoder.model.backbone.enc.enc0.block0.cpe.2.norm.2.bias -- torch.Size([48])
🧊 Frozen parameter: visual_prompter.obj_encoder.model.backbone.enc.enc0.block0.norm1.0.norm.0.weight -- torch.Size([48])
🧊 Frozen parameter: visual_prompter.obj_encoder.model.backbone.enc.enc0.block0.norm1.0.norm.0.bias -- torch.Size([48])
🧊 Frozen parameter: visual_prompter.obj_encoder.model.backbone.enc.enc0.block0.norm1.0.norm.1.weight -- torch.Size([48])
🧊 Frozen parameter: visual_prompter.obj_encoder.model.backbone.enc.enc0.block0.norm1.0.norm.1.bias -- torch.Size([48])
🧊 Frozen parameter: visual_prompter.obj_encoder.model.backbone.enc.enc0.block0.norm1.0.norm.2.weight -- torch.Size([48])
🧊 Frozen parameter: visual_prompter.obj_encoder.model.backbone.enc.enc0.block0.norm1.0.norm.2.bias -- torch.Size([48])
🧊 Frozen parameter: visual_prompter.obj_encoder.model.backbone.enc.enc0.block0.attn.qkv.weight -- torch.Size([144, 48])
🧊 Frozen parameter: visual_prompter.obj_encoder.model.backbone.enc.enc0.block0.attn.qkv.bias -- torch.Size([144])
🧊 Frozen parameter: visual_prompter.obj_encoder.model.backbone.enc.enc0.block0.attn.proj.weight -- torch.Size([48, 48])
🧊 Frozen parameter: visual_prompter.obj_encoder.model.backbone.enc.enc0.block0.attn.proj.bias -- torch.Size([48])
🧊 Frozen parameter: visual_prompter.obj_encoder.model.backbone.enc.enc0.block0.norm2.0.norm.0.weight -- torch.Size([48])
🧊 Frozen parameter: visual_prompter.obj_encoder.model.backbone.enc.enc0.block0.norm2.0.norm.0.bias -- torch.Size([48])
🧊 Frozen parameter: visual_prompter.obj_encoder.model.backbone.enc.enc0.block0.norm2.0.norm.1.weight -- torch.Size([48])
🧊 Frozen parameter: visual_prompter.obj_encoder.model.backbone.enc.enc0.block0.norm2.0.norm.1.bias -- torch.Size([48])
🧊 Frozen parameter: visual_prompter.obj_encoder.model.backbone.enc.enc0.block0.norm2.0.norm.2.weight -- torch.Size([48])
🧊 Frozen parameter: visual_prompter.obj_encoder.model.backbone.enc.enc0.block0.norm2.0.norm.2.bias -- torch.Size([48])
🧊 Frozen parameter: visual_prompter.obj_encoder.model.backbone.enc.enc0.block0.mlp.0.fc1.weight -- torch.Size([192, 48])
🧊 Frozen parameter: visual_prompter.obj_encoder.model.backbone.enc.enc0.block0.mlp.0.fc1.bias -- torch.Size([192])
🧊 Frozen parameter: visual_prompter.obj_encoder.model.backbone.enc.enc0.block0.mlp.0.fc2.weight -- torch.Size([48, 192])
🧊 Frozen parameter: visual_prompter.obj_encoder.model.backbone.enc.enc0.block0.mlp.0.fc2.bias -- torch.Size([48])
🧊 Frozen parameter: visual_prompter.obj_encoder.model.backbone.enc.enc0.block1.cpe.0.weight -- torch.Size([48, 3, 3, 3, 48])
🧊 Frozen parameter: visual_prompter.obj_encoder.model.backbone.enc.enc0.block1.cpe.0.bias -- torch.Size([48])
🧊 Frozen parameter: visual_prompter.obj_encoder.model.backbone.enc.enc0.block1.cpe.1.weight -- torch.Size([48, 48])
🧊 Frozen parameter: visual_prompter.obj_encoder.model.backbone.enc.enc0.block1.cpe.1.bias -- torch.Size([48])
🧊 Frozen parameter: visual_prompter.obj_encoder.model.backbone.enc.enc0.block1.cpe.2.norm.0.weight -- torch.Size([48])
🧊 Frozen parameter: visual_prompter.obj_encoder.model.backbone.enc.enc0.block1.cpe.2.norm.0.bias -- torch.Size([48])
🧊 Frozen parameter: visual_prompter.obj_encoder.model.backbone.enc.enc0.block1.cpe.2.norm.1.weight -- torch.Size([48])
🧊 Frozen parameter: visual_prompter.obj_encoder.model.backbone.enc.enc0.block1.cpe.2.norm.1.bias -- torch.Size([48])
🧊 Frozen parameter: visual_prompter.obj_encoder.model.backbone.enc.enc0.block1.cpe.2.norm.2.weight -- torch.Size([48])
🧊 Frozen parameter: visual_prompter.obj_encoder.model.backbone.enc.enc0.block1.cpe.2.norm.2.bias -- torch.Size([48])
🧊 Frozen parameter: visual_prompter.obj_encoder.model.backbone.enc.enc0.block1.norm1.0.norm.0.weight -- torch.Size([48])
🧊 Frozen parameter: visual_prompter.obj_encoder.model.backbone.enc.enc0.block1.norm1.0.norm.0.bias -- torch.Size([48])
🧊 Frozen parameter: visual_prompter.obj_encoder.model.backbone.enc.enc0.block1.norm1.0.norm.1.weight -- torch.Size([48])
🧊 Frozen parameter: visual_prompter.obj_encoder.model.backbone.enc.enc0.block1.norm1.0.norm.1.bias -- torch.Size([48])
🧊 Frozen parameter: visual_prompter.obj_encoder.model.backbone.enc.enc0.block1.norm1.0.norm.2.weight -- torch.Size([48])
🧊 Frozen parameter: visual_prompter.obj_encoder.model.backbone.enc.enc0.block1.norm1.0.norm.2.bias -- torch.Size([48])
🧊 Frozen parameter: visual_prompter.obj_encoder.model.backbone.enc.enc0.block1.attn.qkv.weight -- torch.Size([144, 48])
🧊 Frozen parameter: visual_prompter.obj_encoder.model.backbone.enc.enc0.block1.attn.qkv.bias -- torch.Size([144])
🧊 Frozen parameter: visual_prompter.obj_encoder.model.backbone.enc.enc0.block1.attn.proj.weight -- torch.Size([48, 48])
🧊 Frozen parameter: visual_prompter.obj_encoder.model.backbone.enc.enc0.block1.attn.proj.bias -- torch.Size([48])
🧊 Frozen parameter: visual_prompter.obj_encoder.model.backbone.enc.enc0.block1.norm2.0.norm.0.weight -- torch.Size([48])
🧊 Frozen parameter: visual_prompter.obj_encoder.model.backbone.enc.enc0.block1.norm2.0.norm.0.bias -- torch.Size([48])
🧊 Frozen parameter: visual_prompter.obj_encoder.model.backbone.enc.enc0.block1.norm2.0.norm.1.weight -- torch.Size([48])
🧊 Frozen parameter: visual_prompter.obj_encoder.model.backbone.enc.enc0.block1.norm2.0.norm.1.bias -- torch.Size([48])
🧊 Frozen parameter: visual_prompter.obj_encoder.model.backbone.enc.enc0.block1.norm2.0.norm.2.weight -- torch.Size([48])
🧊 Frozen parameter: visual_prompter.obj_encoder.model.backbone.enc.enc0.block1.norm2.0.norm.2.bias -- torch.Size([48])
🧊 Frozen parameter: visual_prompter.obj_encoder.model.backbone.enc.enc0.block1.mlp.0.fc1.weight -- torch.Size([192, 48])
🧊 Frozen parameter: visual_prompter.obj_encoder.model.backbone.enc.enc0.block1.mlp.0.fc1.bias -- torch.Size([192])
🧊 Frozen parameter: visual_prompter.obj_encoder.model.backbone.enc.enc0.block1.mlp.0.fc2.weight -- torch.Size([48, 192])
🧊 Frozen parameter: visual_prompter.obj_encoder.model.backbone.enc.enc0.block1.mlp.0.fc2.bias -- torch.Size([48])
🧊 Frozen parameter: visual_prompter.obj_encoder.model.backbone.enc.enc0.block2.cpe.0.weight -- torch.Size([48, 3, 3, 3, 48])
🧊 Frozen parameter: visual_prompter.obj_encoder.model.backbone.enc.enc0.block2.cpe.0.bias -- torch.Size([48])
🧊 Frozen parameter: visual_prompter.obj_encoder.model.backbone.enc.enc0.block2.cpe.1.weight -- torch.Size([48, 48])
🧊 Frozen parameter: visual_prompter.obj_encoder.model.backbone.enc.enc0.block2.cpe.1.bias -- torch.Size([48])
🧊 Frozen parameter: visual_prompter.obj_encoder.model.backbone.enc.enc0.block2.cpe.2.norm.0.weight -- torch.Size([48])
🧊 Frozen parameter: visual_prompter.obj_encoder.model.backbone.enc.enc0.block2.cpe.2.norm.0.bias -- torch.Size([48])
🧊 Frozen parameter: visual_prompter.obj_encoder.model.backbone.enc.enc0.block2.cpe.2.norm.1.weight -- torch.Size([48])
🧊 Frozen parameter: visual_prompter.obj_encoder.model.backbone.enc.enc0.block2.cpe.2.norm.1.bias -- torch.Size([48])
🧊 Frozen parameter: visual_prompter.obj_encoder.model.backbone.enc.enc0.block2.cpe.2.norm.2.weight -- torch.Size([48])
🧊 Frozen parameter: visual_prompter.obj_encoder.model.backbone.enc.enc0.block2.cpe.2.norm.2.bias -- torch.Size([48])
🧊 Frozen parameter: visual_prompter.obj_encoder.model.backbone.enc.enc0.block2.norm1.0.norm.0.weight -- torch.Size([48])
🧊 Frozen parameter: visual_prompter.obj_encoder.model.backbone.enc.enc0.block2.norm1.0.norm.0.bias -- torch.Size([48])
🧊 Frozen parameter: visual_prompter.obj_encoder.model.backbone.enc.enc0.block2.norm1.0.norm.1.weight -- torch.Size([48])
🧊 Frozen parameter: visual_prompter.obj_encoder.model.backbone.enc.enc0.block2.norm1.0.norm.1.bias -- torch.Size([48])
🧊 Frozen parameter: visual_prompter.obj_encoder.model.backbone.enc.enc0.block2.norm1.0.norm.2.weight -- torch.Size([48])
🧊 Frozen parameter: visual_prompter.obj_encoder.model.backbone.enc.enc0.block2.norm1.0.norm.2.bias -- torch.Size([48])
🧊 Frozen parameter: visual_prompter.obj_encoder.model.backbone.enc.enc0.block2.attn.qkv.weight -- torch.Size([144, 48])
🧊 Frozen parameter: visual_prompter.obj_encoder.model.backbone.enc.enc0.block2.attn.qkv.bias -- torch.Size([144])
🧊 Frozen parameter: visual_prompter.obj_encoder.model.backbone.enc.enc0.block2.attn.proj.weight -- torch.Size([48, 48])
🧊 Frozen parameter: visual_prompter.obj_encoder.model.backbone.enc.enc0.block2.attn.proj.bias -- torch.Size([48])
🧊 Frozen parameter: visual_prompter.obj_encoder.model.backbone.enc.enc0.block2.norm2.0.norm.0.weight -- torch.Size([48])
🧊 Frozen parameter: visual_prompter.obj_encoder.model.backbone.enc.enc0.block2.norm2.0.norm.0.bias -- torch.Size([48])
🧊 Frozen parameter: visual_prompter.obj_encoder.model.backbone.enc.enc0.block2.norm2.0.norm.1.weight -- torch.Size([48])
🧊 Frozen parameter: visual_prompter.obj_encoder.model.backbone.enc.enc0.block2.norm2.0.norm.1.bias -- torch.Size([48])
🧊 Frozen parameter: visual_prompter.obj_encoder.model.backbone.enc.enc0.block2.norm2.0.norm.2.weight -- torch.Size([48])
🧊 Frozen parameter: visual_prompter.obj_encoder.model.backbone.enc.enc0.block2.norm2.0.norm.2.bias -- torch.Size([48])
🧊 Frozen parameter: visual_prompter.obj_encoder.model.backbone.enc.enc0.block2.mlp.0.fc1.weight -- torch.Size([192, 48])
🧊 Frozen parameter: visual_prompter.obj_encoder.model.backbone.enc.enc0.block2.mlp.0.fc1.bias -- torch.Size([192])
🧊 Frozen parameter: visual_prompter.obj_encoder.model.backbone.enc.enc0.block2.mlp.0.fc2.weight -- torch.Size([48, 192])
🧊 Frozen parameter: visual_prompter.obj_encoder.model.backbone.enc.enc0.block2.mlp.0.fc2.bias -- torch.Size([48])
🧊 Frozen parameter: visual_prompter.obj_encoder.model.backbone.enc.enc1.down.proj.weight -- torch.Size([96, 48])
🧊 Frozen parameter: visual_prompter.obj_encoder.model.backbone.enc.enc1.down.proj.bias -- torch.Size([96])
🧊 Frozen parameter: visual_prompter.obj_encoder.model.backbone.enc.enc1.down.norm.0.norm.0.weight -- torch.Size([96])
🧊 Frozen parameter: visual_prompter.obj_encoder.model.backbone.enc.enc1.down.norm.0.norm.0.bias -- torch.Size([96])
🧊 Frozen parameter: visual_prompter.obj_encoder.model.backbone.enc.enc1.down.norm.0.norm.1.weight -- torch.Size([96])
🧊 Frozen parameter: visual_prompter.obj_encoder.model.backbone.enc.enc1.down.norm.0.norm.1.bias -- torch.Size([96])
🧊 Frozen parameter: visual_prompter.obj_encoder.model.backbone.enc.enc1.down.norm.0.norm.2.weight -- torch.Size([96])
🧊 Frozen parameter: visual_prompter.obj_encoder.model.backbone.enc.enc1.down.norm.0.norm.2.bias -- torch.Size([96])
🧊 Frozen parameter: visual_prompter.obj_encoder.model.backbone.enc.enc1.block0.cpe.0.weight -- torch.Size([96, 3, 3, 3, 96])
🧊 Frozen parameter: visual_prompter.obj_encoder.model.backbone.enc.enc1.block0.cpe.0.bias -- torch.Size([96])
🧊 Frozen parameter: visual_prompter.obj_encoder.model.backbone.enc.enc1.block0.cpe.1.weight -- torch.Size([96, 96])
🧊 Frozen parameter: visual_prompter.obj_encoder.model.backbone.enc.enc1.block0.cpe.1.bias -- torch.Size([96])
🧊 Frozen parameter: visual_prompter.obj_encoder.model.backbone.enc.enc1.block0.cpe.2.norm.0.weight -- torch.Size([96])
🧊 Frozen parameter: visual_prompter.obj_encoder.model.backbone.enc.enc1.block0.cpe.2.norm.0.bias -- torch.Size([96])
🧊 Frozen parameter: visual_prompter.obj_encoder.model.backbone.enc.enc1.block0.cpe.2.norm.1.weight -- torch.Size([96])
🧊 Frozen parameter: visual_prompter.obj_encoder.model.backbone.enc.enc1.block0.cpe.2.norm.1.bias -- torch.Size([96])
🧊 Frozen parameter: visual_prompter.obj_encoder.model.backbone.enc.enc1.block0.cpe.2.norm.2.weight -- torch.Size([96])
🧊 Frozen parameter: visual_prompter.obj_encoder.model.backbone.enc.enc1.block0.cpe.2.norm.2.bias -- torch.Size([96])
🧊 Frozen parameter: visual_prompter.obj_encoder.model.backbone.enc.enc1.block0.norm1.0.norm.0.weight -- torch.Size([96])
🧊 Frozen parameter: visual_prompter.obj_encoder.model.backbone.enc.enc1.block0.norm1.0.norm.0.bias -- torch.Size([96])
🧊 Frozen parameter: visual_prompter.obj_encoder.model.backbone.enc.enc1.block0.norm1.0.norm.1.weight -- torch.Size([96])
🧊 Frozen parameter: visual_prompter.obj_encoder.model.backbone.enc.enc1.block0.norm1.0.norm.1.bias -- torch.Size([96])
🧊 Frozen parameter: visual_prompter.obj_encoder.model.backbone.enc.enc1.block0.norm1.0.norm.2.weight -- torch.Size([96])
🧊 Frozen parameter: visual_prompter.obj_encoder.model.backbone.enc.enc1.block0.norm1.0.norm.2.bias -- torch.Size([96])
🧊 Frozen parameter: visual_prompter.obj_encoder.model.backbone.enc.enc1.block0.attn.qkv.weight -- torch.Size([288, 96])
🧊 Frozen parameter: visual_prompter.obj_encoder.model.backbone.enc.enc1.block0.attn.qkv.bias -- torch.Size([288])
🧊 Frozen parameter: visual_prompter.obj_encoder.model.backbone.enc.enc1.block0.attn.proj.weight -- torch.Size([96, 96])
🧊 Frozen parameter: visual_prompter.obj_encoder.model.backbone.enc.enc1.block0.attn.proj.bias -- torch.Size([96])
🧊 Frozen parameter: visual_prompter.obj_encoder.model.backbone.enc.enc1.block0.norm2.0.norm.0.weight -- torch.Size([96])
🧊 Frozen parameter: visual_prompter.obj_encoder.model.backbone.enc.enc1.block0.norm2.0.norm.0.bias -- torch.Size([96])
🧊 Frozen parameter: visual_prompter.obj_encoder.model.backbone.enc.enc1.block0.norm2.0.norm.1.weight -- torch.Size([96])
🧊 Frozen parameter: visual_prompter.obj_encoder.model.backbone.enc.enc1.block0.norm2.0.norm.1.bias -- torch.Size([96])
🧊 Frozen parameter: visual_prompter.obj_encoder.model.backbone.enc.enc1.block0.norm2.0.norm.2.weight -- torch.Size([96])
🧊 Frozen parameter: visual_prompter.obj_encoder.model.backbone.enc.enc1.block0.norm2.0.norm.2.bias -- torch.Size([96])
🧊 Frozen parameter: visual_prompter.obj_encoder.model.backbone.enc.enc1.block0.mlp.0.fc1.weight -- torch.Size([384, 96])
🧊 Frozen parameter: visual_prompter.obj_encoder.model.backbone.enc.enc1.block0.mlp.0.fc1.bias -- torch.Size([384])
🧊 Frozen parameter: visual_prompter.obj_encoder.model.backbone.enc.enc1.block0.mlp.0.fc2.weight -- torch.Size([96, 384])
🧊 Frozen parameter: visual_prompter.obj_encoder.model.backbone.enc.enc1.block0.mlp.0.fc2.bias -- torch.Size([96])
🧊 Frozen parameter: visual_prompter.obj_encoder.model.backbone.enc.enc1.block1.cpe.0.weight -- torch.Size([96, 3, 3, 3, 96])
🧊 Frozen parameter: visual_prompter.obj_encoder.model.backbone.enc.enc1.block1.cpe.0.bias -- torch.Size([96])
🧊 Frozen parameter: visual_prompter.obj_encoder.model.backbone.enc.enc1.block1.cpe.1.weight -- torch.Size([96, 96])
🧊 Frozen parameter: visual_prompter.obj_encoder.model.backbone.enc.enc1.block1.cpe.1.bias -- torch.Size([96])
🧊 Frozen parameter: visual_prompter.obj_encoder.model.backbone.enc.enc1.block1.cpe.2.norm.0.weight -- torch.Size([96])
🧊 Frozen parameter: visual_prompter.obj_encoder.model.backbone.enc.enc1.block1.cpe.2.norm.0.bias -- torch.Size([96])
🧊 Frozen parameter: visual_prompter.obj_encoder.model.backbone.enc.enc1.block1.cpe.2.norm.1.weight -- torch.Size([96])
🧊 Frozen parameter: visual_prompter.obj_encoder.model.backbone.enc.enc1.block1.cpe.2.norm.1.bias -- torch.Size([96])
🧊 Frozen parameter: visual_prompter.obj_encoder.model.backbone.enc.enc1.block1.cpe.2.norm.2.weight -- torch.Size([96])
🧊 Frozen parameter: visual_prompter.obj_encoder.model.backbone.enc.enc1.block1.cpe.2.norm.2.bias -- torch.Size([96])
🧊 Frozen parameter: visual_prompter.obj_encoder.model.backbone.enc.enc1.block1.norm1.0.norm.0.weight -- torch.Size([96])
🧊 Frozen parameter: visual_prompter.obj_encoder.model.backbone.enc.enc1.block1.norm1.0.norm.0.bias -- torch.Size([96])
🧊 Frozen parameter: visual_prompter.obj_encoder.model.backbone.enc.enc1.block1.norm1.0.norm.1.weight -- torch.Size([96])
🧊 Frozen parameter: visual_prompter.obj_encoder.model.backbone.enc.enc1.block1.norm1.0.norm.1.bias -- torch.Size([96])
🧊 Frozen parameter: visual_prompter.obj_encoder.model.backbone.enc.enc1.block1.norm1.0.norm.2.weight -- torch.Size([96])
🧊 Frozen parameter: visual_prompter.obj_encoder.model.backbone.enc.enc1.block1.norm1.0.norm.2.bias -- torch.Size([96])
🧊 Frozen parameter: visual_prompter.obj_encoder.model.backbone.enc.enc1.block1.attn.qkv.weight -- torch.Size([288, 96])
🧊 Frozen parameter: visual_prompter.obj_encoder.model.backbone.enc.enc1.block1.attn.qkv.bias -- torch.Size([288])
🧊 Frozen parameter: visual_prompter.obj_encoder.model.backbone.enc.enc1.block1.attn.proj.weight -- torch.Size([96, 96])
🧊 Frozen parameter: visual_prompter.obj_encoder.model.backbone.enc.enc1.block1.attn.proj.bias -- torch.Size([96])
🧊 Frozen parameter: visual_prompter.obj_encoder.model.backbone.enc.enc1.block1.norm2.0.norm.0.weight -- torch.Size([96])
🧊 Frozen parameter: visual_prompter.obj_encoder.model.backbone.enc.enc1.block1.norm2.0.norm.0.bias -- torch.Size([96])
🧊 Frozen parameter: visual_prompter.obj_encoder.model.backbone.enc.enc1.block1.norm2.0.norm.1.weight -- torch.Size([96])
🧊 Frozen parameter: visual_prompter.obj_encoder.model.backbone.enc.enc1.block1.norm2.0.norm.1.bias -- torch.Size([96])
🧊 Frozen parameter: visual_prompter.obj_encoder.model.backbone.enc.enc1.block1.norm2.0.norm.2.weight -- torch.Size([96])
🧊 Frozen parameter: visual_prompter.obj_encoder.model.backbone.enc.enc1.block1.norm2.0.norm.2.bias -- torch.Size([96])
🧊 Frozen parameter: visual_prompter.obj_encoder.model.backbone.enc.enc1.block1.mlp.0.fc1.weight -- torch.Size([384, 96])
🧊 Frozen parameter: visual_prompter.obj_encoder.model.backbone.enc.enc1.block1.mlp.0.fc1.bias -- torch.Size([384])
🧊 Frozen parameter: visual_prompter.obj_encoder.model.backbone.enc.enc1.block1.mlp.0.fc2.weight -- torch.Size([96, 384])
🧊 Frozen parameter: visual_prompter.obj_encoder.model.backbone.enc.enc1.block1.mlp.0.fc2.bias -- torch.Size([96])
🧊 Frozen parameter: visual_prompter.obj_encoder.model.backbone.enc.enc1.block2.cpe.0.weight -- torch.Size([96, 3, 3, 3, 96])
🧊 Frozen parameter: visual_prompter.obj_encoder.model.backbone.enc.enc1.block2.cpe.0.bias -- torch.Size([96])
🧊 Frozen parameter: visual_prompter.obj_encoder.model.backbone.enc.enc1.block2.cpe.1.weight -- torch.Size([96, 96])
🧊 Frozen parameter: visual_prompter.obj_encoder.model.backbone.enc.enc1.block2.cpe.1.bias -- torch.Size([96])
🧊 Frozen parameter: visual_prompter.obj_encoder.model.backbone.enc.enc1.block2.cpe.2.norm.0.weight -- torch.Size([96])
🧊 Frozen parameter: visual_prompter.obj_encoder.model.backbone.enc.enc1.block2.cpe.2.norm.0.bias -- torch.Size([96])
🧊 Frozen parameter: visual_prompter.obj_encoder.model.backbone.enc.enc1.block2.cpe.2.norm.1.weight -- torch.Size([96])
🧊 Frozen parameter: visual_prompter.obj_encoder.model.backbone.enc.enc1.block2.cpe.2.norm.1.bias -- torch.Size([96])
🧊 Frozen parameter: visual_prompter.obj_encoder.model.backbone.enc.enc1.block2.cpe.2.norm.2.weight -- torch.Size([96])
🧊 Frozen parameter: visual_prompter.obj_encoder.model.backbone.enc.enc1.block2.cpe.2.norm.2.bias -- torch.Size([96])
🧊 Frozen parameter: visual_prompter.obj_encoder.model.backbone.enc.enc1.block2.norm1.0.norm.0.weight -- torch.Size([96])
🧊 Frozen parameter: visual_prompter.obj_encoder.model.backbone.enc.enc1.block2.norm1.0.norm.0.bias -- torch.Size([96])
🧊 Frozen parameter: visual_prompter.obj_encoder.model.backbone.enc.enc1.block2.norm1.0.norm.1.weight -- torch.Size([96])
🧊 Frozen parameter: visual_prompter.obj_encoder.model.backbone.enc.enc1.block2.norm1.0.norm.1.bias -- torch.Size([96])
🧊 Frozen parameter: visual_prompter.obj_encoder.model.backbone.enc.enc1.block2.norm1.0.norm.2.weight -- torch.Size([96])
🧊 Frozen parameter: visual_prompter.obj_encoder.model.backbone.enc.enc1.block2.norm1.0.norm.2.bias -- torch.Size([96])
🧊 Frozen parameter: visual_prompter.obj_encoder.model.backbone.enc.enc1.block2.attn.qkv.weight -- torch.Size([288, 96])
🧊 Frozen parameter: visual_prompter.obj_encoder.model.backbone.enc.enc1.block2.attn.qkv.bias -- torch.Size([288])
🧊 Frozen parameter: visual_prompter.obj_encoder.model.backbone.enc.enc1.block2.attn.proj.weight -- torch.Size([96, 96])
🧊 Frozen parameter: visual_prompter.obj_encoder.model.backbone.enc.enc1.block2.attn.proj.bias -- torch.Size([96])
🧊 Frozen parameter: visual_prompter.obj_encoder.model.backbone.enc.enc1.block2.norm2.0.norm.0.weight -- torch.Size([96])
🧊 Frozen parameter: visual_prompter.obj_encoder.model.backbone.enc.enc1.block2.norm2.0.norm.0.bias -- torch.Size([96])
🧊 Frozen parameter: visual_prompter.obj_encoder.model.backbone.enc.enc1.block2.norm2.0.norm.1.weight -- torch.Size([96])
🧊 Frozen parameter: visual_prompter.obj_encoder.model.backbone.enc.enc1.block2.norm2.0.norm.1.bias -- torch.Size([96])
🧊 Frozen parameter: visual_prompter.obj_encoder.model.backbone.enc.enc1.block2.norm2.0.norm.2.weight -- torch.Size([96])
🧊 Frozen parameter: visual_prompter.obj_encoder.model.backbone.enc.enc1.block2.norm2.0.norm.2.bias -- torch.Size([96])
🧊 Frozen parameter: visual_prompter.obj_encoder.model.backbone.enc.enc1.block2.mlp.0.fc1.weight -- torch.Size([384, 96])
🧊 Frozen parameter: visual_prompter.obj_encoder.model.backbone.enc.enc1.block2.mlp.0.fc1.bias -- torch.Size([384])
🧊 Frozen parameter: visual_prompter.obj_encoder.model.backbone.enc.enc1.block2.mlp.0.fc2.weight -- torch.Size([96, 384])
🧊 Frozen parameter: visual_prompter.obj_encoder.model.backbone.enc.enc1.block2.mlp.0.fc2.bias -- torch.Size([96])
🧊 Frozen parameter: visual_prompter.obj_encoder.model.backbone.enc.enc2.down.proj.weight -- torch.Size([192, 96])
🧊 Frozen parameter: visual_prompter.obj_encoder.model.backbone.enc.enc2.down.proj.bias -- torch.Size([192])
🧊 Frozen parameter: visual_prompter.obj_encoder.model.backbone.enc.enc2.down.norm.0.norm.0.weight -- torch.Size([192])
🧊 Frozen parameter: visual_prompter.obj_encoder.model.backbone.enc.enc2.down.norm.0.norm.0.bias -- torch.Size([192])
🧊 Frozen parameter: visual_prompter.obj_encoder.model.backbone.enc.enc2.down.norm.0.norm.1.weight -- torch.Size([192])
🧊 Frozen parameter: visual_prompter.obj_encoder.model.backbone.enc.enc2.down.norm.0.norm.1.bias -- torch.Size([192])
🧊 Frozen parameter: visual_prompter.obj_encoder.model.backbone.enc.enc2.down.norm.0.norm.2.weight -- torch.Size([192])
🧊 Frozen parameter: visual_prompter.obj_encoder.model.backbone.enc.enc2.down.norm.0.norm.2.bias -- torch.Size([192])
🧊 Frozen parameter: visual_prompter.obj_encoder.model.backbone.enc.enc2.block0.cpe.0.weight -- torch.Size([192, 3, 3, 3, 192])
🧊 Frozen parameter: visual_prompter.obj_encoder.model.backbone.enc.enc2.block0.cpe.0.bias -- torch.Size([192])
🧊 Frozen parameter: visual_prompter.obj_encoder.model.backbone.enc.enc2.block0.cpe.1.weight -- torch.Size([192, 192])
🧊 Frozen parameter: visual_prompter.obj_encoder.model.backbone.enc.enc2.block0.cpe.1.bias -- torch.Size([192])
🧊 Frozen parameter: visual_prompter.obj_encoder.model.backbone.enc.enc2.block0.cpe.2.norm.0.weight -- torch.Size([192])
🧊 Frozen parameter: visual_prompter.obj_encoder.model.backbone.enc.enc2.block0.cpe.2.norm.0.bias -- torch.Size([192])
🧊 Frozen parameter: visual_prompter.obj_encoder.model.backbone.enc.enc2.block0.cpe.2.norm.1.weight -- torch.Size([192])
🧊 Frozen parameter: visual_prompter.obj_encoder.model.backbone.enc.enc2.block0.cpe.2.norm.1.bias -- torch.Size([192])
🧊 Frozen parameter: visual_prompter.obj_encoder.model.backbone.enc.enc2.block0.cpe.2.norm.2.weight -- torch.Size([192])
🧊 Frozen parameter: visual_prompter.obj_encoder.model.backbone.enc.enc2.block0.cpe.2.norm.2.bias -- torch.Size([192])
🧊 Frozen parameter: visual_prompter.obj_encoder.model.backbone.enc.enc2.block0.norm1.0.norm.0.weight -- torch.Size([192])
🧊 Frozen parameter: visual_prompter.obj_encoder.model.backbone.enc.enc2.block0.norm1.0.norm.0.bias -- torch.Size([192])
🧊 Frozen parameter: visual_prompter.obj_encoder.model.backbone.enc.enc2.block0.norm1.0.norm.1.weight -- torch.Size([192])
🧊 Frozen parameter: visual_prompter.obj_encoder.model.backbone.enc.enc2.block0.norm1.0.norm.1.bias -- torch.Size([192])
🧊 Frozen parameter: visual_prompter.obj_encoder.model.backbone.enc.enc2.block0.norm1.0.norm.2.weight -- torch.Size([192])
🧊 Frozen parameter: visual_prompter.obj_encoder.model.backbone.enc.enc2.block0.norm1.0.norm.2.bias -- torch.Size([192])
🧊 Frozen parameter: visual_prompter.obj_encoder.model.backbone.enc.enc2.block0.attn.qkv.weight -- torch.Size([576, 192])
🧊 Frozen parameter: visual_prompter.obj_encoder.model.backbone.enc.enc2.block0.attn.qkv.bias -- torch.Size([576])
🧊 Frozen parameter: visual_prompter.obj_encoder.model.backbone.enc.enc2.block0.attn.proj.weight -- torch.Size([192, 192])
🧊 Frozen parameter: visual_prompter.obj_encoder.model.backbone.enc.enc2.block0.attn.proj.bias -- torch.Size([192])
🧊 Frozen parameter: visual_prompter.obj_encoder.model.backbone.enc.enc2.block0.norm2.0.norm.0.weight -- torch.Size([192])
🧊 Frozen parameter: visual_prompter.obj_encoder.model.backbone.enc.enc2.block0.norm2.0.norm.0.bias -- torch.Size([192])
🧊 Frozen parameter: visual_prompter.obj_encoder.model.backbone.enc.enc2.block0.norm2.0.norm.1.weight -- torch.Size([192])
🧊 Frozen parameter: visual_prompter.obj_encoder.model.backbone.enc.enc2.block0.norm2.0.norm.1.bias -- torch.Size([192])
🧊 Frozen parameter: visual_prompter.obj_encoder.model.backbone.enc.enc2.block0.norm2.0.norm.2.weight -- torch.Size([192])
🧊 Frozen parameter: visual_prompter.obj_encoder.model.backbone.enc.enc2.block0.norm2.0.norm.2.bias -- torch.Size([192])
🧊 Frozen parameter: visual_prompter.obj_encoder.model.backbone.enc.enc2.block0.mlp.0.fc1.weight -- torch.Size([768, 192])
🧊 Frozen parameter: visual_prompter.obj_encoder.model.backbone.enc.enc2.block0.mlp.0.fc1.bias -- torch.Size([768])
🧊 Frozen parameter: visual_prompter.obj_encoder.model.backbone.enc.enc2.block0.mlp.0.fc2.weight -- torch.Size([192, 768])
🧊 Frozen parameter: visual_prompter.obj_encoder.model.backbone.enc.enc2.block0.mlp.0.fc2.bias -- torch.Size([192])
🧊 Frozen parameter: visual_prompter.obj_encoder.model.backbone.enc.enc2.block1.cpe.0.weight -- torch.Size([192, 3, 3, 3, 192])
🧊 Frozen parameter: visual_prompter.obj_encoder.model.backbone.enc.enc2.block1.cpe.0.bias -- torch.Size([192])
🧊 Frozen parameter: visual_prompter.obj_encoder.model.backbone.enc.enc2.block1.cpe.1.weight -- torch.Size([192, 192])
🧊 Frozen parameter: visual_prompter.obj_encoder.model.backbone.enc.enc2.block1.cpe.1.bias -- torch.Size([192])
🧊 Frozen parameter: visual_prompter.obj_encoder.model.backbone.enc.enc2.block1.cpe.2.norm.0.weight -- torch.Size([192])
🧊 Frozen parameter: visual_prompter.obj_encoder.model.backbone.enc.enc2.block1.cpe.2.norm.0.bias -- torch.Size([192])
🧊 Frozen parameter: visual_prompter.obj_encoder.model.backbone.enc.enc2.block1.cpe.2.norm.1.weight -- torch.Size([192])
🧊 Frozen parameter: visual_prompter.obj_encoder.model.backbone.enc.enc2.block1.cpe.2.norm.1.bias -- torch.Size([192])
🧊 Frozen parameter: visual_prompter.obj_encoder.model.backbone.enc.enc2.block1.cpe.2.norm.2.weight -- torch.Size([192])
🧊 Frozen parameter: visual_prompter.obj_encoder.model.backbone.enc.enc2.block1.cpe.2.norm.2.bias -- torch.Size([192])
🧊 Frozen parameter: visual_prompter.obj_encoder.model.backbone.enc.enc2.block1.norm1.0.norm.0.weight -- torch.Size([192])
🧊 Frozen parameter: visual_prompter.obj_encoder.model.backbone.enc.enc2.block1.norm1.0.norm.0.bias -- torch.Size([192])
🧊 Frozen parameter: visual_prompter.obj_encoder.model.backbone.enc.enc2.block1.norm1.0.norm.1.weight -- torch.Size([192])
🧊 Frozen parameter: visual_prompter.obj_encoder.model.backbone.enc.enc2.block1.norm1.0.norm.1.bias -- torch.Size([192])
🧊 Frozen parameter: visual_prompter.obj_encoder.model.backbone.enc.enc2.block1.norm1.0.norm.2.weight -- torch.Size([192])
🧊 Frozen parameter: visual_prompter.obj_encoder.model.backbone.enc.enc2.block1.norm1.0.norm.2.bias -- torch.Size([192])
🧊 Frozen parameter: visual_prompter.obj_encoder.model.backbone.enc.enc2.block1.attn.qkv.weight -- torch.Size([576, 192])
🧊 Frozen parameter: visual_prompter.obj_encoder.model.backbone.enc.enc2.block1.attn.qkv.bias -- torch.Size([576])
🧊 Frozen parameter: visual_prompter.obj_encoder.model.backbone.enc.enc2.block1.attn.proj.weight -- torch.Size([192, 192])
🧊 Frozen parameter: visual_prompter.obj_encoder.model.backbone.enc.enc2.block1.attn.proj.bias -- torch.Size([192])
🧊 Frozen parameter: visual_prompter.obj_encoder.model.backbone.enc.enc2.block1.norm2.0.norm.0.weight -- torch.Size([192])
🧊 Frozen parameter: visual_prompter.obj_encoder.model.backbone.enc.enc2.block1.norm2.0.norm.0.bias -- torch.Size([192])
🧊 Frozen parameter: visual_prompter.obj_encoder.model.backbone.enc.enc2.block1.norm2.0.norm.1.weight -- torch.Size([192])
🧊 Frozen parameter: visual_prompter.obj_encoder.model.backbone.enc.enc2.block1.norm2.0.norm.1.bias -- torch.Size([192])
🧊 Frozen parameter: visual_prompter.obj_encoder.model.backbone.enc.enc2.block1.norm2.0.norm.2.weight -- torch.Size([192])
🧊 Frozen parameter: visual_prompter.obj_encoder.model.backbone.enc.enc2.block1.norm2.0.norm.2.bias -- torch.Size([192])
🧊 Frozen parameter: visual_prompter.obj_encoder.model.backbone.enc.enc2.block1.mlp.0.fc1.weight -- torch.Size([768, 192])
🧊 Frozen parameter: visual_prompter.obj_encoder.model.backbone.enc.enc2.block1.mlp.0.fc1.bias -- torch.Size([768])
🧊 Frozen parameter: visual_prompter.obj_encoder.model.backbone.enc.enc2.block1.mlp.0.fc2.weight -- torch.Size([192, 768])
🧊 Frozen parameter: visual_prompter.obj_encoder.model.backbone.enc.enc2.block1.mlp.0.fc2.bias -- torch.Size([192])
🧊 Frozen parameter: visual_prompter.obj_encoder.model.backbone.enc.enc2.block2.cpe.0.weight -- torch.Size([192, 3, 3, 3, 192])
🧊 Frozen parameter: visual_prompter.obj_encoder.model.backbone.enc.enc2.block2.cpe.0.bias -- torch.Size([192])
🧊 Frozen parameter: visual_prompter.obj_encoder.model.backbone.enc.enc2.block2.cpe.1.weight -- torch.Size([192, 192])
🧊 Frozen parameter: visual_prompter.obj_encoder.model.backbone.enc.enc2.block2.cpe.1.bias -- torch.Size([192])
🧊 Frozen parameter: visual_prompter.obj_encoder.model.backbone.enc.enc2.block2.cpe.2.norm.0.weight -- torch.Size([192])
🧊 Frozen parameter: visual_prompter.obj_encoder.model.backbone.enc.enc2.block2.cpe.2.norm.0.bias -- torch.Size([192])
🧊 Frozen parameter: visual_prompter.obj_encoder.model.backbone.enc.enc2.block2.cpe.2.norm.1.weight -- torch.Size([192])
🧊 Frozen parameter: visual_prompter.obj_encoder.model.backbone.enc.enc2.block2.cpe.2.norm.1.bias -- torch.Size([192])
🧊 Frozen parameter: visual_prompter.obj_encoder.model.backbone.enc.enc2.block2.cpe.2.norm.2.weight -- torch.Size([192])
🧊 Frozen parameter: visual_prompter.obj_encoder.model.backbone.enc.enc2.block2.cpe.2.norm.2.bias -- torch.Size([192])
🧊 Frozen parameter: visual_prompter.obj_encoder.model.backbone.enc.enc2.block2.norm1.0.norm.0.weight -- torch.Size([192])
🧊 Frozen parameter: visual_prompter.obj_encoder.model.backbone.enc.enc2.block2.norm1.0.norm.0.bias -- torch.Size([192])
🧊 Frozen parameter: visual_prompter.obj_encoder.model.backbone.enc.enc2.block2.norm1.0.norm.1.weight -- torch.Size([192])
🧊 Frozen parameter: visual_prompter.obj_encoder.model.backbone.enc.enc2.block2.norm1.0.norm.1.bias -- torch.Size([192])
🧊 Frozen parameter: visual_prompter.obj_encoder.model.backbone.enc.enc2.block2.norm1.0.norm.2.weight -- torch.Size([192])
🧊 Frozen parameter: visual_prompter.obj_encoder.model.backbone.enc.enc2.block2.norm1.0.norm.2.bias -- torch.Size([192])
🧊 Frozen parameter: visual_prompter.obj_encoder.model.backbone.enc.enc2.block2.attn.qkv.weight -- torch.Size([576, 192])
🧊 Frozen parameter: visual_prompter.obj_encoder.model.backbone.enc.enc2.block2.attn.qkv.bias -- torch.Size([576])
🧊 Frozen parameter: visual_prompter.obj_encoder.model.backbone.enc.enc2.block2.attn.proj.weight -- torch.Size([192, 192])
🧊 Frozen parameter: visual_prompter.obj_encoder.model.backbone.enc.enc2.block2.attn.proj.bias -- torch.Size([192])
🧊 Frozen parameter: visual_prompter.obj_encoder.model.backbone.enc.enc2.block2.norm2.0.norm.0.weight -- torch.Size([192])
🧊 Frozen parameter: visual_prompter.obj_encoder.model.backbone.enc.enc2.block2.norm2.0.norm.0.bias -- torch.Size([192])
🧊 Frozen parameter: visual_prompter.obj_encoder.model.backbone.enc.enc2.block2.norm2.0.norm.1.weight -- torch.Size([192])
🧊 Frozen parameter: visual_prompter.obj_encoder.model.backbone.enc.enc2.block2.norm2.0.norm.1.bias -- torch.Size([192])
🧊 Frozen parameter: visual_prompter.obj_encoder.model.backbone.enc.enc2.block2.norm2.0.norm.2.weight -- torch.Size([192])
🧊 Frozen parameter: visual_prompter.obj_encoder.model.backbone.enc.enc2.block2.norm2.0.norm.2.bias -- torch.Size([192])
🧊 Frozen parameter: visual_prompter.obj_encoder.model.backbone.enc.enc2.block2.mlp.0.fc1.weight -- torch.Size([768, 192])
🧊 Frozen parameter: visual_prompter.obj_encoder.model.backbone.enc.enc2.block2.mlp.0.fc1.bias -- torch.Size([768])
🧊 Frozen parameter: visual_prompter.obj_encoder.model.backbone.enc.enc2.block2.mlp.0.fc2.weight -- torch.Size([192, 768])
🧊 Frozen parameter: visual_prompter.obj_encoder.model.backbone.enc.enc2.block2.mlp.0.fc2.bias -- torch.Size([192])
🧊 Frozen parameter: visual_prompter.obj_encoder.model.backbone.enc.enc3.down.proj.weight -- torch.Size([384, 192])
🧊 Frozen parameter: visual_prompter.obj_encoder.model.backbone.enc.enc3.down.proj.bias -- torch.Size([384])
🧊 Frozen parameter: visual_prompter.obj_encoder.model.backbone.enc.enc3.down.norm.0.norm.0.weight -- torch.Size([384])
🧊 Frozen parameter: visual_prompter.obj_encoder.model.backbone.enc.enc3.down.norm.0.norm.0.bias -- torch.Size([384])
🧊 Frozen parameter: visual_prompter.obj_encoder.model.backbone.enc.enc3.down.norm.0.norm.1.weight -- torch.Size([384])
🧊 Frozen parameter: visual_prompter.obj_encoder.model.backbone.enc.enc3.down.norm.0.norm.1.bias -- torch.Size([384])
🧊 Frozen parameter: visual_prompter.obj_encoder.model.backbone.enc.enc3.down.norm.0.norm.2.weight -- torch.Size([384])
🧊 Frozen parameter: visual_prompter.obj_encoder.model.backbone.enc.enc3.down.norm.0.norm.2.bias -- torch.Size([384])
🧊 Frozen parameter: visual_prompter.obj_encoder.model.backbone.enc.enc3.block0.cpe.0.weight -- torch.Size([384, 3, 3, 3, 384])
🧊 Frozen parameter: visual_prompter.obj_encoder.model.backbone.enc.enc3.block0.cpe.0.bias -- torch.Size([384])
🧊 Frozen parameter: visual_prompter.obj_encoder.model.backbone.enc.enc3.block0.cpe.1.weight -- torch.Size([384, 384])
🧊 Frozen parameter: visual_prompter.obj_encoder.model.backbone.enc.enc3.block0.cpe.1.bias -- torch.Size([384])
🧊 Frozen parameter: visual_prompter.obj_encoder.model.backbone.enc.enc3.block0.cpe.2.norm.0.weight -- torch.Size([384])
🧊 Frozen parameter: visual_prompter.obj_encoder.model.backbone.enc.enc3.block0.cpe.2.norm.0.bias -- torch.Size([384])
🧊 Frozen parameter: visual_prompter.obj_encoder.model.backbone.enc.enc3.block0.cpe.2.norm.1.weight -- torch.Size([384])
🧊 Frozen parameter: visual_prompter.obj_encoder.model.backbone.enc.enc3.block0.cpe.2.norm.1.bias -- torch.Size([384])
🧊 Frozen parameter: visual_prompter.obj_encoder.model.backbone.enc.enc3.block0.cpe.2.norm.2.weight -- torch.Size([384])
🧊 Frozen parameter: visual_prompter.obj_encoder.model.backbone.enc.enc3.block0.cpe.2.norm.2.bias -- torch.Size([384])
🧊 Frozen parameter: visual_prompter.obj_encoder.model.backbone.enc.enc3.block0.norm1.0.norm.0.weight -- torch.Size([384])
🧊 Frozen parameter: visual_prompter.obj_encoder.model.backbone.enc.enc3.block0.norm1.0.norm.0.bias -- torch.Size([384])
🧊 Frozen parameter: visual_prompter.obj_encoder.model.backbone.enc.enc3.block0.norm1.0.norm.1.weight -- torch.Size([384])
🧊 Frozen parameter: visual_prompter.obj_encoder.model.backbone.enc.enc3.block0.norm1.0.norm.1.bias -- torch.Size([384])
🧊 Frozen parameter: visual_prompter.obj_encoder.model.backbone.enc.enc3.block0.norm1.0.norm.2.weight -- torch.Size([384])
🧊 Frozen parameter: visual_prompter.obj_encoder.model.backbone.enc.enc3.block0.norm1.0.norm.2.bias -- torch.Size([384])
🧊 Frozen parameter: visual_prompter.obj_encoder.model.backbone.enc.enc3.block0.attn.qkv.weight -- torch.Size([1152, 384])
🧊 Frozen parameter: visual_prompter.obj_encoder.model.backbone.enc.enc3.block0.attn.qkv.bias -- torch.Size([1152])
🧊 Frozen parameter: visual_prompter.obj_encoder.model.backbone.enc.enc3.block0.attn.proj.weight -- torch.Size([384, 384])
🧊 Frozen parameter: visual_prompter.obj_encoder.model.backbone.enc.enc3.block0.attn.proj.bias -- torch.Size([384])
🧊 Frozen parameter: visual_prompter.obj_encoder.model.backbone.enc.enc3.block0.norm2.0.norm.0.weight -- torch.Size([384])
🧊 Frozen parameter: visual_prompter.obj_encoder.model.backbone.enc.enc3.block0.norm2.0.norm.0.bias -- torch.Size([384])
🧊 Frozen parameter: visual_prompter.obj_encoder.model.backbone.enc.enc3.block0.norm2.0.norm.1.weight -- torch.Size([384])
🧊 Frozen parameter: visual_prompter.obj_encoder.model.backbone.enc.enc3.block0.norm2.0.norm.1.bias -- torch.Size([384])
🧊 Frozen parameter: visual_prompter.obj_encoder.model.backbone.enc.enc3.block0.norm2.0.norm.2.weight -- torch.Size([384])
🧊 Frozen parameter: visual_prompter.obj_encoder.model.backbone.enc.enc3.block0.norm2.0.norm.2.bias -- torch.Size([384])
🧊 Frozen parameter: visual_prompter.obj_encoder.model.backbone.enc.enc3.block0.mlp.0.fc1.weight -- torch.Size([1536, 384])
🧊 Frozen parameter: visual_prompter.obj_encoder.model.backbone.enc.enc3.block0.mlp.0.fc1.bias -- torch.Size([1536])
🧊 Frozen parameter: visual_prompter.obj_encoder.model.backbone.enc.enc3.block0.mlp.0.fc2.weight -- torch.Size([384, 1536])
🧊 Frozen parameter: visual_prompter.obj_encoder.model.backbone.enc.enc3.block0.mlp.0.fc2.bias -- torch.Size([384])
🧊 Frozen parameter: visual_prompter.obj_encoder.model.backbone.enc.enc3.block1.cpe.0.weight -- torch.Size([384, 3, 3, 3, 384])
🧊 Frozen parameter: visual_prompter.obj_encoder.model.backbone.enc.enc3.block1.cpe.0.bias -- torch.Size([384])
🧊 Frozen parameter: visual_prompter.obj_encoder.model.backbone.enc.enc3.block1.cpe.1.weight -- torch.Size([384, 384])
🧊 Frozen parameter: visual_prompter.obj_encoder.model.backbone.enc.enc3.block1.cpe.1.bias -- torch.Size([384])
🧊 Frozen parameter: visual_prompter.obj_encoder.model.backbone.enc.enc3.block1.cpe.2.norm.0.weight -- torch.Size([384])
🧊 Frozen parameter: visual_prompter.obj_encoder.model.backbone.enc.enc3.block1.cpe.2.norm.0.bias -- torch.Size([384])
🧊 Frozen parameter: visual_prompter.obj_encoder.model.backbone.enc.enc3.block1.cpe.2.norm.1.weight -- torch.Size([384])
🧊 Frozen parameter: visual_prompter.obj_encoder.model.backbone.enc.enc3.block1.cpe.2.norm.1.bias -- torch.Size([384])
🧊 Frozen parameter: visual_prompter.obj_encoder.model.backbone.enc.enc3.block1.cpe.2.norm.2.weight -- torch.Size([384])
🧊 Frozen parameter: visual_prompter.obj_encoder.model.backbone.enc.enc3.block1.cpe.2.norm.2.bias -- torch.Size([384])
🧊 Frozen parameter: visual_prompter.obj_encoder.model.backbone.enc.enc3.block1.norm1.0.norm.0.weight -- torch.Size([384])
🧊 Frozen parameter: visual_prompter.obj_encoder.model.backbone.enc.enc3.block1.norm1.0.norm.0.bias -- torch.Size([384])
🧊 Frozen parameter: visual_prompter.obj_encoder.model.backbone.enc.enc3.block1.norm1.0.norm.1.weight -- torch.Size([384])
🧊 Frozen parameter: visual_prompter.obj_encoder.model.backbone.enc.enc3.block1.norm1.0.norm.1.bias -- torch.Size([384])
🧊 Frozen parameter: visual_prompter.obj_encoder.model.backbone.enc.enc3.block1.norm1.0.norm.2.weight -- torch.Size([384])
🧊 Frozen parameter: visual_prompter.obj_encoder.model.backbone.enc.enc3.block1.norm1.0.norm.2.bias -- torch.Size([384])
🧊 Frozen parameter: visual_prompter.obj_encoder.model.backbone.enc.enc3.block1.attn.qkv.weight -- torch.Size([1152, 384])
🧊 Frozen parameter: visual_prompter.obj_encoder.model.backbone.enc.enc3.block1.attn.qkv.bias -- torch.Size([1152])
🧊 Frozen parameter: visual_prompter.obj_encoder.model.backbone.enc.enc3.block1.attn.proj.weight -- torch.Size([384, 384])
🧊 Frozen parameter: visual_prompter.obj_encoder.model.backbone.enc.enc3.block1.attn.proj.bias -- torch.Size([384])
🧊 Frozen parameter: visual_prompter.obj_encoder.model.backbone.enc.enc3.block1.norm2.0.norm.0.weight -- torch.Size([384])
🧊 Frozen parameter: visual_prompter.obj_encoder.model.backbone.enc.enc3.block1.norm2.0.norm.0.bias -- torch.Size([384])
🧊 Frozen parameter: visual_prompter.obj_encoder.model.backbone.enc.enc3.block1.norm2.0.norm.1.weight -- torch.Size([384])
🧊 Frozen parameter: visual_prompter.obj_encoder.model.backbone.enc.enc3.block1.norm2.0.norm.1.bias -- torch.Size([384])
🧊 Frozen parameter: visual_prompter.obj_encoder.model.backbone.enc.enc3.block1.norm2.0.norm.2.weight -- torch.Size([384])
🧊 Frozen parameter: visual_prompter.obj_encoder.model.backbone.enc.enc3.block1.norm2.0.norm.2.bias -- torch.Size([384])
🧊 Frozen parameter: visual_prompter.obj_encoder.model.backbone.enc.enc3.block1.mlp.0.fc1.weight -- torch.Size([1536, 384])
🧊 Frozen parameter: visual_prompter.obj_encoder.model.backbone.enc.enc3.block1.mlp.0.fc1.bias -- torch.Size([1536])
🧊 Frozen parameter: visual_prompter.obj_encoder.model.backbone.enc.enc3.block1.mlp.0.fc2.weight -- torch.Size([384, 1536])
🧊 Frozen parameter: visual_prompter.obj_encoder.model.backbone.enc.enc3.block1.mlp.0.fc2.bias -- torch.Size([384])
🧊 Frozen parameter: visual_prompter.obj_encoder.model.backbone.enc.enc3.block2.cpe.0.weight -- torch.Size([384, 3, 3, 3, 384])
🧊 Frozen parameter: visual_prompter.obj_encoder.model.backbone.enc.enc3.block2.cpe.0.bias -- torch.Size([384])
🧊 Frozen parameter: visual_prompter.obj_encoder.model.backbone.enc.enc3.block2.cpe.1.weight -- torch.Size([384, 384])
🧊 Frozen parameter: visual_prompter.obj_encoder.model.backbone.enc.enc3.block2.cpe.1.bias -- torch.Size([384])
🧊 Frozen parameter: visual_prompter.obj_encoder.model.backbone.enc.enc3.block2.cpe.2.norm.0.weight -- torch.Size([384])
🧊 Frozen parameter: visual_prompter.obj_encoder.model.backbone.enc.enc3.block2.cpe.2.norm.0.bias -- torch.Size([384])
🧊 Frozen parameter: visual_prompter.obj_encoder.model.backbone.enc.enc3.block2.cpe.2.norm.1.weight -- torch.Size([384])
🧊 Frozen parameter: visual_prompter.obj_encoder.model.backbone.enc.enc3.block2.cpe.2.norm.1.bias -- torch.Size([384])
🧊 Frozen parameter: visual_prompter.obj_encoder.model.backbone.enc.enc3.block2.cpe.2.norm.2.weight -- torch.Size([384])
🧊 Frozen parameter: visual_prompter.obj_encoder.model.backbone.enc.enc3.block2.cpe.2.norm.2.bias -- torch.Size([384])
🧊 Frozen parameter: visual_prompter.obj_encoder.model.backbone.enc.enc3.block2.norm1.0.norm.0.weight -- torch.Size([384])
🧊 Frozen parameter: visual_prompter.obj_encoder.model.backbone.enc.enc3.block2.norm1.0.norm.0.bias -- torch.Size([384])
🧊 Frozen parameter: visual_prompter.obj_encoder.model.backbone.enc.enc3.block2.norm1.0.norm.1.weight -- torch.Size([384])
🧊 Frozen parameter: visual_prompter.obj_encoder.model.backbone.enc.enc3.block2.norm1.0.norm.1.bias -- torch.Size([384])
🧊 Frozen parameter: visual_prompter.obj_encoder.model.backbone.enc.enc3.block2.norm1.0.norm.2.weight -- torch.Size([384])
🧊 Frozen parameter: visual_prompter.obj_encoder.model.backbone.enc.enc3.block2.norm1.0.norm.2.bias -- torch.Size([384])
🧊 Frozen parameter: visual_prompter.obj_encoder.model.backbone.enc.enc3.block2.attn.qkv.weight -- torch.Size([1152, 384])
🧊 Frozen parameter: visual_prompter.obj_encoder.model.backbone.enc.enc3.block2.attn.qkv.bias -- torch.Size([1152])
🧊 Frozen parameter: visual_prompter.obj_encoder.model.backbone.enc.enc3.block2.attn.proj.weight -- torch.Size([384, 384])
🧊 Frozen parameter: visual_prompter.obj_encoder.model.backbone.enc.enc3.block2.attn.proj.bias -- torch.Size([384])
🧊 Frozen parameter: visual_prompter.obj_encoder.model.backbone.enc.enc3.block2.norm2.0.norm.0.weight -- torch.Size([384])
🧊 Frozen parameter: visual_prompter.obj_encoder.model.backbone.enc.enc3.block2.norm2.0.norm.0.bias -- torch.Size([384])
🧊 Frozen parameter: visual_prompter.obj_encoder.model.backbone.enc.enc3.block2.norm2.0.norm.1.weight -- torch.Size([384])
🧊 Frozen parameter: visual_prompter.obj_encoder.model.backbone.enc.enc3.block2.norm2.0.norm.1.bias -- torch.Size([384])
🧊 Frozen parameter: visual_prompter.obj_encoder.model.backbone.enc.enc3.block2.norm2.0.norm.2.weight -- torch.Size([384])
🧊 Frozen parameter: visual_prompter.obj_encoder.model.backbone.enc.enc3.block2.norm2.0.norm.2.bias -- torch.Size([384])
🧊 Frozen parameter: visual_prompter.obj_encoder.model.backbone.enc.enc3.block2.mlp.0.fc1.weight -- torch.Size([1536, 384])
🧊 Frozen parameter: visual_prompter.obj_encoder.model.backbone.enc.enc3.block2.mlp.0.fc1.bias -- torch.Size([1536])
🧊 Frozen parameter: visual_prompter.obj_encoder.model.backbone.enc.enc3.block2.mlp.0.fc2.weight -- torch.Size([384, 1536])
🧊 Frozen parameter: visual_prompter.obj_encoder.model.backbone.enc.enc3.block2.mlp.0.fc2.bias -- torch.Size([384])
🧊 Frozen parameter: visual_prompter.obj_encoder.model.backbone.enc.enc3.block3.cpe.0.weight -- torch.Size([384, 3, 3, 3, 384])
🧊 Frozen parameter: visual_prompter.obj_encoder.model.backbone.enc.enc3.block3.cpe.0.bias -- torch.Size([384])
🧊 Frozen parameter: visual_prompter.obj_encoder.model.backbone.enc.enc3.block3.cpe.1.weight -- torch.Size([384, 384])
🧊 Frozen parameter: visual_prompter.obj_encoder.model.backbone.enc.enc3.block3.cpe.1.bias -- torch.Size([384])
🧊 Frozen parameter: visual_prompter.obj_encoder.model.backbone.enc.enc3.block3.cpe.2.norm.0.weight -- torch.Size([384])
🧊 Frozen parameter: visual_prompter.obj_encoder.model.backbone.enc.enc3.block3.cpe.2.norm.0.bias -- torch.Size([384])
🧊 Frozen parameter: visual_prompter.obj_encoder.model.backbone.enc.enc3.block3.cpe.2.norm.1.weight -- torch.Size([384])
🧊 Frozen parameter: visual_prompter.obj_encoder.model.backbone.enc.enc3.block3.cpe.2.norm.1.bias -- torch.Size([384])
🧊 Frozen parameter: visual_prompter.obj_encoder.model.backbone.enc.enc3.block3.cpe.2.norm.2.weight -- torch.Size([384])
🧊 Frozen parameter: visual_prompter.obj_encoder.model.backbone.enc.enc3.block3.cpe.2.norm.2.bias -- torch.Size([384])
🧊 Frozen parameter: visual_prompter.obj_encoder.model.backbone.enc.enc3.block3.norm1.0.norm.0.weight -- torch.Size([384])
🧊 Frozen parameter: visual_prompter.obj_encoder.model.backbone.enc.enc3.block3.norm1.0.norm.0.bias -- torch.Size([384])
🧊 Frozen parameter: visual_prompter.obj_encoder.model.backbone.enc.enc3.block3.norm1.0.norm.1.weight -- torch.Size([384])
🧊 Frozen parameter: visual_prompter.obj_encoder.model.backbone.enc.enc3.block3.norm1.0.norm.1.bias -- torch.Size([384])
🧊 Frozen parameter: visual_prompter.obj_encoder.model.backbone.enc.enc3.block3.norm1.0.norm.2.weight -- torch.Size([384])
🧊 Frozen parameter: visual_prompter.obj_encoder.model.backbone.enc.enc3.block3.norm1.0.norm.2.bias -- torch.Size([384])
🧊 Frozen parameter: visual_prompter.obj_encoder.model.backbone.enc.enc3.block3.attn.qkv.weight -- torch.Size([1152, 384])
🧊 Frozen parameter: visual_prompter.obj_encoder.model.backbone.enc.enc3.block3.attn.qkv.bias -- torch.Size([1152])
🧊 Frozen parameter: visual_prompter.obj_encoder.model.backbone.enc.enc3.block3.attn.proj.weight -- torch.Size([384, 384])
🧊 Frozen parameter: visual_prompter.obj_encoder.model.backbone.enc.enc3.block3.attn.proj.bias -- torch.Size([384])
🧊 Frozen parameter: visual_prompter.obj_encoder.model.backbone.enc.enc3.block3.norm2.0.norm.0.weight -- torch.Size([384])
🧊 Frozen parameter: visual_prompter.obj_encoder.model.backbone.enc.enc3.block3.norm2.0.norm.0.bias -- torch.Size([384])
🧊 Frozen parameter: visual_prompter.obj_encoder.model.backbone.enc.enc3.block3.norm2.0.norm.1.weight -- torch.Size([384])
🧊 Frozen parameter: visual_prompter.obj_encoder.model.backbone.enc.enc3.block3.norm2.0.norm.1.bias -- torch.Size([384])
🧊 Frozen parameter: visual_prompter.obj_encoder.model.backbone.enc.enc3.block3.norm2.0.norm.2.weight -- torch.Size([384])
🧊 Frozen parameter: visual_prompter.obj_encoder.model.backbone.enc.enc3.block3.norm2.0.norm.2.bias -- torch.Size([384])
🧊 Frozen parameter: visual_prompter.obj_encoder.model.backbone.enc.enc3.block3.mlp.0.fc1.weight -- torch.Size([1536, 384])
🧊 Frozen parameter: visual_prompter.obj_encoder.model.backbone.enc.enc3.block3.mlp.0.fc1.bias -- torch.Size([1536])
🧊 Frozen parameter: visual_prompter.obj_encoder.model.backbone.enc.enc3.block3.mlp.0.fc2.weight -- torch.Size([384, 1536])
🧊 Frozen parameter: visual_prompter.obj_encoder.model.backbone.enc.enc3.block3.mlp.0.fc2.bias -- torch.Size([384])
🧊 Frozen parameter: visual_prompter.obj_encoder.model.backbone.enc.enc3.block4.cpe.0.weight -- torch.Size([384, 3, 3, 3, 384])
🧊 Frozen parameter: visual_prompter.obj_encoder.model.backbone.enc.enc3.block4.cpe.0.bias -- torch.Size([384])
🧊 Frozen parameter: visual_prompter.obj_encoder.model.backbone.enc.enc3.block4.cpe.1.weight -- torch.Size([384, 384])
🧊 Frozen parameter: visual_prompter.obj_encoder.model.backbone.enc.enc3.block4.cpe.1.bias -- torch.Size([384])
🧊 Frozen parameter: visual_prompter.obj_encoder.model.backbone.enc.enc3.block4.cpe.2.norm.0.weight -- torch.Size([384])
🧊 Frozen parameter: visual_prompter.obj_encoder.model.backbone.enc.enc3.block4.cpe.2.norm.0.bias -- torch.Size([384])
🧊 Frozen parameter: visual_prompter.obj_encoder.model.backbone.enc.enc3.block4.cpe.2.norm.1.weight -- torch.Size([384])
🧊 Frozen parameter: visual_prompter.obj_encoder.model.backbone.enc.enc3.block4.cpe.2.norm.1.bias -- torch.Size([384])
🧊 Frozen parameter: visual_prompter.obj_encoder.model.backbone.enc.enc3.block4.cpe.2.norm.2.weight -- torch.Size([384])
🧊 Frozen parameter: visual_prompter.obj_encoder.model.backbone.enc.enc3.block4.cpe.2.norm.2.bias -- torch.Size([384])
🧊 Frozen parameter: visual_prompter.obj_encoder.model.backbone.enc.enc3.block4.norm1.0.norm.0.weight -- torch.Size([384])
🧊 Frozen parameter: visual_prompter.obj_encoder.model.backbone.enc.enc3.block4.norm1.0.norm.0.bias -- torch.Size([384])
🧊 Frozen parameter: visual_prompter.obj_encoder.model.backbone.enc.enc3.block4.norm1.0.norm.1.weight -- torch.Size([384])
🧊 Frozen parameter: visual_prompter.obj_encoder.model.backbone.enc.enc3.block4.norm1.0.norm.1.bias -- torch.Size([384])
🧊 Frozen parameter: visual_prompter.obj_encoder.model.backbone.enc.enc3.block4.norm1.0.norm.2.weight -- torch.Size([384])
🧊 Frozen parameter: visual_prompter.obj_encoder.model.backbone.enc.enc3.block4.norm1.0.norm.2.bias -- torch.Size([384])
🧊 Frozen parameter: visual_prompter.obj_encoder.model.backbone.enc.enc3.block4.attn.qkv.weight -- torch.Size([1152, 384])
🧊 Frozen parameter: visual_prompter.obj_encoder.model.backbone.enc.enc3.block4.attn.qkv.bias -- torch.Size([1152])
🧊 Frozen parameter: visual_prompter.obj_encoder.model.backbone.enc.enc3.block4.attn.proj.weight -- torch.Size([384, 384])
🧊 Frozen parameter: visual_prompter.obj_encoder.model.backbone.enc.enc3.block4.attn.proj.bias -- torch.Size([384])
🧊 Frozen parameter: visual_prompter.obj_encoder.model.backbone.enc.enc3.block4.norm2.0.norm.0.weight -- torch.Size([384])
🧊 Frozen parameter: visual_prompter.obj_encoder.model.backbone.enc.enc3.block4.norm2.0.norm.0.bias -- torch.Size([384])
🧊 Frozen parameter: visual_prompter.obj_encoder.model.backbone.enc.enc3.block4.norm2.0.norm.1.weight -- torch.Size([384])
🧊 Frozen parameter: visual_prompter.obj_encoder.model.backbone.enc.enc3.block4.norm2.0.norm.1.bias -- torch.Size([384])
🧊 Frozen parameter: visual_prompter.obj_encoder.model.backbone.enc.enc3.block4.norm2.0.norm.2.weight -- torch.Size([384])
🧊 Frozen parameter: visual_prompter.obj_encoder.model.backbone.enc.enc3.block4.norm2.0.norm.2.bias -- torch.Size([384])
🧊 Frozen parameter: visual_prompter.obj_encoder.model.backbone.enc.enc3.block4.mlp.0.fc1.weight -- torch.Size([1536, 384])
🧊 Frozen parameter: visual_prompter.obj_encoder.model.backbone.enc.enc3.block4.mlp.0.fc1.bias -- torch.Size([1536])
🧊 Frozen parameter: visual_prompter.obj_encoder.model.backbone.enc.enc3.block4.mlp.0.fc2.weight -- torch.Size([384, 1536])
🧊 Frozen parameter: visual_prompter.obj_encoder.model.backbone.enc.enc3.block4.mlp.0.fc2.bias -- torch.Size([384])
🧊 Frozen parameter: visual_prompter.obj_encoder.model.backbone.enc.enc3.block5.cpe.0.weight -- torch.Size([384, 3, 3, 3, 384])
🧊 Frozen parameter: visual_prompter.obj_encoder.model.backbone.enc.enc3.block5.cpe.0.bias -- torch.Size([384])
🧊 Frozen parameter: visual_prompter.obj_encoder.model.backbone.enc.enc3.block5.cpe.1.weight -- torch.Size([384, 384])
🧊 Frozen parameter: visual_prompter.obj_encoder.model.backbone.enc.enc3.block5.cpe.1.bias -- torch.Size([384])
🧊 Frozen parameter: visual_prompter.obj_encoder.model.backbone.enc.enc3.block5.cpe.2.norm.0.weight -- torch.Size([384])
🧊 Frozen parameter: visual_prompter.obj_encoder.model.backbone.enc.enc3.block5.cpe.2.norm.0.bias -- torch.Size([384])
🧊 Frozen parameter: visual_prompter.obj_encoder.model.backbone.enc.enc3.block5.cpe.2.norm.1.weight -- torch.Size([384])
🧊 Frozen parameter: visual_prompter.obj_encoder.model.backbone.enc.enc3.block5.cpe.2.norm.1.bias -- torch.Size([384])
🧊 Frozen parameter: visual_prompter.obj_encoder.model.backbone.enc.enc3.block5.cpe.2.norm.2.weight -- torch.Size([384])
🧊 Frozen parameter: visual_prompter.obj_encoder.model.backbone.enc.enc3.block5.cpe.2.norm.2.bias -- torch.Size([384])
🧊 Frozen parameter: visual_prompter.obj_encoder.model.backbone.enc.enc3.block5.norm1.0.norm.0.weight -- torch.Size([384])
🧊 Frozen parameter: visual_prompter.obj_encoder.model.backbone.enc.enc3.block5.norm1.0.norm.0.bias -- torch.Size([384])
🧊 Frozen parameter: visual_prompter.obj_encoder.model.backbone.enc.enc3.block5.norm1.0.norm.1.weight -- torch.Size([384])
🧊 Frozen parameter: visual_prompter.obj_encoder.model.backbone.enc.enc3.block5.norm1.0.norm.1.bias -- torch.Size([384])
🧊 Frozen parameter: visual_prompter.obj_encoder.model.backbone.enc.enc3.block5.norm1.0.norm.2.weight -- torch.Size([384])
🧊 Frozen parameter: visual_prompter.obj_encoder.model.backbone.enc.enc3.block5.norm1.0.norm.2.bias -- torch.Size([384])
🧊 Frozen parameter: visual_prompter.obj_encoder.model.backbone.enc.enc3.block5.attn.qkv.weight -- torch.Size([1152, 384])
🧊 Frozen parameter: visual_prompter.obj_encoder.model.backbone.enc.enc3.block5.attn.qkv.bias -- torch.Size([1152])
🧊 Frozen parameter: visual_prompter.obj_encoder.model.backbone.enc.enc3.block5.attn.proj.weight -- torch.Size([384, 384])
🧊 Frozen parameter: visual_prompter.obj_encoder.model.backbone.enc.enc3.block5.attn.proj.bias -- torch.Size([384])
🧊 Frozen parameter: visual_prompter.obj_encoder.model.backbone.enc.enc3.block5.norm2.0.norm.0.weight -- torch.Size([384])
🧊 Frozen parameter: visual_prompter.obj_encoder.model.backbone.enc.enc3.block5.norm2.0.norm.0.bias -- torch.Size([384])
🧊 Frozen parameter: visual_prompter.obj_encoder.model.backbone.enc.enc3.block5.norm2.0.norm.1.weight -- torch.Size([384])
🧊 Frozen parameter: visual_prompter.obj_encoder.model.backbone.enc.enc3.block5.norm2.0.norm.1.bias -- torch.Size([384])
🧊 Frozen parameter: visual_prompter.obj_encoder.model.backbone.enc.enc3.block5.norm2.0.norm.2.weight -- torch.Size([384])
🧊 Frozen parameter: visual_prompter.obj_encoder.model.backbone.enc.enc3.block5.norm2.0.norm.2.bias -- torch.Size([384])
🧊 Frozen parameter: visual_prompter.obj_encoder.model.backbone.enc.enc3.block5.mlp.0.fc1.weight -- torch.Size([1536, 384])
🧊 Frozen parameter: visual_prompter.obj_encoder.model.backbone.enc.enc3.block5.mlp.0.fc1.bias -- torch.Size([1536])
🧊 Frozen parameter: visual_prompter.obj_encoder.model.backbone.enc.enc3.block5.mlp.0.fc2.weight -- torch.Size([384, 1536])
🧊 Frozen parameter: visual_prompter.obj_encoder.model.backbone.enc.enc3.block5.mlp.0.fc2.bias -- torch.Size([384])
🧊 Frozen parameter: visual_prompter.obj_encoder.model.backbone.enc.enc4.down.proj.weight -- torch.Size([512, 384])
🧊 Frozen parameter: visual_prompter.obj_encoder.model.backbone.enc.enc4.down.proj.bias -- torch.Size([512])
🧊 Frozen parameter: visual_prompter.obj_encoder.model.backbone.enc.enc4.down.norm.0.norm.0.weight -- torch.Size([512])
🧊 Frozen parameter: visual_prompter.obj_encoder.model.backbone.enc.enc4.down.norm.0.norm.0.bias -- torch.Size([512])
🧊 Frozen parameter: visual_prompter.obj_encoder.model.backbone.enc.enc4.down.norm.0.norm.1.weight -- torch.Size([512])
🧊 Frozen parameter: visual_prompter.obj_encoder.model.backbone.enc.enc4.down.norm.0.norm.1.bias -- torch.Size([512])
🧊 Frozen parameter: visual_prompter.obj_encoder.model.backbone.enc.enc4.down.norm.0.norm.2.weight -- torch.Size([512])
🧊 Frozen parameter: visual_prompter.obj_encoder.model.backbone.enc.enc4.down.norm.0.norm.2.bias -- torch.Size([512])
🧊 Frozen parameter: visual_prompter.obj_encoder.model.backbone.enc.enc4.block0.cpe.0.weight -- torch.Size([512, 3, 3, 3, 512])
🧊 Frozen parameter: visual_prompter.obj_encoder.model.backbone.enc.enc4.block0.cpe.0.bias -- torch.Size([512])
🧊 Frozen parameter: visual_prompter.obj_encoder.model.backbone.enc.enc4.block0.cpe.1.weight -- torch.Size([512, 512])
🧊 Frozen parameter: visual_prompter.obj_encoder.model.backbone.enc.enc4.block0.cpe.1.bias -- torch.Size([512])
🧊 Frozen parameter: visual_prompter.obj_encoder.model.backbone.enc.enc4.block0.cpe.2.norm.0.weight -- torch.Size([512])
🧊 Frozen parameter: visual_prompter.obj_encoder.model.backbone.enc.enc4.block0.cpe.2.norm.0.bias -- torch.Size([512])
🧊 Frozen parameter: visual_prompter.obj_encoder.model.backbone.enc.enc4.block0.cpe.2.norm.1.weight -- torch.Size([512])
🧊 Frozen parameter: visual_prompter.obj_encoder.model.backbone.enc.enc4.block0.cpe.2.norm.1.bias -- torch.Size([512])
🧊 Frozen parameter: visual_prompter.obj_encoder.model.backbone.enc.enc4.block0.cpe.2.norm.2.weight -- torch.Size([512])
🧊 Frozen parameter: visual_prompter.obj_encoder.model.backbone.enc.enc4.block0.cpe.2.norm.2.bias -- torch.Size([512])
🧊 Frozen parameter: visual_prompter.obj_encoder.model.backbone.enc.enc4.block0.norm1.0.norm.0.weight -- torch.Size([512])
🧊 Frozen parameter: visual_prompter.obj_encoder.model.backbone.enc.enc4.block0.norm1.0.norm.0.bias -- torch.Size([512])
🧊 Frozen parameter: visual_prompter.obj_encoder.model.backbone.enc.enc4.block0.norm1.0.norm.1.weight -- torch.Size([512])
🧊 Frozen parameter: visual_prompter.obj_encoder.model.backbone.enc.enc4.block0.norm1.0.norm.1.bias -- torch.Size([512])
🧊 Frozen parameter: visual_prompter.obj_encoder.model.backbone.enc.enc4.block0.norm1.0.norm.2.weight -- torch.Size([512])
🧊 Frozen parameter: visual_prompter.obj_encoder.model.backbone.enc.enc4.block0.norm1.0.norm.2.bias -- torch.Size([512])
🧊 Frozen parameter: visual_prompter.obj_encoder.model.backbone.enc.enc4.block0.attn.qkv.weight -- torch.Size([1536, 512])
🧊 Frozen parameter: visual_prompter.obj_encoder.model.backbone.enc.enc4.block0.attn.qkv.bias -- torch.Size([1536])
🧊 Frozen parameter: visual_prompter.obj_encoder.model.backbone.enc.enc4.block0.attn.proj.weight -- torch.Size([512, 512])
🧊 Frozen parameter: visual_prompter.obj_encoder.model.backbone.enc.enc4.block0.attn.proj.bias -- torch.Size([512])
🧊 Frozen parameter: visual_prompter.obj_encoder.model.backbone.enc.enc4.block0.norm2.0.norm.0.weight -- torch.Size([512])
🧊 Frozen parameter: visual_prompter.obj_encoder.model.backbone.enc.enc4.block0.norm2.0.norm.0.bias -- torch.Size([512])
🧊 Frozen parameter: visual_prompter.obj_encoder.model.backbone.enc.enc4.block0.norm2.0.norm.1.weight -- torch.Size([512])
🧊 Frozen parameter: visual_prompter.obj_encoder.model.backbone.enc.enc4.block0.norm2.0.norm.1.bias -- torch.Size([512])
🧊 Frozen parameter: visual_prompter.obj_encoder.model.backbone.enc.enc4.block0.norm2.0.norm.2.weight -- torch.Size([512])
🧊 Frozen parameter: visual_prompter.obj_encoder.model.backbone.enc.enc4.block0.norm2.0.norm.2.bias -- torch.Size([512])
🧊 Frozen parameter: visual_prompter.obj_encoder.model.backbone.enc.enc4.block0.mlp.0.fc1.weight -- torch.Size([2048, 512])
🧊 Frozen parameter: visual_prompter.obj_encoder.model.backbone.enc.enc4.block0.mlp.0.fc1.bias -- torch.Size([2048])
🧊 Frozen parameter: visual_prompter.obj_encoder.model.backbone.enc.enc4.block0.mlp.0.fc2.weight -- torch.Size([512, 2048])
🧊 Frozen parameter: visual_prompter.obj_encoder.model.backbone.enc.enc4.block0.mlp.0.fc2.bias -- torch.Size([512])
🧊 Frozen parameter: visual_prompter.obj_encoder.model.backbone.enc.enc4.block1.cpe.0.weight -- torch.Size([512, 3, 3, 3, 512])
🧊 Frozen parameter: visual_prompter.obj_encoder.model.backbone.enc.enc4.block1.cpe.0.bias -- torch.Size([512])
🧊 Frozen parameter: visual_prompter.obj_encoder.model.backbone.enc.enc4.block1.cpe.1.weight -- torch.Size([512, 512])
🧊 Frozen parameter: visual_prompter.obj_encoder.model.backbone.enc.enc4.block1.cpe.1.bias -- torch.Size([512])
🧊 Frozen parameter: visual_prompter.obj_encoder.model.backbone.enc.enc4.block1.cpe.2.norm.0.weight -- torch.Size([512])
🧊 Frozen parameter: visual_prompter.obj_encoder.model.backbone.enc.enc4.block1.cpe.2.norm.0.bias -- torch.Size([512])
🧊 Frozen parameter: visual_prompter.obj_encoder.model.backbone.enc.enc4.block1.cpe.2.norm.1.weight -- torch.Size([512])
🧊 Frozen parameter: visual_prompter.obj_encoder.model.backbone.enc.enc4.block1.cpe.2.norm.1.bias -- torch.Size([512])
🧊 Frozen parameter: visual_prompter.obj_encoder.model.backbone.enc.enc4.block1.cpe.2.norm.2.weight -- torch.Size([512])
🧊 Frozen parameter: visual_prompter.obj_encoder.model.backbone.enc.enc4.block1.cpe.2.norm.2.bias -- torch.Size([512])
🧊 Frozen parameter: visual_prompter.obj_encoder.model.backbone.enc.enc4.block1.norm1.0.norm.0.weight -- torch.Size([512])
🧊 Frozen parameter: visual_prompter.obj_encoder.model.backbone.enc.enc4.block1.norm1.0.norm.0.bias -- torch.Size([512])
🧊 Frozen parameter: visual_prompter.obj_encoder.model.backbone.enc.enc4.block1.norm1.0.norm.1.weight -- torch.Size([512])
🧊 Frozen parameter: visual_prompter.obj_encoder.model.backbone.enc.enc4.block1.norm1.0.norm.1.bias -- torch.Size([512])
🧊 Frozen parameter: visual_prompter.obj_encoder.model.backbone.enc.enc4.block1.norm1.0.norm.2.weight -- torch.Size([512])
🧊 Frozen parameter: visual_prompter.obj_encoder.model.backbone.enc.enc4.block1.norm1.0.norm.2.bias -- torch.Size([512])
🧊 Frozen parameter: visual_prompter.obj_encoder.model.backbone.enc.enc4.block1.attn.qkv.weight -- torch.Size([1536, 512])
🧊 Frozen parameter: visual_prompter.obj_encoder.model.backbone.enc.enc4.block1.attn.qkv.bias -- torch.Size([1536])
🧊 Frozen parameter: visual_prompter.obj_encoder.model.backbone.enc.enc4.block1.attn.proj.weight -- torch.Size([512, 512])
🧊 Frozen parameter: visual_prompter.obj_encoder.model.backbone.enc.enc4.block1.attn.proj.bias -- torch.Size([512])
🧊 Frozen parameter: visual_prompter.obj_encoder.model.backbone.enc.enc4.block1.norm2.0.norm.0.weight -- torch.Size([512])
🧊 Frozen parameter: visual_prompter.obj_encoder.model.backbone.enc.enc4.block1.norm2.0.norm.0.bias -- torch.Size([512])
🧊 Frozen parameter: visual_prompter.obj_encoder.model.backbone.enc.enc4.block1.norm2.0.norm.1.weight -- torch.Size([512])
🧊 Frozen parameter: visual_prompter.obj_encoder.model.backbone.enc.enc4.block1.norm2.0.norm.1.bias -- torch.Size([512])
🧊 Frozen parameter: visual_prompter.obj_encoder.model.backbone.enc.enc4.block1.norm2.0.norm.2.weight -- torch.Size([512])
🧊 Frozen parameter: visual_prompter.obj_encoder.model.backbone.enc.enc4.block1.norm2.0.norm.2.bias -- torch.Size([512])
🧊 Frozen parameter: visual_prompter.obj_encoder.model.backbone.enc.enc4.block1.mlp.0.fc1.weight -- torch.Size([2048, 512])
🧊 Frozen parameter: visual_prompter.obj_encoder.model.backbone.enc.enc4.block1.mlp.0.fc1.bias -- torch.Size([2048])
🧊 Frozen parameter: visual_prompter.obj_encoder.model.backbone.enc.enc4.block1.mlp.0.fc2.weight -- torch.Size([512, 2048])
🧊 Frozen parameter: visual_prompter.obj_encoder.model.backbone.enc.enc4.block1.mlp.0.fc2.bias -- torch.Size([512])
🧊 Frozen parameter: visual_prompter.obj_encoder.model.backbone.enc.enc4.block2.cpe.0.weight -- torch.Size([512, 3, 3, 3, 512])
🧊 Frozen parameter: visual_prompter.obj_encoder.model.backbone.enc.enc4.block2.cpe.0.bias -- torch.Size([512])
🧊 Frozen parameter: visual_prompter.obj_encoder.model.backbone.enc.enc4.block2.cpe.1.weight -- torch.Size([512, 512])
🧊 Frozen parameter: visual_prompter.obj_encoder.model.backbone.enc.enc4.block2.cpe.1.bias -- torch.Size([512])
🧊 Frozen parameter: visual_prompter.obj_encoder.model.backbone.enc.enc4.block2.cpe.2.norm.0.weight -- torch.Size([512])
🧊 Frozen parameter: visual_prompter.obj_encoder.model.backbone.enc.enc4.block2.cpe.2.norm.0.bias -- torch.Size([512])
🧊 Frozen parameter: visual_prompter.obj_encoder.model.backbone.enc.enc4.block2.cpe.2.norm.1.weight -- torch.Size([512])
🧊 Frozen parameter: visual_prompter.obj_encoder.model.backbone.enc.enc4.block2.cpe.2.norm.1.bias -- torch.Size([512])
🧊 Frozen parameter: visual_prompter.obj_encoder.model.backbone.enc.enc4.block2.cpe.2.norm.2.weight -- torch.Size([512])
🧊 Frozen parameter: visual_prompter.obj_encoder.model.backbone.enc.enc4.block2.cpe.2.norm.2.bias -- torch.Size([512])
🧊 Frozen parameter: visual_prompter.obj_encoder.model.backbone.enc.enc4.block2.norm1.0.norm.0.weight -- torch.Size([512])
🧊 Frozen parameter: visual_prompter.obj_encoder.model.backbone.enc.enc4.block2.norm1.0.norm.0.bias -- torch.Size([512])
🧊 Frozen parameter: visual_prompter.obj_encoder.model.backbone.enc.enc4.block2.norm1.0.norm.1.weight -- torch.Size([512])
🧊 Frozen parameter: visual_prompter.obj_encoder.model.backbone.enc.enc4.block2.norm1.0.norm.1.bias -- torch.Size([512])
🧊 Frozen parameter: visual_prompter.obj_encoder.model.backbone.enc.enc4.block2.norm1.0.norm.2.weight -- torch.Size([512])
🧊 Frozen parameter: visual_prompter.obj_encoder.model.backbone.enc.enc4.block2.norm1.0.norm.2.bias -- torch.Size([512])
🧊 Frozen parameter: visual_prompter.obj_encoder.model.backbone.enc.enc4.block2.attn.qkv.weight -- torch.Size([1536, 512])
🧊 Frozen parameter: visual_prompter.obj_encoder.model.backbone.enc.enc4.block2.attn.qkv.bias -- torch.Size([1536])
🧊 Frozen parameter: visual_prompter.obj_encoder.model.backbone.enc.enc4.block2.attn.proj.weight -- torch.Size([512, 512])
🧊 Frozen parameter: visual_prompter.obj_encoder.model.backbone.enc.enc4.block2.attn.proj.bias -- torch.Size([512])
🧊 Frozen parameter: visual_prompter.obj_encoder.model.backbone.enc.enc4.block2.norm2.0.norm.0.weight -- torch.Size([512])
🧊 Frozen parameter: visual_prompter.obj_encoder.model.backbone.enc.enc4.block2.norm2.0.norm.0.bias -- torch.Size([512])
🧊 Frozen parameter: visual_prompter.obj_encoder.model.backbone.enc.enc4.block2.norm2.0.norm.1.weight -- torch.Size([512])
🧊 Frozen parameter: visual_prompter.obj_encoder.model.backbone.enc.enc4.block2.norm2.0.norm.1.bias -- torch.Size([512])
🧊 Frozen parameter: visual_prompter.obj_encoder.model.backbone.enc.enc4.block2.norm2.0.norm.2.weight -- torch.Size([512])
🧊 Frozen parameter: visual_prompter.obj_encoder.model.backbone.enc.enc4.block2.norm2.0.norm.2.bias -- torch.Size([512])
🧊 Frozen parameter: visual_prompter.obj_encoder.model.backbone.enc.enc4.block2.mlp.0.fc1.weight -- torch.Size([2048, 512])
🧊 Frozen parameter: visual_prompter.obj_encoder.model.backbone.enc.enc4.block2.mlp.0.fc1.bias -- torch.Size([2048])
🧊 Frozen parameter: visual_prompter.obj_encoder.model.backbone.enc.enc4.block2.mlp.0.fc2.weight -- torch.Size([512, 2048])
🧊 Frozen parameter: visual_prompter.obj_encoder.model.backbone.enc.enc4.block2.mlp.0.fc2.bias -- torch.Size([512])
🧊 Frozen parameter: visual_prompter.obj_encoder.model.backbone.dec.dec3.up.proj.0.weight -- torch.Size([384, 512])
🧊 Frozen parameter: visual_prompter.obj_encoder.model.backbone.dec.dec3.up.proj.0.bias -- torch.Size([384])
🧊 Frozen parameter: visual_prompter.obj_encoder.model.backbone.dec.dec3.up.proj.1.norm.0.weight -- torch.Size([384])
🧊 Frozen parameter: visual_prompter.obj_encoder.model.backbone.dec.dec3.up.proj.1.norm.0.bias -- torch.Size([384])
🧊 Frozen parameter: visual_prompter.obj_encoder.model.backbone.dec.dec3.up.proj.1.norm.1.weight -- torch.Size([384])
🧊 Frozen parameter: visual_prompter.obj_encoder.model.backbone.dec.dec3.up.proj.1.norm.1.bias -- torch.Size([384])
🧊 Frozen parameter: visual_prompter.obj_encoder.model.backbone.dec.dec3.up.proj.1.norm.2.weight -- torch.Size([384])
🧊 Frozen parameter: visual_prompter.obj_encoder.model.backbone.dec.dec3.up.proj.1.norm.2.bias -- torch.Size([384])
🧊 Frozen parameter: visual_prompter.obj_encoder.model.backbone.dec.dec3.up.proj_skip.0.weight -- torch.Size([384, 384])
🧊 Frozen parameter: visual_prompter.obj_encoder.model.backbone.dec.dec3.up.proj_skip.0.bias -- torch.Size([384])
🧊 Frozen parameter: visual_prompter.obj_encoder.model.backbone.dec.dec3.up.proj_skip.1.norm.0.weight -- torch.Size([384])
🧊 Frozen parameter: visual_prompter.obj_encoder.model.backbone.dec.dec3.up.proj_skip.1.norm.0.bias -- torch.Size([384])
🧊 Frozen parameter: visual_prompter.obj_encoder.model.backbone.dec.dec3.up.proj_skip.1.norm.1.weight -- torch.Size([384])
🧊 Frozen parameter: visual_prompter.obj_encoder.model.backbone.dec.dec3.up.proj_skip.1.norm.1.bias -- torch.Size([384])
🧊 Frozen parameter: visual_prompter.obj_encoder.model.backbone.dec.dec3.up.proj_skip.1.norm.2.weight -- torch.Size([384])
🧊 Frozen parameter: visual_prompter.obj_encoder.model.backbone.dec.dec3.up.proj_skip.1.norm.2.bias -- torch.Size([384])
🧊 Frozen parameter: visual_prompter.obj_encoder.model.backbone.dec.dec3.block0.cpe.0.weight -- torch.Size([384, 3, 3, 3, 384])
🧊 Frozen parameter: visual_prompter.obj_encoder.model.backbone.dec.dec3.block0.cpe.0.bias -- torch.Size([384])
🧊 Frozen parameter: visual_prompter.obj_encoder.model.backbone.dec.dec3.block0.cpe.1.weight -- torch.Size([384, 384])
🧊 Frozen parameter: visual_prompter.obj_encoder.model.backbone.dec.dec3.block0.cpe.1.bias -- torch.Size([384])
🧊 Frozen parameter: visual_prompter.obj_encoder.model.backbone.dec.dec3.block0.cpe.2.norm.0.weight -- torch.Size([384])
🧊 Frozen parameter: visual_prompter.obj_encoder.model.backbone.dec.dec3.block0.cpe.2.norm.0.bias -- torch.Size([384])
🧊 Frozen parameter: visual_prompter.obj_encoder.model.backbone.dec.dec3.block0.cpe.2.norm.1.weight -- torch.Size([384])
🧊 Frozen parameter: visual_prompter.obj_encoder.model.backbone.dec.dec3.block0.cpe.2.norm.1.bias -- torch.Size([384])
🧊 Frozen parameter: visual_prompter.obj_encoder.model.backbone.dec.dec3.block0.cpe.2.norm.2.weight -- torch.Size([384])
🧊 Frozen parameter: visual_prompter.obj_encoder.model.backbone.dec.dec3.block0.cpe.2.norm.2.bias -- torch.Size([384])
🧊 Frozen parameter: visual_prompter.obj_encoder.model.backbone.dec.dec3.block0.norm1.0.norm.0.weight -- torch.Size([384])
🧊 Frozen parameter: visual_prompter.obj_encoder.model.backbone.dec.dec3.block0.norm1.0.norm.0.bias -- torch.Size([384])
🧊 Frozen parameter: visual_prompter.obj_encoder.model.backbone.dec.dec3.block0.norm1.0.norm.1.weight -- torch.Size([384])
🧊 Frozen parameter: visual_prompter.obj_encoder.model.backbone.dec.dec3.block0.norm1.0.norm.1.bias -- torch.Size([384])
🧊 Frozen parameter: visual_prompter.obj_encoder.model.backbone.dec.dec3.block0.norm1.0.norm.2.weight -- torch.Size([384])
🧊 Frozen parameter: visual_prompter.obj_encoder.model.backbone.dec.dec3.block0.norm1.0.norm.2.bias -- torch.Size([384])
🧊 Frozen parameter: visual_prompter.obj_encoder.model.backbone.dec.dec3.block0.attn.qkv.weight -- torch.Size([1152, 384])
🧊 Frozen parameter: visual_prompter.obj_encoder.model.backbone.dec.dec3.block0.attn.qkv.bias -- torch.Size([1152])
🧊 Frozen parameter: visual_prompter.obj_encoder.model.backbone.dec.dec3.block0.attn.proj.weight -- torch.Size([384, 384])
🧊 Frozen parameter: visual_prompter.obj_encoder.model.backbone.dec.dec3.block0.attn.proj.bias -- torch.Size([384])
🧊 Frozen parameter: visual_prompter.obj_encoder.model.backbone.dec.dec3.block0.norm2.0.norm.0.weight -- torch.Size([384])
🧊 Frozen parameter: visual_prompter.obj_encoder.model.backbone.dec.dec3.block0.norm2.0.norm.0.bias -- torch.Size([384])
🧊 Frozen parameter: visual_prompter.obj_encoder.model.backbone.dec.dec3.block0.norm2.0.norm.1.weight -- torch.Size([384])
🧊 Frozen parameter: visual_prompter.obj_encoder.model.backbone.dec.dec3.block0.norm2.0.norm.1.bias -- torch.Size([384])
🧊 Frozen parameter: visual_prompter.obj_encoder.model.backbone.dec.dec3.block0.norm2.0.norm.2.weight -- torch.Size([384])
🧊 Frozen parameter: visual_prompter.obj_encoder.model.backbone.dec.dec3.block0.norm2.0.norm.2.bias -- torch.Size([384])
🧊 Frozen parameter: visual_prompter.obj_encoder.model.backbone.dec.dec3.block0.mlp.0.fc1.weight -- torch.Size([1536, 384])
🧊 Frozen parameter: visual_prompter.obj_encoder.model.backbone.dec.dec3.block0.mlp.0.fc1.bias -- torch.Size([1536])
🧊 Frozen parameter: visual_prompter.obj_encoder.model.backbone.dec.dec3.block0.mlp.0.fc2.weight -- torch.Size([384, 1536])
🧊 Frozen parameter: visual_prompter.obj_encoder.model.backbone.dec.dec3.block0.mlp.0.fc2.bias -- torch.Size([384])
🧊 Frozen parameter: visual_prompter.obj_encoder.model.backbone.dec.dec3.block1.cpe.0.weight -- torch.Size([384, 3, 3, 3, 384])
🧊 Frozen parameter: visual_prompter.obj_encoder.model.backbone.dec.dec3.block1.cpe.0.bias -- torch.Size([384])
🧊 Frozen parameter: visual_prompter.obj_encoder.model.backbone.dec.dec3.block1.cpe.1.weight -- torch.Size([384, 384])
🧊 Frozen parameter: visual_prompter.obj_encoder.model.backbone.dec.dec3.block1.cpe.1.bias -- torch.Size([384])
🧊 Frozen parameter: visual_prompter.obj_encoder.model.backbone.dec.dec3.block1.cpe.2.norm.0.weight -- torch.Size([384])
🧊 Frozen parameter: visual_prompter.obj_encoder.model.backbone.dec.dec3.block1.cpe.2.norm.0.bias -- torch.Size([384])
🧊 Frozen parameter: visual_prompter.obj_encoder.model.backbone.dec.dec3.block1.cpe.2.norm.1.weight -- torch.Size([384])
🧊 Frozen parameter: visual_prompter.obj_encoder.model.backbone.dec.dec3.block1.cpe.2.norm.1.bias -- torch.Size([384])
🧊 Frozen parameter: visual_prompter.obj_encoder.model.backbone.dec.dec3.block1.cpe.2.norm.2.weight -- torch.Size([384])
🧊 Frozen parameter: visual_prompter.obj_encoder.model.backbone.dec.dec3.block1.cpe.2.norm.2.bias -- torch.Size([384])
🧊 Frozen parameter: visual_prompter.obj_encoder.model.backbone.dec.dec3.block1.norm1.0.norm.0.weight -- torch.Size([384])
🧊 Frozen parameter: visual_prompter.obj_encoder.model.backbone.dec.dec3.block1.norm1.0.norm.0.bias -- torch.Size([384])
🧊 Frozen parameter: visual_prompter.obj_encoder.model.backbone.dec.dec3.block1.norm1.0.norm.1.weight -- torch.Size([384])
🧊 Frozen parameter: visual_prompter.obj_encoder.model.backbone.dec.dec3.block1.norm1.0.norm.1.bias -- torch.Size([384])
🧊 Frozen parameter: visual_prompter.obj_encoder.model.backbone.dec.dec3.block1.norm1.0.norm.2.weight -- torch.Size([384])
🧊 Frozen parameter: visual_prompter.obj_encoder.model.backbone.dec.dec3.block1.norm1.0.norm.2.bias -- torch.Size([384])
🧊 Frozen parameter: visual_prompter.obj_encoder.model.backbone.dec.dec3.block1.attn.qkv.weight -- torch.Size([1152, 384])
🧊 Frozen parameter: visual_prompter.obj_encoder.model.backbone.dec.dec3.block1.attn.qkv.bias -- torch.Size([1152])
🧊 Frozen parameter: visual_prompter.obj_encoder.model.backbone.dec.dec3.block1.attn.proj.weight -- torch.Size([384, 384])
🧊 Frozen parameter: visual_prompter.obj_encoder.model.backbone.dec.dec3.block1.attn.proj.bias -- torch.Size([384])
🧊 Frozen parameter: visual_prompter.obj_encoder.model.backbone.dec.dec3.block1.norm2.0.norm.0.weight -- torch.Size([384])
🧊 Frozen parameter: visual_prompter.obj_encoder.model.backbone.dec.dec3.block1.norm2.0.norm.0.bias -- torch.Size([384])
🧊 Frozen parameter: visual_prompter.obj_encoder.model.backbone.dec.dec3.block1.norm2.0.norm.1.weight -- torch.Size([384])
🧊 Frozen parameter: visual_prompter.obj_encoder.model.backbone.dec.dec3.block1.norm2.0.norm.1.bias -- torch.Size([384])
🧊 Frozen parameter: visual_prompter.obj_encoder.model.backbone.dec.dec3.block1.norm2.0.norm.2.weight -- torch.Size([384])
🧊 Frozen parameter: visual_prompter.obj_encoder.model.backbone.dec.dec3.block1.norm2.0.norm.2.bias -- torch.Size([384])
🧊 Frozen parameter: visual_prompter.obj_encoder.model.backbone.dec.dec3.block1.mlp.0.fc1.weight -- torch.Size([1536, 384])
🧊 Frozen parameter: visual_prompter.obj_encoder.model.backbone.dec.dec3.block1.mlp.0.fc1.bias -- torch.Size([1536])
🧊 Frozen parameter: visual_prompter.obj_encoder.model.backbone.dec.dec3.block1.mlp.0.fc2.weight -- torch.Size([384, 1536])
🧊 Frozen parameter: visual_prompter.obj_encoder.model.backbone.dec.dec3.block1.mlp.0.fc2.bias -- torch.Size([384])
🧊 Frozen parameter: visual_prompter.obj_encoder.model.backbone.dec.dec3.block2.cpe.0.weight -- torch.Size([384, 3, 3, 3, 384])
🧊 Frozen parameter: visual_prompter.obj_encoder.model.backbone.dec.dec3.block2.cpe.0.bias -- torch.Size([384])
🧊 Frozen parameter: visual_prompter.obj_encoder.model.backbone.dec.dec3.block2.cpe.1.weight -- torch.Size([384, 384])
🧊 Frozen parameter: visual_prompter.obj_encoder.model.backbone.dec.dec3.block2.cpe.1.bias -- torch.Size([384])
🧊 Frozen parameter: visual_prompter.obj_encoder.model.backbone.dec.dec3.block2.cpe.2.norm.0.weight -- torch.Size([384])
🧊 Frozen parameter: visual_prompter.obj_encoder.model.backbone.dec.dec3.block2.cpe.2.norm.0.bias -- torch.Size([384])
🧊 Frozen parameter: visual_prompter.obj_encoder.model.backbone.dec.dec3.block2.cpe.2.norm.1.weight -- torch.Size([384])
🧊 Frozen parameter: visual_prompter.obj_encoder.model.backbone.dec.dec3.block2.cpe.2.norm.1.bias -- torch.Size([384])
🧊 Frozen parameter: visual_prompter.obj_encoder.model.backbone.dec.dec3.block2.cpe.2.norm.2.weight -- torch.Size([384])
🧊 Frozen parameter: visual_prompter.obj_encoder.model.backbone.dec.dec3.block2.cpe.2.norm.2.bias -- torch.Size([384])
🧊 Frozen parameter: visual_prompter.obj_encoder.model.backbone.dec.dec3.block2.norm1.0.norm.0.weight -- torch.Size([384])
🧊 Frozen parameter: visual_prompter.obj_encoder.model.backbone.dec.dec3.block2.norm1.0.norm.0.bias -- torch.Size([384])
🧊 Frozen parameter: visual_prompter.obj_encoder.model.backbone.dec.dec3.block2.norm1.0.norm.1.weight -- torch.Size([384])
🧊 Frozen parameter: visual_prompter.obj_encoder.model.backbone.dec.dec3.block2.norm1.0.norm.1.bias -- torch.Size([384])
🧊 Frozen parameter: visual_prompter.obj_encoder.model.backbone.dec.dec3.block2.norm1.0.norm.2.weight -- torch.Size([384])
🧊 Frozen parameter: visual_prompter.obj_encoder.model.backbone.dec.dec3.block2.norm1.0.norm.2.bias -- torch.Size([384])
🧊 Frozen parameter: visual_prompter.obj_encoder.model.backbone.dec.dec3.block2.attn.qkv.weight -- torch.Size([1152, 384])
🧊 Frozen parameter: visual_prompter.obj_encoder.model.backbone.dec.dec3.block2.attn.qkv.bias -- torch.Size([1152])
🧊 Frozen parameter: visual_prompter.obj_encoder.model.backbone.dec.dec3.block2.attn.proj.weight -- torch.Size([384, 384])
🧊 Frozen parameter: visual_prompter.obj_encoder.model.backbone.dec.dec3.block2.attn.proj.bias -- torch.Size([384])
🧊 Frozen parameter: visual_prompter.obj_encoder.model.backbone.dec.dec3.block2.norm2.0.norm.0.weight -- torch.Size([384])
🧊 Frozen parameter: visual_prompter.obj_encoder.model.backbone.dec.dec3.block2.norm2.0.norm.0.bias -- torch.Size([384])
🧊 Frozen parameter: visual_prompter.obj_encoder.model.backbone.dec.dec3.block2.norm2.0.norm.1.weight -- torch.Size([384])
🧊 Frozen parameter: visual_prompter.obj_encoder.model.backbone.dec.dec3.block2.norm2.0.norm.1.bias -- torch.Size([384])
🧊 Frozen parameter: visual_prompter.obj_encoder.model.backbone.dec.dec3.block2.norm2.0.norm.2.weight -- torch.Size([384])
🧊 Frozen parameter: visual_prompter.obj_encoder.model.backbone.dec.dec3.block2.norm2.0.norm.2.bias -- torch.Size([384])
🧊 Frozen parameter: visual_prompter.obj_encoder.model.backbone.dec.dec3.block2.mlp.0.fc1.weight -- torch.Size([1536, 384])
🧊 Frozen parameter: visual_prompter.obj_encoder.model.backbone.dec.dec3.block2.mlp.0.fc1.bias -- torch.Size([1536])
🧊 Frozen parameter: visual_prompter.obj_encoder.model.backbone.dec.dec3.block2.mlp.0.fc2.weight -- torch.Size([384, 1536])
🧊 Frozen parameter: visual_prompter.obj_encoder.model.backbone.dec.dec3.block2.mlp.0.fc2.bias -- torch.Size([384])
🧊 Frozen parameter: visual_prompter.obj_encoder.model.backbone.dec.dec2.up.proj.0.weight -- torch.Size([192, 384])
🧊 Frozen parameter: visual_prompter.obj_encoder.model.backbone.dec.dec2.up.proj.0.bias -- torch.Size([192])
🧊 Frozen parameter: visual_prompter.obj_encoder.model.backbone.dec.dec2.up.proj.1.norm.0.weight -- torch.Size([192])
🧊 Frozen parameter: visual_prompter.obj_encoder.model.backbone.dec.dec2.up.proj.1.norm.0.bias -- torch.Size([192])
🧊 Frozen parameter: visual_prompter.obj_encoder.model.backbone.dec.dec2.up.proj.1.norm.1.weight -- torch.Size([192])
🧊 Frozen parameter: visual_prompter.obj_encoder.model.backbone.dec.dec2.up.proj.1.norm.1.bias -- torch.Size([192])
🧊 Frozen parameter: visual_prompter.obj_encoder.model.backbone.dec.dec2.up.proj.1.norm.2.weight -- torch.Size([192])
🧊 Frozen parameter: visual_prompter.obj_encoder.model.backbone.dec.dec2.up.proj.1.norm.2.bias -- torch.Size([192])
🧊 Frozen parameter: visual_prompter.obj_encoder.model.backbone.dec.dec2.up.proj_skip.0.weight -- torch.Size([192, 192])
🧊 Frozen parameter: visual_prompter.obj_encoder.model.backbone.dec.dec2.up.proj_skip.0.bias -- torch.Size([192])
🧊 Frozen parameter: visual_prompter.obj_encoder.model.backbone.dec.dec2.up.proj_skip.1.norm.0.weight -- torch.Size([192])
🧊 Frozen parameter: visual_prompter.obj_encoder.model.backbone.dec.dec2.up.proj_skip.1.norm.0.bias -- torch.Size([192])
🧊 Frozen parameter: visual_prompter.obj_encoder.model.backbone.dec.dec2.up.proj_skip.1.norm.1.weight -- torch.Size([192])
🧊 Frozen parameter: visual_prompter.obj_encoder.model.backbone.dec.dec2.up.proj_skip.1.norm.1.bias -- torch.Size([192])
🧊 Frozen parameter: visual_prompter.obj_encoder.model.backbone.dec.dec2.up.proj_skip.1.norm.2.weight -- torch.Size([192])
🧊 Frozen parameter: visual_prompter.obj_encoder.model.backbone.dec.dec2.up.proj_skip.1.norm.2.bias -- torch.Size([192])
🧊 Frozen parameter: visual_prompter.obj_encoder.model.backbone.dec.dec2.block0.cpe.0.weight -- torch.Size([192, 3, 3, 3, 192])
🧊 Frozen parameter: visual_prompter.obj_encoder.model.backbone.dec.dec2.block0.cpe.0.bias -- torch.Size([192])
🧊 Frozen parameter: visual_prompter.obj_encoder.model.backbone.dec.dec2.block0.cpe.1.weight -- torch.Size([192, 192])
🧊 Frozen parameter: visual_prompter.obj_encoder.model.backbone.dec.dec2.block0.cpe.1.bias -- torch.Size([192])
🧊 Frozen parameter: visual_prompter.obj_encoder.model.backbone.dec.dec2.block0.cpe.2.norm.0.weight -- torch.Size([192])
🧊 Frozen parameter: visual_prompter.obj_encoder.model.backbone.dec.dec2.block0.cpe.2.norm.0.bias -- torch.Size([192])
🧊 Frozen parameter: visual_prompter.obj_encoder.model.backbone.dec.dec2.block0.cpe.2.norm.1.weight -- torch.Size([192])
🧊 Frozen parameter: visual_prompter.obj_encoder.model.backbone.dec.dec2.block0.cpe.2.norm.1.bias -- torch.Size([192])
🧊 Frozen parameter: visual_prompter.obj_encoder.model.backbone.dec.dec2.block0.cpe.2.norm.2.weight -- torch.Size([192])
🧊 Frozen parameter: visual_prompter.obj_encoder.model.backbone.dec.dec2.block0.cpe.2.norm.2.bias -- torch.Size([192])
🧊 Frozen parameter: visual_prompter.obj_encoder.model.backbone.dec.dec2.block0.norm1.0.norm.0.weight -- torch.Size([192])
🧊 Frozen parameter: visual_prompter.obj_encoder.model.backbone.dec.dec2.block0.norm1.0.norm.0.bias -- torch.Size([192])
🧊 Frozen parameter: visual_prompter.obj_encoder.model.backbone.dec.dec2.block0.norm1.0.norm.1.weight -- torch.Size([192])
🧊 Frozen parameter: visual_prompter.obj_encoder.model.backbone.dec.dec2.block0.norm1.0.norm.1.bias -- torch.Size([192])
🧊 Frozen parameter: visual_prompter.obj_encoder.model.backbone.dec.dec2.block0.norm1.0.norm.2.weight -- torch.Size([192])
🧊 Frozen parameter: visual_prompter.obj_encoder.model.backbone.dec.dec2.block0.norm1.0.norm.2.bias -- torch.Size([192])
🧊 Frozen parameter: visual_prompter.obj_encoder.model.backbone.dec.dec2.block0.attn.qkv.weight -- torch.Size([576, 192])
🧊 Frozen parameter: visual_prompter.obj_encoder.model.backbone.dec.dec2.block0.attn.qkv.bias -- torch.Size([576])
🧊 Frozen parameter: visual_prompter.obj_encoder.model.backbone.dec.dec2.block0.attn.proj.weight -- torch.Size([192, 192])
🧊 Frozen parameter: visual_prompter.obj_encoder.model.backbone.dec.dec2.block0.attn.proj.bias -- torch.Size([192])
🧊 Frozen parameter: visual_prompter.obj_encoder.model.backbone.dec.dec2.block0.norm2.0.norm.0.weight -- torch.Size([192])
🧊 Frozen parameter: visual_prompter.obj_encoder.model.backbone.dec.dec2.block0.norm2.0.norm.0.bias -- torch.Size([192])
🧊 Frozen parameter: visual_prompter.obj_encoder.model.backbone.dec.dec2.block0.norm2.0.norm.1.weight -- torch.Size([192])
🧊 Frozen parameter: visual_prompter.obj_encoder.model.backbone.dec.dec2.block0.norm2.0.norm.1.bias -- torch.Size([192])
🧊 Frozen parameter: visual_prompter.obj_encoder.model.backbone.dec.dec2.block0.norm2.0.norm.2.weight -- torch.Size([192])
🧊 Frozen parameter: visual_prompter.obj_encoder.model.backbone.dec.dec2.block0.norm2.0.norm.2.bias -- torch.Size([192])
🧊 Frozen parameter: visual_prompter.obj_encoder.model.backbone.dec.dec2.block0.mlp.0.fc1.weight -- torch.Size([768, 192])
🧊 Frozen parameter: visual_prompter.obj_encoder.model.backbone.dec.dec2.block0.mlp.0.fc1.bias -- torch.Size([768])
🧊 Frozen parameter: visual_prompter.obj_encoder.model.backbone.dec.dec2.block0.mlp.0.fc2.weight -- torch.Size([192, 768])
🧊 Frozen parameter: visual_prompter.obj_encoder.model.backbone.dec.dec2.block0.mlp.0.fc2.bias -- torch.Size([192])
🧊 Frozen parameter: visual_prompter.obj_encoder.model.backbone.dec.dec2.block1.cpe.0.weight -- torch.Size([192, 3, 3, 3, 192])
🧊 Frozen parameter: visual_prompter.obj_encoder.model.backbone.dec.dec2.block1.cpe.0.bias -- torch.Size([192])
🧊 Frozen parameter: visual_prompter.obj_encoder.model.backbone.dec.dec2.block1.cpe.1.weight -- torch.Size([192, 192])
🧊 Frozen parameter: visual_prompter.obj_encoder.model.backbone.dec.dec2.block1.cpe.1.bias -- torch.Size([192])
🧊 Frozen parameter: visual_prompter.obj_encoder.model.backbone.dec.dec2.block1.cpe.2.norm.0.weight -- torch.Size([192])
🧊 Frozen parameter: visual_prompter.obj_encoder.model.backbone.dec.dec2.block1.cpe.2.norm.0.bias -- torch.Size([192])
🧊 Frozen parameter: visual_prompter.obj_encoder.model.backbone.dec.dec2.block1.cpe.2.norm.1.weight -- torch.Size([192])
🧊 Frozen parameter: visual_prompter.obj_encoder.model.backbone.dec.dec2.block1.cpe.2.norm.1.bias -- torch.Size([192])
🧊 Frozen parameter: visual_prompter.obj_encoder.model.backbone.dec.dec2.block1.cpe.2.norm.2.weight -- torch.Size([192])
🧊 Frozen parameter: visual_prompter.obj_encoder.model.backbone.dec.dec2.block1.cpe.2.norm.2.bias -- torch.Size([192])
🧊 Frozen parameter: visual_prompter.obj_encoder.model.backbone.dec.dec2.block1.norm1.0.norm.0.weight -- torch.Size([192])
🧊 Frozen parameter: visual_prompter.obj_encoder.model.backbone.dec.dec2.block1.norm1.0.norm.0.bias -- torch.Size([192])
🧊 Frozen parameter: visual_prompter.obj_encoder.model.backbone.dec.dec2.block1.norm1.0.norm.1.weight -- torch.Size([192])
🧊 Frozen parameter: visual_prompter.obj_encoder.model.backbone.dec.dec2.block1.norm1.0.norm.1.bias -- torch.Size([192])
🧊 Frozen parameter: visual_prompter.obj_encoder.model.backbone.dec.dec2.block1.norm1.0.norm.2.weight -- torch.Size([192])
🧊 Frozen parameter: visual_prompter.obj_encoder.model.backbone.dec.dec2.block1.norm1.0.norm.2.bias -- torch.Size([192])
🧊 Frozen parameter: visual_prompter.obj_encoder.model.backbone.dec.dec2.block1.attn.qkv.weight -- torch.Size([576, 192])
🧊 Frozen parameter: visual_prompter.obj_encoder.model.backbone.dec.dec2.block1.attn.qkv.bias -- torch.Size([576])
🧊 Frozen parameter: visual_prompter.obj_encoder.model.backbone.dec.dec2.block1.attn.proj.weight -- torch.Size([192, 192])
🧊 Frozen parameter: visual_prompter.obj_encoder.model.backbone.dec.dec2.block1.attn.proj.bias -- torch.Size([192])
🧊 Frozen parameter: visual_prompter.obj_encoder.model.backbone.dec.dec2.block1.norm2.0.norm.0.weight -- torch.Size([192])
🧊 Frozen parameter: visual_prompter.obj_encoder.model.backbone.dec.dec2.block1.norm2.0.norm.0.bias -- torch.Size([192])
🧊 Frozen parameter: visual_prompter.obj_encoder.model.backbone.dec.dec2.block1.norm2.0.norm.1.weight -- torch.Size([192])
🧊 Frozen parameter: visual_prompter.obj_encoder.model.backbone.dec.dec2.block1.norm2.0.norm.1.bias -- torch.Size([192])
🧊 Frozen parameter: visual_prompter.obj_encoder.model.backbone.dec.dec2.block1.norm2.0.norm.2.weight -- torch.Size([192])
🧊 Frozen parameter: visual_prompter.obj_encoder.model.backbone.dec.dec2.block1.norm2.0.norm.2.bias -- torch.Size([192])
🧊 Frozen parameter: visual_prompter.obj_encoder.model.backbone.dec.dec2.block1.mlp.0.fc1.weight -- torch.Size([768, 192])
🧊 Frozen parameter: visual_prompter.obj_encoder.model.backbone.dec.dec2.block1.mlp.0.fc1.bias -- torch.Size([768])
🧊 Frozen parameter: visual_prompter.obj_encoder.model.backbone.dec.dec2.block1.mlp.0.fc2.weight -- torch.Size([192, 768])
🧊 Frozen parameter: visual_prompter.obj_encoder.model.backbone.dec.dec2.block1.mlp.0.fc2.bias -- torch.Size([192])
🧊 Frozen parameter: visual_prompter.obj_encoder.model.backbone.dec.dec2.block2.cpe.0.weight -- torch.Size([192, 3, 3, 3, 192])
🧊 Frozen parameter: visual_prompter.obj_encoder.model.backbone.dec.dec2.block2.cpe.0.bias -- torch.Size([192])
🧊 Frozen parameter: visual_prompter.obj_encoder.model.backbone.dec.dec2.block2.cpe.1.weight -- torch.Size([192, 192])
🧊 Frozen parameter: visual_prompter.obj_encoder.model.backbone.dec.dec2.block2.cpe.1.bias -- torch.Size([192])
🧊 Frozen parameter: visual_prompter.obj_encoder.model.backbone.dec.dec2.block2.cpe.2.norm.0.weight -- torch.Size([192])
🧊 Frozen parameter: visual_prompter.obj_encoder.model.backbone.dec.dec2.block2.cpe.2.norm.0.bias -- torch.Size([192])
🧊 Frozen parameter: visual_prompter.obj_encoder.model.backbone.dec.dec2.block2.cpe.2.norm.1.weight -- torch.Size([192])
🧊 Frozen parameter: visual_prompter.obj_encoder.model.backbone.dec.dec2.block2.cpe.2.norm.1.bias -- torch.Size([192])
🧊 Frozen parameter: visual_prompter.obj_encoder.model.backbone.dec.dec2.block2.cpe.2.norm.2.weight -- torch.Size([192])
🧊 Frozen parameter: visual_prompter.obj_encoder.model.backbone.dec.dec2.block2.cpe.2.norm.2.bias -- torch.Size([192])
🧊 Frozen parameter: visual_prompter.obj_encoder.model.backbone.dec.dec2.block2.norm1.0.norm.0.weight -- torch.Size([192])
🧊 Frozen parameter: visual_prompter.obj_encoder.model.backbone.dec.dec2.block2.norm1.0.norm.0.bias -- torch.Size([192])
🧊 Frozen parameter: visual_prompter.obj_encoder.model.backbone.dec.dec2.block2.norm1.0.norm.1.weight -- torch.Size([192])
🧊 Frozen parameter: visual_prompter.obj_encoder.model.backbone.dec.dec2.block2.norm1.0.norm.1.bias -- torch.Size([192])
🧊 Frozen parameter: visual_prompter.obj_encoder.model.backbone.dec.dec2.block2.norm1.0.norm.2.weight -- torch.Size([192])
🧊 Frozen parameter: visual_prompter.obj_encoder.model.backbone.dec.dec2.block2.norm1.0.norm.2.bias -- torch.Size([192])
🧊 Frozen parameter: visual_prompter.obj_encoder.model.backbone.dec.dec2.block2.attn.qkv.weight -- torch.Size([576, 192])
🧊 Frozen parameter: visual_prompter.obj_encoder.model.backbone.dec.dec2.block2.attn.qkv.bias -- torch.Size([576])
🧊 Frozen parameter: visual_prompter.obj_encoder.model.backbone.dec.dec2.block2.attn.proj.weight -- torch.Size([192, 192])
🧊 Frozen parameter: visual_prompter.obj_encoder.model.backbone.dec.dec2.block2.attn.proj.bias -- torch.Size([192])
🧊 Frozen parameter: visual_prompter.obj_encoder.model.backbone.dec.dec2.block2.norm2.0.norm.0.weight -- torch.Size([192])
🧊 Frozen parameter: visual_prompter.obj_encoder.model.backbone.dec.dec2.block2.norm2.0.norm.0.bias -- torch.Size([192])
🧊 Frozen parameter: visual_prompter.obj_encoder.model.backbone.dec.dec2.block2.norm2.0.norm.1.weight -- torch.Size([192])
🧊 Frozen parameter: visual_prompter.obj_encoder.model.backbone.dec.dec2.block2.norm2.0.norm.1.bias -- torch.Size([192])
🧊 Frozen parameter: visual_prompter.obj_encoder.model.backbone.dec.dec2.block2.norm2.0.norm.2.weight -- torch.Size([192])
🧊 Frozen parameter: visual_prompter.obj_encoder.model.backbone.dec.dec2.block2.norm2.0.norm.2.bias -- torch.Size([192])
🧊 Frozen parameter: visual_prompter.obj_encoder.model.backbone.dec.dec2.block2.mlp.0.fc1.weight -- torch.Size([768, 192])
🧊 Frozen parameter: visual_prompter.obj_encoder.model.backbone.dec.dec2.block2.mlp.0.fc1.bias -- torch.Size([768])
🧊 Frozen parameter: visual_prompter.obj_encoder.model.backbone.dec.dec2.block2.mlp.0.fc2.weight -- torch.Size([192, 768])
🧊 Frozen parameter: visual_prompter.obj_encoder.model.backbone.dec.dec2.block2.mlp.0.fc2.bias -- torch.Size([192])
🧊 Frozen parameter: visual_prompter.obj_encoder.model.backbone.dec.dec1.up.proj.0.weight -- torch.Size([96, 192])
🧊 Frozen parameter: visual_prompter.obj_encoder.model.backbone.dec.dec1.up.proj.0.bias -- torch.Size([96])
🧊 Frozen parameter: visual_prompter.obj_encoder.model.backbone.dec.dec1.up.proj.1.norm.0.weight -- torch.Size([96])
🧊 Frozen parameter: visual_prompter.obj_encoder.model.backbone.dec.dec1.up.proj.1.norm.0.bias -- torch.Size([96])
🧊 Frozen parameter: visual_prompter.obj_encoder.model.backbone.dec.dec1.up.proj.1.norm.1.weight -- torch.Size([96])
🧊 Frozen parameter: visual_prompter.obj_encoder.model.backbone.dec.dec1.up.proj.1.norm.1.bias -- torch.Size([96])
🧊 Frozen parameter: visual_prompter.obj_encoder.model.backbone.dec.dec1.up.proj.1.norm.2.weight -- torch.Size([96])
🧊 Frozen parameter: visual_prompter.obj_encoder.model.backbone.dec.dec1.up.proj.1.norm.2.bias -- torch.Size([96])
🧊 Frozen parameter: visual_prompter.obj_encoder.model.backbone.dec.dec1.up.proj_skip.0.weight -- torch.Size([96, 96])
🧊 Frozen parameter: visual_prompter.obj_encoder.model.backbone.dec.dec1.up.proj_skip.0.bias -- torch.Size([96])
🧊 Frozen parameter: visual_prompter.obj_encoder.model.backbone.dec.dec1.up.proj_skip.1.norm.0.weight -- torch.Size([96])
🧊 Frozen parameter: visual_prompter.obj_encoder.model.backbone.dec.dec1.up.proj_skip.1.norm.0.bias -- torch.Size([96])
🧊 Frozen parameter: visual_prompter.obj_encoder.model.backbone.dec.dec1.up.proj_skip.1.norm.1.weight -- torch.Size([96])
🧊 Frozen parameter: visual_prompter.obj_encoder.model.backbone.dec.dec1.up.proj_skip.1.norm.1.bias -- torch.Size([96])
🧊 Frozen parameter: visual_prompter.obj_encoder.model.backbone.dec.dec1.up.proj_skip.1.norm.2.weight -- torch.Size([96])
🧊 Frozen parameter: visual_prompter.obj_encoder.model.backbone.dec.dec1.up.proj_skip.1.norm.2.bias -- torch.Size([96])
🧊 Frozen parameter: visual_prompter.obj_encoder.model.backbone.dec.dec1.block0.cpe.0.weight -- torch.Size([96, 3, 3, 3, 96])
🧊 Frozen parameter: visual_prompter.obj_encoder.model.backbone.dec.dec1.block0.cpe.0.bias -- torch.Size([96])
🧊 Frozen parameter: visual_prompter.obj_encoder.model.backbone.dec.dec1.block0.cpe.1.weight -- torch.Size([96, 96])
🧊 Frozen parameter: visual_prompter.obj_encoder.model.backbone.dec.dec1.block0.cpe.1.bias -- torch.Size([96])
🧊 Frozen parameter: visual_prompter.obj_encoder.model.backbone.dec.dec1.block0.cpe.2.norm.0.weight -- torch.Size([96])
🧊 Frozen parameter: visual_prompter.obj_encoder.model.backbone.dec.dec1.block0.cpe.2.norm.0.bias -- torch.Size([96])
🧊 Frozen parameter: visual_prompter.obj_encoder.model.backbone.dec.dec1.block0.cpe.2.norm.1.weight -- torch.Size([96])
🧊 Frozen parameter: visual_prompter.obj_encoder.model.backbone.dec.dec1.block0.cpe.2.norm.1.bias -- torch.Size([96])
🧊 Frozen parameter: visual_prompter.obj_encoder.model.backbone.dec.dec1.block0.cpe.2.norm.2.weight -- torch.Size([96])
🧊 Frozen parameter: visual_prompter.obj_encoder.model.backbone.dec.dec1.block0.cpe.2.norm.2.bias -- torch.Size([96])
🧊 Frozen parameter: visual_prompter.obj_encoder.model.backbone.dec.dec1.block0.norm1.0.norm.0.weight -- torch.Size([96])
🧊 Frozen parameter: visual_prompter.obj_encoder.model.backbone.dec.dec1.block0.norm1.0.norm.0.bias -- torch.Size([96])
🧊 Frozen parameter: visual_prompter.obj_encoder.model.backbone.dec.dec1.block0.norm1.0.norm.1.weight -- torch.Size([96])
🧊 Frozen parameter: visual_prompter.obj_encoder.model.backbone.dec.dec1.block0.norm1.0.norm.1.bias -- torch.Size([96])
🧊 Frozen parameter: visual_prompter.obj_encoder.model.backbone.dec.dec1.block0.norm1.0.norm.2.weight -- torch.Size([96])
🧊 Frozen parameter: visual_prompter.obj_encoder.model.backbone.dec.dec1.block0.norm1.0.norm.2.bias -- torch.Size([96])
🧊 Frozen parameter: visual_prompter.obj_encoder.model.backbone.dec.dec1.block0.attn.qkv.weight -- torch.Size([288, 96])
🧊 Frozen parameter: visual_prompter.obj_encoder.model.backbone.dec.dec1.block0.attn.qkv.bias -- torch.Size([288])
🧊 Frozen parameter: visual_prompter.obj_encoder.model.backbone.dec.dec1.block0.attn.proj.weight -- torch.Size([96, 96])
🧊 Frozen parameter: visual_prompter.obj_encoder.model.backbone.dec.dec1.block0.attn.proj.bias -- torch.Size([96])
🧊 Frozen parameter: visual_prompter.obj_encoder.model.backbone.dec.dec1.block0.norm2.0.norm.0.weight -- torch.Size([96])
🧊 Frozen parameter: visual_prompter.obj_encoder.model.backbone.dec.dec1.block0.norm2.0.norm.0.bias -- torch.Size([96])
🧊 Frozen parameter: visual_prompter.obj_encoder.model.backbone.dec.dec1.block0.norm2.0.norm.1.weight -- torch.Size([96])
🧊 Frozen parameter: visual_prompter.obj_encoder.model.backbone.dec.dec1.block0.norm2.0.norm.1.bias -- torch.Size([96])
🧊 Frozen parameter: visual_prompter.obj_encoder.model.backbone.dec.dec1.block0.norm2.0.norm.2.weight -- torch.Size([96])
🧊 Frozen parameter: visual_prompter.obj_encoder.model.backbone.dec.dec1.block0.norm2.0.norm.2.bias -- torch.Size([96])
🧊 Frozen parameter: visual_prompter.obj_encoder.model.backbone.dec.dec1.block0.mlp.0.fc1.weight -- torch.Size([384, 96])
🧊 Frozen parameter: visual_prompter.obj_encoder.model.backbone.dec.dec1.block0.mlp.0.fc1.bias -- torch.Size([384])
🧊 Frozen parameter: visual_prompter.obj_encoder.model.backbone.dec.dec1.block0.mlp.0.fc2.weight -- torch.Size([96, 384])
🧊 Frozen parameter: visual_prompter.obj_encoder.model.backbone.dec.dec1.block0.mlp.0.fc2.bias -- torch.Size([96])
EmbodiedSolver built with 8.1B parameters🧊 Frozen parameter: visual_prompter.obj_encoder.model.backbone.dec.dec1.block1.cpe.0.weight -- torch.Size([96, 3, 3, 3, 96])

🧊 Frozen parameter: visual_prompter.obj_encoder.model.backbone.dec.dec1.block1.cpe.0.bias -- torch.Size([96])
🧊 Frozen parameter: visual_prompter.obj_encoder.model.backbone.dec.dec1.block1.cpe.1.weight -- torch.Size([96, 96])
🧊 Frozen parameter: visual_prompter.obj_encoder.model.backbone.dec.dec1.block1.cpe.1.bias -- torch.Size([96])
🧊 Frozen parameter: visual_prompter.obj_encoder.model.backbone.dec.dec1.block1.cpe.2.norm.0.weight -- torch.Size([96])
🧊 Frozen parameter: visual_prompter.obj_encoder.model.backbone.dec.dec1.block1.cpe.2.norm.0.bias -- torch.Size([96])
🧊 Frozen parameter: visual_prompter.obj_encoder.model.backbone.dec.dec1.block1.cpe.2.norm.1.weight -- torch.Size([96])
🧊 Frozen parameter: visual_prompter.obj_encoder.model.backbone.dec.dec1.block1.cpe.2.norm.1.bias -- torch.Size([96])
🧊 Frozen parameter: visual_prompter.obj_encoder.model.backbone.dec.dec1.block1.cpe.2.norm.2.weight -- torch.Size([96])
🧊 Frozen parameter: visual_prompter.obj_encoder.model.backbone.dec.dec1.block1.cpe.2.norm.2.bias -- torch.Size([96])
🧊 Frozen parameter: visual_prompter.obj_encoder.model.backbone.dec.dec1.block1.norm1.0.norm.0.weight -- torch.Size([96])
🧊 Frozen parameter: visual_prompter.obj_encoder.model.backbone.dec.dec1.block1.norm1.0.norm.0.bias -- torch.Size([96])
🧊 Frozen parameter: visual_prompter.obj_encoder.model.backbone.dec.dec1.block1.norm1.0.norm.1.weight -- torch.Size([96])
🧊 Frozen parameter: visual_prompter.obj_encoder.model.backbone.dec.dec1.block1.norm1.0.norm.1.bias -- torch.Size([96])
🧊 Frozen parameter: visual_prompter.obj_encoder.model.backbone.dec.dec1.block1.norm1.0.norm.2.weight -- torch.Size([96])
🧊 Frozen parameter: visual_prompter.obj_encoder.model.backbone.dec.dec1.block1.norm1.0.norm.2.bias -- torch.Size([96])
🧊 Frozen parameter: visual_prompter.obj_encoder.model.backbone.dec.dec1.block1.attn.qkv.weight -- torch.Size([288, 96])
🧊 Frozen parameter: visual_prompter.obj_encoder.model.backbone.dec.dec1.block1.attn.qkv.bias -- torch.Size([288])
🧊 Frozen parameter: visual_prompter.obj_encoder.model.backbone.dec.dec1.block1.attn.proj.weight -- torch.Size([96, 96])
🧊 Frozen parameter: visual_prompter.obj_encoder.model.backbone.dec.dec1.block1.attn.proj.bias -- torch.Size([96])
🧊 Frozen parameter: visual_prompter.obj_encoder.model.backbone.dec.dec1.block1.norm2.0.norm.0.weight -- torch.Size([96])
🧊 Frozen parameter: visual_prompter.obj_encoder.model.backbone.dec.dec1.block1.norm2.0.norm.0.bias -- torch.Size([96])
🧊 Frozen parameter: visual_prompter.obj_encoder.model.backbone.dec.dec1.block1.norm2.0.norm.1.weight -- torch.Size([96])
🧊 Frozen parameter: visual_prompter.obj_encoder.model.backbone.dec.dec1.block1.norm2.0.norm.1.bias -- torch.Size([96])
🧊 Frozen parameter: visual_prompter.obj_encoder.model.backbone.dec.dec1.block1.norm2.0.norm.2.weight -- torch.Size([96])
🧊 Frozen parameter: visual_prompter.obj_encoder.model.backbone.dec.dec1.block1.norm2.0.norm.2.bias -- torch.Size([96])
🧊 Frozen parameter: visual_prompter.obj_encoder.model.backbone.dec.dec1.block1.mlp.0.fc1.weight -- torch.Size([384, 96])
🧊 Frozen parameter: visual_prompter.obj_encoder.model.backbone.dec.dec1.block1.mlp.0.fc1.bias -- torch.Size([384])
🧊 Frozen parameter: visual_prompter.obj_encoder.model.backbone.dec.dec1.block1.mlp.0.fc2.weight -- torch.Size([96, 384])
🧊 Frozen parameter: visual_prompter.obj_encoder.model.backbone.dec.dec1.block1.mlp.0.fc2.bias -- torch.Size([96])
🧊 Frozen parameter: visual_prompter.obj_encoder.model.backbone.dec.dec1.block2.cpe.0.weight -- torch.Size([96, 3, 3, 3, 96])
🧊 Frozen parameter: visual_prompter.obj_encoder.model.backbone.dec.dec1.block2.cpe.0.bias -- torch.Size([96])
🧊 Frozen parameter: visual_prompter.obj_encoder.model.backbone.dec.dec1.block2.cpe.1.weight -- torch.Size([96, 96])
🧊 Frozen parameter: visual_prompter.obj_encoder.model.backbone.dec.dec1.block2.cpe.1.bias -- torch.Size([96])
🧊 Frozen parameter: visual_prompter.obj_encoder.model.backbone.dec.dec1.block2.cpe.2.norm.0.weight -- torch.Size([96])
🧊 Frozen parameter: visual_prompter.obj_encoder.model.backbone.dec.dec1.block2.cpe.2.norm.0.bias -- torch.Size([96])
🧊 Frozen parameter: visual_prompter.obj_encoder.model.backbone.dec.dec1.block2.cpe.2.norm.1.weight -- torch.Size([96])
🧊 Frozen parameter: visual_prompter.obj_encoder.model.backbone.dec.dec1.block2.cpe.2.norm.1.bias -- torch.Size([96])
🧊 Frozen parameter: visual_prompter.obj_encoder.model.backbone.dec.dec1.block2.cpe.2.norm.2.weight -- torch.Size([96])
🧊 Frozen parameter: visual_prompter.obj_encoder.model.backbone.dec.dec1.block2.cpe.2.norm.2.bias -- torch.Size([96])
🧊 Frozen parameter: visual_prompter.obj_encoder.model.backbone.dec.dec1.block2.norm1.0.norm.0.weight -- torch.Size([96])
🧊 Frozen parameter: visual_prompter.obj_encoder.model.backbone.dec.dec1.block2.norm1.0.norm.0.bias -- torch.Size([96])
🧊 Frozen parameter: visual_prompter.obj_encoder.model.backbone.dec.dec1.block2.norm1.0.norm.1.weight -- torch.Size([96])
🧊 Frozen parameter: visual_prompter.obj_encoder.model.backbone.dec.dec1.block2.norm1.0.norm.1.bias -- torch.Size([96])
🧊 Frozen parameter: visual_prompter.obj_encoder.model.backbone.dec.dec1.block2.norm1.0.norm.2.weight -- torch.Size([96])
🧊 Frozen parameter: visual_prompter.obj_encoder.model.backbone.dec.dec1.block2.norm1.0.norm.2.bias -- torch.Size([96])
🧊 Frozen parameter: visual_prompter.obj_encoder.model.backbone.dec.dec1.block2.attn.qkv.weight -- torch.Size([288, 96])
🧊 Frozen parameter: visual_prompter.obj_encoder.model.backbone.dec.dec1.block2.attn.qkv.bias -- torch.Size([288])
🧊 Frozen parameter: visual_prompter.obj_encoder.model.backbone.dec.dec1.block2.attn.proj.weight -- torch.Size([96, 96])
🧊 Frozen parameter: visual_prompter.obj_encoder.model.backbone.dec.dec1.block2.attn.proj.bias -- torch.Size([96])
🧊 Frozen parameter: visual_prompter.obj_encoder.model.backbone.dec.dec1.block2.norm2.0.norm.0.weight -- torch.Size([96])
🧊 Frozen parameter: visual_prompter.obj_encoder.model.backbone.dec.dec1.block2.norm2.0.norm.0.bias -- torch.Size([96])
🧊 Frozen parameter: visual_prompter.obj_encoder.model.backbone.dec.dec1.block2.norm2.0.norm.1.weight -- torch.Size([96])
🧊 Frozen parameter: visual_prompter.obj_encoder.model.backbone.dec.dec1.block2.norm2.0.norm.1.bias -- torch.Size([96])
🧊 Frozen parameter: visual_prompter.obj_encoder.model.backbone.dec.dec1.block2.norm2.0.norm.2.weight -- torch.Size([96])
🧊 Frozen parameter: visual_prompter.obj_encoder.model.backbone.dec.dec1.block2.norm2.0.norm.2.bias -- torch.Size([96])
🧊 Frozen parameter: visual_prompter.obj_encoder.model.backbone.dec.dec1.block2.mlp.0.fc1.weight -- torch.Size([384, 96])
🧊 Frozen parameter: visual_prompter.obj_encoder.model.backbone.dec.dec1.block2.mlp.0.fc1.bias -- torch.Size([384])
🧊 Frozen parameter: visual_prompter.obj_encoder.model.backbone.dec.dec1.block2.mlp.0.fc2.weight -- torch.Size([96, 384])
🧊 Frozen parameter: visual_prompter.obj_encoder.model.backbone.dec.dec1.block2.mlp.0.fc2.bias -- torch.Size([96])
🧊 Frozen parameter: visual_prompter.obj_encoder.model.backbone.dec.dec0.up.proj.0.weight -- torch.Size([64, 96])
🧊 Frozen parameter: visual_prompter.obj_encoder.model.backbone.dec.dec0.up.proj.0.bias -- torch.Size([64])
🧊 Frozen parameter: visual_prompter.obj_encoder.model.backbone.dec.dec0.up.proj.1.norm.0.weight -- torch.Size([64])
🧊 Frozen parameter: visual_prompter.obj_encoder.model.backbone.dec.dec0.up.proj.1.norm.0.bias -- torch.Size([64])
🧊 Frozen parameter: visual_prompter.obj_encoder.model.backbone.dec.dec0.up.proj.1.norm.1.weight -- torch.Size([64])
🧊 Frozen parameter: visual_prompter.obj_encoder.model.backbone.dec.dec0.up.proj.1.norm.1.bias -- torch.Size([64])
🧊 Frozen parameter: visual_prompter.obj_encoder.model.backbone.dec.dec0.up.proj.1.norm.2.weight -- torch.Size([64])
🧊 Frozen parameter: visual_prompter.obj_encoder.model.backbone.dec.dec0.up.proj.1.norm.2.bias -- torch.Size([64])
🧊 Frozen parameter: visual_prompter.obj_encoder.model.backbone.dec.dec0.up.proj_skip.0.weight -- torch.Size([64, 48])
🧊 Frozen parameter: visual_prompter.obj_encoder.model.backbone.dec.dec0.up.proj_skip.0.bias -- torch.Size([64])
🧊 Frozen parameter: visual_prompter.obj_encoder.model.backbone.dec.dec0.up.proj_skip.1.norm.0.weight -- torch.Size([64])
🧊 Frozen parameter: visual_prompter.obj_encoder.model.backbone.dec.dec0.up.proj_skip.1.norm.0.bias -- torch.Size([64])
🧊 Frozen parameter: visual_prompter.obj_encoder.model.backbone.dec.dec0.up.proj_skip.1.norm.1.weight -- torch.Size([64])
🧊 Frozen parameter: visual_prompter.obj_encoder.model.backbone.dec.dec0.up.proj_skip.1.norm.1.bias -- torch.Size([64])
🧊 Frozen parameter: visual_prompter.obj_encoder.model.backbone.dec.dec0.up.proj_skip.1.norm.2.weight -- torch.Size([64])
🧊 Frozen parameter: visual_prompter.obj_encoder.model.backbone.dec.dec0.up.proj_skip.1.norm.2.bias -- torch.Size([64])
🧊 Frozen parameter: visual_prompter.obj_encoder.model.backbone.dec.dec0.block0.cpe.0.weight -- torch.Size([64, 3, 3, 3, 64])
🧊 Frozen parameter: visual_prompter.obj_encoder.model.backbone.dec.dec0.block0.cpe.0.bias -- torch.Size([64])
🧊 Frozen parameter: visual_prompter.obj_encoder.model.backbone.dec.dec0.block0.cpe.1.weight -- torch.Size([64, 64])
🧊 Frozen parameter: visual_prompter.obj_encoder.model.backbone.dec.dec0.block0.cpe.1.bias -- torch.Size([64])
🧊 Frozen parameter: visual_prompter.obj_encoder.model.backbone.dec.dec0.block0.cpe.2.norm.0.weight -- torch.Size([64])
🧊 Frozen parameter: visual_prompter.obj_encoder.model.backbone.dec.dec0.block0.cpe.2.norm.0.bias -- torch.Size([64])
🧊 Frozen parameter: visual_prompter.obj_encoder.model.backbone.dec.dec0.block0.cpe.2.norm.1.weight -- torch.Size([64])
🧊 Frozen parameter: visual_prompter.obj_encoder.model.backbone.dec.dec0.block0.cpe.2.norm.1.bias -- torch.Size([64])
🧊 Frozen parameter: visual_prompter.obj_encoder.model.backbone.dec.dec0.block0.cpe.2.norm.2.weight -- torch.Size([64])
🧊 Frozen parameter: visual_prompter.obj_encoder.model.backbone.dec.dec0.block0.cpe.2.norm.2.bias -- torch.Size([64])
🧊 Frozen parameter: visual_prompter.obj_encoder.model.backbone.dec.dec0.block0.norm1.0.norm.0.weight -- torch.Size([64])
🧊 Frozen parameter: visual_prompter.obj_encoder.model.backbone.dec.dec0.block0.norm1.0.norm.0.bias -- torch.Size([64])
🧊 Frozen parameter: visual_prompter.obj_encoder.model.backbone.dec.dec0.block0.norm1.0.norm.1.weight -- torch.Size([64])
🧊 Frozen parameter: visual_prompter.obj_encoder.model.backbone.dec.dec0.block0.norm1.0.norm.1.bias -- torch.Size([64])
🧊 Frozen parameter: visual_prompter.obj_encoder.model.backbone.dec.dec0.block0.norm1.0.norm.2.weight -- torch.Size([64])
🧊 Frozen parameter: visual_prompter.obj_encoder.model.backbone.dec.dec0.block0.norm1.0.norm.2.bias -- torch.Size([64])
🧊 Frozen parameter: visual_prompter.obj_encoder.model.backbone.dec.dec0.block0.attn.qkv.weight -- torch.Size([192, 64])
🧊 Frozen parameter: visual_prompter.obj_encoder.model.backbone.dec.dec0.block0.attn.qkv.bias -- torch.Size([192])
🧊 Frozen parameter: visual_prompter.obj_encoder.model.backbone.dec.dec0.block0.attn.proj.weight -- torch.Size([64, 64])
🧊 Frozen parameter: visual_prompter.obj_encoder.model.backbone.dec.dec0.block0.attn.proj.bias -- torch.Size([64])
🧊 Frozen parameter: visual_prompter.obj_encoder.model.backbone.dec.dec0.block0.norm2.0.norm.0.weight -- torch.Size([64])
🧊 Frozen parameter: visual_prompter.obj_encoder.model.backbone.dec.dec0.block0.norm2.0.norm.0.bias -- torch.Size([64])
🧊 Frozen parameter: visual_prompter.obj_encoder.model.backbone.dec.dec0.block0.norm2.0.norm.1.weight -- torch.Size([64])
🧊 Frozen parameter: visual_prompter.obj_encoder.model.backbone.dec.dec0.block0.norm2.0.norm.1.bias -- torch.Size([64])
🧊 Frozen parameter: visual_prompter.obj_encoder.model.backbone.dec.dec0.block0.norm2.0.norm.2.weight -- torch.Size([64])
🧊 Frozen parameter: visual_prompter.obj_encoder.model.backbone.dec.dec0.block0.norm2.0.norm.2.bias -- torch.Size([64])
🧊 Frozen parameter: visual_prompter.obj_encoder.model.backbone.dec.dec0.block0.mlp.0.fc1.weight -- torch.Size([256, 64])
🧊 Frozen parameter: visual_prompter.obj_encoder.model.backbone.dec.dec0.block0.mlp.0.fc1.bias -- torch.Size([256])
🧊 Frozen parameter: visual_prompter.obj_encoder.model.backbone.dec.dec0.block0.mlp.0.fc2.weight -- torch.Size([64, 256])
🧊 Frozen parameter: visual_prompter.obj_encoder.model.backbone.dec.dec0.block0.mlp.0.fc2.bias -- torch.Size([64])
🧊 Frozen parameter: visual_prompter.obj_encoder.model.backbone.dec.dec0.block1.cpe.0.weight -- torch.Size([64, 3, 3, 3, 64])
🧊 Frozen parameter: visual_prompter.obj_encoder.model.backbone.dec.dec0.block1.cpe.0.bias -- torch.Size([64])
🧊 Frozen parameter: visual_prompter.obj_encoder.model.backbone.dec.dec0.block1.cpe.1.weight -- torch.Size([64, 64])
🧊 Frozen parameter: visual_prompter.obj_encoder.model.backbone.dec.dec0.block1.cpe.1.bias -- torch.Size([64])
🧊 Frozen parameter: visual_prompter.obj_encoder.model.backbone.dec.dec0.block1.cpe.2.norm.0.weight -- torch.Size([64])
🧊 Frozen parameter: visual_prompter.obj_encoder.model.backbone.dec.dec0.block1.cpe.2.norm.0.bias -- torch.Size([64])
🧊 Frozen parameter: visual_prompter.obj_encoder.model.backbone.dec.dec0.block1.cpe.2.norm.1.weight -- torch.Size([64])
🧊 Frozen parameter: visual_prompter.obj_encoder.model.backbone.dec.dec0.block1.cpe.2.norm.1.bias -- torch.Size([64])
🧊 Frozen parameter: visual_prompter.obj_encoder.model.backbone.dec.dec0.block1.cpe.2.norm.2.weight -- torch.Size([64])
🧊 Frozen parameter: visual_prompter.obj_encoder.model.backbone.dec.dec0.block1.cpe.2.norm.2.bias -- torch.Size([64])
🧊 Frozen parameter: visual_prompter.obj_encoder.model.backbone.dec.dec0.block1.norm1.0.norm.0.weight -- torch.Size([64])
🧊 Frozen parameter: visual_prompter.obj_encoder.model.backbone.dec.dec0.block1.norm1.0.norm.0.bias -- torch.Size([64])
🧊 Frozen parameter: visual_prompter.obj_encoder.model.backbone.dec.dec0.block1.norm1.0.norm.1.weight -- torch.Size([64])
🧊 Frozen parameter: visual_prompter.obj_encoder.model.backbone.dec.dec0.block1.norm1.0.norm.1.bias -- torch.Size([64])
🧊 Frozen parameter: visual_prompter.obj_encoder.model.backbone.dec.dec0.block1.norm1.0.norm.2.weight -- torch.Size([64])
🧊 Frozen parameter: visual_prompter.obj_encoder.model.backbone.dec.dec0.block1.norm1.0.norm.2.bias -- torch.Size([64])
🧊 Frozen parameter: visual_prompter.obj_encoder.model.backbone.dec.dec0.block1.attn.qkv.weight -- torch.Size([192, 64])
🧊 Frozen parameter: visual_prompter.obj_encoder.model.backbone.dec.dec0.block1.attn.qkv.bias -- torch.Size([192])
🧊 Frozen parameter: visual_prompter.obj_encoder.model.backbone.dec.dec0.block1.attn.proj.weight -- torch.Size([64, 64])
🧊 Frozen parameter: visual_prompter.obj_encoder.model.backbone.dec.dec0.block1.attn.proj.bias -- torch.Size([64])
🧊 Frozen parameter: visual_prompter.obj_encoder.model.backbone.dec.dec0.block1.norm2.0.norm.0.weight -- torch.Size([64])
🧊 Frozen parameter: visual_prompter.obj_encoder.model.backbone.dec.dec0.block1.norm2.0.norm.0.bias -- torch.Size([64])
🧊 Frozen parameter: visual_prompter.obj_encoder.model.backbone.dec.dec0.block1.norm2.0.norm.1.weight -- torch.Size([64])
🧊 Frozen parameter: visual_prompter.obj_encoder.model.backbone.dec.dec0.block1.norm2.0.norm.1.bias -- torch.Size([64])
🧊 Frozen parameter: visual_prompter.obj_encoder.model.backbone.dec.dec0.block1.norm2.0.norm.2.weight -- torch.Size([64])
🧊 Frozen parameter: visual_prompter.obj_encoder.model.backbone.dec.dec0.block1.norm2.0.norm.2.bias -- torch.Size([64])
🧊 Frozen parameter: visual_prompter.obj_encoder.model.backbone.dec.dec0.block1.mlp.0.fc1.weight -- torch.Size([256, 64])
🧊 Frozen parameter: visual_prompter.obj_encoder.model.backbone.dec.dec0.block1.mlp.0.fc1.bias -- torch.Size([256])
🧊 Frozen parameter: visual_prompter.obj_encoder.model.backbone.dec.dec0.block1.mlp.0.fc2.weight -- torch.Size([64, 256])
🧊 Frozen parameter: visual_prompter.obj_encoder.model.backbone.dec.dec0.block1.mlp.0.fc2.bias -- torch.Size([64])
🧊 Frozen parameter: visual_prompter.obj_encoder.model.backbone.dec.dec0.block2.cpe.0.weight -- torch.Size([64, 3, 3, 3, 64])
🧊 Frozen parameter: visual_prompter.obj_encoder.model.backbone.dec.dec0.block2.cpe.0.bias -- torch.Size([64])
🧊 Frozen parameter: visual_prompter.obj_encoder.model.backbone.dec.dec0.block2.cpe.1.weight -- torch.Size([64, 64])
🧊 Frozen parameter: visual_prompter.obj_encoder.model.backbone.dec.dec0.block2.cpe.1.bias -- torch.Size([64])
🧊 Frozen parameter: visual_prompter.obj_encoder.model.backbone.dec.dec0.block2.cpe.2.norm.0.weight -- torch.Size([64])
🧊 Frozen parameter: visual_prompter.obj_encoder.model.backbone.dec.dec0.block2.cpe.2.norm.0.bias -- torch.Size([64])
🧊 Frozen parameter: visual_prompter.obj_encoder.model.backbone.dec.dec0.block2.cpe.2.norm.1.weight -- torch.Size([64])
🧊 Frozen parameter: visual_prompter.obj_encoder.model.backbone.dec.dec0.block2.cpe.2.norm.1.bias -- torch.Size([64])
🧊 Frozen parameter: visual_prompter.obj_encoder.model.backbone.dec.dec0.block2.cpe.2.norm.2.weight -- torch.Size([64])
🧊 Frozen parameter: visual_prompter.obj_encoder.model.backbone.dec.dec0.block2.cpe.2.norm.2.bias -- torch.Size([64])
🧊 Frozen parameter: visual_prompter.obj_encoder.model.backbone.dec.dec0.block2.norm1.0.norm.0.weight -- torch.Size([64])
🧊 Frozen parameter: visual_prompter.obj_encoder.model.backbone.dec.dec0.block2.norm1.0.norm.0.bias -- torch.Size([64])
🧊 Frozen parameter: visual_prompter.obj_encoder.model.backbone.dec.dec0.block2.norm1.0.norm.1.weight -- torch.Size([64])
🧊 Frozen parameter: visual_prompter.obj_encoder.model.backbone.dec.dec0.block2.norm1.0.norm.1.bias -- torch.Size([64])
🧊 Frozen parameter: visual_prompter.obj_encoder.model.backbone.dec.dec0.block2.norm1.0.norm.2.weight -- torch.Size([64])
🧊 Frozen parameter: visual_prompter.obj_encoder.model.backbone.dec.dec0.block2.norm1.0.norm.2.bias -- torch.Size([64])
🧊 Frozen parameter: visual_prompter.obj_encoder.model.backbone.dec.dec0.block2.attn.qkv.weight -- torch.Size([192, 64])
🧊 Frozen parameter: visual_prompter.obj_encoder.model.backbone.dec.dec0.block2.attn.qkv.bias -- torch.Size([192])
🧊 Frozen parameter: visual_prompter.obj_encoder.model.backbone.dec.dec0.block2.attn.proj.weight -- torch.Size([64, 64])
🧊 Frozen parameter: visual_prompter.obj_encoder.model.backbone.dec.dec0.block2.attn.proj.bias -- torch.Size([64])
🧊 Frozen parameter: visual_prompter.obj_encoder.model.backbone.dec.dec0.block2.norm2.0.norm.0.weight -- torch.Size([64])
🧊 Frozen parameter: visual_prompter.obj_encoder.model.backbone.dec.dec0.block2.norm2.0.norm.0.bias -- torch.Size([64])
🧊 Frozen parameter: visual_prompter.obj_encoder.model.backbone.dec.dec0.block2.norm2.0.norm.1.weight -- torch.Size([64])
🧊 Frozen parameter: visual_prompter.obj_encoder.model.backbone.dec.dec0.block2.norm2.0.norm.1.bias -- torch.Size([64])
🧊 Frozen parameter: visual_prompter.obj_encoder.model.backbone.dec.dec0.block2.norm2.0.norm.2.weight -- torch.Size([64])
🧊 Frozen parameter: visual_prompter.obj_encoder.model.backbone.dec.dec0.block2.norm2.0.norm.2.bias -- torch.Size([64])
🧊 Frozen parameter: visual_prompter.obj_encoder.model.backbone.dec.dec0.block2.mlp.0.fc1.weight -- torch.Size([256, 64])
🧊 Frozen parameter: visual_prompter.obj_encoder.model.backbone.dec.dec0.block2.mlp.0.fc1.bias -- torch.Size([256])
🧊 Frozen parameter: visual_prompter.obj_encoder.model.backbone.dec.dec0.block2.mlp.0.fc2.weight -- torch.Size([64, 256])
🧊 Frozen parameter: visual_prompter.obj_encoder.model.backbone.dec.dec0.block2.mlp.0.fc2.bias -- torch.Size([64])
🧊 Frozen parameter: visual_prompter.obj_encoder.model.embedding_table.weight -- torch.Size([3, 256])
🧊 Frozen parameter: visual_prompter.obj_encoder.model.proj_head.weight -- torch.Size([512, 64])
🧊 Frozen parameter: visual_prompter.obj_encoder.model.proj_head.bias -- torch.Size([512])
🧊 Frozen parameter: visual_prompter.obj_encoder.sem_head.0.weight -- torch.Size([384, 64])
🧊 Frozen parameter: visual_prompter.obj_encoder.sem_head.0.bias -- torch.Size([384])
🧊 Frozen parameter: visual_prompter.obj_encoder.sem_head.2.weight -- torch.Size([384])
🧊 Frozen parameter: visual_prompter.obj_encoder.sem_head.2.bias -- torch.Size([384])
🧊 Frozen parameter: visual_prompter.obj_encoder.sem_head.4.weight -- torch.Size([607, 384])
🧊 Frozen parameter: visual_prompter.obj_encoder.sem_head.4.bias -- torch.Size([607])
🔥 Tuned parameter: visual_prompter.obj_linear_projection.weight -- torch.Size([256, 64])
🔥 Tuned parameter: visual_prompter.obj_linear_projection.bias -- torch.Size([256])
🔥 Tuned parameter: visual_prompter.spatial_encoder.0.linear1.weight -- torch.Size([2048, 256])
🔥 Tuned parameter: visual_prompter.spatial_encoder.0.linear1.bias -- torch.Size([2048])
🔥 Tuned parameter: visual_prompter.spatial_encoder.0.linear2.weight -- torch.Size([256, 2048])
🔥 Tuned parameter: visual_prompter.spatial_encoder.0.linear2.bias -- torch.Size([256])
🔥 Tuned parameter: visual_prompter.spatial_encoder.0.norm1.weight -- torch.Size([256])
🔥 Tuned parameter: visual_prompter.spatial_encoder.0.norm1.bias -- torch.Size([256])
🔥 Tuned parameter: visual_prompter.spatial_encoder.0.norm2.weight -- torch.Size([256])
🔥 Tuned parameter: visual_prompter.spatial_encoder.0.norm2.bias -- torch.Size([256])
🔥 Tuned parameter: visual_prompter.spatial_encoder.0.self_attn.w_qs.weight -- torch.Size([256, 256])
🔥 Tuned parameter: visual_prompter.spatial_encoder.0.self_attn.w_qs.bias -- torch.Size([256])
🔥 Tuned parameter: visual_prompter.spatial_encoder.0.self_attn.w_ks.weight -- torch.Size([256, 256])
🔥 Tuned parameter: visual_prompter.spatial_encoder.0.self_attn.w_ks.bias -- torch.Size([256])
🔥 Tuned parameter: visual_prompter.spatial_encoder.0.self_attn.w_vs.weight -- torch.Size([256, 256])
🔥 Tuned parameter: visual_prompter.spatial_encoder.0.self_attn.w_vs.bias -- torch.Size([256])
🔥 Tuned parameter: visual_prompter.spatial_encoder.0.self_attn.fc.weight -- torch.Size([256, 256])
🔥 Tuned parameter: visual_prompter.spatial_encoder.0.self_attn.fc.bias -- torch.Size([256])
🔥 Tuned parameter: visual_prompter.spatial_encoder.0.self_attn.layer_norm.weight -- torch.Size([256])
🔥 Tuned parameter: visual_prompter.spatial_encoder.0.self_attn.layer_norm.bias -- torch.Size([256])
🔥 Tuned parameter: visual_prompter.spatial_encoder.0.self_attn.lang_cond_fc.weight -- torch.Size([48, 256])
🔥 Tuned parameter: visual_prompter.spatial_encoder.0.self_attn.lang_cond_fc.bias -- torch.Size([48])
🔥 Tuned parameter: visual_prompter.spatial_encoder.1.linear1.weight -- torch.Size([2048, 256])
🔥 Tuned parameter: visual_prompter.spatial_encoder.1.linear1.bias -- torch.Size([2048])
🔥 Tuned parameter: visual_prompter.spatial_encoder.1.linear2.weight -- torch.Size([256, 2048])
🔥 Tuned parameter: visual_prompter.spatial_encoder.1.linear2.bias -- torch.Size([256])
🔥 Tuned parameter: visual_prompter.spatial_encoder.1.norm1.weight -- torch.Size([256])
🔥 Tuned parameter: visual_prompter.spatial_encoder.1.norm1.bias -- torch.Size([256])
🔥 Tuned parameter: visual_prompter.spatial_encoder.1.norm2.weight -- torch.Size([256])
🔥 Tuned parameter: visual_prompter.spatial_encoder.1.norm2.bias -- torch.Size([256])
🔥 Tuned parameter: visual_prompter.spatial_encoder.1.self_attn.w_qs.weight -- torch.Size([256, 256])
🔥 Tuned parameter: visual_prompter.spatial_encoder.1.self_attn.w_qs.bias -- torch.Size([256])
🔥 Tuned parameter: visual_prompter.spatial_encoder.1.self_attn.w_ks.weight -- torch.Size([256, 256])
🔥 Tuned parameter: visual_prompter.spatial_encoder.1.self_attn.w_ks.bias -- torch.Size([256])
🔥 Tuned parameter: visual_prompter.spatial_encoder.1.self_attn.w_vs.weight -- torch.Size([256, 256])
🔥 Tuned parameter: visual_prompter.spatial_encoder.1.self_attn.w_vs.bias -- torch.Size([256])
🔥 Tuned parameter: visual_prompter.spatial_encoder.1.self_attn.fc.weight -- torch.Size([256, 256])
🔥 Tuned parameter: visual_prompter.spatial_encoder.1.self_attn.fc.bias -- torch.Size([256])
🔥 Tuned parameter: visual_prompter.spatial_encoder.1.self_attn.layer_norm.weight -- torch.Size([256])
🔥 Tuned parameter: visual_prompter.spatial_encoder.1.self_attn.layer_norm.bias -- torch.Size([256])
🔥 Tuned parameter: visual_prompter.spatial_encoder.1.self_attn.lang_cond_fc.weight -- torch.Size([48, 256])
🔥 Tuned parameter: visual_prompter.spatial_encoder.1.self_attn.lang_cond_fc.bias -- torch.Size([48])
🔥 Tuned parameter: visual_prompter.spatial_encoder.2.linear1.weight -- torch.Size([2048, 256])
🔥 Tuned parameter: visual_prompter.spatial_encoder.2.linear1.bias -- torch.Size([2048])
🔥 Tuned parameter: visual_prompter.spatial_encoder.2.linear2.weight -- torch.Size([256, 2048])
🔥 Tuned parameter: visual_prompter.spatial_encoder.2.linear2.bias -- torch.Size([256])
🔥 Tuned parameter: visual_prompter.spatial_encoder.2.norm1.weight -- torch.Size([256])
🔥 Tuned parameter: visual_prompter.spatial_encoder.2.norm1.bias -- torch.Size([256])
🔥 Tuned parameter: visual_prompter.spatial_encoder.2.norm2.weight -- torch.Size([256])
🔥 Tuned parameter: visual_prompter.spatial_encoder.2.norm2.bias -- torch.Size([256])
🔥 Tuned parameter: visual_prompter.spatial_encoder.2.self_attn.w_qs.weight -- torch.Size([256, 256])
🔥 Tuned parameter: visual_prompter.spatial_encoder.2.self_attn.w_qs.bias -- torch.Size([256])
🔥 Tuned parameter: visual_prompter.spatial_encoder.2.self_attn.w_ks.weight -- torch.Size([256, 256])
🔥 Tuned parameter: visual_prompter.spatial_encoder.2.self_attn.w_ks.bias -- torch.Size([256])
🔥 Tuned parameter: visual_prompter.spatial_encoder.2.self_attn.w_vs.weight -- torch.Size([256, 256])
🔥 Tuned parameter: visual_prompter.spatial_encoder.2.self_attn.w_vs.bias -- torch.Size([256])
🔥 Tuned parameter: visual_prompter.spatial_encoder.2.self_attn.fc.weight -- torch.Size([256, 256])
🔥 Tuned parameter: visual_prompter.spatial_encoder.2.self_attn.fc.bias -- torch.Size([256])
🔥 Tuned parameter: visual_prompter.spatial_encoder.2.self_attn.layer_norm.weight -- torch.Size([256])
🔥 Tuned parameter: visual_prompter.spatial_encoder.2.self_attn.layer_norm.bias -- torch.Size([256])
🔥 Tuned parameter: visual_prompter.spatial_encoder.2.self_attn.lang_cond_fc.weight -- torch.Size([48, 256])
🔥 Tuned parameter: visual_prompter.spatial_encoder.2.self_attn.lang_cond_fc.bias -- torch.Size([48])
🔥 Tuned parameter: visual_prompter.loc_layers.0.0.weight -- torch.Size([256, 6])
🔥 Tuned parameter: visual_prompter.loc_layers.0.0.bias -- torch.Size([256])
🔥 Tuned parameter: visual_prompter.loc_layers.0.1.weight -- torch.Size([256])
🔥 Tuned parameter: visual_prompter.loc_layers.0.1.bias -- torch.Size([256])
🔥 Tuned parameter: visual_prompter.loc_embedding_encoder.0.weight -- torch.Size([256, 63])
🔥 Tuned parameter: visual_prompter.loc_embedding_encoder.0.bias -- torch.Size([256])
🔥 Tuned parameter: visual_prompter.loc_embedding_encoder.1.weight -- torch.Size([256])
🔥 Tuned parameter: visual_prompter.loc_embedding_encoder.1.bias -- torch.Size([256])
🔥 Tuned parameter: visual_prompter.size_embedding_encoder.0.weight -- torch.Size([256, 3])
🔥 Tuned parameter: visual_prompter.size_embedding_encoder.0.bias -- torch.Size([256])
🔥 Tuned parameter: visual_prompter.size_embedding_encoder.1.weight -- torch.Size([256])
🔥 Tuned parameter: visual_prompter.size_embedding_encoder.1.bias -- torch.Size([256])
🧊 Frozen parameter: llm_model.base_model.model.model.embed_tokens.weight -- torch.Size([32001, 4096])
🧊 Frozen parameter: llm_model.base_model.model.model.layers.0.self_attn.q_proj.base_layer.weight -- torch.Size([4096, 4096])
🔥 Tuned parameter: llm_model.base_model.model.model.layers.0.self_attn.q_proj.lora_A.default.weight -- torch.Size([16, 4096])
🔥 Tuned parameter: llm_model.base_model.model.model.layers.0.self_attn.q_proj.lora_B.default.weight -- torch.Size([4096, 16])
🧊 Frozen parameter: llm_model.base_model.model.model.layers.0.self_attn.k_proj.base_layer.weight -- torch.Size([4096, 4096])
🔥 Tuned parameter: llm_model.base_model.model.model.layers.0.self_attn.k_proj.lora_A.default.weight -- torch.Size([16, 4096])
🔥 Tuned parameter: llm_model.base_model.model.model.layers.0.self_attn.k_proj.lora_B.default.weight -- torch.Size([4096, 16])
🧊 Frozen parameter: llm_model.base_model.model.model.layers.0.self_attn.v_proj.base_layer.weight -- torch.Size([4096, 4096])
🔥 Tuned parameter: llm_model.base_model.model.model.layers.0.self_attn.v_proj.lora_A.default.weight -- torch.Size([16, 4096])
🔥 Tuned parameter: llm_model.base_model.model.model.layers.0.self_attn.v_proj.lora_B.default.weight -- torch.Size([4096, 16])
🧊 Frozen parameter: llm_model.base_model.model.model.layers.0.self_attn.o_proj.base_layer.weight -- torch.Size([4096, 4096])
🔥 Tuned parameter: llm_model.base_model.model.model.layers.0.self_attn.o_proj.lora_A.default.weight -- torch.Size([16, 4096])
🔥 Tuned parameter: llm_model.base_model.model.model.layers.0.self_attn.o_proj.lora_B.default.weight -- torch.Size([4096, 16])
🧊 Frozen parameter: llm_model.base_model.model.model.layers.0.mlp.gate_proj.base_layer.weight -- torch.Size([11008, 4096])
🔥 Tuned parameter: llm_model.base_model.model.model.layers.0.mlp.gate_proj.lora_A.default.weight -- torch.Size([16, 4096])
🔥 Tuned parameter: llm_model.base_model.model.model.layers.0.mlp.gate_proj.lora_B.default.weight -- torch.Size([11008, 16])
🧊 Frozen parameter: llm_model.base_model.model.model.layers.0.mlp.up_proj.base_layer.weight -- torch.Size([11008, 4096])
🔥 Tuned parameter: llm_model.base_model.model.model.layers.0.mlp.up_proj.lora_A.default.weight -- torch.Size([16, 4096])
🔥 Tuned parameter: llm_model.base_model.model.model.layers.0.mlp.up_proj.lora_B.default.weight -- torch.Size([11008, 16])
🧊 Frozen parameter: llm_model.base_model.model.model.layers.0.mlp.down_proj.base_layer.weight -- torch.Size([4096, 11008])
🔥 Tuned parameter: llm_model.base_model.model.model.layers.0.mlp.down_proj.lora_A.default.weight -- torch.Size([16, 11008])
🔥 Tuned parameter: llm_model.base_model.model.model.layers.0.mlp.down_proj.lora_B.default.weight -- torch.Size([4096, 16])
🧊 Frozen parameter: llm_model.base_model.model.model.layers.0.input_layernorm.weight -- torch.Size([4096])
🧊 Frozen parameter: llm_model.base_model.model.model.layers.0.post_attention_layernorm.weight -- torch.Size([4096])
🧊 Frozen parameter: llm_model.base_model.model.model.layers.1.self_attn.q_proj.base_layer.weight -- torch.Size([4096, 4096])
🔥 Tuned parameter: llm_model.base_model.model.model.layers.1.self_attn.q_proj.lora_A.default.weight -- torch.Size([16, 4096])
🔥 Tuned parameter: llm_model.base_model.model.model.layers.1.self_attn.q_proj.lora_B.default.weight -- torch.Size([4096, 16])
🧊 Frozen parameter: llm_model.base_model.model.model.layers.1.self_attn.k_proj.base_layer.weight -- torch.Size([4096, 4096])
🔥 Tuned parameter: llm_model.base_model.model.model.layers.1.self_attn.k_proj.lora_A.default.weight -- torch.Size([16, 4096])
🔥 Tuned parameter: llm_model.base_model.model.model.layers.1.self_attn.k_proj.lora_B.default.weight -- torch.Size([4096, 16])
🧊 Frozen parameter: llm_model.base_model.model.model.layers.1.self_attn.v_proj.base_layer.weight -- torch.Size([4096, 4096])
🔥 Tuned parameter: llm_model.base_model.model.model.layers.1.self_attn.v_proj.lora_A.default.weight -- torch.Size([16, 4096])
🔥 Tuned parameter: llm_model.base_model.model.model.layers.1.self_attn.v_proj.lora_B.default.weight -- torch.Size([4096, 16])
🧊 Frozen parameter: llm_model.base_model.model.model.layers.1.self_attn.o_proj.base_layer.weight -- torch.Size([4096, 4096])
🔥 Tuned parameter: llm_model.base_model.model.model.layers.1.self_attn.o_proj.lora_A.default.weight -- torch.Size([16, 4096])
🔥 Tuned parameter: llm_model.base_model.model.model.layers.1.self_attn.o_proj.lora_B.default.weight -- torch.Size([4096, 16])
🧊 Frozen parameter: llm_model.base_model.model.model.layers.1.mlp.gate_proj.base_layer.weight -- torch.Size([11008, 4096])
🔥 Tuned parameter: llm_model.base_model.model.model.layers.1.mlp.gate_proj.lora_A.default.weight -- torch.Size([16, 4096])
🔥 Tuned parameter: llm_model.base_model.model.model.layers.1.mlp.gate_proj.lora_B.default.weight -- torch.Size([11008, 16])
🧊 Frozen parameter: llm_model.base_model.model.model.layers.1.mlp.up_proj.base_layer.weight -- torch.Size([11008, 4096])
🔥 Tuned parameter: llm_model.base_model.model.model.layers.1.mlp.up_proj.lora_A.default.weight -- torch.Size([16, 4096])
🔥 Tuned parameter: llm_model.base_model.model.model.layers.1.mlp.up_proj.lora_B.default.weight -- torch.Size([11008, 16])
🧊 Frozen parameter: llm_model.base_model.model.model.layers.1.mlp.down_proj.base_layer.weight -- torch.Size([4096, 11008])
🔥 Tuned parameter: llm_model.base_model.model.model.layers.1.mlp.down_proj.lora_A.default.weight -- torch.Size([16, 11008])
🔥 Tuned parameter: llm_model.base_model.model.model.layers.1.mlp.down_proj.lora_B.default.weight -- torch.Size([4096, 16])
🧊 Frozen parameter: llm_model.base_model.model.model.layers.1.input_layernorm.weight -- torch.Size([4096])
🧊 Frozen parameter: llm_model.base_model.model.model.layers.1.post_attention_layernorm.weight -- torch.Size([4096])
🧊 Frozen parameter: llm_model.base_model.model.model.layers.2.self_attn.q_proj.base_layer.weight -- torch.Size([4096, 4096])
🔥 Tuned parameter: llm_model.base_model.model.model.layers.2.self_attn.q_proj.lora_A.default.weight -- torch.Size([16, 4096])
🔥 Tuned parameter: llm_model.base_model.model.model.layers.2.self_attn.q_proj.lora_B.default.weight -- torch.Size([4096, 16])
🧊 Frozen parameter: llm_model.base_model.model.model.layers.2.self_attn.k_proj.base_layer.weight -- torch.Size([4096, 4096])
🔥 Tuned parameter: llm_model.base_model.model.model.layers.2.self_attn.k_proj.lora_A.default.weight -- torch.Size([16, 4096])
🔥 Tuned parameter: llm_model.base_model.model.model.layers.2.self_attn.k_proj.lora_B.default.weight -- torch.Size([4096, 16])
🧊 Frozen parameter: llm_model.base_model.model.model.layers.2.self_attn.v_proj.base_layer.weight -- torch.Size([4096, 4096])
🔥 Tuned parameter: llm_model.base_model.model.model.layers.2.self_attn.v_proj.lora_A.default.weight -- torch.Size([16, 4096])
🔥 Tuned parameter: llm_model.base_model.model.model.layers.2.self_attn.v_proj.lora_B.default.weight -- torch.Size([4096, 16])
🧊 Frozen parameter: llm_model.base_model.model.model.layers.2.self_attn.o_proj.base_layer.weight -- torch.Size([4096, 4096])
🔥 Tuned parameter: llm_model.base_model.model.model.layers.2.self_attn.o_proj.lora_A.default.weight -- torch.Size([16, 4096])
🔥 Tuned parameter: llm_model.base_model.model.model.layers.2.self_attn.o_proj.lora_B.default.weight -- torch.Size([4096, 16])
🧊 Frozen parameter: llm_model.base_model.model.model.layers.2.mlp.gate_proj.base_layer.weight -- torch.Size([11008, 4096])
🔥 Tuned parameter: llm_model.base_model.model.model.layers.2.mlp.gate_proj.lora_A.default.weight -- torch.Size([16, 4096])
🔥 Tuned parameter: llm_model.base_model.model.model.layers.2.mlp.gate_proj.lora_B.default.weight -- torch.Size([11008, 16])
🧊 Frozen parameter: llm_model.base_model.model.model.layers.2.mlp.up_proj.base_layer.weight -- torch.Size([11008, 4096])
🔥 Tuned parameter: llm_model.base_model.model.model.layers.2.mlp.up_proj.lora_A.default.weight -- torch.Size([16, 4096])
🔥 Tuned parameter: llm_model.base_model.model.model.layers.2.mlp.up_proj.lora_B.default.weight -- torch.Size([11008, 16])
🧊 Frozen parameter: llm_model.base_model.model.model.layers.2.mlp.down_proj.base_layer.weight -- torch.Size([4096, 11008])
🔥 Tuned parameter: llm_model.base_model.model.model.layers.2.mlp.down_proj.lora_A.default.weight -- torch.Size([16, 11008])
🔥 Tuned parameter: llm_model.base_model.model.model.layers.2.mlp.down_proj.lora_B.default.weight -- torch.Size([4096, 16])
🧊 Frozen parameter: llm_model.base_model.model.model.layers.2.input_layernorm.weight -- torch.Size([4096])
🧊 Frozen parameter: llm_model.base_model.model.model.layers.2.post_attention_layernorm.weight -- torch.Size([4096])
🧊 Frozen parameter: llm_model.base_model.model.model.layers.3.self_attn.q_proj.base_layer.weight -- torch.Size([4096, 4096])
🔥 Tuned parameter: llm_model.base_model.model.model.layers.3.self_attn.q_proj.lora_A.default.weight -- torch.Size([16, 4096])
🔥 Tuned parameter: llm_model.base_model.model.model.layers.3.self_attn.q_proj.lora_B.default.weight -- torch.Size([4096, 16])
🧊 Frozen parameter: llm_model.base_model.model.model.layers.3.self_attn.k_proj.base_layer.weight -- torch.Size([4096, 4096])
🔥 Tuned parameter: llm_model.base_model.model.model.layers.3.self_attn.k_proj.lora_A.default.weight -- torch.Size([16, 4096])
🔥 Tuned parameter: llm_model.base_model.model.model.layers.3.self_attn.k_proj.lora_B.default.weight -- torch.Size([4096, 16])
🧊 Frozen parameter: llm_model.base_model.model.model.layers.3.self_attn.v_proj.base_layer.weight -- torch.Size([4096, 4096])
🔥 Tuned parameter: llm_model.base_model.model.model.layers.3.self_attn.v_proj.lora_A.default.weight -- torch.Size([16, 4096])
🔥 Tuned parameter: llm_model.base_model.model.model.layers.3.self_attn.v_proj.lora_B.default.weight -- torch.Size([4096, 16])
🧊 Frozen parameter: llm_model.base_model.model.model.layers.3.self_attn.o_proj.base_layer.weight -- torch.Size([4096, 4096])
🔥 Tuned parameter: llm_model.base_model.model.model.layers.3.self_attn.o_proj.lora_A.default.weight -- torch.Size([16, 4096])
🔥 Tuned parameter: llm_model.base_model.model.model.layers.3.self_attn.o_proj.lora_B.default.weight -- torch.Size([4096, 16])
🧊 Frozen parameter: llm_model.base_model.model.model.layers.3.mlp.gate_proj.base_layer.weight -- torch.Size([11008, 4096])
🔥 Tuned parameter: llm_model.base_model.model.model.layers.3.mlp.gate_proj.lora_A.default.weight -- torch.Size([16, 4096])
🔥 Tuned parameter: llm_model.base_model.model.model.layers.3.mlp.gate_proj.lora_B.default.weight -- torch.Size([11008, 16])
🧊 Frozen parameter: llm_model.base_model.model.model.layers.3.mlp.up_proj.base_layer.weight -- torch.Size([11008, 4096])
🔥 Tuned parameter: llm_model.base_model.model.model.layers.3.mlp.up_proj.lora_A.default.weight -- torch.Size([16, 4096])
🔥 Tuned parameter: llm_model.base_model.model.model.layers.3.mlp.up_proj.lora_B.default.weight -- torch.Size([11008, 16])1.1B learnable parameters

🧊 Frozen parameter: llm_model.base_model.model.model.layers.3.mlp.down_proj.base_layer.weight -- torch.Size([4096, 11008])
🔥 Tuned parameter: llm_model.base_model.model.model.layers.3.mlp.down_proj.lora_A.default.weight -- torch.Size([16, 11008])🔥 Tuned parameter: visual_prompter.anchor_feat -- torch.Size([1, 1, 256])

🔥 Tuned parameter: llm_model.base_model.model.model.layers.3.mlp.down_proj.lora_B.default.weight -- torch.Size([4096, 16])🧊 Frozen parameter: visual_prompter.anchor_size -- torch.Size([1, 1, 3])

🧊 Frozen parameter: llm_model.base_model.model.model.layers.3.input_layernorm.weight -- torch.Size([4096])🔥 Tuned parameter: visual_prompter.object_orientation_feat -- torch.Size([1, 1, 256])

🧊 Frozen parameter: llm_model.base_model.model.model.layers.3.post_attention_layernorm.weight -- torch.Size([4096])🔥 Tuned parameter: visual_prompter.orientation_encoder.weight -- torch.Size([256, 84])

🧊 Frozen parameter: llm_model.base_model.model.model.layers.4.self_attn.q_proj.base_layer.weight -- torch.Size([4096, 4096])🔥 Tuned parameter: visual_prompter.orientation_encoder.bias -- torch.Size([256])

🔥 Tuned parameter: llm_model.base_model.model.model.layers.4.self_attn.q_proj.lora_A.default.weight -- torch.Size([16, 4096])🔥 Tuned parameter: visual_prompter.object_type_embedding.weight -- torch.Size([2, 256])

🔥 Tuned parameter: llm_model.base_model.model.model.layers.4.self_attn.q_proj.lora_B.default.weight -- torch.Size([4096, 16])🧊 Frozen parameter: visual_prompter.obj_encoder.model.logit_scale -- torch.Size([])

🧊 Frozen parameter: llm_model.base_model.model.model.layers.4.self_attn.k_proj.base_layer.weight -- torch.Size([4096, 4096])🧊 Frozen parameter: visual_prompter.obj_encoder.model.backbone.embedding.stem.conv.weight -- torch.Size([48, 5, 5, 5, 6])

🔥 Tuned parameter: llm_model.base_model.model.model.layers.4.self_attn.k_proj.lora_A.default.weight -- torch.Size([16, 4096])🧊 Frozen parameter: visual_prompter.obj_encoder.model.backbone.embedding.stem.norm.norm.0.weight -- torch.Size([48])

🔥 Tuned parameter: llm_model.base_model.model.model.layers.4.self_attn.k_proj.lora_B.default.weight -- torch.Size([4096, 16])🧊 Frozen parameter: visual_prompter.obj_encoder.model.backbone.embedding.stem.norm.norm.0.bias -- torch.Size([48])

🧊 Frozen parameter: llm_model.base_model.model.model.layers.4.self_attn.v_proj.base_layer.weight -- torch.Size([4096, 4096])🧊 Frozen parameter: visual_prompter.obj_encoder.model.backbone.embedding.stem.norm.norm.1.weight -- torch.Size([48])

🔥 Tuned parameter: llm_model.base_model.model.model.layers.4.self_attn.v_proj.lora_A.default.weight -- torch.Size([16, 4096])🧊 Frozen parameter: visual_prompter.obj_encoder.model.backbone.embedding.stem.norm.norm.1.bias -- torch.Size([48])

🔥 Tuned parameter: llm_model.base_model.model.model.layers.4.self_attn.v_proj.lora_B.default.weight -- torch.Size([4096, 16])🧊 Frozen parameter: visual_prompter.obj_encoder.model.backbone.embedding.stem.norm.norm.2.weight -- torch.Size([48])

🧊 Frozen parameter: llm_model.base_model.model.model.layers.4.self_attn.o_proj.base_layer.weight -- torch.Size([4096, 4096])🧊 Frozen parameter: visual_prompter.obj_encoder.model.backbone.embedding.stem.norm.norm.2.bias -- torch.Size([48])

🔥 Tuned parameter: llm_model.base_model.model.model.layers.4.self_attn.o_proj.lora_A.default.weight -- torch.Size([16, 4096])
🧊 Frozen parameter: visual_prompter.obj_encoder.model.backbone.enc.enc0.block0.cpe.0.weight -- torch.Size([48, 3, 3, 3, 48])🔥 Tuned parameter: llm_model.base_model.model.model.layers.4.self_attn.o_proj.lora_B.default.weight -- torch.Size([4096, 16])

🧊 Frozen parameter: visual_prompter.obj_encoder.model.backbone.enc.enc0.block0.cpe.0.bias -- torch.Size([48])
🧊 Frozen parameter: llm_model.base_model.model.model.layers.4.mlp.gate_proj.base_layer.weight -- torch.Size([11008, 4096])🧊 Frozen parameter: visual_prompter.obj_encoder.model.backbone.enc.enc0.block0.cpe.1.weight -- torch.Size([48, 48])

🔥 Tuned parameter: llm_model.base_model.model.model.layers.4.mlp.gate_proj.lora_A.default.weight -- torch.Size([16, 4096])🧊 Frozen parameter: visual_prompter.obj_encoder.model.backbone.enc.enc0.block0.cpe.1.bias -- torch.Size([48])

🔥 Tuned parameter: llm_model.base_model.model.model.layers.4.mlp.gate_proj.lora_B.default.weight -- torch.Size([11008, 16])
🧊 Frozen parameter: visual_prompter.obj_encoder.model.backbone.enc.enc0.block0.cpe.2.norm.0.weight -- torch.Size([48])🧊 Frozen parameter: llm_model.base_model.model.model.layers.4.mlp.up_proj.base_layer.weight -- torch.Size([11008, 4096])

🧊 Frozen parameter: visual_prompter.obj_encoder.model.backbone.enc.enc0.block0.cpe.2.norm.0.bias -- torch.Size([48])🔥 Tuned parameter: llm_model.base_model.model.model.layers.4.mlp.up_proj.lora_A.default.weight -- torch.Size([16, 4096])

🧊 Frozen parameter: visual_prompter.obj_encoder.model.backbone.enc.enc0.block0.cpe.2.norm.1.weight -- torch.Size([48])🔥 Tuned parameter: llm_model.base_model.model.model.layers.4.mlp.up_proj.lora_B.default.weight -- torch.Size([11008, 16])

🧊 Frozen parameter: visual_prompter.obj_encoder.model.backbone.enc.enc0.block0.cpe.2.norm.1.bias -- torch.Size([48])
🧊 Frozen parameter: llm_model.base_model.model.model.layers.4.mlp.down_proj.base_layer.weight -- torch.Size([4096, 11008])🧊 Frozen parameter: visual_prompter.obj_encoder.model.backbone.enc.enc0.block0.cpe.2.norm.2.weight -- torch.Size([48])

🔥 Tuned parameter: llm_model.base_model.model.model.layers.4.mlp.down_proj.lora_A.default.weight -- torch.Size([16, 11008])🧊 Frozen parameter: visual_prompter.obj_encoder.model.backbone.enc.enc0.block0.cpe.2.norm.2.bias -- torch.Size([48])

🔥 Tuned parameter: llm_model.base_model.model.model.layers.4.mlp.down_proj.lora_B.default.weight -- torch.Size([4096, 16])🧊 Frozen parameter: visual_prompter.obj_encoder.model.backbone.enc.enc0.block0.norm1.0.norm.0.weight -- torch.Size([48])

🧊 Frozen parameter: llm_model.base_model.model.model.layers.4.input_layernorm.weight -- torch.Size([4096])🧊 Frozen parameter: visual_prompter.obj_encoder.model.backbone.enc.enc0.block0.norm1.0.norm.0.bias -- torch.Size([48])

🧊 Frozen parameter: llm_model.base_model.model.model.layers.4.post_attention_layernorm.weight -- torch.Size([4096])🧊 Frozen parameter: visual_prompter.obj_encoder.model.backbone.enc.enc0.block0.norm1.0.norm.1.weight -- torch.Size([48])

🧊 Frozen parameter: llm_model.base_model.model.model.layers.5.self_attn.q_proj.base_layer.weight -- torch.Size([4096, 4096])🧊 Frozen parameter: visual_prompter.obj_encoder.model.backbone.enc.enc0.block0.norm1.0.norm.1.bias -- torch.Size([48])

🔥 Tuned parameter: llm_model.base_model.model.model.layers.5.self_attn.q_proj.lora_A.default.weight -- torch.Size([16, 4096])🧊 Frozen parameter: visual_prompter.obj_encoder.model.backbone.enc.enc0.block0.norm1.0.norm.2.weight -- torch.Size([48])

🔥 Tuned parameter: llm_model.base_model.model.model.layers.5.self_attn.q_proj.lora_B.default.weight -- torch.Size([4096, 16])🧊 Frozen parameter: visual_prompter.obj_encoder.model.backbone.enc.enc0.block0.norm1.0.norm.2.bias -- torch.Size([48])

🧊 Frozen parameter: llm_model.base_model.model.model.layers.5.self_attn.k_proj.base_layer.weight -- torch.Size([4096, 4096])🧊 Frozen parameter: visual_prompter.obj_encoder.model.backbone.enc.enc0.block0.attn.qkv.weight -- torch.Size([144, 48])

🔥 Tuned parameter: llm_model.base_model.model.model.layers.5.self_attn.k_proj.lora_A.default.weight -- torch.Size([16, 4096])🧊 Frozen parameter: visual_prompter.obj_encoder.model.backbone.enc.enc0.block0.attn.qkv.bias -- torch.Size([144])

🔥 Tuned parameter: llm_model.base_model.model.model.layers.5.self_attn.k_proj.lora_B.default.weight -- torch.Size([4096, 16])🧊 Frozen parameter: visual_prompter.obj_encoder.model.backbone.enc.enc0.block0.attn.proj.weight -- torch.Size([48, 48])

🧊 Frozen parameter: llm_model.base_model.model.model.layers.5.self_attn.v_proj.base_layer.weight -- torch.Size([4096, 4096])🧊 Frozen parameter: visual_prompter.obj_encoder.model.backbone.enc.enc0.block0.attn.proj.bias -- torch.Size([48])

🔥 Tuned parameter: llm_model.base_model.model.model.layers.5.self_attn.v_proj.lora_A.default.weight -- torch.Size([16, 4096])🧊 Frozen parameter: visual_prompter.obj_encoder.model.backbone.enc.enc0.block0.norm2.0.norm.0.weight -- torch.Size([48])

🔥 Tuned parameter: llm_model.base_model.model.model.layers.5.self_attn.v_proj.lora_B.default.weight -- torch.Size([4096, 16])🧊 Frozen parameter: visual_prompter.obj_encoder.model.backbone.enc.enc0.block0.norm2.0.norm.0.bias -- torch.Size([48])

🧊 Frozen parameter: llm_model.base_model.model.model.layers.5.self_attn.o_proj.base_layer.weight -- torch.Size([4096, 4096])🧊 Frozen parameter: visual_prompter.obj_encoder.model.backbone.enc.enc0.block0.norm2.0.norm.1.weight -- torch.Size([48])

🔥 Tuned parameter: llm_model.base_model.model.model.layers.5.self_attn.o_proj.lora_A.default.weight -- torch.Size([16, 4096])🧊 Frozen parameter: visual_prompter.obj_encoder.model.backbone.enc.enc0.block0.norm2.0.norm.1.bias -- torch.Size([48])

🔥 Tuned parameter: llm_model.base_model.model.model.layers.5.self_attn.o_proj.lora_B.default.weight -- torch.Size([4096, 16])🧊 Frozen parameter: visual_prompter.obj_encoder.model.backbone.enc.enc0.block0.norm2.0.norm.2.weight -- torch.Size([48])

🧊 Frozen parameter: visual_prompter.obj_encoder.model.backbone.enc.enc0.block0.norm2.0.norm.2.bias -- torch.Size([48])🧊 Frozen parameter: llm_model.base_model.model.model.layers.5.mlp.gate_proj.base_layer.weight -- torch.Size([11008, 4096])

🧊 Frozen parameter: visual_prompter.obj_encoder.model.backbone.enc.enc0.block0.mlp.0.fc1.weight -- torch.Size([192, 48])🔥 Tuned parameter: llm_model.base_model.model.model.layers.5.mlp.gate_proj.lora_A.default.weight -- torch.Size([16, 4096])

🧊 Frozen parameter: visual_prompter.obj_encoder.model.backbone.enc.enc0.block0.mlp.0.fc1.bias -- torch.Size([192])🔥 Tuned parameter: llm_model.base_model.model.model.layers.5.mlp.gate_proj.lora_B.default.weight -- torch.Size([11008, 16])

🧊 Frozen parameter: visual_prompter.obj_encoder.model.backbone.enc.enc0.block0.mlp.0.fc2.weight -- torch.Size([48, 192])🧊 Frozen parameter: llm_model.base_model.model.model.layers.5.mlp.up_proj.base_layer.weight -- torch.Size([11008, 4096])

🧊 Frozen parameter: visual_prompter.obj_encoder.model.backbone.enc.enc0.block0.mlp.0.fc2.bias -- torch.Size([48])🔥 Tuned parameter: llm_model.base_model.model.model.layers.5.mlp.up_proj.lora_A.default.weight -- torch.Size([16, 4096])

🧊 Frozen parameter: visual_prompter.obj_encoder.model.backbone.enc.enc0.block1.cpe.0.weight -- torch.Size([48, 3, 3, 3, 48])🔥 Tuned parameter: llm_model.base_model.model.model.layers.5.mlp.up_proj.lora_B.default.weight -- torch.Size([11008, 16])

🧊 Frozen parameter: visual_prompter.obj_encoder.model.backbone.enc.enc0.block1.cpe.0.bias -- torch.Size([48])
🧊 Frozen parameter: llm_model.base_model.model.model.layers.5.mlp.down_proj.base_layer.weight -- torch.Size([4096, 11008])🧊 Frozen parameter: visual_prompter.obj_encoder.model.backbone.enc.enc0.block1.cpe.1.weight -- torch.Size([48, 48])

🧊 Frozen parameter: visual_prompter.obj_encoder.model.backbone.enc.enc0.block1.cpe.1.bias -- torch.Size([48])🔥 Tuned parameter: llm_model.base_model.model.model.layers.5.mlp.down_proj.lora_A.default.weight -- torch.Size([16, 11008])

🧊 Frozen parameter: visual_prompter.obj_encoder.model.backbone.enc.enc0.block1.cpe.2.norm.0.weight -- torch.Size([48])🔥 Tuned parameter: llm_model.base_model.model.model.layers.5.mlp.down_proj.lora_B.default.weight -- torch.Size([4096, 16])

🧊 Frozen parameter: visual_prompter.obj_encoder.model.backbone.enc.enc0.block1.cpe.2.norm.0.bias -- torch.Size([48])
🧊 Frozen parameter: llm_model.base_model.model.model.layers.5.input_layernorm.weight -- torch.Size([4096])🧊 Frozen parameter: visual_prompter.obj_encoder.model.backbone.enc.enc0.block1.cpe.2.norm.1.weight -- torch.Size([48])

🧊 Frozen parameter: llm_model.base_model.model.model.layers.5.post_attention_layernorm.weight -- torch.Size([4096])🧊 Frozen parameter: visual_prompter.obj_encoder.model.backbone.enc.enc0.block1.cpe.2.norm.1.bias -- torch.Size([48])

🧊 Frozen parameter: llm_model.base_model.model.model.layers.6.self_attn.q_proj.base_layer.weight -- torch.Size([4096, 4096])🧊 Frozen parameter: visual_prompter.obj_encoder.model.backbone.enc.enc0.block1.cpe.2.norm.2.weight -- torch.Size([48])

🔥 Tuned parameter: llm_model.base_model.model.model.layers.6.self_attn.q_proj.lora_A.default.weight -- torch.Size([16, 4096])🧊 Frozen parameter: visual_prompter.obj_encoder.model.backbone.enc.enc0.block1.cpe.2.norm.2.bias -- torch.Size([48])

🔥 Tuned parameter: llm_model.base_model.model.model.layers.6.self_attn.q_proj.lora_B.default.weight -- torch.Size([4096, 16])🧊 Frozen parameter: visual_prompter.obj_encoder.model.backbone.enc.enc0.block1.norm1.0.norm.0.weight -- torch.Size([48])

🧊 Frozen parameter: llm_model.base_model.model.model.layers.6.self_attn.k_proj.base_layer.weight -- torch.Size([4096, 4096])🧊 Frozen parameter: visual_prompter.obj_encoder.model.backbone.enc.enc0.block1.norm1.0.norm.0.bias -- torch.Size([48])

🔥 Tuned parameter: llm_model.base_model.model.model.layers.6.self_attn.k_proj.lora_A.default.weight -- torch.Size([16, 4096])🧊 Frozen parameter: visual_prompter.obj_encoder.model.backbone.enc.enc0.block1.norm1.0.norm.1.weight -- torch.Size([48])

🔥 Tuned parameter: llm_model.base_model.model.model.layers.6.self_attn.k_proj.lora_B.default.weight -- torch.Size([4096, 16])🧊 Frozen parameter: visual_prompter.obj_encoder.model.backbone.enc.enc0.block1.norm1.0.norm.1.bias -- torch.Size([48])

🧊 Frozen parameter: llm_model.base_model.model.model.layers.6.self_attn.v_proj.base_layer.weight -- torch.Size([4096, 4096])🧊 Frozen parameter: visual_prompter.obj_encoder.model.backbone.enc.enc0.block1.norm1.0.norm.2.weight -- torch.Size([48])

🔥 Tuned parameter: llm_model.base_model.model.model.layers.6.self_attn.v_proj.lora_A.default.weight -- torch.Size([16, 4096])🧊 Frozen parameter: visual_prompter.obj_encoder.model.backbone.enc.enc0.block1.norm1.0.norm.2.bias -- torch.Size([48])

🔥 Tuned parameter: llm_model.base_model.model.model.layers.6.self_attn.v_proj.lora_B.default.weight -- torch.Size([4096, 16])🧊 Frozen parameter: visual_prompter.obj_encoder.model.backbone.enc.enc0.block1.attn.qkv.weight -- torch.Size([144, 48])

🧊 Frozen parameter: llm_model.base_model.model.model.layers.6.self_attn.o_proj.base_layer.weight -- torch.Size([4096, 4096])🧊 Frozen parameter: visual_prompter.obj_encoder.model.backbone.enc.enc0.block1.attn.qkv.bias -- torch.Size([144])

🔥 Tuned parameter: llm_model.base_model.model.model.layers.6.self_attn.o_proj.lora_A.default.weight -- torch.Size([16, 4096])🧊 Frozen parameter: visual_prompter.obj_encoder.model.backbone.enc.enc0.block1.attn.proj.weight -- torch.Size([48, 48])

🔥 Tuned parameter: llm_model.base_model.model.model.layers.6.self_attn.o_proj.lora_B.default.weight -- torch.Size([4096, 16])🧊 Frozen parameter: visual_prompter.obj_encoder.model.backbone.enc.enc0.block1.attn.proj.bias -- torch.Size([48])

🧊 Frozen parameter: llm_model.base_model.model.model.layers.6.mlp.gate_proj.base_layer.weight -- torch.Size([11008, 4096])🧊 Frozen parameter: visual_prompter.obj_encoder.model.backbone.enc.enc0.block1.norm2.0.norm.0.weight -- torch.Size([48])

🔥 Tuned parameter: llm_model.base_model.model.model.layers.6.mlp.gate_proj.lora_A.default.weight -- torch.Size([16, 4096])🧊 Frozen parameter: visual_prompter.obj_encoder.model.backbone.enc.enc0.block1.norm2.0.norm.0.bias -- torch.Size([48])

🔥 Tuned parameter: llm_model.base_model.model.model.layers.6.mlp.gate_proj.lora_B.default.weight -- torch.Size([11008, 16])🧊 Frozen parameter: visual_prompter.obj_encoder.model.backbone.enc.enc0.block1.norm2.0.norm.1.weight -- torch.Size([48])

🧊 Frozen parameter: llm_model.base_model.model.model.layers.6.mlp.up_proj.base_layer.weight -- torch.Size([11008, 4096])🧊 Frozen parameter: visual_prompter.obj_encoder.model.backbone.enc.enc0.block1.norm2.0.norm.1.bias -- torch.Size([48])

🔥 Tuned parameter: llm_model.base_model.model.model.layers.6.mlp.up_proj.lora_A.default.weight -- torch.Size([16, 4096])🧊 Frozen parameter: visual_prompter.obj_encoder.model.backbone.enc.enc0.block1.norm2.0.norm.2.weight -- torch.Size([48])

🔥 Tuned parameter: llm_model.base_model.model.model.layers.6.mlp.up_proj.lora_B.default.weight -- torch.Size([11008, 16])🧊 Frozen parameter: visual_prompter.obj_encoder.model.backbone.enc.enc0.block1.norm2.0.norm.2.bias -- torch.Size([48])

🧊 Frozen parameter: llm_model.base_model.model.model.layers.6.mlp.down_proj.base_layer.weight -- torch.Size([4096, 11008])🧊 Frozen parameter: visual_prompter.obj_encoder.model.backbone.enc.enc0.block1.mlp.0.fc1.weight -- torch.Size([192, 48])

🔥 Tuned parameter: llm_model.base_model.model.model.layers.6.mlp.down_proj.lora_A.default.weight -- torch.Size([16, 11008])🧊 Frozen parameter: visual_prompter.obj_encoder.model.backbone.enc.enc0.block1.mlp.0.fc1.bias -- torch.Size([192])

🔥 Tuned parameter: llm_model.base_model.model.model.layers.6.mlp.down_proj.lora_B.default.weight -- torch.Size([4096, 16])🧊 Frozen parameter: visual_prompter.obj_encoder.model.backbone.enc.enc0.block1.mlp.0.fc2.weight -- torch.Size([48, 192])

🧊 Frozen parameter: llm_model.base_model.model.model.layers.6.input_layernorm.weight -- torch.Size([4096])🧊 Frozen parameter: visual_prompter.obj_encoder.model.backbone.enc.enc0.block1.mlp.0.fc2.bias -- torch.Size([48])

🧊 Frozen parameter: llm_model.base_model.model.model.layers.6.post_attention_layernorm.weight -- torch.Size([4096])
🧊 Frozen parameter: visual_prompter.obj_encoder.model.backbone.enc.enc0.block2.cpe.0.weight -- torch.Size([48, 3, 3, 3, 48])🧊 Frozen parameter: llm_model.base_model.model.model.layers.7.self_attn.q_proj.base_layer.weight -- torch.Size([4096, 4096])

🧊 Frozen parameter: visual_prompter.obj_encoder.model.backbone.enc.enc0.block2.cpe.0.bias -- torch.Size([48])🔥 Tuned parameter: llm_model.base_model.model.model.layers.7.self_attn.q_proj.lora_A.default.weight -- torch.Size([16, 4096])

🧊 Frozen parameter: visual_prompter.obj_encoder.model.backbone.enc.enc0.block2.cpe.1.weight -- torch.Size([48, 48])🔥 Tuned parameter: llm_model.base_model.model.model.layers.7.self_attn.q_proj.lora_B.default.weight -- torch.Size([4096, 16])

🧊 Frozen parameter: visual_prompter.obj_encoder.model.backbone.enc.enc0.block2.cpe.1.bias -- torch.Size([48])
🧊 Frozen parameter: llm_model.base_model.model.model.layers.7.self_attn.k_proj.base_layer.weight -- torch.Size([4096, 4096])🧊 Frozen parameter: visual_prompter.obj_encoder.model.backbone.enc.enc0.block2.cpe.2.norm.0.weight -- torch.Size([48])

🔥 Tuned parameter: llm_model.base_model.model.model.layers.7.self_attn.k_proj.lora_A.default.weight -- torch.Size([16, 4096])🧊 Frozen parameter: visual_prompter.obj_encoder.model.backbone.enc.enc0.block2.cpe.2.norm.0.bias -- torch.Size([48])

🔥 Tuned parameter: llm_model.base_model.model.model.layers.7.self_attn.k_proj.lora_B.default.weight -- torch.Size([4096, 16])🧊 Frozen parameter: visual_prompter.obj_encoder.model.backbone.enc.enc0.block2.cpe.2.norm.1.weight -- torch.Size([48])

🧊 Frozen parameter: llm_model.base_model.model.model.layers.7.self_attn.v_proj.base_layer.weight -- torch.Size([4096, 4096])🧊 Frozen parameter: visual_prompter.obj_encoder.model.backbone.enc.enc0.block2.cpe.2.norm.1.bias -- torch.Size([48])

🔥 Tuned parameter: llm_model.base_model.model.model.layers.7.self_attn.v_proj.lora_A.default.weight -- torch.Size([16, 4096])🧊 Frozen parameter: visual_prompter.obj_encoder.model.backbone.enc.enc0.block2.cpe.2.norm.2.weight -- torch.Size([48])

🔥 Tuned parameter: llm_model.base_model.model.model.layers.7.self_attn.v_proj.lora_B.default.weight -- torch.Size([4096, 16])🧊 Frozen parameter: visual_prompter.obj_encoder.model.backbone.enc.enc0.block2.cpe.2.norm.2.bias -- torch.Size([48])

🧊 Frozen parameter: llm_model.base_model.model.model.layers.7.self_attn.o_proj.base_layer.weight -- torch.Size([4096, 4096])🧊 Frozen parameter: visual_prompter.obj_encoder.model.backbone.enc.enc0.block2.norm1.0.norm.0.weight -- torch.Size([48])

🔥 Tuned parameter: llm_model.base_model.model.model.layers.7.self_attn.o_proj.lora_A.default.weight -- torch.Size([16, 4096])🧊 Frozen parameter: visual_prompter.obj_encoder.model.backbone.enc.enc0.block2.norm1.0.norm.0.bias -- torch.Size([48])

🔥 Tuned parameter: llm_model.base_model.model.model.layers.7.self_attn.o_proj.lora_B.default.weight -- torch.Size([4096, 16])🧊 Frozen parameter: visual_prompter.obj_encoder.model.backbone.enc.enc0.block2.norm1.0.norm.1.weight -- torch.Size([48])

🧊 Frozen parameter: visual_prompter.obj_encoder.model.backbone.enc.enc0.block2.norm1.0.norm.1.bias -- torch.Size([48])🧊 Frozen parameter: llm_model.base_model.model.model.layers.7.mlp.gate_proj.base_layer.weight -- torch.Size([11008, 4096])

🧊 Frozen parameter: visual_prompter.obj_encoder.model.backbone.enc.enc0.block2.norm1.0.norm.2.weight -- torch.Size([48])🔥 Tuned parameter: llm_model.base_model.model.model.layers.7.mlp.gate_proj.lora_A.default.weight -- torch.Size([16, 4096])

🧊 Frozen parameter: visual_prompter.obj_encoder.model.backbone.enc.enc0.block2.norm1.0.norm.2.bias -- torch.Size([48])🔥 Tuned parameter: llm_model.base_model.model.model.layers.7.mlp.gate_proj.lora_B.default.weight -- torch.Size([11008, 16])

🧊 Frozen parameter: visual_prompter.obj_encoder.model.backbone.enc.enc0.block2.attn.qkv.weight -- torch.Size([144, 48])🧊 Frozen parameter: llm_model.base_model.model.model.layers.7.mlp.up_proj.base_layer.weight -- torch.Size([11008, 4096])

🧊 Frozen parameter: visual_prompter.obj_encoder.model.backbone.enc.enc0.block2.attn.qkv.bias -- torch.Size([144])🔥 Tuned parameter: llm_model.base_model.model.model.layers.7.mlp.up_proj.lora_A.default.weight -- torch.Size([16, 4096])

🧊 Frozen parameter: visual_prompter.obj_encoder.model.backbone.enc.enc0.block2.attn.proj.weight -- torch.Size([48, 48])🔥 Tuned parameter: llm_model.base_model.model.model.layers.7.mlp.up_proj.lora_B.default.weight -- torch.Size([11008, 16])

🧊 Frozen parameter: visual_prompter.obj_encoder.model.backbone.enc.enc0.block2.attn.proj.bias -- torch.Size([48])
🧊 Frozen parameter: llm_model.base_model.model.model.layers.7.mlp.down_proj.base_layer.weight -- torch.Size([4096, 11008])
🧊 Frozen parameter: visual_prompter.obj_encoder.model.backbone.enc.enc0.block2.norm2.0.norm.0.weight -- torch.Size([48])🔥 Tuned parameter: llm_model.base_model.model.model.layers.7.mlp.down_proj.lora_A.default.weight -- torch.Size([16, 11008])

🧊 Frozen parameter: visual_prompter.obj_encoder.model.backbone.enc.enc0.block2.norm2.0.norm.0.bias -- torch.Size([48])🔥 Tuned parameter: llm_model.base_model.model.model.layers.7.mlp.down_proj.lora_B.default.weight -- torch.Size([4096, 16])

🧊 Frozen parameter: visual_prompter.obj_encoder.model.backbone.enc.enc0.block2.norm2.0.norm.1.weight -- torch.Size([48])🧊 Frozen parameter: llm_model.base_model.model.model.layers.7.input_layernorm.weight -- torch.Size([4096])

🧊 Frozen parameter: visual_prompter.obj_encoder.model.backbone.enc.enc0.block2.norm2.0.norm.1.bias -- torch.Size([48])🧊 Frozen parameter: llm_model.base_model.model.model.layers.7.post_attention_layernorm.weight -- torch.Size([4096])

🧊 Frozen parameter: visual_prompter.obj_encoder.model.backbone.enc.enc0.block2.norm2.0.norm.2.weight -- torch.Size([48])🧊 Frozen parameter: llm_model.base_model.model.model.layers.8.self_attn.q_proj.base_layer.weight -- torch.Size([4096, 4096])

🧊 Frozen parameter: visual_prompter.obj_encoder.model.backbone.enc.enc0.block2.norm2.0.norm.2.bias -- torch.Size([48])🔥 Tuned parameter: llm_model.base_model.model.model.layers.8.self_attn.q_proj.lora_A.default.weight -- torch.Size([16, 4096])

🧊 Frozen parameter: visual_prompter.obj_encoder.model.backbone.enc.enc0.block2.mlp.0.fc1.weight -- torch.Size([192, 48])🔥 Tuned parameter: llm_model.base_model.model.model.layers.8.self_attn.q_proj.lora_B.default.weight -- torch.Size([4096, 16])

🧊 Frozen parameter: visual_prompter.obj_encoder.model.backbone.enc.enc0.block2.mlp.0.fc1.bias -- torch.Size([192])🧊 Frozen parameter: llm_model.base_model.model.model.layers.8.self_attn.k_proj.base_layer.weight -- torch.Size([4096, 4096])

🧊 Frozen parameter: visual_prompter.obj_encoder.model.backbone.enc.enc0.block2.mlp.0.fc2.weight -- torch.Size([48, 192])🔥 Tuned parameter: llm_model.base_model.model.model.layers.8.self_attn.k_proj.lora_A.default.weight -- torch.Size([16, 4096])

🧊 Frozen parameter: visual_prompter.obj_encoder.model.backbone.enc.enc0.block2.mlp.0.fc2.bias -- torch.Size([48])🔥 Tuned parameter: llm_model.base_model.model.model.layers.8.self_attn.k_proj.lora_B.default.weight -- torch.Size([4096, 16])

🧊 Frozen parameter: visual_prompter.obj_encoder.model.backbone.enc.enc1.down.proj.weight -- torch.Size([96, 48])🧊 Frozen parameter: llm_model.base_model.model.model.layers.8.self_attn.v_proj.base_layer.weight -- torch.Size([4096, 4096])

🧊 Frozen parameter: visual_prompter.obj_encoder.model.backbone.enc.enc1.down.proj.bias -- torch.Size([96])🔥 Tuned parameter: llm_model.base_model.model.model.layers.8.self_attn.v_proj.lora_A.default.weight -- torch.Size([16, 4096])

🧊 Frozen parameter: visual_prompter.obj_encoder.model.backbone.enc.enc1.down.norm.0.norm.0.weight -- torch.Size([96])🔥 Tuned parameter: llm_model.base_model.model.model.layers.8.self_attn.v_proj.lora_B.default.weight -- torch.Size([4096, 16])

🧊 Frozen parameter: visual_prompter.obj_encoder.model.backbone.enc.enc1.down.norm.0.norm.0.bias -- torch.Size([96])
🧊 Frozen parameter: llm_model.base_model.model.model.layers.8.self_attn.o_proj.base_layer.weight -- torch.Size([4096, 4096])🧊 Frozen parameter: visual_prompter.obj_encoder.model.backbone.enc.enc1.down.norm.0.norm.1.weight -- torch.Size([96])

🔥 Tuned parameter: llm_model.base_model.model.model.layers.8.self_attn.o_proj.lora_A.default.weight -- torch.Size([16, 4096])🧊 Frozen parameter: visual_prompter.obj_encoder.model.backbone.enc.enc1.down.norm.0.norm.1.bias -- torch.Size([96])

🔥 Tuned parameter: llm_model.base_model.model.model.layers.8.self_attn.o_proj.lora_B.default.weight -- torch.Size([4096, 16])🧊 Frozen parameter: visual_prompter.obj_encoder.model.backbone.enc.enc1.down.norm.0.norm.2.weight -- torch.Size([96])

🧊 Frozen parameter: llm_model.base_model.model.model.layers.8.mlp.gate_proj.base_layer.weight -- torch.Size([11008, 4096])🧊 Frozen parameter: visual_prompter.obj_encoder.model.backbone.enc.enc1.down.norm.0.norm.2.bias -- torch.Size([96])

🔥 Tuned parameter: llm_model.base_model.model.model.layers.8.mlp.gate_proj.lora_A.default.weight -- torch.Size([16, 4096])🧊 Frozen parameter: visual_prompter.obj_encoder.model.backbone.enc.enc1.block0.cpe.0.weight -- torch.Size([96, 3, 3, 3, 96])

🔥 Tuned parameter: llm_model.base_model.model.model.layers.8.mlp.gate_proj.lora_B.default.weight -- torch.Size([11008, 16])🧊 Frozen parameter: visual_prompter.obj_encoder.model.backbone.enc.enc1.block0.cpe.0.bias -- torch.Size([96])

🧊 Frozen parameter: llm_model.base_model.model.model.layers.8.mlp.up_proj.base_layer.weight -- torch.Size([11008, 4096])🧊 Frozen parameter: visual_prompter.obj_encoder.model.backbone.enc.enc1.block0.cpe.1.weight -- torch.Size([96, 96])

🔥 Tuned parameter: llm_model.base_model.model.model.layers.8.mlp.up_proj.lora_A.default.weight -- torch.Size([16, 4096])🧊 Frozen parameter: visual_prompter.obj_encoder.model.backbone.enc.enc1.block0.cpe.1.bias -- torch.Size([96])

🔥 Tuned parameter: llm_model.base_model.model.model.layers.8.mlp.up_proj.lora_B.default.weight -- torch.Size([11008, 16])🧊 Frozen parameter: visual_prompter.obj_encoder.model.backbone.enc.enc1.block0.cpe.2.norm.0.weight -- torch.Size([96])

🧊 Frozen parameter: llm_model.base_model.model.model.layers.8.mlp.down_proj.base_layer.weight -- torch.Size([4096, 11008])🧊 Frozen parameter: visual_prompter.obj_encoder.model.backbone.enc.enc1.block0.cpe.2.norm.0.bias -- torch.Size([96])

🔥 Tuned parameter: llm_model.base_model.model.model.layers.8.mlp.down_proj.lora_A.default.weight -- torch.Size([16, 11008])🧊 Frozen parameter: visual_prompter.obj_encoder.model.backbone.enc.enc1.block0.cpe.2.norm.1.weight -- torch.Size([96])

🔥 Tuned parameter: llm_model.base_model.model.model.layers.8.mlp.down_proj.lora_B.default.weight -- torch.Size([4096, 16])🧊 Frozen parameter: visual_prompter.obj_encoder.model.backbone.enc.enc1.block0.cpe.2.norm.1.bias -- torch.Size([96])

🧊 Frozen parameter: llm_model.base_model.model.model.layers.8.input_layernorm.weight -- torch.Size([4096])🧊 Frozen parameter: visual_prompter.obj_encoder.model.backbone.enc.enc1.block0.cpe.2.norm.2.weight -- torch.Size([96])

🧊 Frozen parameter: llm_model.base_model.model.model.layers.8.post_attention_layernorm.weight -- torch.Size([4096])🧊 Frozen parameter: visual_prompter.obj_encoder.model.backbone.enc.enc1.block0.cpe.2.norm.2.bias -- torch.Size([96])

🧊 Frozen parameter: llm_model.base_model.model.model.layers.9.self_attn.q_proj.base_layer.weight -- torch.Size([4096, 4096])🧊 Frozen parameter: visual_prompter.obj_encoder.model.backbone.enc.enc1.block0.norm1.0.norm.0.weight -- torch.Size([96])

🔥 Tuned parameter: llm_model.base_model.model.model.layers.9.self_attn.q_proj.lora_A.default.weight -- torch.Size([16, 4096])🧊 Frozen parameter: visual_prompter.obj_encoder.model.backbone.enc.enc1.block0.norm1.0.norm.0.bias -- torch.Size([96])

🔥 Tuned parameter: llm_model.base_model.model.model.layers.9.self_attn.q_proj.lora_B.default.weight -- torch.Size([4096, 16])🧊 Frozen parameter: visual_prompter.obj_encoder.model.backbone.enc.enc1.block0.norm1.0.norm.1.weight -- torch.Size([96])

🧊 Frozen parameter: llm_model.base_model.model.model.layers.9.self_attn.k_proj.base_layer.weight -- torch.Size([4096, 4096])🧊 Frozen parameter: visual_prompter.obj_encoder.model.backbone.enc.enc1.block0.norm1.0.norm.1.bias -- torch.Size([96])

🔥 Tuned parameter: llm_model.base_model.model.model.layers.9.self_attn.k_proj.lora_A.default.weight -- torch.Size([16, 4096])🧊 Frozen parameter: visual_prompter.obj_encoder.model.backbone.enc.enc1.block0.norm1.0.norm.2.weight -- torch.Size([96])

🔥 Tuned parameter: llm_model.base_model.model.model.layers.9.self_attn.k_proj.lora_B.default.weight -- torch.Size([4096, 16])🧊 Frozen parameter: visual_prompter.obj_encoder.model.backbone.enc.enc1.block0.norm1.0.norm.2.bias -- torch.Size([96])

🧊 Frozen parameter: llm_model.base_model.model.model.layers.9.self_attn.v_proj.base_layer.weight -- torch.Size([4096, 4096])🧊 Frozen parameter: visual_prompter.obj_encoder.model.backbone.enc.enc1.block0.attn.qkv.weight -- torch.Size([288, 96])

🔥 Tuned parameter: llm_model.base_model.model.model.layers.9.self_attn.v_proj.lora_A.default.weight -- torch.Size([16, 4096])🧊 Frozen parameter: visual_prompter.obj_encoder.model.backbone.enc.enc1.block0.attn.qkv.bias -- torch.Size([288])

🔥 Tuned parameter: llm_model.base_model.model.model.layers.9.self_attn.v_proj.lora_B.default.weight -- torch.Size([4096, 16])🧊 Frozen parameter: visual_prompter.obj_encoder.model.backbone.enc.enc1.block0.attn.proj.weight -- torch.Size([96, 96])

🧊 Frozen parameter: llm_model.base_model.model.model.layers.9.self_attn.o_proj.base_layer.weight -- torch.Size([4096, 4096])🧊 Frozen parameter: visual_prompter.obj_encoder.model.backbone.enc.enc1.block0.attn.proj.bias -- torch.Size([96])

🔥 Tuned parameter: llm_model.base_model.model.model.layers.9.self_attn.o_proj.lora_A.default.weight -- torch.Size([16, 4096])🧊 Frozen parameter: visual_prompter.obj_encoder.model.backbone.enc.enc1.block0.norm2.0.norm.0.weight -- torch.Size([96])

🔥 Tuned parameter: llm_model.base_model.model.model.layers.9.self_attn.o_proj.lora_B.default.weight -- torch.Size([4096, 16])🧊 Frozen parameter: visual_prompter.obj_encoder.model.backbone.enc.enc1.block0.norm2.0.norm.0.bias -- torch.Size([96])

🧊 Frozen parameter: llm_model.base_model.model.model.layers.9.mlp.gate_proj.base_layer.weight -- torch.Size([11008, 4096])🧊 Frozen parameter: visual_prompter.obj_encoder.model.backbone.enc.enc1.block0.norm2.0.norm.1.weight -- torch.Size([96])

🔥 Tuned parameter: llm_model.base_model.model.model.layers.9.mlp.gate_proj.lora_A.default.weight -- torch.Size([16, 4096])🧊 Frozen parameter: visual_prompter.obj_encoder.model.backbone.enc.enc1.block0.norm2.0.norm.1.bias -- torch.Size([96])

🔥 Tuned parameter: llm_model.base_model.model.model.layers.9.mlp.gate_proj.lora_B.default.weight -- torch.Size([11008, 16])🧊 Frozen parameter: visual_prompter.obj_encoder.model.backbone.enc.enc1.block0.norm2.0.norm.2.weight -- torch.Size([96])

🧊 Frozen parameter: llm_model.base_model.model.model.layers.9.mlp.up_proj.base_layer.weight -- torch.Size([11008, 4096])🧊 Frozen parameter: visual_prompter.obj_encoder.model.backbone.enc.enc1.block0.norm2.0.norm.2.bias -- torch.Size([96])

🔥 Tuned parameter: llm_model.base_model.model.model.layers.9.mlp.up_proj.lora_A.default.weight -- torch.Size([16, 4096])🧊 Frozen parameter: visual_prompter.obj_encoder.model.backbone.enc.enc1.block0.mlp.0.fc1.weight -- torch.Size([384, 96])

🔥 Tuned parameter: llm_model.base_model.model.model.layers.9.mlp.up_proj.lora_B.default.weight -- torch.Size([11008, 16])🧊 Frozen parameter: visual_prompter.obj_encoder.model.backbone.enc.enc1.block0.mlp.0.fc1.bias -- torch.Size([384])

🧊 Frozen parameter: llm_model.base_model.model.model.layers.9.mlp.down_proj.base_layer.weight -- torch.Size([4096, 11008])🧊 Frozen parameter: visual_prompter.obj_encoder.model.backbone.enc.enc1.block0.mlp.0.fc2.weight -- torch.Size([96, 384])

🔥 Tuned parameter: llm_model.base_model.model.model.layers.9.mlp.down_proj.lora_A.default.weight -- torch.Size([16, 11008])🧊 Frozen parameter: visual_prompter.obj_encoder.model.backbone.enc.enc1.block0.mlp.0.fc2.bias -- torch.Size([96])

🔥 Tuned parameter: llm_model.base_model.model.model.layers.9.mlp.down_proj.lora_B.default.weight -- torch.Size([4096, 16])
🧊 Frozen parameter: visual_prompter.obj_encoder.model.backbone.enc.enc1.block1.cpe.0.weight -- torch.Size([96, 3, 3, 3, 96])🧊 Frozen parameter: llm_model.base_model.model.model.layers.9.input_layernorm.weight -- torch.Size([4096])

🧊 Frozen parameter: visual_prompter.obj_encoder.model.backbone.enc.enc1.block1.cpe.0.bias -- torch.Size([96])🧊 Frozen parameter: llm_model.base_model.model.model.layers.9.post_attention_layernorm.weight -- torch.Size([4096])

🧊 Frozen parameter: visual_prompter.obj_encoder.model.backbone.enc.enc1.block1.cpe.1.weight -- torch.Size([96, 96])🧊 Frozen parameter: llm_model.base_model.model.model.layers.10.self_attn.q_proj.base_layer.weight -- torch.Size([4096, 4096])

🧊 Frozen parameter: visual_prompter.obj_encoder.model.backbone.enc.enc1.block1.cpe.1.bias -- torch.Size([96])🔥 Tuned parameter: llm_model.base_model.model.model.layers.10.self_attn.q_proj.lora_A.default.weight -- torch.Size([16, 4096])

🧊 Frozen parameter: visual_prompter.obj_encoder.model.backbone.enc.enc1.block1.cpe.2.norm.0.weight -- torch.Size([96])🔥 Tuned parameter: llm_model.base_model.model.model.layers.10.self_attn.q_proj.lora_B.default.weight -- torch.Size([4096, 16])

🧊 Frozen parameter: visual_prompter.obj_encoder.model.backbone.enc.enc1.block1.cpe.2.norm.0.bias -- torch.Size([96])🧊 Frozen parameter: llm_model.base_model.model.model.layers.10.self_attn.k_proj.base_layer.weight -- torch.Size([4096, 4096])

🧊 Frozen parameter: visual_prompter.obj_encoder.model.backbone.enc.enc1.block1.cpe.2.norm.1.weight -- torch.Size([96])🔥 Tuned parameter: llm_model.base_model.model.model.layers.10.self_attn.k_proj.lora_A.default.weight -- torch.Size([16, 4096])

🧊 Frozen parameter: visual_prompter.obj_encoder.model.backbone.enc.enc1.block1.cpe.2.norm.1.bias -- torch.Size([96])🔥 Tuned parameter: llm_model.base_model.model.model.layers.10.self_attn.k_proj.lora_B.default.weight -- torch.Size([4096, 16])

🧊 Frozen parameter: visual_prompter.obj_encoder.model.backbone.enc.enc1.block1.cpe.2.norm.2.weight -- torch.Size([96])🧊 Frozen parameter: llm_model.base_model.model.model.layers.10.self_attn.v_proj.base_layer.weight -- torch.Size([4096, 4096])

🧊 Frozen parameter: visual_prompter.obj_encoder.model.backbone.enc.enc1.block1.cpe.2.norm.2.bias -- torch.Size([96])🔥 Tuned parameter: llm_model.base_model.model.model.layers.10.self_attn.v_proj.lora_A.default.weight -- torch.Size([16, 4096])

🧊 Frozen parameter: visual_prompter.obj_encoder.model.backbone.enc.enc1.block1.norm1.0.norm.0.weight -- torch.Size([96])🔥 Tuned parameter: llm_model.base_model.model.model.layers.10.self_attn.v_proj.lora_B.default.weight -- torch.Size([4096, 16])

🧊 Frozen parameter: visual_prompter.obj_encoder.model.backbone.enc.enc1.block1.norm1.0.norm.0.bias -- torch.Size([96])
🧊 Frozen parameter: llm_model.base_model.model.model.layers.10.self_attn.o_proj.base_layer.weight -- torch.Size([4096, 4096])🧊 Frozen parameter: visual_prompter.obj_encoder.model.backbone.enc.enc1.block1.norm1.0.norm.1.weight -- torch.Size([96])

🔥 Tuned parameter: llm_model.base_model.model.model.layers.10.self_attn.o_proj.lora_A.default.weight -- torch.Size([16, 4096])🧊 Frozen parameter: visual_prompter.obj_encoder.model.backbone.enc.enc1.block1.norm1.0.norm.1.bias -- torch.Size([96])

🔥 Tuned parameter: llm_model.base_model.model.model.layers.10.self_attn.o_proj.lora_B.default.weight -- torch.Size([4096, 16])🧊 Frozen parameter: visual_prompter.obj_encoder.model.backbone.enc.enc1.block1.norm1.0.norm.2.weight -- torch.Size([96])

🧊 Frozen parameter: llm_model.base_model.model.model.layers.10.mlp.gate_proj.base_layer.weight -- torch.Size([11008, 4096])🧊 Frozen parameter: visual_prompter.obj_encoder.model.backbone.enc.enc1.block1.norm1.0.norm.2.bias -- torch.Size([96])

🔥 Tuned parameter: llm_model.base_model.model.model.layers.10.mlp.gate_proj.lora_A.default.weight -- torch.Size([16, 4096])🧊 Frozen parameter: visual_prompter.obj_encoder.model.backbone.enc.enc1.block1.attn.qkv.weight -- torch.Size([288, 96])

🔥 Tuned parameter: llm_model.base_model.model.model.layers.10.mlp.gate_proj.lora_B.default.weight -- torch.Size([11008, 16])🧊 Frozen parameter: visual_prompter.obj_encoder.model.backbone.enc.enc1.block1.attn.qkv.bias -- torch.Size([288])

🧊 Frozen parameter: llm_model.base_model.model.model.layers.10.mlp.up_proj.base_layer.weight -- torch.Size([11008, 4096])🧊 Frozen parameter: visual_prompter.obj_encoder.model.backbone.enc.enc1.block1.attn.proj.weight -- torch.Size([96, 96])

🔥 Tuned parameter: llm_model.base_model.model.model.layers.10.mlp.up_proj.lora_A.default.weight -- torch.Size([16, 4096])🧊 Frozen parameter: visual_prompter.obj_encoder.model.backbone.enc.enc1.block1.attn.proj.bias -- torch.Size([96])

🔥 Tuned parameter: llm_model.base_model.model.model.layers.10.mlp.up_proj.lora_B.default.weight -- torch.Size([11008, 16])
🧊 Frozen parameter: visual_prompter.obj_encoder.model.backbone.enc.enc1.block1.norm2.0.norm.0.weight -- torch.Size([96])🧊 Frozen parameter: llm_model.base_model.model.model.layers.10.mlp.down_proj.base_layer.weight -- torch.Size([4096, 11008])

🧊 Frozen parameter: visual_prompter.obj_encoder.model.backbone.enc.enc1.block1.norm2.0.norm.0.bias -- torch.Size([96])🔥 Tuned parameter: llm_model.base_model.model.model.layers.10.mlp.down_proj.lora_A.default.weight -- torch.Size([16, 11008])

🧊 Frozen parameter: visual_prompter.obj_encoder.model.backbone.enc.enc1.block1.norm2.0.norm.1.weight -- torch.Size([96])🔥 Tuned parameter: llm_model.base_model.model.model.layers.10.mlp.down_proj.lora_B.default.weight -- torch.Size([4096, 16])

🧊 Frozen parameter: visual_prompter.obj_encoder.model.backbone.enc.enc1.block1.norm2.0.norm.1.bias -- torch.Size([96])
🧊 Frozen parameter: llm_model.base_model.model.model.layers.10.input_layernorm.weight -- torch.Size([4096])🧊 Frozen parameter: visual_prompter.obj_encoder.model.backbone.enc.enc1.block1.norm2.0.norm.2.weight -- torch.Size([96])

🧊 Frozen parameter: llm_model.base_model.model.model.layers.10.post_attention_layernorm.weight -- torch.Size([4096])🧊 Frozen parameter: visual_prompter.obj_encoder.model.backbone.enc.enc1.block1.norm2.0.norm.2.bias -- torch.Size([96])

🧊 Frozen parameter: llm_model.base_model.model.model.layers.11.self_attn.q_proj.base_layer.weight -- torch.Size([4096, 4096])🧊 Frozen parameter: visual_prompter.obj_encoder.model.backbone.enc.enc1.block1.mlp.0.fc1.weight -- torch.Size([384, 96])

🔥 Tuned parameter: llm_model.base_model.model.model.layers.11.self_attn.q_proj.lora_A.default.weight -- torch.Size([16, 4096])🧊 Frozen parameter: visual_prompter.obj_encoder.model.backbone.enc.enc1.block1.mlp.0.fc1.bias -- torch.Size([384])

🔥 Tuned parameter: llm_model.base_model.model.model.layers.11.self_attn.q_proj.lora_B.default.weight -- torch.Size([4096, 16])🧊 Frozen parameter: visual_prompter.obj_encoder.model.backbone.enc.enc1.block1.mlp.0.fc2.weight -- torch.Size([96, 384])

🧊 Frozen parameter: llm_model.base_model.model.model.layers.11.self_attn.k_proj.base_layer.weight -- torch.Size([4096, 4096])🧊 Frozen parameter: visual_prompter.obj_encoder.model.backbone.enc.enc1.block1.mlp.0.fc2.bias -- torch.Size([96])

🔥 Tuned parameter: llm_model.base_model.model.model.layers.11.self_attn.k_proj.lora_A.default.weight -- torch.Size([16, 4096])🧊 Frozen parameter: visual_prompter.obj_encoder.model.backbone.enc.enc1.block2.cpe.0.weight -- torch.Size([96, 3, 3, 3, 96])

🔥 Tuned parameter: llm_model.base_model.model.model.layers.11.self_attn.k_proj.lora_B.default.weight -- torch.Size([4096, 16])🧊 Frozen parameter: visual_prompter.obj_encoder.model.backbone.enc.enc1.block2.cpe.0.bias -- torch.Size([96])

🧊 Frozen parameter: llm_model.base_model.model.model.layers.11.self_attn.v_proj.base_layer.weight -- torch.Size([4096, 4096])🧊 Frozen parameter: visual_prompter.obj_encoder.model.backbone.enc.enc1.block2.cpe.1.weight -- torch.Size([96, 96])

🔥 Tuned parameter: llm_model.base_model.model.model.layers.11.self_attn.v_proj.lora_A.default.weight -- torch.Size([16, 4096])🧊 Frozen parameter: visual_prompter.obj_encoder.model.backbone.enc.enc1.block2.cpe.1.bias -- torch.Size([96])

🔥 Tuned parameter: llm_model.base_model.model.model.layers.11.self_attn.v_proj.lora_B.default.weight -- torch.Size([4096, 16])🧊 Frozen parameter: visual_prompter.obj_encoder.model.backbone.enc.enc1.block2.cpe.2.norm.0.weight -- torch.Size([96])

🧊 Frozen parameter: llm_model.base_model.model.model.layers.11.self_attn.o_proj.base_layer.weight -- torch.Size([4096, 4096])🧊 Frozen parameter: visual_prompter.obj_encoder.model.backbone.enc.enc1.block2.cpe.2.norm.0.bias -- torch.Size([96])

🔥 Tuned parameter: llm_model.base_model.model.model.layers.11.self_attn.o_proj.lora_A.default.weight -- torch.Size([16, 4096])🧊 Frozen parameter: visual_prompter.obj_encoder.model.backbone.enc.enc1.block2.cpe.2.norm.1.weight -- torch.Size([96])

🔥 Tuned parameter: llm_model.base_model.model.model.layers.11.self_attn.o_proj.lora_B.default.weight -- torch.Size([4096, 16])🧊 Frozen parameter: visual_prompter.obj_encoder.model.backbone.enc.enc1.block2.cpe.2.norm.1.bias -- torch.Size([96])

🧊 Frozen parameter: llm_model.base_model.model.model.layers.11.mlp.gate_proj.base_layer.weight -- torch.Size([11008, 4096])🧊 Frozen parameter: visual_prompter.obj_encoder.model.backbone.enc.enc1.block2.cpe.2.norm.2.weight -- torch.Size([96])

🔥 Tuned parameter: llm_model.base_model.model.model.layers.11.mlp.gate_proj.lora_A.default.weight -- torch.Size([16, 4096])🧊 Frozen parameter: visual_prompter.obj_encoder.model.backbone.enc.enc1.block2.cpe.2.norm.2.bias -- torch.Size([96])

🔥 Tuned parameter: llm_model.base_model.model.model.layers.11.mlp.gate_proj.lora_B.default.weight -- torch.Size([11008, 16])🧊 Frozen parameter: visual_prompter.obj_encoder.model.backbone.enc.enc1.block2.norm1.0.norm.0.weight -- torch.Size([96])

🧊 Frozen parameter: llm_model.base_model.model.model.layers.11.mlp.up_proj.base_layer.weight -- torch.Size([11008, 4096])🧊 Frozen parameter: visual_prompter.obj_encoder.model.backbone.enc.enc1.block2.norm1.0.norm.0.bias -- torch.Size([96])

🔥 Tuned parameter: llm_model.base_model.model.model.layers.11.mlp.up_proj.lora_A.default.weight -- torch.Size([16, 4096])🧊 Frozen parameter: visual_prompter.obj_encoder.model.backbone.enc.enc1.block2.norm1.0.norm.1.weight -- torch.Size([96])

🔥 Tuned parameter: llm_model.base_model.model.model.layers.11.mlp.up_proj.lora_B.default.weight -- torch.Size([11008, 16])🧊 Frozen parameter: visual_prompter.obj_encoder.model.backbone.enc.enc1.block2.norm1.0.norm.1.bias -- torch.Size([96])

🧊 Frozen parameter: llm_model.base_model.model.model.layers.11.mlp.down_proj.base_layer.weight -- torch.Size([4096, 11008])🧊 Frozen parameter: visual_prompter.obj_encoder.model.backbone.enc.enc1.block2.norm1.0.norm.2.weight -- torch.Size([96])

🔥 Tuned parameter: llm_model.base_model.model.model.layers.11.mlp.down_proj.lora_A.default.weight -- torch.Size([16, 11008])🧊 Frozen parameter: visual_prompter.obj_encoder.model.backbone.enc.enc1.block2.norm1.0.norm.2.bias -- torch.Size([96])

🔥 Tuned parameter: llm_model.base_model.model.model.layers.11.mlp.down_proj.lora_B.default.weight -- torch.Size([4096, 16])🧊 Frozen parameter: visual_prompter.obj_encoder.model.backbone.enc.enc1.block2.attn.qkv.weight -- torch.Size([288, 96])

🧊 Frozen parameter: llm_model.base_model.model.model.layers.11.input_layernorm.weight -- torch.Size([4096])🧊 Frozen parameter: visual_prompter.obj_encoder.model.backbone.enc.enc1.block2.attn.qkv.bias -- torch.Size([288])

🧊 Frozen parameter: llm_model.base_model.model.model.layers.11.post_attention_layernorm.weight -- torch.Size([4096])🧊 Frozen parameter: visual_prompter.obj_encoder.model.backbone.enc.enc1.block2.attn.proj.weight -- torch.Size([96, 96])

🧊 Frozen parameter: llm_model.base_model.model.model.layers.12.self_attn.q_proj.base_layer.weight -- torch.Size([4096, 4096])🧊 Frozen parameter: visual_prompter.obj_encoder.model.backbone.enc.enc1.block2.attn.proj.bias -- torch.Size([96])

🔥 Tuned parameter: llm_model.base_model.model.model.layers.12.self_attn.q_proj.lora_A.default.weight -- torch.Size([16, 4096])🧊 Frozen parameter: visual_prompter.obj_encoder.model.backbone.enc.enc1.block2.norm2.0.norm.0.weight -- torch.Size([96])

🔥 Tuned parameter: llm_model.base_model.model.model.layers.12.self_attn.q_proj.lora_B.default.weight -- torch.Size([4096, 16])🧊 Frozen parameter: visual_prompter.obj_encoder.model.backbone.enc.enc1.block2.norm2.0.norm.0.bias -- torch.Size([96])

🧊 Frozen parameter: llm_model.base_model.model.model.layers.12.self_attn.k_proj.base_layer.weight -- torch.Size([4096, 4096])🧊 Frozen parameter: visual_prompter.obj_encoder.model.backbone.enc.enc1.block2.norm2.0.norm.1.weight -- torch.Size([96])

🔥 Tuned parameter: llm_model.base_model.model.model.layers.12.self_attn.k_proj.lora_A.default.weight -- torch.Size([16, 4096])🧊 Frozen parameter: visual_prompter.obj_encoder.model.backbone.enc.enc1.block2.norm2.0.norm.1.bias -- torch.Size([96])

🔥 Tuned parameter: llm_model.base_model.model.model.layers.12.self_attn.k_proj.lora_B.default.weight -- torch.Size([4096, 16])🧊 Frozen parameter: visual_prompter.obj_encoder.model.backbone.enc.enc1.block2.norm2.0.norm.2.weight -- torch.Size([96])

🧊 Frozen parameter: llm_model.base_model.model.model.layers.12.self_attn.v_proj.base_layer.weight -- torch.Size([4096, 4096])🧊 Frozen parameter: visual_prompter.obj_encoder.model.backbone.enc.enc1.block2.norm2.0.norm.2.bias -- torch.Size([96])

🔥 Tuned parameter: llm_model.base_model.model.model.layers.12.self_attn.v_proj.lora_A.default.weight -- torch.Size([16, 4096])🧊 Frozen parameter: visual_prompter.obj_encoder.model.backbone.enc.enc1.block2.mlp.0.fc1.weight -- torch.Size([384, 96])

🔥 Tuned parameter: llm_model.base_model.model.model.layers.12.self_attn.v_proj.lora_B.default.weight -- torch.Size([4096, 16])🧊 Frozen parameter: visual_prompter.obj_encoder.model.backbone.enc.enc1.block2.mlp.0.fc1.bias -- torch.Size([384])

🧊 Frozen parameter: llm_model.base_model.model.model.layers.12.self_attn.o_proj.base_layer.weight -- torch.Size([4096, 4096])🧊 Frozen parameter: visual_prompter.obj_encoder.model.backbone.enc.enc1.block2.mlp.0.fc2.weight -- torch.Size([96, 384])

🔥 Tuned parameter: llm_model.base_model.model.model.layers.12.self_attn.o_proj.lora_A.default.weight -- torch.Size([16, 4096])🧊 Frozen parameter: visual_prompter.obj_encoder.model.backbone.enc.enc1.block2.mlp.0.fc2.bias -- torch.Size([96])

🔥 Tuned parameter: llm_model.base_model.model.model.layers.12.self_attn.o_proj.lora_B.default.weight -- torch.Size([4096, 16])🧊 Frozen parameter: visual_prompter.obj_encoder.model.backbone.enc.enc2.down.proj.weight -- torch.Size([192, 96])

🧊 Frozen parameter: llm_model.base_model.model.model.layers.12.mlp.gate_proj.base_layer.weight -- torch.Size([11008, 4096])🧊 Frozen parameter: visual_prompter.obj_encoder.model.backbone.enc.enc2.down.proj.bias -- torch.Size([192])

🔥 Tuned parameter: llm_model.base_model.model.model.layers.12.mlp.gate_proj.lora_A.default.weight -- torch.Size([16, 4096])🧊 Frozen parameter: visual_prompter.obj_encoder.model.backbone.enc.enc2.down.norm.0.norm.0.weight -- torch.Size([192])

🔥 Tuned parameter: llm_model.base_model.model.model.layers.12.mlp.gate_proj.lora_B.default.weight -- torch.Size([11008, 16])🧊 Frozen parameter: visual_prompter.obj_encoder.model.backbone.enc.enc2.down.norm.0.norm.0.bias -- torch.Size([192])

🧊 Frozen parameter: llm_model.base_model.model.model.layers.12.mlp.up_proj.base_layer.weight -- torch.Size([11008, 4096])🧊 Frozen parameter: visual_prompter.obj_encoder.model.backbone.enc.enc2.down.norm.0.norm.1.weight -- torch.Size([192])

🔥 Tuned parameter: llm_model.base_model.model.model.layers.12.mlp.up_proj.lora_A.default.weight -- torch.Size([16, 4096])🧊 Frozen parameter: visual_prompter.obj_encoder.model.backbone.enc.enc2.down.norm.0.norm.1.bias -- torch.Size([192])

🔥 Tuned parameter: llm_model.base_model.model.model.layers.12.mlp.up_proj.lora_B.default.weight -- torch.Size([11008, 16])🧊 Frozen parameter: visual_prompter.obj_encoder.model.backbone.enc.enc2.down.norm.0.norm.2.weight -- torch.Size([192])

🧊 Frozen parameter: llm_model.base_model.model.model.layers.12.mlp.down_proj.base_layer.weight -- torch.Size([4096, 11008])🧊 Frozen parameter: visual_prompter.obj_encoder.model.backbone.enc.enc2.down.norm.0.norm.2.bias -- torch.Size([192])

🔥 Tuned parameter: llm_model.base_model.model.model.layers.12.mlp.down_proj.lora_A.default.weight -- torch.Size([16, 11008])🧊 Frozen parameter: visual_prompter.obj_encoder.model.backbone.enc.enc2.block0.cpe.0.weight -- torch.Size([192, 3, 3, 3, 192])

🔥 Tuned parameter: llm_model.base_model.model.model.layers.12.mlp.down_proj.lora_B.default.weight -- torch.Size([4096, 16])🧊 Frozen parameter: visual_prompter.obj_encoder.model.backbone.enc.enc2.block0.cpe.0.bias -- torch.Size([192])

🧊 Frozen parameter: llm_model.base_model.model.model.layers.12.input_layernorm.weight -- torch.Size([4096])🧊 Frozen parameter: visual_prompter.obj_encoder.model.backbone.enc.enc2.block0.cpe.1.weight -- torch.Size([192, 192])

🧊 Frozen parameter: llm_model.base_model.model.model.layers.12.post_attention_layernorm.weight -- torch.Size([4096])🧊 Frozen parameter: visual_prompter.obj_encoder.model.backbone.enc.enc2.block0.cpe.1.bias -- torch.Size([192])

🧊 Frozen parameter: llm_model.base_model.model.model.layers.13.self_attn.q_proj.base_layer.weight -- torch.Size([4096, 4096])🧊 Frozen parameter: visual_prompter.obj_encoder.model.backbone.enc.enc2.block0.cpe.2.norm.0.weight -- torch.Size([192])

🔥 Tuned parameter: llm_model.base_model.model.model.layers.13.self_attn.q_proj.lora_A.default.weight -- torch.Size([16, 4096])🧊 Frozen parameter: visual_prompter.obj_encoder.model.backbone.enc.enc2.block0.cpe.2.norm.0.bias -- torch.Size([192])

🔥 Tuned parameter: llm_model.base_model.model.model.layers.13.self_attn.q_proj.lora_B.default.weight -- torch.Size([4096, 16])🧊 Frozen parameter: visual_prompter.obj_encoder.model.backbone.enc.enc2.block0.cpe.2.norm.1.weight -- torch.Size([192])

🧊 Frozen parameter: llm_model.base_model.model.model.layers.13.self_attn.k_proj.base_layer.weight -- torch.Size([4096, 4096])🧊 Frozen parameter: visual_prompter.obj_encoder.model.backbone.enc.enc2.block0.cpe.2.norm.1.bias -- torch.Size([192])

🔥 Tuned parameter: llm_model.base_model.model.model.layers.13.self_attn.k_proj.lora_A.default.weight -- torch.Size([16, 4096])🧊 Frozen parameter: visual_prompter.obj_encoder.model.backbone.enc.enc2.block0.cpe.2.norm.2.weight -- torch.Size([192])

🔥 Tuned parameter: llm_model.base_model.model.model.layers.13.self_attn.k_proj.lora_B.default.weight -- torch.Size([4096, 16])🧊 Frozen parameter: visual_prompter.obj_encoder.model.backbone.enc.enc2.block0.cpe.2.norm.2.bias -- torch.Size([192])

🧊 Frozen parameter: llm_model.base_model.model.model.layers.13.self_attn.v_proj.base_layer.weight -- torch.Size([4096, 4096])🧊 Frozen parameter: visual_prompter.obj_encoder.model.backbone.enc.enc2.block0.norm1.0.norm.0.weight -- torch.Size([192])

🔥 Tuned parameter: llm_model.base_model.model.model.layers.13.self_attn.v_proj.lora_A.default.weight -- torch.Size([16, 4096])🧊 Frozen parameter: visual_prompter.obj_encoder.model.backbone.enc.enc2.block0.norm1.0.norm.0.bias -- torch.Size([192])

🔥 Tuned parameter: llm_model.base_model.model.model.layers.13.self_attn.v_proj.lora_B.default.weight -- torch.Size([4096, 16])🧊 Frozen parameter: visual_prompter.obj_encoder.model.backbone.enc.enc2.block0.norm1.0.norm.1.weight -- torch.Size([192])

🧊 Frozen parameter: llm_model.base_model.model.model.layers.13.self_attn.o_proj.base_layer.weight -- torch.Size([4096, 4096])🧊 Frozen parameter: visual_prompter.obj_encoder.model.backbone.enc.enc2.block0.norm1.0.norm.1.bias -- torch.Size([192])

🔥 Tuned parameter: llm_model.base_model.model.model.layers.13.self_attn.o_proj.lora_A.default.weight -- torch.Size([16, 4096])🧊 Frozen parameter: visual_prompter.obj_encoder.model.backbone.enc.enc2.block0.norm1.0.norm.2.weight -- torch.Size([192])

🔥 Tuned parameter: llm_model.base_model.model.model.layers.13.self_attn.o_proj.lora_B.default.weight -- torch.Size([4096, 16])🧊 Frozen parameter: visual_prompter.obj_encoder.model.backbone.enc.enc2.block0.norm1.0.norm.2.bias -- torch.Size([192])

🧊 Frozen parameter: llm_model.base_model.model.model.layers.13.mlp.gate_proj.base_layer.weight -- torch.Size([11008, 4096])🧊 Frozen parameter: visual_prompter.obj_encoder.model.backbone.enc.enc2.block0.attn.qkv.weight -- torch.Size([576, 192])

🔥 Tuned parameter: llm_model.base_model.model.model.layers.13.mlp.gate_proj.lora_A.default.weight -- torch.Size([16, 4096])🧊 Frozen parameter: visual_prompter.obj_encoder.model.backbone.enc.enc2.block0.attn.qkv.bias -- torch.Size([576])

🔥 Tuned parameter: llm_model.base_model.model.model.layers.13.mlp.gate_proj.lora_B.default.weight -- torch.Size([11008, 16])🧊 Frozen parameter: visual_prompter.obj_encoder.model.backbone.enc.enc2.block0.attn.proj.weight -- torch.Size([192, 192])

🧊 Frozen parameter: llm_model.base_model.model.model.layers.13.mlp.up_proj.base_layer.weight -- torch.Size([11008, 4096])🧊 Frozen parameter: visual_prompter.obj_encoder.model.backbone.enc.enc2.block0.attn.proj.bias -- torch.Size([192])

🔥 Tuned parameter: llm_model.base_model.model.model.layers.13.mlp.up_proj.lora_A.default.weight -- torch.Size([16, 4096])🧊 Frozen parameter: visual_prompter.obj_encoder.model.backbone.enc.enc2.block0.norm2.0.norm.0.weight -- torch.Size([192])

🔥 Tuned parameter: llm_model.base_model.model.model.layers.13.mlp.up_proj.lora_B.default.weight -- torch.Size([11008, 16])🧊 Frozen parameter: visual_prompter.obj_encoder.model.backbone.enc.enc2.block0.norm2.0.norm.0.bias -- torch.Size([192])

🧊 Frozen parameter: llm_model.base_model.model.model.layers.13.mlp.down_proj.base_layer.weight -- torch.Size([4096, 11008])🧊 Frozen parameter: visual_prompter.obj_encoder.model.backbone.enc.enc2.block0.norm2.0.norm.1.weight -- torch.Size([192])

🔥 Tuned parameter: llm_model.base_model.model.model.layers.13.mlp.down_proj.lora_A.default.weight -- torch.Size([16, 11008])🧊 Frozen parameter: visual_prompter.obj_encoder.model.backbone.enc.enc2.block0.norm2.0.norm.1.bias -- torch.Size([192])

🔥 Tuned parameter: llm_model.base_model.model.model.layers.13.mlp.down_proj.lora_B.default.weight -- torch.Size([4096, 16])🧊 Frozen parameter: visual_prompter.obj_encoder.model.backbone.enc.enc2.block0.norm2.0.norm.2.weight -- torch.Size([192])

🧊 Frozen parameter: llm_model.base_model.model.model.layers.13.input_layernorm.weight -- torch.Size([4096])🧊 Frozen parameter: visual_prompter.obj_encoder.model.backbone.enc.enc2.block0.norm2.0.norm.2.bias -- torch.Size([192])

🧊 Frozen parameter: llm_model.base_model.model.model.layers.13.post_attention_layernorm.weight -- torch.Size([4096])🧊 Frozen parameter: visual_prompter.obj_encoder.model.backbone.enc.enc2.block0.mlp.0.fc1.weight -- torch.Size([768, 192])

🧊 Frozen parameter: llm_model.base_model.model.model.layers.14.self_attn.q_proj.base_layer.weight -- torch.Size([4096, 4096])🧊 Frozen parameter: visual_prompter.obj_encoder.model.backbone.enc.enc2.block0.mlp.0.fc1.bias -- torch.Size([768])

🔥 Tuned parameter: llm_model.base_model.model.model.layers.14.self_attn.q_proj.lora_A.default.weight -- torch.Size([16, 4096])🧊 Frozen parameter: visual_prompter.obj_encoder.model.backbone.enc.enc2.block0.mlp.0.fc2.weight -- torch.Size([192, 768])

🔥 Tuned parameter: llm_model.base_model.model.model.layers.14.self_attn.q_proj.lora_B.default.weight -- torch.Size([4096, 16])🧊 Frozen parameter: visual_prompter.obj_encoder.model.backbone.enc.enc2.block0.mlp.0.fc2.bias -- torch.Size([192])

🧊 Frozen parameter: llm_model.base_model.model.model.layers.14.self_attn.k_proj.base_layer.weight -- torch.Size([4096, 4096])🧊 Frozen parameter: visual_prompter.obj_encoder.model.backbone.enc.enc2.block1.cpe.0.weight -- torch.Size([192, 3, 3, 3, 192])

🔥 Tuned parameter: llm_model.base_model.model.model.layers.14.self_attn.k_proj.lora_A.default.weight -- torch.Size([16, 4096])🧊 Frozen parameter: visual_prompter.obj_encoder.model.backbone.enc.enc2.block1.cpe.0.bias -- torch.Size([192])

🔥 Tuned parameter: llm_model.base_model.model.model.layers.14.self_attn.k_proj.lora_B.default.weight -- torch.Size([4096, 16])🧊 Frozen parameter: visual_prompter.obj_encoder.model.backbone.enc.enc2.block1.cpe.1.weight -- torch.Size([192, 192])

🧊 Frozen parameter: llm_model.base_model.model.model.layers.14.self_attn.v_proj.base_layer.weight -- torch.Size([4096, 4096])🧊 Frozen parameter: visual_prompter.obj_encoder.model.backbone.enc.enc2.block1.cpe.1.bias -- torch.Size([192])

🔥 Tuned parameter: llm_model.base_model.model.model.layers.14.self_attn.v_proj.lora_A.default.weight -- torch.Size([16, 4096])🧊 Frozen parameter: visual_prompter.obj_encoder.model.backbone.enc.enc2.block1.cpe.2.norm.0.weight -- torch.Size([192])

🔥 Tuned parameter: llm_model.base_model.model.model.layers.14.self_attn.v_proj.lora_B.default.weight -- torch.Size([4096, 16])🧊 Frozen parameter: visual_prompter.obj_encoder.model.backbone.enc.enc2.block1.cpe.2.norm.0.bias -- torch.Size([192])

🧊 Frozen parameter: llm_model.base_model.model.model.layers.14.self_attn.o_proj.base_layer.weight -- torch.Size([4096, 4096])🧊 Frozen parameter: visual_prompter.obj_encoder.model.backbone.enc.enc2.block1.cpe.2.norm.1.weight -- torch.Size([192])

🔥 Tuned parameter: llm_model.base_model.model.model.layers.14.self_attn.o_proj.lora_A.default.weight -- torch.Size([16, 4096])🧊 Frozen parameter: visual_prompter.obj_encoder.model.backbone.enc.enc2.block1.cpe.2.norm.1.bias -- torch.Size([192])

🔥 Tuned parameter: llm_model.base_model.model.model.layers.14.self_attn.o_proj.lora_B.default.weight -- torch.Size([4096, 16])🧊 Frozen parameter: visual_prompter.obj_encoder.model.backbone.enc.enc2.block1.cpe.2.norm.2.weight -- torch.Size([192])

🧊 Frozen parameter: llm_model.base_model.model.model.layers.14.mlp.gate_proj.base_layer.weight -- torch.Size([11008, 4096])🧊 Frozen parameter: visual_prompter.obj_encoder.model.backbone.enc.enc2.block1.cpe.2.norm.2.bias -- torch.Size([192])

🔥 Tuned parameter: llm_model.base_model.model.model.layers.14.mlp.gate_proj.lora_A.default.weight -- torch.Size([16, 4096])🧊 Frozen parameter: visual_prompter.obj_encoder.model.backbone.enc.enc2.block1.norm1.0.norm.0.weight -- torch.Size([192])

🔥 Tuned parameter: llm_model.base_model.model.model.layers.14.mlp.gate_proj.lora_B.default.weight -- torch.Size([11008, 16])🧊 Frozen parameter: visual_prompter.obj_encoder.model.backbone.enc.enc2.block1.norm1.0.norm.0.bias -- torch.Size([192])

🧊 Frozen parameter: llm_model.base_model.model.model.layers.14.mlp.up_proj.base_layer.weight -- torch.Size([11008, 4096])🧊 Frozen parameter: visual_prompter.obj_encoder.model.backbone.enc.enc2.block1.norm1.0.norm.1.weight -- torch.Size([192])

🔥 Tuned parameter: llm_model.base_model.model.model.layers.14.mlp.up_proj.lora_A.default.weight -- torch.Size([16, 4096])🧊 Frozen parameter: visual_prompter.obj_encoder.model.backbone.enc.enc2.block1.norm1.0.norm.1.bias -- torch.Size([192])

🔥 Tuned parameter: llm_model.base_model.model.model.layers.14.mlp.up_proj.lora_B.default.weight -- torch.Size([11008, 16])🧊 Frozen parameter: visual_prompter.obj_encoder.model.backbone.enc.enc2.block1.norm1.0.norm.2.weight -- torch.Size([192])

🧊 Frozen parameter: llm_model.base_model.model.model.layers.14.mlp.down_proj.base_layer.weight -- torch.Size([4096, 11008])🧊 Frozen parameter: visual_prompter.obj_encoder.model.backbone.enc.enc2.block1.norm1.0.norm.2.bias -- torch.Size([192])

🔥 Tuned parameter: llm_model.base_model.model.model.layers.14.mlp.down_proj.lora_A.default.weight -- torch.Size([16, 11008])🧊 Frozen parameter: visual_prompter.obj_encoder.model.backbone.enc.enc2.block1.attn.qkv.weight -- torch.Size([576, 192])

🔥 Tuned parameter: llm_model.base_model.model.model.layers.14.mlp.down_proj.lora_B.default.weight -- torch.Size([4096, 16])🧊 Frozen parameter: visual_prompter.obj_encoder.model.backbone.enc.enc2.block1.attn.qkv.bias -- torch.Size([576])

🧊 Frozen parameter: llm_model.base_model.model.model.layers.14.input_layernorm.weight -- torch.Size([4096])🧊 Frozen parameter: visual_prompter.obj_encoder.model.backbone.enc.enc2.block1.attn.proj.weight -- torch.Size([192, 192])

🧊 Frozen parameter: llm_model.base_model.model.model.layers.14.post_attention_layernorm.weight -- torch.Size([4096])🧊 Frozen parameter: visual_prompter.obj_encoder.model.backbone.enc.enc2.block1.attn.proj.bias -- torch.Size([192])

🧊 Frozen parameter: llm_model.base_model.model.model.layers.15.self_attn.q_proj.base_layer.weight -- torch.Size([4096, 4096])
🧊 Frozen parameter: visual_prompter.obj_encoder.model.backbone.enc.enc2.block1.norm2.0.norm.0.weight -- torch.Size([192])🔥 Tuned parameter: llm_model.base_model.model.model.layers.15.self_attn.q_proj.lora_A.default.weight -- torch.Size([16, 4096])

🧊 Frozen parameter: visual_prompter.obj_encoder.model.backbone.enc.enc2.block1.norm2.0.norm.0.bias -- torch.Size([192])🔥 Tuned parameter: llm_model.base_model.model.model.layers.15.self_attn.q_proj.lora_B.default.weight -- torch.Size([4096, 16])

🧊 Frozen parameter: visual_prompter.obj_encoder.model.backbone.enc.enc2.block1.norm2.0.norm.1.weight -- torch.Size([192])🧊 Frozen parameter: llm_model.base_model.model.model.layers.15.self_attn.k_proj.base_layer.weight -- torch.Size([4096, 4096])

🧊 Frozen parameter: visual_prompter.obj_encoder.model.backbone.enc.enc2.block1.norm2.0.norm.1.bias -- torch.Size([192])🔥 Tuned parameter: llm_model.base_model.model.model.layers.15.self_attn.k_proj.lora_A.default.weight -- torch.Size([16, 4096])

🧊 Frozen parameter: visual_prompter.obj_encoder.model.backbone.enc.enc2.block1.norm2.0.norm.2.weight -- torch.Size([192])🔥 Tuned parameter: llm_model.base_model.model.model.layers.15.self_attn.k_proj.lora_B.default.weight -- torch.Size([4096, 16])

🧊 Frozen parameter: visual_prompter.obj_encoder.model.backbone.enc.enc2.block1.norm2.0.norm.2.bias -- torch.Size([192])
🧊 Frozen parameter: llm_model.base_model.model.model.layers.15.self_attn.v_proj.base_layer.weight -- torch.Size([4096, 4096])🧊 Frozen parameter: visual_prompter.obj_encoder.model.backbone.enc.enc2.block1.mlp.0.fc1.weight -- torch.Size([768, 192])

🔥 Tuned parameter: llm_model.base_model.model.model.layers.15.self_attn.v_proj.lora_A.default.weight -- torch.Size([16, 4096])🧊 Frozen parameter: visual_prompter.obj_encoder.model.backbone.enc.enc2.block1.mlp.0.fc1.bias -- torch.Size([768])

🔥 Tuned parameter: llm_model.base_model.model.model.layers.15.self_attn.v_proj.lora_B.default.weight -- torch.Size([4096, 16])🧊 Frozen parameter: visual_prompter.obj_encoder.model.backbone.enc.enc2.block1.mlp.0.fc2.weight -- torch.Size([192, 768])

🧊 Frozen parameter: llm_model.base_model.model.model.layers.15.self_attn.o_proj.base_layer.weight -- torch.Size([4096, 4096])🧊 Frozen parameter: visual_prompter.obj_encoder.model.backbone.enc.enc2.block1.mlp.0.fc2.bias -- torch.Size([192])

🔥 Tuned parameter: llm_model.base_model.model.model.layers.15.self_attn.o_proj.lora_A.default.weight -- torch.Size([16, 4096])
🧊 Frozen parameter: visual_prompter.obj_encoder.model.backbone.enc.enc2.block2.cpe.0.weight -- torch.Size([192, 3, 3, 3, 192])🔥 Tuned parameter: llm_model.base_model.model.model.layers.15.self_attn.o_proj.lora_B.default.weight -- torch.Size([4096, 16])

🧊 Frozen parameter: visual_prompter.obj_encoder.model.backbone.enc.enc2.block2.cpe.0.bias -- torch.Size([192])
🧊 Frozen parameter: llm_model.base_model.model.model.layers.15.mlp.gate_proj.base_layer.weight -- torch.Size([11008, 4096])🧊 Frozen parameter: visual_prompter.obj_encoder.model.backbone.enc.enc2.block2.cpe.1.weight -- torch.Size([192, 192])

🔥 Tuned parameter: llm_model.base_model.model.model.layers.15.mlp.gate_proj.lora_A.default.weight -- torch.Size([16, 4096])🧊 Frozen parameter: visual_prompter.obj_encoder.model.backbone.enc.enc2.block2.cpe.1.bias -- torch.Size([192])

🔥 Tuned parameter: llm_model.base_model.model.model.layers.15.mlp.gate_proj.lora_B.default.weight -- torch.Size([11008, 16])🧊 Frozen parameter: visual_prompter.obj_encoder.model.backbone.enc.enc2.block2.cpe.2.norm.0.weight -- torch.Size([192])

🧊 Frozen parameter: llm_model.base_model.model.model.layers.15.mlp.up_proj.base_layer.weight -- torch.Size([11008, 4096])🧊 Frozen parameter: visual_prompter.obj_encoder.model.backbone.enc.enc2.block2.cpe.2.norm.0.bias -- torch.Size([192])

🔥 Tuned parameter: llm_model.base_model.model.model.layers.15.mlp.up_proj.lora_A.default.weight -- torch.Size([16, 4096])🧊 Frozen parameter: visual_prompter.obj_encoder.model.backbone.enc.enc2.block2.cpe.2.norm.1.weight -- torch.Size([192])

🔥 Tuned parameter: llm_model.base_model.model.model.layers.15.mlp.up_proj.lora_B.default.weight -- torch.Size([11008, 16])🧊 Frozen parameter: visual_prompter.obj_encoder.model.backbone.enc.enc2.block2.cpe.2.norm.1.bias -- torch.Size([192])

🧊 Frozen parameter: llm_model.base_model.model.model.layers.15.mlp.down_proj.base_layer.weight -- torch.Size([4096, 11008])🧊 Frozen parameter: visual_prompter.obj_encoder.model.backbone.enc.enc2.block2.cpe.2.norm.2.weight -- torch.Size([192])

🔥 Tuned parameter: llm_model.base_model.model.model.layers.15.mlp.down_proj.lora_A.default.weight -- torch.Size([16, 11008])🧊 Frozen parameter: visual_prompter.obj_encoder.model.backbone.enc.enc2.block2.cpe.2.norm.2.bias -- torch.Size([192])

🔥 Tuned parameter: llm_model.base_model.model.model.layers.15.mlp.down_proj.lora_B.default.weight -- torch.Size([4096, 16])🧊 Frozen parameter: visual_prompter.obj_encoder.model.backbone.enc.enc2.block2.norm1.0.norm.0.weight -- torch.Size([192])

🧊 Frozen parameter: llm_model.base_model.model.model.layers.15.input_layernorm.weight -- torch.Size([4096])🧊 Frozen parameter: visual_prompter.obj_encoder.model.backbone.enc.enc2.block2.norm1.0.norm.0.bias -- torch.Size([192])

🧊 Frozen parameter: llm_model.base_model.model.model.layers.15.post_attention_layernorm.weight -- torch.Size([4096])🧊 Frozen parameter: visual_prompter.obj_encoder.model.backbone.enc.enc2.block2.norm1.0.norm.1.weight -- torch.Size([192])

🧊 Frozen parameter: llm_model.base_model.model.model.layers.16.self_attn.q_proj.base_layer.weight -- torch.Size([4096, 4096])🧊 Frozen parameter: visual_prompter.obj_encoder.model.backbone.enc.enc2.block2.norm1.0.norm.1.bias -- torch.Size([192])

🔥 Tuned parameter: llm_model.base_model.model.model.layers.16.self_attn.q_proj.lora_A.default.weight -- torch.Size([16, 4096])🧊 Frozen parameter: visual_prompter.obj_encoder.model.backbone.enc.enc2.block2.norm1.0.norm.2.weight -- torch.Size([192])

🔥 Tuned parameter: llm_model.base_model.model.model.layers.16.self_attn.q_proj.lora_B.default.weight -- torch.Size([4096, 16])🧊 Frozen parameter: visual_prompter.obj_encoder.model.backbone.enc.enc2.block2.norm1.0.norm.2.bias -- torch.Size([192])

🧊 Frozen parameter: llm_model.base_model.model.model.layers.16.self_attn.k_proj.base_layer.weight -- torch.Size([4096, 4096])🧊 Frozen parameter: visual_prompter.obj_encoder.model.backbone.enc.enc2.block2.attn.qkv.weight -- torch.Size([576, 192])

🔥 Tuned parameter: llm_model.base_model.model.model.layers.16.self_attn.k_proj.lora_A.default.weight -- torch.Size([16, 4096])🧊 Frozen parameter: visual_prompter.obj_encoder.model.backbone.enc.enc2.block2.attn.qkv.bias -- torch.Size([576])

🔥 Tuned parameter: llm_model.base_model.model.model.layers.16.self_attn.k_proj.lora_B.default.weight -- torch.Size([4096, 16])🧊 Frozen parameter: visual_prompter.obj_encoder.model.backbone.enc.enc2.block2.attn.proj.weight -- torch.Size([192, 192])

🧊 Frozen parameter: llm_model.base_model.model.model.layers.16.self_attn.v_proj.base_layer.weight -- torch.Size([4096, 4096])🧊 Frozen parameter: visual_prompter.obj_encoder.model.backbone.enc.enc2.block2.attn.proj.bias -- torch.Size([192])

🔥 Tuned parameter: llm_model.base_model.model.model.layers.16.self_attn.v_proj.lora_A.default.weight -- torch.Size([16, 4096])🧊 Frozen parameter: visual_prompter.obj_encoder.model.backbone.enc.enc2.block2.norm2.0.norm.0.weight -- torch.Size([192])

🔥 Tuned parameter: llm_model.base_model.model.model.layers.16.self_attn.v_proj.lora_B.default.weight -- torch.Size([4096, 16])🧊 Frozen parameter: visual_prompter.obj_encoder.model.backbone.enc.enc2.block2.norm2.0.norm.0.bias -- torch.Size([192])

🧊 Frozen parameter: llm_model.base_model.model.model.layers.16.self_attn.o_proj.base_layer.weight -- torch.Size([4096, 4096])🧊 Frozen parameter: visual_prompter.obj_encoder.model.backbone.enc.enc2.block2.norm2.0.norm.1.weight -- torch.Size([192])

🔥 Tuned parameter: llm_model.base_model.model.model.layers.16.self_attn.o_proj.lora_A.default.weight -- torch.Size([16, 4096])🧊 Frozen parameter: visual_prompter.obj_encoder.model.backbone.enc.enc2.block2.norm2.0.norm.1.bias -- torch.Size([192])

🔥 Tuned parameter: llm_model.base_model.model.model.layers.16.self_attn.o_proj.lora_B.default.weight -- torch.Size([4096, 16])🧊 Frozen parameter: visual_prompter.obj_encoder.model.backbone.enc.enc2.block2.norm2.0.norm.2.weight -- torch.Size([192])

🧊 Frozen parameter: visual_prompter.obj_encoder.model.backbone.enc.enc2.block2.norm2.0.norm.2.bias -- torch.Size([192])🧊 Frozen parameter: llm_model.base_model.model.model.layers.16.mlp.gate_proj.base_layer.weight -- torch.Size([11008, 4096])

🧊 Frozen parameter: visual_prompter.obj_encoder.model.backbone.enc.enc2.block2.mlp.0.fc1.weight -- torch.Size([768, 192])🔥 Tuned parameter: llm_model.base_model.model.model.layers.16.mlp.gate_proj.lora_A.default.weight -- torch.Size([16, 4096])

🧊 Frozen parameter: visual_prompter.obj_encoder.model.backbone.enc.enc2.block2.mlp.0.fc1.bias -- torch.Size([768])🔥 Tuned parameter: llm_model.base_model.model.model.layers.16.mlp.gate_proj.lora_B.default.weight -- torch.Size([11008, 16])

🧊 Frozen parameter: visual_prompter.obj_encoder.model.backbone.enc.enc2.block2.mlp.0.fc2.weight -- torch.Size([192, 768])
🧊 Frozen parameter: llm_model.base_model.model.model.layers.16.mlp.up_proj.base_layer.weight -- torch.Size([11008, 4096])🧊 Frozen parameter: visual_prompter.obj_encoder.model.backbone.enc.enc2.block2.mlp.0.fc2.bias -- torch.Size([192])

🔥 Tuned parameter: llm_model.base_model.model.model.layers.16.mlp.up_proj.lora_A.default.weight -- torch.Size([16, 4096])🧊 Frozen parameter: visual_prompter.obj_encoder.model.backbone.enc.enc3.down.proj.weight -- torch.Size([384, 192])

🔥 Tuned parameter: llm_model.base_model.model.model.layers.16.mlp.up_proj.lora_B.default.weight -- torch.Size([11008, 16])🧊 Frozen parameter: visual_prompter.obj_encoder.model.backbone.enc.enc3.down.proj.bias -- torch.Size([384])

🧊 Frozen parameter: llm_model.base_model.model.model.layers.16.mlp.down_proj.base_layer.weight -- torch.Size([4096, 11008])🧊 Frozen parameter: visual_prompter.obj_encoder.model.backbone.enc.enc3.down.norm.0.norm.0.weight -- torch.Size([384])

🔥 Tuned parameter: llm_model.base_model.model.model.layers.16.mlp.down_proj.lora_A.default.weight -- torch.Size([16, 11008])🧊 Frozen parameter: visual_prompter.obj_encoder.model.backbone.enc.enc3.down.norm.0.norm.0.bias -- torch.Size([384])

🔥 Tuned parameter: llm_model.base_model.model.model.layers.16.mlp.down_proj.lora_B.default.weight -- torch.Size([4096, 16])🧊 Frozen parameter: visual_prompter.obj_encoder.model.backbone.enc.enc3.down.norm.0.norm.1.weight -- torch.Size([384])

🧊 Frozen parameter: llm_model.base_model.model.model.layers.16.input_layernorm.weight -- torch.Size([4096])🧊 Frozen parameter: visual_prompter.obj_encoder.model.backbone.enc.enc3.down.norm.0.norm.1.bias -- torch.Size([384])

🧊 Frozen parameter: llm_model.base_model.model.model.layers.16.post_attention_layernorm.weight -- torch.Size([4096])🧊 Frozen parameter: visual_prompter.obj_encoder.model.backbone.enc.enc3.down.norm.0.norm.2.weight -- torch.Size([384])

🧊 Frozen parameter: llm_model.base_model.model.model.layers.17.self_attn.q_proj.base_layer.weight -- torch.Size([4096, 4096])🧊 Frozen parameter: visual_prompter.obj_encoder.model.backbone.enc.enc3.down.norm.0.norm.2.bias -- torch.Size([384])

🔥 Tuned parameter: llm_model.base_model.model.model.layers.17.self_attn.q_proj.lora_A.default.weight -- torch.Size([16, 4096])🧊 Frozen parameter: visual_prompter.obj_encoder.model.backbone.enc.enc3.block0.cpe.0.weight -- torch.Size([384, 3, 3, 3, 384])

🔥 Tuned parameter: llm_model.base_model.model.model.layers.17.self_attn.q_proj.lora_B.default.weight -- torch.Size([4096, 16])🧊 Frozen parameter: visual_prompter.obj_encoder.model.backbone.enc.enc3.block0.cpe.0.bias -- torch.Size([384])

🧊 Frozen parameter: llm_model.base_model.model.model.layers.17.self_attn.k_proj.base_layer.weight -- torch.Size([4096, 4096])🧊 Frozen parameter: visual_prompter.obj_encoder.model.backbone.enc.enc3.block0.cpe.1.weight -- torch.Size([384, 384])

🔥 Tuned parameter: llm_model.base_model.model.model.layers.17.self_attn.k_proj.lora_A.default.weight -- torch.Size([16, 4096])🧊 Frozen parameter: visual_prompter.obj_encoder.model.backbone.enc.enc3.block0.cpe.1.bias -- torch.Size([384])

🔥 Tuned parameter: llm_model.base_model.model.model.layers.17.self_attn.k_proj.lora_B.default.weight -- torch.Size([4096, 16])🧊 Frozen parameter: visual_prompter.obj_encoder.model.backbone.enc.enc3.block0.cpe.2.norm.0.weight -- torch.Size([384])

🧊 Frozen parameter: llm_model.base_model.model.model.layers.17.self_attn.v_proj.base_layer.weight -- torch.Size([4096, 4096])🧊 Frozen parameter: visual_prompter.obj_encoder.model.backbone.enc.enc3.block0.cpe.2.norm.0.bias -- torch.Size([384])

🔥 Tuned parameter: llm_model.base_model.model.model.layers.17.self_attn.v_proj.lora_A.default.weight -- torch.Size([16, 4096])🧊 Frozen parameter: visual_prompter.obj_encoder.model.backbone.enc.enc3.block0.cpe.2.norm.1.weight -- torch.Size([384])

🔥 Tuned parameter: llm_model.base_model.model.model.layers.17.self_attn.v_proj.lora_B.default.weight -- torch.Size([4096, 16])🧊 Frozen parameter: visual_prompter.obj_encoder.model.backbone.enc.enc3.block0.cpe.2.norm.1.bias -- torch.Size([384])

🧊 Frozen parameter: llm_model.base_model.model.model.layers.17.self_attn.o_proj.base_layer.weight -- torch.Size([4096, 4096])🧊 Frozen parameter: visual_prompter.obj_encoder.model.backbone.enc.enc3.block0.cpe.2.norm.2.weight -- torch.Size([384])

🔥 Tuned parameter: llm_model.base_model.model.model.layers.17.self_attn.o_proj.lora_A.default.weight -- torch.Size([16, 4096])🧊 Frozen parameter: visual_prompter.obj_encoder.model.backbone.enc.enc3.block0.cpe.2.norm.2.bias -- torch.Size([384])

🔥 Tuned parameter: llm_model.base_model.model.model.layers.17.self_attn.o_proj.lora_B.default.weight -- torch.Size([4096, 16])🧊 Frozen parameter: visual_prompter.obj_encoder.model.backbone.enc.enc3.block0.norm1.0.norm.0.weight -- torch.Size([384])

🧊 Frozen parameter: visual_prompter.obj_encoder.model.backbone.enc.enc3.block0.norm1.0.norm.0.bias -- torch.Size([384])🧊 Frozen parameter: llm_model.base_model.model.model.layers.17.mlp.gate_proj.base_layer.weight -- torch.Size([11008, 4096])

🧊 Frozen parameter: visual_prompter.obj_encoder.model.backbone.enc.enc3.block0.norm1.0.norm.1.weight -- torch.Size([384])🔥 Tuned parameter: llm_model.base_model.model.model.layers.17.mlp.gate_proj.lora_A.default.weight -- torch.Size([16, 4096])

🧊 Frozen parameter: visual_prompter.obj_encoder.model.backbone.enc.enc3.block0.norm1.0.norm.1.bias -- torch.Size([384])🔥 Tuned parameter: llm_model.base_model.model.model.layers.17.mlp.gate_proj.lora_B.default.weight -- torch.Size([11008, 16])

🧊 Frozen parameter: visual_prompter.obj_encoder.model.backbone.enc.enc3.block0.norm1.0.norm.2.weight -- torch.Size([384])
🧊 Frozen parameter: llm_model.base_model.model.model.layers.17.mlp.up_proj.base_layer.weight -- torch.Size([11008, 4096])🧊 Frozen parameter: visual_prompter.obj_encoder.model.backbone.enc.enc3.block0.norm1.0.norm.2.bias -- torch.Size([384])

🔥 Tuned parameter: llm_model.base_model.model.model.layers.17.mlp.up_proj.lora_A.default.weight -- torch.Size([16, 4096])🧊 Frozen parameter: visual_prompter.obj_encoder.model.backbone.enc.enc3.block0.attn.qkv.weight -- torch.Size([1152, 384])

🔥 Tuned parameter: llm_model.base_model.model.model.layers.17.mlp.up_proj.lora_B.default.weight -- torch.Size([11008, 16])🧊 Frozen parameter: visual_prompter.obj_encoder.model.backbone.enc.enc3.block0.attn.qkv.bias -- torch.Size([1152])

🧊 Frozen parameter: llm_model.base_model.model.model.layers.17.mlp.down_proj.base_layer.weight -- torch.Size([4096, 11008])🧊 Frozen parameter: visual_prompter.obj_encoder.model.backbone.enc.enc3.block0.attn.proj.weight -- torch.Size([384, 384])

🔥 Tuned parameter: llm_model.base_model.model.model.layers.17.mlp.down_proj.lora_A.default.weight -- torch.Size([16, 11008])🧊 Frozen parameter: visual_prompter.obj_encoder.model.backbone.enc.enc3.block0.attn.proj.bias -- torch.Size([384])

🔥 Tuned parameter: llm_model.base_model.model.model.layers.17.mlp.down_proj.lora_B.default.weight -- torch.Size([4096, 16])🧊 Frozen parameter: visual_prompter.obj_encoder.model.backbone.enc.enc3.block0.norm2.0.norm.0.weight -- torch.Size([384])

🧊 Frozen parameter: llm_model.base_model.model.model.layers.17.input_layernorm.weight -- torch.Size([4096])🧊 Frozen parameter: visual_prompter.obj_encoder.model.backbone.enc.enc3.block0.norm2.0.norm.0.bias -- torch.Size([384])

🧊 Frozen parameter: llm_model.base_model.model.model.layers.17.post_attention_layernorm.weight -- torch.Size([4096])🧊 Frozen parameter: visual_prompter.obj_encoder.model.backbone.enc.enc3.block0.norm2.0.norm.1.weight -- torch.Size([384])

🧊 Frozen parameter: llm_model.base_model.model.model.layers.18.self_attn.q_proj.base_layer.weight -- torch.Size([4096, 4096])🧊 Frozen parameter: visual_prompter.obj_encoder.model.backbone.enc.enc3.block0.norm2.0.norm.1.bias -- torch.Size([384])

🔥 Tuned parameter: llm_model.base_model.model.model.layers.18.self_attn.q_proj.lora_A.default.weight -- torch.Size([16, 4096])🧊 Frozen parameter: visual_prompter.obj_encoder.model.backbone.enc.enc3.block0.norm2.0.norm.2.weight -- torch.Size([384])

🔥 Tuned parameter: llm_model.base_model.model.model.layers.18.self_attn.q_proj.lora_B.default.weight -- torch.Size([4096, 16])🧊 Frozen parameter: visual_prompter.obj_encoder.model.backbone.enc.enc3.block0.norm2.0.norm.2.bias -- torch.Size([384])

🧊 Frozen parameter: llm_model.base_model.model.model.layers.18.self_attn.k_proj.base_layer.weight -- torch.Size([4096, 4096])🧊 Frozen parameter: visual_prompter.obj_encoder.model.backbone.enc.enc3.block0.mlp.0.fc1.weight -- torch.Size([1536, 384])

🔥 Tuned parameter: llm_model.base_model.model.model.layers.18.self_attn.k_proj.lora_A.default.weight -- torch.Size([16, 4096])🧊 Frozen parameter: visual_prompter.obj_encoder.model.backbone.enc.enc3.block0.mlp.0.fc1.bias -- torch.Size([1536])

🔥 Tuned parameter: llm_model.base_model.model.model.layers.18.self_attn.k_proj.lora_B.default.weight -- torch.Size([4096, 16])🧊 Frozen parameter: visual_prompter.obj_encoder.model.backbone.enc.enc3.block0.mlp.0.fc2.weight -- torch.Size([384, 1536])

🧊 Frozen parameter: llm_model.base_model.model.model.layers.18.self_attn.v_proj.base_layer.weight -- torch.Size([4096, 4096])🧊 Frozen parameter: visual_prompter.obj_encoder.model.backbone.enc.enc3.block0.mlp.0.fc2.bias -- torch.Size([384])

🔥 Tuned parameter: llm_model.base_model.model.model.layers.18.self_attn.v_proj.lora_A.default.weight -- torch.Size([16, 4096])🧊 Frozen parameter: visual_prompter.obj_encoder.model.backbone.enc.enc3.block1.cpe.0.weight -- torch.Size([384, 3, 3, 3, 384])

🔥 Tuned parameter: llm_model.base_model.model.model.layers.18.self_attn.v_proj.lora_B.default.weight -- torch.Size([4096, 16])🧊 Frozen parameter: visual_prompter.obj_encoder.model.backbone.enc.enc3.block1.cpe.0.bias -- torch.Size([384])

🧊 Frozen parameter: llm_model.base_model.model.model.layers.18.self_attn.o_proj.base_layer.weight -- torch.Size([4096, 4096])🧊 Frozen parameter: visual_prompter.obj_encoder.model.backbone.enc.enc3.block1.cpe.1.weight -- torch.Size([384, 384])

🔥 Tuned parameter: llm_model.base_model.model.model.layers.18.self_attn.o_proj.lora_A.default.weight -- torch.Size([16, 4096])🧊 Frozen parameter: visual_prompter.obj_encoder.model.backbone.enc.enc3.block1.cpe.1.bias -- torch.Size([384])

🔥 Tuned parameter: llm_model.base_model.model.model.layers.18.self_attn.o_proj.lora_B.default.weight -- torch.Size([4096, 16])🧊 Frozen parameter: visual_prompter.obj_encoder.model.backbone.enc.enc3.block1.cpe.2.norm.0.weight -- torch.Size([384])

🧊 Frozen parameter: llm_model.base_model.model.model.layers.18.mlp.gate_proj.base_layer.weight -- torch.Size([11008, 4096])🧊 Frozen parameter: visual_prompter.obj_encoder.model.backbone.enc.enc3.block1.cpe.2.norm.0.bias -- torch.Size([384])

🔥 Tuned parameter: llm_model.base_model.model.model.layers.18.mlp.gate_proj.lora_A.default.weight -- torch.Size([16, 4096])🧊 Frozen parameter: visual_prompter.obj_encoder.model.backbone.enc.enc3.block1.cpe.2.norm.1.weight -- torch.Size([384])

🔥 Tuned parameter: llm_model.base_model.model.model.layers.18.mlp.gate_proj.lora_B.default.weight -- torch.Size([11008, 16])🧊 Frozen parameter: visual_prompter.obj_encoder.model.backbone.enc.enc3.block1.cpe.2.norm.1.bias -- torch.Size([384])

🧊 Frozen parameter: llm_model.base_model.model.model.layers.18.mlp.up_proj.base_layer.weight -- torch.Size([11008, 4096])🧊 Frozen parameter: visual_prompter.obj_encoder.model.backbone.enc.enc3.block1.cpe.2.norm.2.weight -- torch.Size([384])

🔥 Tuned parameter: llm_model.base_model.model.model.layers.18.mlp.up_proj.lora_A.default.weight -- torch.Size([16, 4096])🧊 Frozen parameter: visual_prompter.obj_encoder.model.backbone.enc.enc3.block1.cpe.2.norm.2.bias -- torch.Size([384])

🔥 Tuned parameter: llm_model.base_model.model.model.layers.18.mlp.up_proj.lora_B.default.weight -- torch.Size([11008, 16])🧊 Frozen parameter: visual_prompter.obj_encoder.model.backbone.enc.enc3.block1.norm1.0.norm.0.weight -- torch.Size([384])

🧊 Frozen parameter: llm_model.base_model.model.model.layers.18.mlp.down_proj.base_layer.weight -- torch.Size([4096, 11008])🧊 Frozen parameter: visual_prompter.obj_encoder.model.backbone.enc.enc3.block1.norm1.0.norm.0.bias -- torch.Size([384])

🔥 Tuned parameter: llm_model.base_model.model.model.layers.18.mlp.down_proj.lora_A.default.weight -- torch.Size([16, 11008])🧊 Frozen parameter: visual_prompter.obj_encoder.model.backbone.enc.enc3.block1.norm1.0.norm.1.weight -- torch.Size([384])

🔥 Tuned parameter: llm_model.base_model.model.model.layers.18.mlp.down_proj.lora_B.default.weight -- torch.Size([4096, 16])🧊 Frozen parameter: visual_prompter.obj_encoder.model.backbone.enc.enc3.block1.norm1.0.norm.1.bias -- torch.Size([384])

🧊 Frozen parameter: llm_model.base_model.model.model.layers.18.input_layernorm.weight -- torch.Size([4096])🧊 Frozen parameter: visual_prompter.obj_encoder.model.backbone.enc.enc3.block1.norm1.0.norm.2.weight -- torch.Size([384])

🧊 Frozen parameter: llm_model.base_model.model.model.layers.18.post_attention_layernorm.weight -- torch.Size([4096])🧊 Frozen parameter: visual_prompter.obj_encoder.model.backbone.enc.enc3.block1.norm1.0.norm.2.bias -- torch.Size([384])

🧊 Frozen parameter: llm_model.base_model.model.model.layers.19.self_attn.q_proj.base_layer.weight -- torch.Size([4096, 4096])🧊 Frozen parameter: visual_prompter.obj_encoder.model.backbone.enc.enc3.block1.attn.qkv.weight -- torch.Size([1152, 384])

🔥 Tuned parameter: llm_model.base_model.model.model.layers.19.self_attn.q_proj.lora_A.default.weight -- torch.Size([16, 4096])🧊 Frozen parameter: visual_prompter.obj_encoder.model.backbone.enc.enc3.block1.attn.qkv.bias -- torch.Size([1152])

🔥 Tuned parameter: llm_model.base_model.model.model.layers.19.self_attn.q_proj.lora_B.default.weight -- torch.Size([4096, 16])🧊 Frozen parameter: visual_prompter.obj_encoder.model.backbone.enc.enc3.block1.attn.proj.weight -- torch.Size([384, 384])

🧊 Frozen parameter: llm_model.base_model.model.model.layers.19.self_attn.k_proj.base_layer.weight -- torch.Size([4096, 4096])🧊 Frozen parameter: visual_prompter.obj_encoder.model.backbone.enc.enc3.block1.attn.proj.bias -- torch.Size([384])

🔥 Tuned parameter: llm_model.base_model.model.model.layers.19.self_attn.k_proj.lora_A.default.weight -- torch.Size([16, 4096])🧊 Frozen parameter: visual_prompter.obj_encoder.model.backbone.enc.enc3.block1.norm2.0.norm.0.weight -- torch.Size([384])

🔥 Tuned parameter: llm_model.base_model.model.model.layers.19.self_attn.k_proj.lora_B.default.weight -- torch.Size([4096, 16])🧊 Frozen parameter: visual_prompter.obj_encoder.model.backbone.enc.enc3.block1.norm2.0.norm.0.bias -- torch.Size([384])

🧊 Frozen parameter: llm_model.base_model.model.model.layers.19.self_attn.v_proj.base_layer.weight -- torch.Size([4096, 4096])🧊 Frozen parameter: visual_prompter.obj_encoder.model.backbone.enc.enc3.block1.norm2.0.norm.1.weight -- torch.Size([384])

🔥 Tuned parameter: llm_model.base_model.model.model.layers.19.self_attn.v_proj.lora_A.default.weight -- torch.Size([16, 4096])🧊 Frozen parameter: visual_prompter.obj_encoder.model.backbone.enc.enc3.block1.norm2.0.norm.1.bias -- torch.Size([384])

🔥 Tuned parameter: llm_model.base_model.model.model.layers.19.self_attn.v_proj.lora_B.default.weight -- torch.Size([4096, 16])🧊 Frozen parameter: visual_prompter.obj_encoder.model.backbone.enc.enc3.block1.norm2.0.norm.2.weight -- torch.Size([384])

🧊 Frozen parameter: llm_model.base_model.model.model.layers.19.self_attn.o_proj.base_layer.weight -- torch.Size([4096, 4096])🧊 Frozen parameter: visual_prompter.obj_encoder.model.backbone.enc.enc3.block1.norm2.0.norm.2.bias -- torch.Size([384])

🔥 Tuned parameter: llm_model.base_model.model.model.layers.19.self_attn.o_proj.lora_A.default.weight -- torch.Size([16, 4096])🧊 Frozen parameter: visual_prompter.obj_encoder.model.backbone.enc.enc3.block1.mlp.0.fc1.weight -- torch.Size([1536, 384])

🔥 Tuned parameter: llm_model.base_model.model.model.layers.19.self_attn.o_proj.lora_B.default.weight -- torch.Size([4096, 16])🧊 Frozen parameter: visual_prompter.obj_encoder.model.backbone.enc.enc3.block1.mlp.0.fc1.bias -- torch.Size([1536])

🧊 Frozen parameter: llm_model.base_model.model.model.layers.19.mlp.gate_proj.base_layer.weight -- torch.Size([11008, 4096])🧊 Frozen parameter: visual_prompter.obj_encoder.model.backbone.enc.enc3.block1.mlp.0.fc2.weight -- torch.Size([384, 1536])

🔥 Tuned parameter: llm_model.base_model.model.model.layers.19.mlp.gate_proj.lora_A.default.weight -- torch.Size([16, 4096])🧊 Frozen parameter: visual_prompter.obj_encoder.model.backbone.enc.enc3.block1.mlp.0.fc2.bias -- torch.Size([384])

🔥 Tuned parameter: llm_model.base_model.model.model.layers.19.mlp.gate_proj.lora_B.default.weight -- torch.Size([11008, 16])
🧊 Frozen parameter: visual_prompter.obj_encoder.model.backbone.enc.enc3.block2.cpe.0.weight -- torch.Size([384, 3, 3, 3, 384])🧊 Frozen parameter: llm_model.base_model.model.model.layers.19.mlp.up_proj.base_layer.weight -- torch.Size([11008, 4096])

🧊 Frozen parameter: visual_prompter.obj_encoder.model.backbone.enc.enc3.block2.cpe.0.bias -- torch.Size([384])🔥 Tuned parameter: llm_model.base_model.model.model.layers.19.mlp.up_proj.lora_A.default.weight -- torch.Size([16, 4096])

🧊 Frozen parameter: visual_prompter.obj_encoder.model.backbone.enc.enc3.block2.cpe.1.weight -- torch.Size([384, 384])🔥 Tuned parameter: llm_model.base_model.model.model.layers.19.mlp.up_proj.lora_B.default.weight -- torch.Size([11008, 16])

🧊 Frozen parameter: visual_prompter.obj_encoder.model.backbone.enc.enc3.block2.cpe.1.bias -- torch.Size([384])
🧊 Frozen parameter: llm_model.base_model.model.model.layers.19.mlp.down_proj.base_layer.weight -- torch.Size([4096, 11008])🧊 Frozen parameter: visual_prompter.obj_encoder.model.backbone.enc.enc3.block2.cpe.2.norm.0.weight -- torch.Size([384])

🔥 Tuned parameter: llm_model.base_model.model.model.layers.19.mlp.down_proj.lora_A.default.weight -- torch.Size([16, 11008])🧊 Frozen parameter: visual_prompter.obj_encoder.model.backbone.enc.enc3.block2.cpe.2.norm.0.bias -- torch.Size([384])

🔥 Tuned parameter: llm_model.base_model.model.model.layers.19.mlp.down_proj.lora_B.default.weight -- torch.Size([4096, 16])🧊 Frozen parameter: visual_prompter.obj_encoder.model.backbone.enc.enc3.block2.cpe.2.norm.1.weight -- torch.Size([384])

🧊 Frozen parameter: llm_model.base_model.model.model.layers.19.input_layernorm.weight -- torch.Size([4096])🧊 Frozen parameter: visual_prompter.obj_encoder.model.backbone.enc.enc3.block2.cpe.2.norm.1.bias -- torch.Size([384])

🧊 Frozen parameter: llm_model.base_model.model.model.layers.19.post_attention_layernorm.weight -- torch.Size([4096])🧊 Frozen parameter: visual_prompter.obj_encoder.model.backbone.enc.enc3.block2.cpe.2.norm.2.weight -- torch.Size([384])

🧊 Frozen parameter: llm_model.base_model.model.model.layers.20.self_attn.q_proj.base_layer.weight -- torch.Size([4096, 4096])🧊 Frozen parameter: visual_prompter.obj_encoder.model.backbone.enc.enc3.block2.cpe.2.norm.2.bias -- torch.Size([384])

🔥 Tuned parameter: llm_model.base_model.model.model.layers.20.self_attn.q_proj.lora_A.default.weight -- torch.Size([16, 4096])🧊 Frozen parameter: visual_prompter.obj_encoder.model.backbone.enc.enc3.block2.norm1.0.norm.0.weight -- torch.Size([384])

🔥 Tuned parameter: llm_model.base_model.model.model.layers.20.self_attn.q_proj.lora_B.default.weight -- torch.Size([4096, 16])🧊 Frozen parameter: visual_prompter.obj_encoder.model.backbone.enc.enc3.block2.norm1.0.norm.0.bias -- torch.Size([384])

🧊 Frozen parameter: llm_model.base_model.model.model.layers.20.self_attn.k_proj.base_layer.weight -- torch.Size([4096, 4096])🧊 Frozen parameter: visual_prompter.obj_encoder.model.backbone.enc.enc3.block2.norm1.0.norm.1.weight -- torch.Size([384])

🔥 Tuned parameter: llm_model.base_model.model.model.layers.20.self_attn.k_proj.lora_A.default.weight -- torch.Size([16, 4096])🧊 Frozen parameter: visual_prompter.obj_encoder.model.backbone.enc.enc3.block2.norm1.0.norm.1.bias -- torch.Size([384])

🔥 Tuned parameter: llm_model.base_model.model.model.layers.20.self_attn.k_proj.lora_B.default.weight -- torch.Size([4096, 16])🧊 Frozen parameter: visual_prompter.obj_encoder.model.backbone.enc.enc3.block2.norm1.0.norm.2.weight -- torch.Size([384])

🧊 Frozen parameter: llm_model.base_model.model.model.layers.20.self_attn.v_proj.base_layer.weight -- torch.Size([4096, 4096])🧊 Frozen parameter: visual_prompter.obj_encoder.model.backbone.enc.enc3.block2.norm1.0.norm.2.bias -- torch.Size([384])

🔥 Tuned parameter: llm_model.base_model.model.model.layers.20.self_attn.v_proj.lora_A.default.weight -- torch.Size([16, 4096])🧊 Frozen parameter: visual_prompter.obj_encoder.model.backbone.enc.enc3.block2.attn.qkv.weight -- torch.Size([1152, 384])

🔥 Tuned parameter: llm_model.base_model.model.model.layers.20.self_attn.v_proj.lora_B.default.weight -- torch.Size([4096, 16])🧊 Frozen parameter: visual_prompter.obj_encoder.model.backbone.enc.enc3.block2.attn.qkv.bias -- torch.Size([1152])

🧊 Frozen parameter: llm_model.base_model.model.model.layers.20.self_attn.o_proj.base_layer.weight -- torch.Size([4096, 4096])🧊 Frozen parameter: visual_prompter.obj_encoder.model.backbone.enc.enc3.block2.attn.proj.weight -- torch.Size([384, 384])

🔥 Tuned parameter: llm_model.base_model.model.model.layers.20.self_attn.o_proj.lora_A.default.weight -- torch.Size([16, 4096])🧊 Frozen parameter: visual_prompter.obj_encoder.model.backbone.enc.enc3.block2.attn.proj.bias -- torch.Size([384])

🔥 Tuned parameter: llm_model.base_model.model.model.layers.20.self_attn.o_proj.lora_B.default.weight -- torch.Size([4096, 16])
🧊 Frozen parameter: visual_prompter.obj_encoder.model.backbone.enc.enc3.block2.norm2.0.norm.0.weight -- torch.Size([384])
🧊 Frozen parameter: llm_model.base_model.model.model.layers.20.mlp.gate_proj.base_layer.weight -- torch.Size([11008, 4096])🧊 Frozen parameter: visual_prompter.obj_encoder.model.backbone.enc.enc3.block2.norm2.0.norm.0.bias -- torch.Size([384])

🔥 Tuned parameter: llm_model.base_model.model.model.layers.20.mlp.gate_proj.lora_A.default.weight -- torch.Size([16, 4096])🧊 Frozen parameter: visual_prompter.obj_encoder.model.backbone.enc.enc3.block2.norm2.0.norm.1.weight -- torch.Size([384])

🔥 Tuned parameter: llm_model.base_model.model.model.layers.20.mlp.gate_proj.lora_B.default.weight -- torch.Size([11008, 16])🧊 Frozen parameter: visual_prompter.obj_encoder.model.backbone.enc.enc3.block2.norm2.0.norm.1.bias -- torch.Size([384])

🧊 Frozen parameter: llm_model.base_model.model.model.layers.20.mlp.up_proj.base_layer.weight -- torch.Size([11008, 4096])🧊 Frozen parameter: visual_prompter.obj_encoder.model.backbone.enc.enc3.block2.norm2.0.norm.2.weight -- torch.Size([384])

🔥 Tuned parameter: llm_model.base_model.model.model.layers.20.mlp.up_proj.lora_A.default.weight -- torch.Size([16, 4096])🧊 Frozen parameter: visual_prompter.obj_encoder.model.backbone.enc.enc3.block2.norm2.0.norm.2.bias -- torch.Size([384])

🔥 Tuned parameter: llm_model.base_model.model.model.layers.20.mlp.up_proj.lora_B.default.weight -- torch.Size([11008, 16])🧊 Frozen parameter: visual_prompter.obj_encoder.model.backbone.enc.enc3.block2.mlp.0.fc1.weight -- torch.Size([1536, 384])

🧊 Frozen parameter: llm_model.base_model.model.model.layers.20.mlp.down_proj.base_layer.weight -- torch.Size([4096, 11008])🧊 Frozen parameter: visual_prompter.obj_encoder.model.backbone.enc.enc3.block2.mlp.0.fc1.bias -- torch.Size([1536])

🔥 Tuned parameter: llm_model.base_model.model.model.layers.20.mlp.down_proj.lora_A.default.weight -- torch.Size([16, 11008])🧊 Frozen parameter: visual_prompter.obj_encoder.model.backbone.enc.enc3.block2.mlp.0.fc2.weight -- torch.Size([384, 1536])

🔥 Tuned parameter: llm_model.base_model.model.model.layers.20.mlp.down_proj.lora_B.default.weight -- torch.Size([4096, 16])🧊 Frozen parameter: visual_prompter.obj_encoder.model.backbone.enc.enc3.block2.mlp.0.fc2.bias -- torch.Size([384])

🧊 Frozen parameter: llm_model.base_model.model.model.layers.20.input_layernorm.weight -- torch.Size([4096])🧊 Frozen parameter: visual_prompter.obj_encoder.model.backbone.enc.enc3.block3.cpe.0.weight -- torch.Size([384, 3, 3, 3, 384])

🧊 Frozen parameter: llm_model.base_model.model.model.layers.20.post_attention_layernorm.weight -- torch.Size([4096])🧊 Frozen parameter: visual_prompter.obj_encoder.model.backbone.enc.enc3.block3.cpe.0.bias -- torch.Size([384])

🧊 Frozen parameter: llm_model.base_model.model.model.layers.21.self_attn.q_proj.base_layer.weight -- torch.Size([4096, 4096])🧊 Frozen parameter: visual_prompter.obj_encoder.model.backbone.enc.enc3.block3.cpe.1.weight -- torch.Size([384, 384])

🔥 Tuned parameter: llm_model.base_model.model.model.layers.21.self_attn.q_proj.lora_A.default.weight -- torch.Size([16, 4096])🧊 Frozen parameter: visual_prompter.obj_encoder.model.backbone.enc.enc3.block3.cpe.1.bias -- torch.Size([384])

🔥 Tuned parameter: llm_model.base_model.model.model.layers.21.self_attn.q_proj.lora_B.default.weight -- torch.Size([4096, 16])🧊 Frozen parameter: visual_prompter.obj_encoder.model.backbone.enc.enc3.block3.cpe.2.norm.0.weight -- torch.Size([384])

🧊 Frozen parameter: llm_model.base_model.model.model.layers.21.self_attn.k_proj.base_layer.weight -- torch.Size([4096, 4096])🧊 Frozen parameter: visual_prompter.obj_encoder.model.backbone.enc.enc3.block3.cpe.2.norm.0.bias -- torch.Size([384])

🔥 Tuned parameter: llm_model.base_model.model.model.layers.21.self_attn.k_proj.lora_A.default.weight -- torch.Size([16, 4096])🧊 Frozen parameter: visual_prompter.obj_encoder.model.backbone.enc.enc3.block3.cpe.2.norm.1.weight -- torch.Size([384])

🔥 Tuned parameter: llm_model.base_model.model.model.layers.21.self_attn.k_proj.lora_B.default.weight -- torch.Size([4096, 16])🧊 Frozen parameter: visual_prompter.obj_encoder.model.backbone.enc.enc3.block3.cpe.2.norm.1.bias -- torch.Size([384])

🧊 Frozen parameter: llm_model.base_model.model.model.layers.21.self_attn.v_proj.base_layer.weight -- torch.Size([4096, 4096])🧊 Frozen parameter: visual_prompter.obj_encoder.model.backbone.enc.enc3.block3.cpe.2.norm.2.weight -- torch.Size([384])

🔥 Tuned parameter: llm_model.base_model.model.model.layers.21.self_attn.v_proj.lora_A.default.weight -- torch.Size([16, 4096])🧊 Frozen parameter: visual_prompter.obj_encoder.model.backbone.enc.enc3.block3.cpe.2.norm.2.bias -- torch.Size([384])

🔥 Tuned parameter: llm_model.base_model.model.model.layers.21.self_attn.v_proj.lora_B.default.weight -- torch.Size([4096, 16])🧊 Frozen parameter: visual_prompter.obj_encoder.model.backbone.enc.enc3.block3.norm1.0.norm.0.weight -- torch.Size([384])

🧊 Frozen parameter: llm_model.base_model.model.model.layers.21.self_attn.o_proj.base_layer.weight -- torch.Size([4096, 4096])🧊 Frozen parameter: visual_prompter.obj_encoder.model.backbone.enc.enc3.block3.norm1.0.norm.0.bias -- torch.Size([384])

🔥 Tuned parameter: llm_model.base_model.model.model.layers.21.self_attn.o_proj.lora_A.default.weight -- torch.Size([16, 4096])🧊 Frozen parameter: visual_prompter.obj_encoder.model.backbone.enc.enc3.block3.norm1.0.norm.1.weight -- torch.Size([384])

🔥 Tuned parameter: llm_model.base_model.model.model.layers.21.self_attn.o_proj.lora_B.default.weight -- torch.Size([4096, 16])🧊 Frozen parameter: visual_prompter.obj_encoder.model.backbone.enc.enc3.block3.norm1.0.norm.1.bias -- torch.Size([384])

🧊 Frozen parameter: llm_model.base_model.model.model.layers.21.mlp.gate_proj.base_layer.weight -- torch.Size([11008, 4096])🧊 Frozen parameter: visual_prompter.obj_encoder.model.backbone.enc.enc3.block3.norm1.0.norm.2.weight -- torch.Size([384])

🔥 Tuned parameter: llm_model.base_model.model.model.layers.21.mlp.gate_proj.lora_A.default.weight -- torch.Size([16, 4096])🧊 Frozen parameter: visual_prompter.obj_encoder.model.backbone.enc.enc3.block3.norm1.0.norm.2.bias -- torch.Size([384])

🔥 Tuned parameter: llm_model.base_model.model.model.layers.21.mlp.gate_proj.lora_B.default.weight -- torch.Size([11008, 16])🧊 Frozen parameter: visual_prompter.obj_encoder.model.backbone.enc.enc3.block3.attn.qkv.weight -- torch.Size([1152, 384])

🧊 Frozen parameter: llm_model.base_model.model.model.layers.21.mlp.up_proj.base_layer.weight -- torch.Size([11008, 4096])🧊 Frozen parameter: visual_prompter.obj_encoder.model.backbone.enc.enc3.block3.attn.qkv.bias -- torch.Size([1152])

🔥 Tuned parameter: llm_model.base_model.model.model.layers.21.mlp.up_proj.lora_A.default.weight -- torch.Size([16, 4096])🧊 Frozen parameter: visual_prompter.obj_encoder.model.backbone.enc.enc3.block3.attn.proj.weight -- torch.Size([384, 384])

🔥 Tuned parameter: llm_model.base_model.model.model.layers.21.mlp.up_proj.lora_B.default.weight -- torch.Size([11008, 16])🧊 Frozen parameter: visual_prompter.obj_encoder.model.backbone.enc.enc3.block3.attn.proj.bias -- torch.Size([384])

🧊 Frozen parameter: llm_model.base_model.model.model.layers.21.mlp.down_proj.base_layer.weight -- torch.Size([4096, 11008])🧊 Frozen parameter: visual_prompter.obj_encoder.model.backbone.enc.enc3.block3.norm2.0.norm.0.weight -- torch.Size([384])

🔥 Tuned parameter: llm_model.base_model.model.model.layers.21.mlp.down_proj.lora_A.default.weight -- torch.Size([16, 11008])🧊 Frozen parameter: visual_prompter.obj_encoder.model.backbone.enc.enc3.block3.norm2.0.norm.0.bias -- torch.Size([384])

🔥 Tuned parameter: llm_model.base_model.model.model.layers.21.mlp.down_proj.lora_B.default.weight -- torch.Size([4096, 16])🧊 Frozen parameter: visual_prompter.obj_encoder.model.backbone.enc.enc3.block3.norm2.0.norm.1.weight -- torch.Size([384])

🧊 Frozen parameter: llm_model.base_model.model.model.layers.21.input_layernorm.weight -- torch.Size([4096])🧊 Frozen parameter: visual_prompter.obj_encoder.model.backbone.enc.enc3.block3.norm2.0.norm.1.bias -- torch.Size([384])

🧊 Frozen parameter: llm_model.base_model.model.model.layers.21.post_attention_layernorm.weight -- torch.Size([4096])🧊 Frozen parameter: visual_prompter.obj_encoder.model.backbone.enc.enc3.block3.norm2.0.norm.2.weight -- torch.Size([384])

🧊 Frozen parameter: llm_model.base_model.model.model.layers.22.self_attn.q_proj.base_layer.weight -- torch.Size([4096, 4096])🧊 Frozen parameter: visual_prompter.obj_encoder.model.backbone.enc.enc3.block3.norm2.0.norm.2.bias -- torch.Size([384])

🔥 Tuned parameter: llm_model.base_model.model.model.layers.22.self_attn.q_proj.lora_A.default.weight -- torch.Size([16, 4096])🧊 Frozen parameter: visual_prompter.obj_encoder.model.backbone.enc.enc3.block3.mlp.0.fc1.weight -- torch.Size([1536, 384])

🔥 Tuned parameter: llm_model.base_model.model.model.layers.22.self_attn.q_proj.lora_B.default.weight -- torch.Size([4096, 16])🧊 Frozen parameter: visual_prompter.obj_encoder.model.backbone.enc.enc3.block3.mlp.0.fc1.bias -- torch.Size([1536])

🧊 Frozen parameter: llm_model.base_model.model.model.layers.22.self_attn.k_proj.base_layer.weight -- torch.Size([4096, 4096])🧊 Frozen parameter: visual_prompter.obj_encoder.model.backbone.enc.enc3.block3.mlp.0.fc2.weight -- torch.Size([384, 1536])

🔥 Tuned parameter: llm_model.base_model.model.model.layers.22.self_attn.k_proj.lora_A.default.weight -- torch.Size([16, 4096])🧊 Frozen parameter: visual_prompter.obj_encoder.model.backbone.enc.enc3.block3.mlp.0.fc2.bias -- torch.Size([384])

🔥 Tuned parameter: llm_model.base_model.model.model.layers.22.self_attn.k_proj.lora_B.default.weight -- torch.Size([4096, 16])
🧊 Frozen parameter: visual_prompter.obj_encoder.model.backbone.enc.enc3.block4.cpe.0.weight -- torch.Size([384, 3, 3, 3, 384])
🧊 Frozen parameter: llm_model.base_model.model.model.layers.22.self_attn.v_proj.base_layer.weight -- torch.Size([4096, 4096])🧊 Frozen parameter: visual_prompter.obj_encoder.model.backbone.enc.enc3.block4.cpe.0.bias -- torch.Size([384])

🔥 Tuned parameter: llm_model.base_model.model.model.layers.22.self_attn.v_proj.lora_A.default.weight -- torch.Size([16, 4096])🧊 Frozen parameter: visual_prompter.obj_encoder.model.backbone.enc.enc3.block4.cpe.1.weight -- torch.Size([384, 384])

🔥 Tuned parameter: llm_model.base_model.model.model.layers.22.self_attn.v_proj.lora_B.default.weight -- torch.Size([4096, 16])🧊 Frozen parameter: visual_prompter.obj_encoder.model.backbone.enc.enc3.block4.cpe.1.bias -- torch.Size([384])

🧊 Frozen parameter: llm_model.base_model.model.model.layers.22.self_attn.o_proj.base_layer.weight -- torch.Size([4096, 4096])🧊 Frozen parameter: visual_prompter.obj_encoder.model.backbone.enc.enc3.block4.cpe.2.norm.0.weight -- torch.Size([384])

🔥 Tuned parameter: llm_model.base_model.model.model.layers.22.self_attn.o_proj.lora_A.default.weight -- torch.Size([16, 4096])🧊 Frozen parameter: visual_prompter.obj_encoder.model.backbone.enc.enc3.block4.cpe.2.norm.0.bias -- torch.Size([384])

🔥 Tuned parameter: llm_model.base_model.model.model.layers.22.self_attn.o_proj.lora_B.default.weight -- torch.Size([4096, 16])🧊 Frozen parameter: visual_prompter.obj_encoder.model.backbone.enc.enc3.block4.cpe.2.norm.1.weight -- torch.Size([384])

🧊 Frozen parameter: visual_prompter.obj_encoder.model.backbone.enc.enc3.block4.cpe.2.norm.1.bias -- torch.Size([384])🧊 Frozen parameter: llm_model.base_model.model.model.layers.22.mlp.gate_proj.base_layer.weight -- torch.Size([11008, 4096])

🧊 Frozen parameter: visual_prompter.obj_encoder.model.backbone.enc.enc3.block4.cpe.2.norm.2.weight -- torch.Size([384])
🔥 Tuned parameter: llm_model.base_model.model.model.layers.22.mlp.gate_proj.lora_A.default.weight -- torch.Size([16, 4096])🧊 Frozen parameter: visual_prompter.obj_encoder.model.backbone.enc.enc3.block4.cpe.2.norm.2.bias -- torch.Size([384])

🔥 Tuned parameter: llm_model.base_model.model.model.layers.22.mlp.gate_proj.lora_B.default.weight -- torch.Size([11008, 16])🧊 Frozen parameter: visual_prompter.obj_encoder.model.backbone.enc.enc3.block4.norm1.0.norm.0.weight -- torch.Size([384])

🧊 Frozen parameter: llm_model.base_model.model.model.layers.22.mlp.up_proj.base_layer.weight -- torch.Size([11008, 4096])🧊 Frozen parameter: visual_prompter.obj_encoder.model.backbone.enc.enc3.block4.norm1.0.norm.0.bias -- torch.Size([384])

🔥 Tuned parameter: llm_model.base_model.model.model.layers.22.mlp.up_proj.lora_A.default.weight -- torch.Size([16, 4096])🧊 Frozen parameter: visual_prompter.obj_encoder.model.backbone.enc.enc3.block4.norm1.0.norm.1.weight -- torch.Size([384])

🔥 Tuned parameter: llm_model.base_model.model.model.layers.22.mlp.up_proj.lora_B.default.weight -- torch.Size([11008, 16])🧊 Frozen parameter: visual_prompter.obj_encoder.model.backbone.enc.enc3.block4.norm1.0.norm.1.bias -- torch.Size([384])

🧊 Frozen parameter: llm_model.base_model.model.model.layers.22.mlp.down_proj.base_layer.weight -- torch.Size([4096, 11008])🧊 Frozen parameter: visual_prompter.obj_encoder.model.backbone.enc.enc3.block4.norm1.0.norm.2.weight -- torch.Size([384])

🔥 Tuned parameter: llm_model.base_model.model.model.layers.22.mlp.down_proj.lora_A.default.weight -- torch.Size([16, 11008])🧊 Frozen parameter: visual_prompter.obj_encoder.model.backbone.enc.enc3.block4.norm1.0.norm.2.bias -- torch.Size([384])

🔥 Tuned parameter: llm_model.base_model.model.model.layers.22.mlp.down_proj.lora_B.default.weight -- torch.Size([4096, 16])🧊 Frozen parameter: visual_prompter.obj_encoder.model.backbone.enc.enc3.block4.attn.qkv.weight -- torch.Size([1152, 384])

🧊 Frozen parameter: llm_model.base_model.model.model.layers.22.input_layernorm.weight -- torch.Size([4096])🧊 Frozen parameter: visual_prompter.obj_encoder.model.backbone.enc.enc3.block4.attn.qkv.bias -- torch.Size([1152])

🧊 Frozen parameter: llm_model.base_model.model.model.layers.22.post_attention_layernorm.weight -- torch.Size([4096])🧊 Frozen parameter: visual_prompter.obj_encoder.model.backbone.enc.enc3.block4.attn.proj.weight -- torch.Size([384, 384])

🧊 Frozen parameter: llm_model.base_model.model.model.layers.23.self_attn.q_proj.base_layer.weight -- torch.Size([4096, 4096])🧊 Frozen parameter: visual_prompter.obj_encoder.model.backbone.enc.enc3.block4.attn.proj.bias -- torch.Size([384])

🔥 Tuned parameter: llm_model.base_model.model.model.layers.23.self_attn.q_proj.lora_A.default.weight -- torch.Size([16, 4096])🧊 Frozen parameter: visual_prompter.obj_encoder.model.backbone.enc.enc3.block4.norm2.0.norm.0.weight -- torch.Size([384])

🔥 Tuned parameter: llm_model.base_model.model.model.layers.23.self_attn.q_proj.lora_B.default.weight -- torch.Size([4096, 16])🧊 Frozen parameter: visual_prompter.obj_encoder.model.backbone.enc.enc3.block4.norm2.0.norm.0.bias -- torch.Size([384])

🧊 Frozen parameter: llm_model.base_model.model.model.layers.23.self_attn.k_proj.base_layer.weight -- torch.Size([4096, 4096])🧊 Frozen parameter: visual_prompter.obj_encoder.model.backbone.enc.enc3.block4.norm2.0.norm.1.weight -- torch.Size([384])

🔥 Tuned parameter: llm_model.base_model.model.model.layers.23.self_attn.k_proj.lora_A.default.weight -- torch.Size([16, 4096])🧊 Frozen parameter: visual_prompter.obj_encoder.model.backbone.enc.enc3.block4.norm2.0.norm.1.bias -- torch.Size([384])

🔥 Tuned parameter: llm_model.base_model.model.model.layers.23.self_attn.k_proj.lora_B.default.weight -- torch.Size([4096, 16])🧊 Frozen parameter: visual_prompter.obj_encoder.model.backbone.enc.enc3.block4.norm2.0.norm.2.weight -- torch.Size([384])

🧊 Frozen parameter: llm_model.base_model.model.model.layers.23.self_attn.v_proj.base_layer.weight -- torch.Size([4096, 4096])🧊 Frozen parameter: visual_prompter.obj_encoder.model.backbone.enc.enc3.block4.norm2.0.norm.2.bias -- torch.Size([384])

🔥 Tuned parameter: llm_model.base_model.model.model.layers.23.self_attn.v_proj.lora_A.default.weight -- torch.Size([16, 4096])🧊 Frozen parameter: visual_prompter.obj_encoder.model.backbone.enc.enc3.block4.mlp.0.fc1.weight -- torch.Size([1536, 384])

🔥 Tuned parameter: llm_model.base_model.model.model.layers.23.self_attn.v_proj.lora_B.default.weight -- torch.Size([4096, 16])🧊 Frozen parameter: visual_prompter.obj_encoder.model.backbone.enc.enc3.block4.mlp.0.fc1.bias -- torch.Size([1536])

🧊 Frozen parameter: llm_model.base_model.model.model.layers.23.self_attn.o_proj.base_layer.weight -- torch.Size([4096, 4096])🧊 Frozen parameter: visual_prompter.obj_encoder.model.backbone.enc.enc3.block4.mlp.0.fc2.weight -- torch.Size([384, 1536])

🔥 Tuned parameter: llm_model.base_model.model.model.layers.23.self_attn.o_proj.lora_A.default.weight -- torch.Size([16, 4096])🧊 Frozen parameter: visual_prompter.obj_encoder.model.backbone.enc.enc3.block4.mlp.0.fc2.bias -- torch.Size([384])

🔥 Tuned parameter: llm_model.base_model.model.model.layers.23.self_attn.o_proj.lora_B.default.weight -- torch.Size([4096, 16])
🧊 Frozen parameter: visual_prompter.obj_encoder.model.backbone.enc.enc3.block5.cpe.0.weight -- torch.Size([384, 3, 3, 3, 384])
🧊 Frozen parameter: llm_model.base_model.model.model.layers.23.mlp.gate_proj.base_layer.weight -- torch.Size([11008, 4096])🧊 Frozen parameter: visual_prompter.obj_encoder.model.backbone.enc.enc3.block5.cpe.0.bias -- torch.Size([384])

🔥 Tuned parameter: llm_model.base_model.model.model.layers.23.mlp.gate_proj.lora_A.default.weight -- torch.Size([16, 4096])🧊 Frozen parameter: visual_prompter.obj_encoder.model.backbone.enc.enc3.block5.cpe.1.weight -- torch.Size([384, 384])

🔥 Tuned parameter: llm_model.base_model.model.model.layers.23.mlp.gate_proj.lora_B.default.weight -- torch.Size([11008, 16])🧊 Frozen parameter: visual_prompter.obj_encoder.model.backbone.enc.enc3.block5.cpe.1.bias -- torch.Size([384])

🧊 Frozen parameter: llm_model.base_model.model.model.layers.23.mlp.up_proj.base_layer.weight -- torch.Size([11008, 4096])🧊 Frozen parameter: visual_prompter.obj_encoder.model.backbone.enc.enc3.block5.cpe.2.norm.0.weight -- torch.Size([384])

🔥 Tuned parameter: llm_model.base_model.model.model.layers.23.mlp.up_proj.lora_A.default.weight -- torch.Size([16, 4096])🧊 Frozen parameter: visual_prompter.obj_encoder.model.backbone.enc.enc3.block5.cpe.2.norm.0.bias -- torch.Size([384])

🔥 Tuned parameter: llm_model.base_model.model.model.layers.23.mlp.up_proj.lora_B.default.weight -- torch.Size([11008, 16])🧊 Frozen parameter: visual_prompter.obj_encoder.model.backbone.enc.enc3.block5.cpe.2.norm.1.weight -- torch.Size([384])

🧊 Frozen parameter: llm_model.base_model.model.model.layers.23.mlp.down_proj.base_layer.weight -- torch.Size([4096, 11008])🧊 Frozen parameter: visual_prompter.obj_encoder.model.backbone.enc.enc3.block5.cpe.2.norm.1.bias -- torch.Size([384])

🔥 Tuned parameter: llm_model.base_model.model.model.layers.23.mlp.down_proj.lora_A.default.weight -- torch.Size([16, 11008])🧊 Frozen parameter: visual_prompter.obj_encoder.model.backbone.enc.enc3.block5.cpe.2.norm.2.weight -- torch.Size([384])

🔥 Tuned parameter: llm_model.base_model.model.model.layers.23.mlp.down_proj.lora_B.default.weight -- torch.Size([4096, 16])🧊 Frozen parameter: visual_prompter.obj_encoder.model.backbone.enc.enc3.block5.cpe.2.norm.2.bias -- torch.Size([384])

🧊 Frozen parameter: llm_model.base_model.model.model.layers.23.input_layernorm.weight -- torch.Size([4096])🧊 Frozen parameter: visual_prompter.obj_encoder.model.backbone.enc.enc3.block5.norm1.0.norm.0.weight -- torch.Size([384])

🧊 Frozen parameter: llm_model.base_model.model.model.layers.23.post_attention_layernorm.weight -- torch.Size([4096])🧊 Frozen parameter: visual_prompter.obj_encoder.model.backbone.enc.enc3.block5.norm1.0.norm.0.bias -- torch.Size([384])

🧊 Frozen parameter: llm_model.base_model.model.model.layers.24.self_attn.q_proj.base_layer.weight -- torch.Size([4096, 4096])🧊 Frozen parameter: visual_prompter.obj_encoder.model.backbone.enc.enc3.block5.norm1.0.norm.1.weight -- torch.Size([384])

🔥 Tuned parameter: llm_model.base_model.model.model.layers.24.self_attn.q_proj.lora_A.default.weight -- torch.Size([16, 4096])🧊 Frozen parameter: visual_prompter.obj_encoder.model.backbone.enc.enc3.block5.norm1.0.norm.1.bias -- torch.Size([384])

🔥 Tuned parameter: llm_model.base_model.model.model.layers.24.self_attn.q_proj.lora_B.default.weight -- torch.Size([4096, 16])🧊 Frozen parameter: visual_prompter.obj_encoder.model.backbone.enc.enc3.block5.norm1.0.norm.2.weight -- torch.Size([384])

🧊 Frozen parameter: llm_model.base_model.model.model.layers.24.self_attn.k_proj.base_layer.weight -- torch.Size([4096, 4096])🧊 Frozen parameter: visual_prompter.obj_encoder.model.backbone.enc.enc3.block5.norm1.0.norm.2.bias -- torch.Size([384])

🔥 Tuned parameter: llm_model.base_model.model.model.layers.24.self_attn.k_proj.lora_A.default.weight -- torch.Size([16, 4096])🧊 Frozen parameter: visual_prompter.obj_encoder.model.backbone.enc.enc3.block5.attn.qkv.weight -- torch.Size([1152, 384])

🔥 Tuned parameter: llm_model.base_model.model.model.layers.24.self_attn.k_proj.lora_B.default.weight -- torch.Size([4096, 16])🧊 Frozen parameter: visual_prompter.obj_encoder.model.backbone.enc.enc3.block5.attn.qkv.bias -- torch.Size([1152])

🧊 Frozen parameter: llm_model.base_model.model.model.layers.24.self_attn.v_proj.base_layer.weight -- torch.Size([4096, 4096])🧊 Frozen parameter: visual_prompter.obj_encoder.model.backbone.enc.enc3.block5.attn.proj.weight -- torch.Size([384, 384])

🔥 Tuned parameter: llm_model.base_model.model.model.layers.24.self_attn.v_proj.lora_A.default.weight -- torch.Size([16, 4096])🧊 Frozen parameter: visual_prompter.obj_encoder.model.backbone.enc.enc3.block5.attn.proj.bias -- torch.Size([384])

🔥 Tuned parameter: llm_model.base_model.model.model.layers.24.self_attn.v_proj.lora_B.default.weight -- torch.Size([4096, 16])🧊 Frozen parameter: visual_prompter.obj_encoder.model.backbone.enc.enc3.block5.norm2.0.norm.0.weight -- torch.Size([384])

🧊 Frozen parameter: llm_model.base_model.model.model.layers.24.self_attn.o_proj.base_layer.weight -- torch.Size([4096, 4096])🧊 Frozen parameter: visual_prompter.obj_encoder.model.backbone.enc.enc3.block5.norm2.0.norm.0.bias -- torch.Size([384])

🔥 Tuned parameter: llm_model.base_model.model.model.layers.24.self_attn.o_proj.lora_A.default.weight -- torch.Size([16, 4096])🧊 Frozen parameter: visual_prompter.obj_encoder.model.backbone.enc.enc3.block5.norm2.0.norm.1.weight -- torch.Size([384])

🔥 Tuned parameter: llm_model.base_model.model.model.layers.24.self_attn.o_proj.lora_B.default.weight -- torch.Size([4096, 16])🧊 Frozen parameter: visual_prompter.obj_encoder.model.backbone.enc.enc3.block5.norm2.0.norm.1.bias -- torch.Size([384])

🧊 Frozen parameter: llm_model.base_model.model.model.layers.24.mlp.gate_proj.base_layer.weight -- torch.Size([11008, 4096])🧊 Frozen parameter: visual_prompter.obj_encoder.model.backbone.enc.enc3.block5.norm2.0.norm.2.weight -- torch.Size([384])

🔥 Tuned parameter: llm_model.base_model.model.model.layers.24.mlp.gate_proj.lora_A.default.weight -- torch.Size([16, 4096])🧊 Frozen parameter: visual_prompter.obj_encoder.model.backbone.enc.enc3.block5.norm2.0.norm.2.bias -- torch.Size([384])

🔥 Tuned parameter: llm_model.base_model.model.model.layers.24.mlp.gate_proj.lora_B.default.weight -- torch.Size([11008, 16])🧊 Frozen parameter: visual_prompter.obj_encoder.model.backbone.enc.enc3.block5.mlp.0.fc1.weight -- torch.Size([1536, 384])

🧊 Frozen parameter: llm_model.base_model.model.model.layers.24.mlp.up_proj.base_layer.weight -- torch.Size([11008, 4096])🧊 Frozen parameter: visual_prompter.obj_encoder.model.backbone.enc.enc3.block5.mlp.0.fc1.bias -- torch.Size([1536])

🔥 Tuned parameter: llm_model.base_model.model.model.layers.24.mlp.up_proj.lora_A.default.weight -- torch.Size([16, 4096])🧊 Frozen parameter: visual_prompter.obj_encoder.model.backbone.enc.enc3.block5.mlp.0.fc2.weight -- torch.Size([384, 1536])

🔥 Tuned parameter: llm_model.base_model.model.model.layers.24.mlp.up_proj.lora_B.default.weight -- torch.Size([11008, 16])🧊 Frozen parameter: visual_prompter.obj_encoder.model.backbone.enc.enc3.block5.mlp.0.fc2.bias -- torch.Size([384])

🧊 Frozen parameter: llm_model.base_model.model.model.layers.24.mlp.down_proj.base_layer.weight -- torch.Size([4096, 11008])🧊 Frozen parameter: visual_prompter.obj_encoder.model.backbone.enc.enc4.down.proj.weight -- torch.Size([512, 384])

🔥 Tuned parameter: llm_model.base_model.model.model.layers.24.mlp.down_proj.lora_A.default.weight -- torch.Size([16, 11008])🧊 Frozen parameter: visual_prompter.obj_encoder.model.backbone.enc.enc4.down.proj.bias -- torch.Size([512])

🔥 Tuned parameter: llm_model.base_model.model.model.layers.24.mlp.down_proj.lora_B.default.weight -- torch.Size([4096, 16])🧊 Frozen parameter: visual_prompter.obj_encoder.model.backbone.enc.enc4.down.norm.0.norm.0.weight -- torch.Size([512])

🧊 Frozen parameter: llm_model.base_model.model.model.layers.24.input_layernorm.weight -- torch.Size([4096])🧊 Frozen parameter: visual_prompter.obj_encoder.model.backbone.enc.enc4.down.norm.0.norm.0.bias -- torch.Size([512])

🧊 Frozen parameter: llm_model.base_model.model.model.layers.24.post_attention_layernorm.weight -- torch.Size([4096])🧊 Frozen parameter: visual_prompter.obj_encoder.model.backbone.enc.enc4.down.norm.0.norm.1.weight -- torch.Size([512])

🧊 Frozen parameter: llm_model.base_model.model.model.layers.25.self_attn.q_proj.base_layer.weight -- torch.Size([4096, 4096])🧊 Frozen parameter: visual_prompter.obj_encoder.model.backbone.enc.enc4.down.norm.0.norm.1.bias -- torch.Size([512])

🔥 Tuned parameter: llm_model.base_model.model.model.layers.25.self_attn.q_proj.lora_A.default.weight -- torch.Size([16, 4096])🧊 Frozen parameter: visual_prompter.obj_encoder.model.backbone.enc.enc4.down.norm.0.norm.2.weight -- torch.Size([512])

🔥 Tuned parameter: llm_model.base_model.model.model.layers.25.self_attn.q_proj.lora_B.default.weight -- torch.Size([4096, 16])🧊 Frozen parameter: visual_prompter.obj_encoder.model.backbone.enc.enc4.down.norm.0.norm.2.bias -- torch.Size([512])

🧊 Frozen parameter: llm_model.base_model.model.model.layers.25.self_attn.k_proj.base_layer.weight -- torch.Size([4096, 4096])🧊 Frozen parameter: visual_prompter.obj_encoder.model.backbone.enc.enc4.block0.cpe.0.weight -- torch.Size([512, 3, 3, 3, 512])

🔥 Tuned parameter: llm_model.base_model.model.model.layers.25.self_attn.k_proj.lora_A.default.weight -- torch.Size([16, 4096])🧊 Frozen parameter: visual_prompter.obj_encoder.model.backbone.enc.enc4.block0.cpe.0.bias -- torch.Size([512])

🔥 Tuned parameter: llm_model.base_model.model.model.layers.25.self_attn.k_proj.lora_B.default.weight -- torch.Size([4096, 16])🧊 Frozen parameter: visual_prompter.obj_encoder.model.backbone.enc.enc4.block0.cpe.1.weight -- torch.Size([512, 512])

🧊 Frozen parameter: llm_model.base_model.model.model.layers.25.self_attn.v_proj.base_layer.weight -- torch.Size([4096, 4096])🧊 Frozen parameter: visual_prompter.obj_encoder.model.backbone.enc.enc4.block0.cpe.1.bias -- torch.Size([512])

🔥 Tuned parameter: llm_model.base_model.model.model.layers.25.self_attn.v_proj.lora_A.default.weight -- torch.Size([16, 4096])🧊 Frozen parameter: visual_prompter.obj_encoder.model.backbone.enc.enc4.block0.cpe.2.norm.0.weight -- torch.Size([512])

🔥 Tuned parameter: llm_model.base_model.model.model.layers.25.self_attn.v_proj.lora_B.default.weight -- torch.Size([4096, 16])🧊 Frozen parameter: visual_prompter.obj_encoder.model.backbone.enc.enc4.block0.cpe.2.norm.0.bias -- torch.Size([512])

🧊 Frozen parameter: llm_model.base_model.model.model.layers.25.self_attn.o_proj.base_layer.weight -- torch.Size([4096, 4096])🧊 Frozen parameter: visual_prompter.obj_encoder.model.backbone.enc.enc4.block0.cpe.2.norm.1.weight -- torch.Size([512])

🔥 Tuned parameter: llm_model.base_model.model.model.layers.25.self_attn.o_proj.lora_A.default.weight -- torch.Size([16, 4096])🧊 Frozen parameter: visual_prompter.obj_encoder.model.backbone.enc.enc4.block0.cpe.2.norm.1.bias -- torch.Size([512])

🔥 Tuned parameter: llm_model.base_model.model.model.layers.25.self_attn.o_proj.lora_B.default.weight -- torch.Size([4096, 16])🧊 Frozen parameter: visual_prompter.obj_encoder.model.backbone.enc.enc4.block0.cpe.2.norm.2.weight -- torch.Size([512])

🧊 Frozen parameter: llm_model.base_model.model.model.layers.25.mlp.gate_proj.base_layer.weight -- torch.Size([11008, 4096])🧊 Frozen parameter: visual_prompter.obj_encoder.model.backbone.enc.enc4.block0.cpe.2.norm.2.bias -- torch.Size([512])

🔥 Tuned parameter: llm_model.base_model.model.model.layers.25.mlp.gate_proj.lora_A.default.weight -- torch.Size([16, 4096])🧊 Frozen parameter: visual_prompter.obj_encoder.model.backbone.enc.enc4.block0.norm1.0.norm.0.weight -- torch.Size([512])

🔥 Tuned parameter: llm_model.base_model.model.model.layers.25.mlp.gate_proj.lora_B.default.weight -- torch.Size([11008, 16])🧊 Frozen parameter: visual_prompter.obj_encoder.model.backbone.enc.enc4.block0.norm1.0.norm.0.bias -- torch.Size([512])

🧊 Frozen parameter: llm_model.base_model.model.model.layers.25.mlp.up_proj.base_layer.weight -- torch.Size([11008, 4096])🧊 Frozen parameter: visual_prompter.obj_encoder.model.backbone.enc.enc4.block0.norm1.0.norm.1.weight -- torch.Size([512])

🔥 Tuned parameter: llm_model.base_model.model.model.layers.25.mlp.up_proj.lora_A.default.weight -- torch.Size([16, 4096])🧊 Frozen parameter: visual_prompter.obj_encoder.model.backbone.enc.enc4.block0.norm1.0.norm.1.bias -- torch.Size([512])

🔥 Tuned parameter: llm_model.base_model.model.model.layers.25.mlp.up_proj.lora_B.default.weight -- torch.Size([11008, 16])🧊 Frozen parameter: visual_prompter.obj_encoder.model.backbone.enc.enc4.block0.norm1.0.norm.2.weight -- torch.Size([512])

🧊 Frozen parameter: llm_model.base_model.model.model.layers.25.mlp.down_proj.base_layer.weight -- torch.Size([4096, 11008])🧊 Frozen parameter: visual_prompter.obj_encoder.model.backbone.enc.enc4.block0.norm1.0.norm.2.bias -- torch.Size([512])

🔥 Tuned parameter: llm_model.base_model.model.model.layers.25.mlp.down_proj.lora_A.default.weight -- torch.Size([16, 11008])🧊 Frozen parameter: visual_prompter.obj_encoder.model.backbone.enc.enc4.block0.attn.qkv.weight -- torch.Size([1536, 512])

🔥 Tuned parameter: llm_model.base_model.model.model.layers.25.mlp.down_proj.lora_B.default.weight -- torch.Size([4096, 16])🧊 Frozen parameter: visual_prompter.obj_encoder.model.backbone.enc.enc4.block0.attn.qkv.bias -- torch.Size([1536])

🧊 Frozen parameter: llm_model.base_model.model.model.layers.25.input_layernorm.weight -- torch.Size([4096])🧊 Frozen parameter: visual_prompter.obj_encoder.model.backbone.enc.enc4.block0.attn.proj.weight -- torch.Size([512, 512])

🧊 Frozen parameter: llm_model.base_model.model.model.layers.25.post_attention_layernorm.weight -- torch.Size([4096])🧊 Frozen parameter: visual_prompter.obj_encoder.model.backbone.enc.enc4.block0.attn.proj.bias -- torch.Size([512])

🧊 Frozen parameter: llm_model.base_model.model.model.layers.26.self_attn.q_proj.base_layer.weight -- torch.Size([4096, 4096])🧊 Frozen parameter: visual_prompter.obj_encoder.model.backbone.enc.enc4.block0.norm2.0.norm.0.weight -- torch.Size([512])

🔥 Tuned parameter: llm_model.base_model.model.model.layers.26.self_attn.q_proj.lora_A.default.weight -- torch.Size([16, 4096])🧊 Frozen parameter: visual_prompter.obj_encoder.model.backbone.enc.enc4.block0.norm2.0.norm.0.bias -- torch.Size([512])

🔥 Tuned parameter: llm_model.base_model.model.model.layers.26.self_attn.q_proj.lora_B.default.weight -- torch.Size([4096, 16])🧊 Frozen parameter: visual_prompter.obj_encoder.model.backbone.enc.enc4.block0.norm2.0.norm.1.weight -- torch.Size([512])

🧊 Frozen parameter: llm_model.base_model.model.model.layers.26.self_attn.k_proj.base_layer.weight -- torch.Size([4096, 4096])🧊 Frozen parameter: visual_prompter.obj_encoder.model.backbone.enc.enc4.block0.norm2.0.norm.1.bias -- torch.Size([512])

🔥 Tuned parameter: llm_model.base_model.model.model.layers.26.self_attn.k_proj.lora_A.default.weight -- torch.Size([16, 4096])🧊 Frozen parameter: visual_prompter.obj_encoder.model.backbone.enc.enc4.block0.norm2.0.norm.2.weight -- torch.Size([512])

🔥 Tuned parameter: llm_model.base_model.model.model.layers.26.self_attn.k_proj.lora_B.default.weight -- torch.Size([4096, 16])🧊 Frozen parameter: visual_prompter.obj_encoder.model.backbone.enc.enc4.block0.norm2.0.norm.2.bias -- torch.Size([512])

🧊 Frozen parameter: llm_model.base_model.model.model.layers.26.self_attn.v_proj.base_layer.weight -- torch.Size([4096, 4096])🧊 Frozen parameter: visual_prompter.obj_encoder.model.backbone.enc.enc4.block0.mlp.0.fc1.weight -- torch.Size([2048, 512])

🔥 Tuned parameter: llm_model.base_model.model.model.layers.26.self_attn.v_proj.lora_A.default.weight -- torch.Size([16, 4096])🧊 Frozen parameter: visual_prompter.obj_encoder.model.backbone.enc.enc4.block0.mlp.0.fc1.bias -- torch.Size([2048])

🔥 Tuned parameter: llm_model.base_model.model.model.layers.26.self_attn.v_proj.lora_B.default.weight -- torch.Size([4096, 16])🧊 Frozen parameter: visual_prompter.obj_encoder.model.backbone.enc.enc4.block0.mlp.0.fc2.weight -- torch.Size([512, 2048])

🧊 Frozen parameter: llm_model.base_model.model.model.layers.26.self_attn.o_proj.base_layer.weight -- torch.Size([4096, 4096])🧊 Frozen parameter: visual_prompter.obj_encoder.model.backbone.enc.enc4.block0.mlp.0.fc2.bias -- torch.Size([512])

🔥 Tuned parameter: llm_model.base_model.model.model.layers.26.self_attn.o_proj.lora_A.default.weight -- torch.Size([16, 4096])🧊 Frozen parameter: visual_prompter.obj_encoder.model.backbone.enc.enc4.block1.cpe.0.weight -- torch.Size([512, 3, 3, 3, 512])

🔥 Tuned parameter: llm_model.base_model.model.model.layers.26.self_attn.o_proj.lora_B.default.weight -- torch.Size([4096, 16])🧊 Frozen parameter: visual_prompter.obj_encoder.model.backbone.enc.enc4.block1.cpe.0.bias -- torch.Size([512])

🧊 Frozen parameter: llm_model.base_model.model.model.layers.26.mlp.gate_proj.base_layer.weight -- torch.Size([11008, 4096])🧊 Frozen parameter: visual_prompter.obj_encoder.model.backbone.enc.enc4.block1.cpe.1.weight -- torch.Size([512, 512])

🔥 Tuned parameter: llm_model.base_model.model.model.layers.26.mlp.gate_proj.lora_A.default.weight -- torch.Size([16, 4096])🧊 Frozen parameter: visual_prompter.obj_encoder.model.backbone.enc.enc4.block1.cpe.1.bias -- torch.Size([512])

🔥 Tuned parameter: llm_model.base_model.model.model.layers.26.mlp.gate_proj.lora_B.default.weight -- torch.Size([11008, 16])🧊 Frozen parameter: visual_prompter.obj_encoder.model.backbone.enc.enc4.block1.cpe.2.norm.0.weight -- torch.Size([512])

🧊 Frozen parameter: llm_model.base_model.model.model.layers.26.mlp.up_proj.base_layer.weight -- torch.Size([11008, 4096])🧊 Frozen parameter: visual_prompter.obj_encoder.model.backbone.enc.enc4.block1.cpe.2.norm.0.bias -- torch.Size([512])

🔥 Tuned parameter: llm_model.base_model.model.model.layers.26.mlp.up_proj.lora_A.default.weight -- torch.Size([16, 4096])🧊 Frozen parameter: visual_prompter.obj_encoder.model.backbone.enc.enc4.block1.cpe.2.norm.1.weight -- torch.Size([512])

🔥 Tuned parameter: llm_model.base_model.model.model.layers.26.mlp.up_proj.lora_B.default.weight -- torch.Size([11008, 16])🧊 Frozen parameter: visual_prompter.obj_encoder.model.backbone.enc.enc4.block1.cpe.2.norm.1.bias -- torch.Size([512])

🧊 Frozen parameter: llm_model.base_model.model.model.layers.26.mlp.down_proj.base_layer.weight -- torch.Size([4096, 11008])🧊 Frozen parameter: visual_prompter.obj_encoder.model.backbone.enc.enc4.block1.cpe.2.norm.2.weight -- torch.Size([512])

🔥 Tuned parameter: llm_model.base_model.model.model.layers.26.mlp.down_proj.lora_A.default.weight -- torch.Size([16, 11008])🧊 Frozen parameter: visual_prompter.obj_encoder.model.backbone.enc.enc4.block1.cpe.2.norm.2.bias -- torch.Size([512])

🔥 Tuned parameter: llm_model.base_model.model.model.layers.26.mlp.down_proj.lora_B.default.weight -- torch.Size([4096, 16])🧊 Frozen parameter: visual_prompter.obj_encoder.model.backbone.enc.enc4.block1.norm1.0.norm.0.weight -- torch.Size([512])

🧊 Frozen parameter: llm_model.base_model.model.model.layers.26.input_layernorm.weight -- torch.Size([4096])🧊 Frozen parameter: visual_prompter.obj_encoder.model.backbone.enc.enc4.block1.norm1.0.norm.0.bias -- torch.Size([512])

🧊 Frozen parameter: llm_model.base_model.model.model.layers.26.post_attention_layernorm.weight -- torch.Size([4096])🧊 Frozen parameter: visual_prompter.obj_encoder.model.backbone.enc.enc4.block1.norm1.0.norm.1.weight -- torch.Size([512])

🧊 Frozen parameter: llm_model.base_model.model.model.layers.27.self_attn.q_proj.base_layer.weight -- torch.Size([4096, 4096])🧊 Frozen parameter: visual_prompter.obj_encoder.model.backbone.enc.enc4.block1.norm1.0.norm.1.bias -- torch.Size([512])

🔥 Tuned parameter: llm_model.base_model.model.model.layers.27.self_attn.q_proj.lora_A.default.weight -- torch.Size([16, 4096])🧊 Frozen parameter: visual_prompter.obj_encoder.model.backbone.enc.enc4.block1.norm1.0.norm.2.weight -- torch.Size([512])

🔥 Tuned parameter: llm_model.base_model.model.model.layers.27.self_attn.q_proj.lora_B.default.weight -- torch.Size([4096, 16])🧊 Frozen parameter: visual_prompter.obj_encoder.model.backbone.enc.enc4.block1.norm1.0.norm.2.bias -- torch.Size([512])

🧊 Frozen parameter: llm_model.base_model.model.model.layers.27.self_attn.k_proj.base_layer.weight -- torch.Size([4096, 4096])🧊 Frozen parameter: visual_prompter.obj_encoder.model.backbone.enc.enc4.block1.attn.qkv.weight -- torch.Size([1536, 512])

🔥 Tuned parameter: llm_model.base_model.model.model.layers.27.self_attn.k_proj.lora_A.default.weight -- torch.Size([16, 4096])🧊 Frozen parameter: visual_prompter.obj_encoder.model.backbone.enc.enc4.block1.attn.qkv.bias -- torch.Size([1536])

🔥 Tuned parameter: llm_model.base_model.model.model.layers.27.self_attn.k_proj.lora_B.default.weight -- torch.Size([4096, 16])🧊 Frozen parameter: visual_prompter.obj_encoder.model.backbone.enc.enc4.block1.attn.proj.weight -- torch.Size([512, 512])

🧊 Frozen parameter: llm_model.base_model.model.model.layers.27.self_attn.v_proj.base_layer.weight -- torch.Size([4096, 4096])🧊 Frozen parameter: visual_prompter.obj_encoder.model.backbone.enc.enc4.block1.attn.proj.bias -- torch.Size([512])

🔥 Tuned parameter: llm_model.base_model.model.model.layers.27.self_attn.v_proj.lora_A.default.weight -- torch.Size([16, 4096])🧊 Frozen parameter: visual_prompter.obj_encoder.model.backbone.enc.enc4.block1.norm2.0.norm.0.weight -- torch.Size([512])

🔥 Tuned parameter: llm_model.base_model.model.model.layers.27.self_attn.v_proj.lora_B.default.weight -- torch.Size([4096, 16])🧊 Frozen parameter: visual_prompter.obj_encoder.model.backbone.enc.enc4.block1.norm2.0.norm.0.bias -- torch.Size([512])

🧊 Frozen parameter: llm_model.base_model.model.model.layers.27.self_attn.o_proj.base_layer.weight -- torch.Size([4096, 4096])🧊 Frozen parameter: visual_prompter.obj_encoder.model.backbone.enc.enc4.block1.norm2.0.norm.1.weight -- torch.Size([512])

🔥 Tuned parameter: llm_model.base_model.model.model.layers.27.self_attn.o_proj.lora_A.default.weight -- torch.Size([16, 4096])🧊 Frozen parameter: visual_prompter.obj_encoder.model.backbone.enc.enc4.block1.norm2.0.norm.1.bias -- torch.Size([512])

🔥 Tuned parameter: llm_model.base_model.model.model.layers.27.self_attn.o_proj.lora_B.default.weight -- torch.Size([4096, 16])🧊 Frozen parameter: visual_prompter.obj_encoder.model.backbone.enc.enc4.block1.norm2.0.norm.2.weight -- torch.Size([512])

🧊 Frozen parameter: visual_prompter.obj_encoder.model.backbone.enc.enc4.block1.norm2.0.norm.2.bias -- torch.Size([512])🧊 Frozen parameter: llm_model.base_model.model.model.layers.27.mlp.gate_proj.base_layer.weight -- torch.Size([11008, 4096])

🧊 Frozen parameter: visual_prompter.obj_encoder.model.backbone.enc.enc4.block1.mlp.0.fc1.weight -- torch.Size([2048, 512])🔥 Tuned parameter: llm_model.base_model.model.model.layers.27.mlp.gate_proj.lora_A.default.weight -- torch.Size([16, 4096])

🧊 Frozen parameter: visual_prompter.obj_encoder.model.backbone.enc.enc4.block1.mlp.0.fc1.bias -- torch.Size([2048])🔥 Tuned parameter: llm_model.base_model.model.model.layers.27.mlp.gate_proj.lora_B.default.weight -- torch.Size([11008, 16])

🧊 Frozen parameter: visual_prompter.obj_encoder.model.backbone.enc.enc4.block1.mlp.0.fc2.weight -- torch.Size([512, 2048])🧊 Frozen parameter: llm_model.base_model.model.model.layers.27.mlp.up_proj.base_layer.weight -- torch.Size([11008, 4096])

🧊 Frozen parameter: visual_prompter.obj_encoder.model.backbone.enc.enc4.block1.mlp.0.fc2.bias -- torch.Size([512])🔥 Tuned parameter: llm_model.base_model.model.model.layers.27.mlp.up_proj.lora_A.default.weight -- torch.Size([16, 4096])

🧊 Frozen parameter: visual_prompter.obj_encoder.model.backbone.enc.enc4.block2.cpe.0.weight -- torch.Size([512, 3, 3, 3, 512])🔥 Tuned parameter: llm_model.base_model.model.model.layers.27.mlp.up_proj.lora_B.default.weight -- torch.Size([11008, 16])

🧊 Frozen parameter: visual_prompter.obj_encoder.model.backbone.enc.enc4.block2.cpe.0.bias -- torch.Size([512])
🧊 Frozen parameter: llm_model.base_model.model.model.layers.27.mlp.down_proj.base_layer.weight -- torch.Size([4096, 11008])🧊 Frozen parameter: visual_prompter.obj_encoder.model.backbone.enc.enc4.block2.cpe.1.weight -- torch.Size([512, 512])

🔥 Tuned parameter: llm_model.base_model.model.model.layers.27.mlp.down_proj.lora_A.default.weight -- torch.Size([16, 11008])🧊 Frozen parameter: visual_prompter.obj_encoder.model.backbone.enc.enc4.block2.cpe.1.bias -- torch.Size([512])

🔥 Tuned parameter: llm_model.base_model.model.model.layers.27.mlp.down_proj.lora_B.default.weight -- torch.Size([4096, 16])🧊 Frozen parameter: visual_prompter.obj_encoder.model.backbone.enc.enc4.block2.cpe.2.norm.0.weight -- torch.Size([512])

🧊 Frozen parameter: llm_model.base_model.model.model.layers.27.input_layernorm.weight -- torch.Size([4096])🧊 Frozen parameter: visual_prompter.obj_encoder.model.backbone.enc.enc4.block2.cpe.2.norm.0.bias -- torch.Size([512])

🧊 Frozen parameter: llm_model.base_model.model.model.layers.27.post_attention_layernorm.weight -- torch.Size([4096])🧊 Frozen parameter: visual_prompter.obj_encoder.model.backbone.enc.enc4.block2.cpe.2.norm.1.weight -- torch.Size([512])

🧊 Frozen parameter: llm_model.base_model.model.model.layers.28.self_attn.q_proj.base_layer.weight -- torch.Size([4096, 4096])🧊 Frozen parameter: visual_prompter.obj_encoder.model.backbone.enc.enc4.block2.cpe.2.norm.1.bias -- torch.Size([512])

🔥 Tuned parameter: llm_model.base_model.model.model.layers.28.self_attn.q_proj.lora_A.default.weight -- torch.Size([16, 4096])🧊 Frozen parameter: visual_prompter.obj_encoder.model.backbone.enc.enc4.block2.cpe.2.norm.2.weight -- torch.Size([512])

🔥 Tuned parameter: llm_model.base_model.model.model.layers.28.self_attn.q_proj.lora_B.default.weight -- torch.Size([4096, 16])🧊 Frozen parameter: visual_prompter.obj_encoder.model.backbone.enc.enc4.block2.cpe.2.norm.2.bias -- torch.Size([512])

🧊 Frozen parameter: llm_model.base_model.model.model.layers.28.self_attn.k_proj.base_layer.weight -- torch.Size([4096, 4096])🧊 Frozen parameter: visual_prompter.obj_encoder.model.backbone.enc.enc4.block2.norm1.0.norm.0.weight -- torch.Size([512])

🔥 Tuned parameter: llm_model.base_model.model.model.layers.28.self_attn.k_proj.lora_A.default.weight -- torch.Size([16, 4096])🧊 Frozen parameter: visual_prompter.obj_encoder.model.backbone.enc.enc4.block2.norm1.0.norm.0.bias -- torch.Size([512])

🔥 Tuned parameter: llm_model.base_model.model.model.layers.28.self_attn.k_proj.lora_B.default.weight -- torch.Size([4096, 16])🧊 Frozen parameter: visual_prompter.obj_encoder.model.backbone.enc.enc4.block2.norm1.0.norm.1.weight -- torch.Size([512])

🧊 Frozen parameter: llm_model.base_model.model.model.layers.28.self_attn.v_proj.base_layer.weight -- torch.Size([4096, 4096])🧊 Frozen parameter: visual_prompter.obj_encoder.model.backbone.enc.enc4.block2.norm1.0.norm.1.bias -- torch.Size([512])

🔥 Tuned parameter: llm_model.base_model.model.model.layers.28.self_attn.v_proj.lora_A.default.weight -- torch.Size([16, 4096])🧊 Frozen parameter: visual_prompter.obj_encoder.model.backbone.enc.enc4.block2.norm1.0.norm.2.weight -- torch.Size([512])

🔥 Tuned parameter: llm_model.base_model.model.model.layers.28.self_attn.v_proj.lora_B.default.weight -- torch.Size([4096, 16])🧊 Frozen parameter: visual_prompter.obj_encoder.model.backbone.enc.enc4.block2.norm1.0.norm.2.bias -- torch.Size([512])

🧊 Frozen parameter: llm_model.base_model.model.model.layers.28.self_attn.o_proj.base_layer.weight -- torch.Size([4096, 4096])🧊 Frozen parameter: visual_prompter.obj_encoder.model.backbone.enc.enc4.block2.attn.qkv.weight -- torch.Size([1536, 512])

🔥 Tuned parameter: llm_model.base_model.model.model.layers.28.self_attn.o_proj.lora_A.default.weight -- torch.Size([16, 4096])🧊 Frozen parameter: visual_prompter.obj_encoder.model.backbone.enc.enc4.block2.attn.qkv.bias -- torch.Size([1536])

🔥 Tuned parameter: llm_model.base_model.model.model.layers.28.self_attn.o_proj.lora_B.default.weight -- torch.Size([4096, 16])🧊 Frozen parameter: visual_prompter.obj_encoder.model.backbone.enc.enc4.block2.attn.proj.weight -- torch.Size([512, 512])

🧊 Frozen parameter: llm_model.base_model.model.model.layers.28.mlp.gate_proj.base_layer.weight -- torch.Size([11008, 4096])🧊 Frozen parameter: visual_prompter.obj_encoder.model.backbone.enc.enc4.block2.attn.proj.bias -- torch.Size([512])

🔥 Tuned parameter: llm_model.base_model.model.model.layers.28.mlp.gate_proj.lora_A.default.weight -- torch.Size([16, 4096])
🧊 Frozen parameter: visual_prompter.obj_encoder.model.backbone.enc.enc4.block2.norm2.0.norm.0.weight -- torch.Size([512])🔥 Tuned parameter: llm_model.base_model.model.model.layers.28.mlp.gate_proj.lora_B.default.weight -- torch.Size([11008, 16])

🧊 Frozen parameter: visual_prompter.obj_encoder.model.backbone.enc.enc4.block2.norm2.0.norm.0.bias -- torch.Size([512])
🧊 Frozen parameter: llm_model.base_model.model.model.layers.28.mlp.up_proj.base_layer.weight -- torch.Size([11008, 4096])🧊 Frozen parameter: visual_prompter.obj_encoder.model.backbone.enc.enc4.block2.norm2.0.norm.1.weight -- torch.Size([512])

🔥 Tuned parameter: llm_model.base_model.model.model.layers.28.mlp.up_proj.lora_A.default.weight -- torch.Size([16, 4096])🧊 Frozen parameter: visual_prompter.obj_encoder.model.backbone.enc.enc4.block2.norm2.0.norm.1.bias -- torch.Size([512])

🔥 Tuned parameter: llm_model.base_model.model.model.layers.28.mlp.up_proj.lora_B.default.weight -- torch.Size([11008, 16])🧊 Frozen parameter: visual_prompter.obj_encoder.model.backbone.enc.enc4.block2.norm2.0.norm.2.weight -- torch.Size([512])

🧊 Frozen parameter: llm_model.base_model.model.model.layers.28.mlp.down_proj.base_layer.weight -- torch.Size([4096, 11008])🧊 Frozen parameter: visual_prompter.obj_encoder.model.backbone.enc.enc4.block2.norm2.0.norm.2.bias -- torch.Size([512])

🔥 Tuned parameter: llm_model.base_model.model.model.layers.28.mlp.down_proj.lora_A.default.weight -- torch.Size([16, 11008])🧊 Frozen parameter: visual_prompter.obj_encoder.model.backbone.enc.enc4.block2.mlp.0.fc1.weight -- torch.Size([2048, 512])

🔥 Tuned parameter: llm_model.base_model.model.model.layers.28.mlp.down_proj.lora_B.default.weight -- torch.Size([4096, 16])🧊 Frozen parameter: visual_prompter.obj_encoder.model.backbone.enc.enc4.block2.mlp.0.fc1.bias -- torch.Size([2048])

🧊 Frozen parameter: llm_model.base_model.model.model.layers.28.input_layernorm.weight -- torch.Size([4096])🧊 Frozen parameter: visual_prompter.obj_encoder.model.backbone.enc.enc4.block2.mlp.0.fc2.weight -- torch.Size([512, 2048])

🧊 Frozen parameter: llm_model.base_model.model.model.layers.28.post_attention_layernorm.weight -- torch.Size([4096])🧊 Frozen parameter: visual_prompter.obj_encoder.model.backbone.enc.enc4.block2.mlp.0.fc2.bias -- torch.Size([512])

🧊 Frozen parameter: llm_model.base_model.model.model.layers.29.self_attn.q_proj.base_layer.weight -- torch.Size([4096, 4096])
🧊 Frozen parameter: visual_prompter.obj_encoder.model.backbone.dec.dec3.up.proj.0.weight -- torch.Size([384, 512])🔥 Tuned parameter: llm_model.base_model.model.model.layers.29.self_attn.q_proj.lora_A.default.weight -- torch.Size([16, 4096])

🧊 Frozen parameter: visual_prompter.obj_encoder.model.backbone.dec.dec3.up.proj.0.bias -- torch.Size([384])🔥 Tuned parameter: llm_model.base_model.model.model.layers.29.self_attn.q_proj.lora_B.default.weight -- torch.Size([4096, 16])

🧊 Frozen parameter: visual_prompter.obj_encoder.model.backbone.dec.dec3.up.proj.1.norm.0.weight -- torch.Size([384])🧊 Frozen parameter: llm_model.base_model.model.model.layers.29.self_attn.k_proj.base_layer.weight -- torch.Size([4096, 4096])

🧊 Frozen parameter: visual_prompter.obj_encoder.model.backbone.dec.dec3.up.proj.1.norm.0.bias -- torch.Size([384])🔥 Tuned parameter: llm_model.base_model.model.model.layers.29.self_attn.k_proj.lora_A.default.weight -- torch.Size([16, 4096])

🧊 Frozen parameter: visual_prompter.obj_encoder.model.backbone.dec.dec3.up.proj.1.norm.1.weight -- torch.Size([384])🔥 Tuned parameter: llm_model.base_model.model.model.layers.29.self_attn.k_proj.lora_B.default.weight -- torch.Size([4096, 16])

🧊 Frozen parameter: visual_prompter.obj_encoder.model.backbone.dec.dec3.up.proj.1.norm.1.bias -- torch.Size([384])
🧊 Frozen parameter: llm_model.base_model.model.model.layers.29.self_attn.v_proj.base_layer.weight -- torch.Size([4096, 4096])🧊 Frozen parameter: visual_prompter.obj_encoder.model.backbone.dec.dec3.up.proj.1.norm.2.weight -- torch.Size([384])

🔥 Tuned parameter: llm_model.base_model.model.model.layers.29.self_attn.v_proj.lora_A.default.weight -- torch.Size([16, 4096])🧊 Frozen parameter: visual_prompter.obj_encoder.model.backbone.dec.dec3.up.proj.1.norm.2.bias -- torch.Size([384])

🔥 Tuned parameter: llm_model.base_model.model.model.layers.29.self_attn.v_proj.lora_B.default.weight -- torch.Size([4096, 16])🧊 Frozen parameter: visual_prompter.obj_encoder.model.backbone.dec.dec3.up.proj_skip.0.weight -- torch.Size([384, 384])

🧊 Frozen parameter: llm_model.base_model.model.model.layers.29.self_attn.o_proj.base_layer.weight -- torch.Size([4096, 4096])🧊 Frozen parameter: visual_prompter.obj_encoder.model.backbone.dec.dec3.up.proj_skip.0.bias -- torch.Size([384])

🔥 Tuned parameter: llm_model.base_model.model.model.layers.29.self_attn.o_proj.lora_A.default.weight -- torch.Size([16, 4096])🧊 Frozen parameter: visual_prompter.obj_encoder.model.backbone.dec.dec3.up.proj_skip.1.norm.0.weight -- torch.Size([384])

🔥 Tuned parameter: llm_model.base_model.model.model.layers.29.self_attn.o_proj.lora_B.default.weight -- torch.Size([4096, 16])🧊 Frozen parameter: visual_prompter.obj_encoder.model.backbone.dec.dec3.up.proj_skip.1.norm.0.bias -- torch.Size([384])

🧊 Frozen parameter: llm_model.base_model.model.model.layers.29.mlp.gate_proj.base_layer.weight -- torch.Size([11008, 4096])🧊 Frozen parameter: visual_prompter.obj_encoder.model.backbone.dec.dec3.up.proj_skip.1.norm.1.weight -- torch.Size([384])

🔥 Tuned parameter: llm_model.base_model.model.model.layers.29.mlp.gate_proj.lora_A.default.weight -- torch.Size([16, 4096])🧊 Frozen parameter: visual_prompter.obj_encoder.model.backbone.dec.dec3.up.proj_skip.1.norm.1.bias -- torch.Size([384])

🔥 Tuned parameter: llm_model.base_model.model.model.layers.29.mlp.gate_proj.lora_B.default.weight -- torch.Size([11008, 16])🧊 Frozen parameter: visual_prompter.obj_encoder.model.backbone.dec.dec3.up.proj_skip.1.norm.2.weight -- torch.Size([384])

🧊 Frozen parameter: llm_model.base_model.model.model.layers.29.mlp.up_proj.base_layer.weight -- torch.Size([11008, 4096])🧊 Frozen parameter: visual_prompter.obj_encoder.model.backbone.dec.dec3.up.proj_skip.1.norm.2.bias -- torch.Size([384])

🔥 Tuned parameter: llm_model.base_model.model.model.layers.29.mlp.up_proj.lora_A.default.weight -- torch.Size([16, 4096])🧊 Frozen parameter: visual_prompter.obj_encoder.model.backbone.dec.dec3.block0.cpe.0.weight -- torch.Size([384, 3, 3, 3, 384])

🔥 Tuned parameter: llm_model.base_model.model.model.layers.29.mlp.up_proj.lora_B.default.weight -- torch.Size([11008, 16])🧊 Frozen parameter: visual_prompter.obj_encoder.model.backbone.dec.dec3.block0.cpe.0.bias -- torch.Size([384])

🧊 Frozen parameter: llm_model.base_model.model.model.layers.29.mlp.down_proj.base_layer.weight -- torch.Size([4096, 11008])🧊 Frozen parameter: visual_prompter.obj_encoder.model.backbone.dec.dec3.block0.cpe.1.weight -- torch.Size([384, 384])

🔥 Tuned parameter: llm_model.base_model.model.model.layers.29.mlp.down_proj.lora_A.default.weight -- torch.Size([16, 11008])🧊 Frozen parameter: visual_prompter.obj_encoder.model.backbone.dec.dec3.block0.cpe.1.bias -- torch.Size([384])

🔥 Tuned parameter: llm_model.base_model.model.model.layers.29.mlp.down_proj.lora_B.default.weight -- torch.Size([4096, 16])🧊 Frozen parameter: visual_prompter.obj_encoder.model.backbone.dec.dec3.block0.cpe.2.norm.0.weight -- torch.Size([384])

🧊 Frozen parameter: llm_model.base_model.model.model.layers.29.input_layernorm.weight -- torch.Size([4096])🧊 Frozen parameter: visual_prompter.obj_encoder.model.backbone.dec.dec3.block0.cpe.2.norm.0.bias -- torch.Size([384])

🧊 Frozen parameter: llm_model.base_model.model.model.layers.29.post_attention_layernorm.weight -- torch.Size([4096])🧊 Frozen parameter: visual_prompter.obj_encoder.model.backbone.dec.dec3.block0.cpe.2.norm.1.weight -- torch.Size([384])

🧊 Frozen parameter: llm_model.base_model.model.model.layers.30.self_attn.q_proj.base_layer.weight -- torch.Size([4096, 4096])🧊 Frozen parameter: visual_prompter.obj_encoder.model.backbone.dec.dec3.block0.cpe.2.norm.1.bias -- torch.Size([384])

🔥 Tuned parameter: llm_model.base_model.model.model.layers.30.self_attn.q_proj.lora_A.default.weight -- torch.Size([16, 4096])🧊 Frozen parameter: visual_prompter.obj_encoder.model.backbone.dec.dec3.block0.cpe.2.norm.2.weight -- torch.Size([384])

🔥 Tuned parameter: llm_model.base_model.model.model.layers.30.self_attn.q_proj.lora_B.default.weight -- torch.Size([4096, 16])🧊 Frozen parameter: visual_prompter.obj_encoder.model.backbone.dec.dec3.block0.cpe.2.norm.2.bias -- torch.Size([384])

🧊 Frozen parameter: llm_model.base_model.model.model.layers.30.self_attn.k_proj.base_layer.weight -- torch.Size([4096, 4096])🧊 Frozen parameter: visual_prompter.obj_encoder.model.backbone.dec.dec3.block0.norm1.0.norm.0.weight -- torch.Size([384])

🔥 Tuned parameter: llm_model.base_model.model.model.layers.30.self_attn.k_proj.lora_A.default.weight -- torch.Size([16, 4096])🧊 Frozen parameter: visual_prompter.obj_encoder.model.backbone.dec.dec3.block0.norm1.0.norm.0.bias -- torch.Size([384])

🔥 Tuned parameter: llm_model.base_model.model.model.layers.30.self_attn.k_proj.lora_B.default.weight -- torch.Size([4096, 16])🧊 Frozen parameter: visual_prompter.obj_encoder.model.backbone.dec.dec3.block0.norm1.0.norm.1.weight -- torch.Size([384])

🧊 Frozen parameter: llm_model.base_model.model.model.layers.30.self_attn.v_proj.base_layer.weight -- torch.Size([4096, 4096])🧊 Frozen parameter: visual_prompter.obj_encoder.model.backbone.dec.dec3.block0.norm1.0.norm.1.bias -- torch.Size([384])

🔥 Tuned parameter: llm_model.base_model.model.model.layers.30.self_attn.v_proj.lora_A.default.weight -- torch.Size([16, 4096])🧊 Frozen parameter: visual_prompter.obj_encoder.model.backbone.dec.dec3.block0.norm1.0.norm.2.weight -- torch.Size([384])

🔥 Tuned parameter: llm_model.base_model.model.model.layers.30.self_attn.v_proj.lora_B.default.weight -- torch.Size([4096, 16])🧊 Frozen parameter: visual_prompter.obj_encoder.model.backbone.dec.dec3.block0.norm1.0.norm.2.bias -- torch.Size([384])

🧊 Frozen parameter: llm_model.base_model.model.model.layers.30.self_attn.o_proj.base_layer.weight -- torch.Size([4096, 4096])🧊 Frozen parameter: visual_prompter.obj_encoder.model.backbone.dec.dec3.block0.attn.qkv.weight -- torch.Size([1152, 384])

🔥 Tuned parameter: llm_model.base_model.model.model.layers.30.self_attn.o_proj.lora_A.default.weight -- torch.Size([16, 4096])🧊 Frozen parameter: visual_prompter.obj_encoder.model.backbone.dec.dec3.block0.attn.qkv.bias -- torch.Size([1152])

🔥 Tuned parameter: llm_model.base_model.model.model.layers.30.self_attn.o_proj.lora_B.default.weight -- torch.Size([4096, 16])🧊 Frozen parameter: visual_prompter.obj_encoder.model.backbone.dec.dec3.block0.attn.proj.weight -- torch.Size([384, 384])

🧊 Frozen parameter: visual_prompter.obj_encoder.model.backbone.dec.dec3.block0.attn.proj.bias -- torch.Size([384])🧊 Frozen parameter: llm_model.base_model.model.model.layers.30.mlp.gate_proj.base_layer.weight -- torch.Size([11008, 4096])

🧊 Frozen parameter: visual_prompter.obj_encoder.model.backbone.dec.dec3.block0.norm2.0.norm.0.weight -- torch.Size([384])🔥 Tuned parameter: llm_model.base_model.model.model.layers.30.mlp.gate_proj.lora_A.default.weight -- torch.Size([16, 4096])

🧊 Frozen parameter: visual_prompter.obj_encoder.model.backbone.dec.dec3.block0.norm2.0.norm.0.bias -- torch.Size([384])🔥 Tuned parameter: llm_model.base_model.model.model.layers.30.mlp.gate_proj.lora_B.default.weight -- torch.Size([11008, 16])

🧊 Frozen parameter: visual_prompter.obj_encoder.model.backbone.dec.dec3.block0.norm2.0.norm.1.weight -- torch.Size([384])
🧊 Frozen parameter: llm_model.base_model.model.model.layers.30.mlp.up_proj.base_layer.weight -- torch.Size([11008, 4096])🧊 Frozen parameter: visual_prompter.obj_encoder.model.backbone.dec.dec3.block0.norm2.0.norm.1.bias -- torch.Size([384])

🔥 Tuned parameter: llm_model.base_model.model.model.layers.30.mlp.up_proj.lora_A.default.weight -- torch.Size([16, 4096])🧊 Frozen parameter: visual_prompter.obj_encoder.model.backbone.dec.dec3.block0.norm2.0.norm.2.weight -- torch.Size([384])

🔥 Tuned parameter: llm_model.base_model.model.model.layers.30.mlp.up_proj.lora_B.default.weight -- torch.Size([11008, 16])🧊 Frozen parameter: visual_prompter.obj_encoder.model.backbone.dec.dec3.block0.norm2.0.norm.2.bias -- torch.Size([384])

🧊 Frozen parameter: llm_model.base_model.model.model.layers.30.mlp.down_proj.base_layer.weight -- torch.Size([4096, 11008])🧊 Frozen parameter: visual_prompter.obj_encoder.model.backbone.dec.dec3.block0.mlp.0.fc1.weight -- torch.Size([1536, 384])

🔥 Tuned parameter: llm_model.base_model.model.model.layers.30.mlp.down_proj.lora_A.default.weight -- torch.Size([16, 11008])🧊 Frozen parameter: visual_prompter.obj_encoder.model.backbone.dec.dec3.block0.mlp.0.fc1.bias -- torch.Size([1536])

🔥 Tuned parameter: llm_model.base_model.model.model.layers.30.mlp.down_proj.lora_B.default.weight -- torch.Size([4096, 16])🧊 Frozen parameter: visual_prompter.obj_encoder.model.backbone.dec.dec3.block0.mlp.0.fc2.weight -- torch.Size([384, 1536])

🧊 Frozen parameter: llm_model.base_model.model.model.layers.30.input_layernorm.weight -- torch.Size([4096])🧊 Frozen parameter: visual_prompter.obj_encoder.model.backbone.dec.dec3.block0.mlp.0.fc2.bias -- torch.Size([384])

🧊 Frozen parameter: llm_model.base_model.model.model.layers.30.post_attention_layernorm.weight -- torch.Size([4096])
🧊 Frozen parameter: visual_prompter.obj_encoder.model.backbone.dec.dec3.block1.cpe.0.weight -- torch.Size([384, 3, 3, 3, 384])🧊 Frozen parameter: llm_model.base_model.model.model.layers.31.self_attn.q_proj.base_layer.weight -- torch.Size([4096, 4096])

🧊 Frozen parameter: visual_prompter.obj_encoder.model.backbone.dec.dec3.block1.cpe.0.bias -- torch.Size([384])🔥 Tuned parameter: llm_model.base_model.model.model.layers.31.self_attn.q_proj.lora_A.default.weight -- torch.Size([16, 4096])

🧊 Frozen parameter: visual_prompter.obj_encoder.model.backbone.dec.dec3.block1.cpe.1.weight -- torch.Size([384, 384])🔥 Tuned parameter: llm_model.base_model.model.model.layers.31.self_attn.q_proj.lora_B.default.weight -- torch.Size([4096, 16])

🧊 Frozen parameter: visual_prompter.obj_encoder.model.backbone.dec.dec3.block1.cpe.1.bias -- torch.Size([384])
🧊 Frozen parameter: llm_model.base_model.model.model.layers.31.self_attn.k_proj.base_layer.weight -- torch.Size([4096, 4096])🧊 Frozen parameter: visual_prompter.obj_encoder.model.backbone.dec.dec3.block1.cpe.2.norm.0.weight -- torch.Size([384])

🔥 Tuned parameter: llm_model.base_model.model.model.layers.31.self_attn.k_proj.lora_A.default.weight -- torch.Size([16, 4096])🧊 Frozen parameter: visual_prompter.obj_encoder.model.backbone.dec.dec3.block1.cpe.2.norm.0.bias -- torch.Size([384])

🔥 Tuned parameter: llm_model.base_model.model.model.layers.31.self_attn.k_proj.lora_B.default.weight -- torch.Size([4096, 16])🧊 Frozen parameter: visual_prompter.obj_encoder.model.backbone.dec.dec3.block1.cpe.2.norm.1.weight -- torch.Size([384])

🧊 Frozen parameter: llm_model.base_model.model.model.layers.31.self_attn.v_proj.base_layer.weight -- torch.Size([4096, 4096])🧊 Frozen parameter: visual_prompter.obj_encoder.model.backbone.dec.dec3.block1.cpe.2.norm.1.bias -- torch.Size([384])

🔥 Tuned parameter: llm_model.base_model.model.model.layers.31.self_attn.v_proj.lora_A.default.weight -- torch.Size([16, 4096])🧊 Frozen parameter: visual_prompter.obj_encoder.model.backbone.dec.dec3.block1.cpe.2.norm.2.weight -- torch.Size([384])

🔥 Tuned parameter: llm_model.base_model.model.model.layers.31.self_attn.v_proj.lora_B.default.weight -- torch.Size([4096, 16])🧊 Frozen parameter: visual_prompter.obj_encoder.model.backbone.dec.dec3.block1.cpe.2.norm.2.bias -- torch.Size([384])

🧊 Frozen parameter: llm_model.base_model.model.model.layers.31.self_attn.o_proj.base_layer.weight -- torch.Size([4096, 4096])🧊 Frozen parameter: visual_prompter.obj_encoder.model.backbone.dec.dec3.block1.norm1.0.norm.0.weight -- torch.Size([384])

🔥 Tuned parameter: llm_model.base_model.model.model.layers.31.self_attn.o_proj.lora_A.default.weight -- torch.Size([16, 4096])🧊 Frozen parameter: visual_prompter.obj_encoder.model.backbone.dec.dec3.block1.norm1.0.norm.0.bias -- torch.Size([384])

🔥 Tuned parameter: llm_model.base_model.model.model.layers.31.self_attn.o_proj.lora_B.default.weight -- torch.Size([4096, 16])🧊 Frozen parameter: visual_prompter.obj_encoder.model.backbone.dec.dec3.block1.norm1.0.norm.1.weight -- torch.Size([384])

🧊 Frozen parameter: visual_prompter.obj_encoder.model.backbone.dec.dec3.block1.norm1.0.norm.1.bias -- torch.Size([384])🧊 Frozen parameter: llm_model.base_model.model.model.layers.31.mlp.gate_proj.base_layer.weight -- torch.Size([11008, 4096])

🧊 Frozen parameter: visual_prompter.obj_encoder.model.backbone.dec.dec3.block1.norm1.0.norm.2.weight -- torch.Size([384])🔥 Tuned parameter: llm_model.base_model.model.model.layers.31.mlp.gate_proj.lora_A.default.weight -- torch.Size([16, 4096])

🧊 Frozen parameter: visual_prompter.obj_encoder.model.backbone.dec.dec3.block1.norm1.0.norm.2.bias -- torch.Size([384])🔥 Tuned parameter: llm_model.base_model.model.model.layers.31.mlp.gate_proj.lora_B.default.weight -- torch.Size([11008, 16])

🧊 Frozen parameter: visual_prompter.obj_encoder.model.backbone.dec.dec3.block1.attn.qkv.weight -- torch.Size([1152, 384])🧊 Frozen parameter: llm_model.base_model.model.model.layers.31.mlp.up_proj.base_layer.weight -- torch.Size([11008, 4096])

🧊 Frozen parameter: visual_prompter.obj_encoder.model.backbone.dec.dec3.block1.attn.qkv.bias -- torch.Size([1152])🔥 Tuned parameter: llm_model.base_model.model.model.layers.31.mlp.up_proj.lora_A.default.weight -- torch.Size([16, 4096])

🧊 Frozen parameter: visual_prompter.obj_encoder.model.backbone.dec.dec3.block1.attn.proj.weight -- torch.Size([384, 384])🔥 Tuned parameter: llm_model.base_model.model.model.layers.31.mlp.up_proj.lora_B.default.weight -- torch.Size([11008, 16])

🧊 Frozen parameter: visual_prompter.obj_encoder.model.backbone.dec.dec3.block1.attn.proj.bias -- torch.Size([384])
🧊 Frozen parameter: llm_model.base_model.model.model.layers.31.mlp.down_proj.base_layer.weight -- torch.Size([4096, 11008])
🧊 Frozen parameter: visual_prompter.obj_encoder.model.backbone.dec.dec3.block1.norm2.0.norm.0.weight -- torch.Size([384])🔥 Tuned parameter: llm_model.base_model.model.model.layers.31.mlp.down_proj.lora_A.default.weight -- torch.Size([16, 11008])

🧊 Frozen parameter: visual_prompter.obj_encoder.model.backbone.dec.dec3.block1.norm2.0.norm.0.bias -- torch.Size([384])🔥 Tuned parameter: llm_model.base_model.model.model.layers.31.mlp.down_proj.lora_B.default.weight -- torch.Size([4096, 16])

🧊 Frozen parameter: visual_prompter.obj_encoder.model.backbone.dec.dec3.block1.norm2.0.norm.1.weight -- torch.Size([384])
🧊 Frozen parameter: llm_model.base_model.model.model.layers.31.input_layernorm.weight -- torch.Size([4096])🧊 Frozen parameter: visual_prompter.obj_encoder.model.backbone.dec.dec3.block1.norm2.0.norm.1.bias -- torch.Size([384])

🧊 Frozen parameter: llm_model.base_model.model.model.layers.31.post_attention_layernorm.weight -- torch.Size([4096])🧊 Frozen parameter: visual_prompter.obj_encoder.model.backbone.dec.dec3.block1.norm2.0.norm.2.weight -- torch.Size([384])

🧊 Frozen parameter: llm_model.base_model.model.model.norm.weight -- torch.Size([4096])🧊 Frozen parameter: visual_prompter.obj_encoder.model.backbone.dec.dec3.block1.norm2.0.norm.2.bias -- torch.Size([384])

🧊 Frozen parameter: llm_model.base_model.model.lm_head.weight -- torch.Size([32001, 4096])🧊 Frozen parameter: visual_prompter.obj_encoder.model.backbone.dec.dec3.block1.mlp.0.fc1.weight -- torch.Size([1536, 384])

🔥 Tuned parameter: llm_proj.weight -- torch.Size([4096, 256])🧊 Frozen parameter: visual_prompter.obj_encoder.model.backbone.dec.dec3.block1.mlp.0.fc1.bias -- torch.Size([1536])

🔥 Tuned parameter: llm_proj.bias -- torch.Size([4096])🧊 Frozen parameter: visual_prompter.obj_encoder.model.backbone.dec.dec3.block1.mlp.0.fc2.weight -- torch.Size([384, 1536])

🔥 Tuned parameter: image_encoder.qformer_query -- torch.Size([1, 32, 768])🧊 Frozen parameter: visual_prompter.obj_encoder.model.backbone.dec.dec3.block1.mlp.0.fc2.bias -- torch.Size([384])

🔥 Tuned parameter: image_encoder.vision_model.embeddings.class_embedding -- torch.Size([1, 1, 1408])🧊 Frozen parameter: visual_prompter.obj_encoder.model.backbone.dec.dec3.block2.cpe.0.weight -- torch.Size([384, 3, 3, 3, 384])

🔥 Tuned parameter: image_encoder.vision_model.embeddings.position_embedding -- torch.Size([1, 257, 1408])🧊 Frozen parameter: visual_prompter.obj_encoder.model.backbone.dec.dec3.block2.cpe.0.bias -- torch.Size([384])

🔥 Tuned parameter: image_encoder.vision_model.embeddings.patch_embedding.weight -- torch.Size([1408, 3, 14, 14])🧊 Frozen parameter: visual_prompter.obj_encoder.model.backbone.dec.dec3.block2.cpe.1.weight -- torch.Size([384, 384])

🔥 Tuned parameter: image_encoder.vision_model.embeddings.patch_embedding.bias -- torch.Size([1408])🧊 Frozen parameter: visual_prompter.obj_encoder.model.backbone.dec.dec3.block2.cpe.1.bias -- torch.Size([384])

🔥 Tuned parameter: image_encoder.vision_model.encoder.layers.0.self_attn.qkv.weight -- torch.Size([4224, 1408])🧊 Frozen parameter: visual_prompter.obj_encoder.model.backbone.dec.dec3.block2.cpe.2.norm.0.weight -- torch.Size([384])

🔥 Tuned parameter: image_encoder.vision_model.encoder.layers.0.self_attn.qkv.bias -- torch.Size([4224])🧊 Frozen parameter: visual_prompter.obj_encoder.model.backbone.dec.dec3.block2.cpe.2.norm.0.bias -- torch.Size([384])

🔥 Tuned parameter: image_encoder.vision_model.encoder.layers.0.self_attn.projection.weight -- torch.Size([1408, 1408])🧊 Frozen parameter: visual_prompter.obj_encoder.model.backbone.dec.dec3.block2.cpe.2.norm.1.weight -- torch.Size([384])

🔥 Tuned parameter: image_encoder.vision_model.encoder.layers.0.self_attn.projection.bias -- torch.Size([1408])🧊 Frozen parameter: visual_prompter.obj_encoder.model.backbone.dec.dec3.block2.cpe.2.norm.1.bias -- torch.Size([384])

🔥 Tuned parameter: image_encoder.vision_model.encoder.layers.0.layer_norm1.weight -- torch.Size([1408])🧊 Frozen parameter: visual_prompter.obj_encoder.model.backbone.dec.dec3.block2.cpe.2.norm.2.weight -- torch.Size([384])

🔥 Tuned parameter: image_encoder.vision_model.encoder.layers.0.layer_norm1.bias -- torch.Size([1408])🧊 Frozen parameter: visual_prompter.obj_encoder.model.backbone.dec.dec3.block2.cpe.2.norm.2.bias -- torch.Size([384])

🔥 Tuned parameter: image_encoder.vision_model.encoder.layers.0.mlp.fc1.weight -- torch.Size([6144, 1408])🧊 Frozen parameter: visual_prompter.obj_encoder.model.backbone.dec.dec3.block2.norm1.0.norm.0.weight -- torch.Size([384])

🔥 Tuned parameter: image_encoder.vision_model.encoder.layers.0.mlp.fc1.bias -- torch.Size([6144])🧊 Frozen parameter: visual_prompter.obj_encoder.model.backbone.dec.dec3.block2.norm1.0.norm.0.bias -- torch.Size([384])

🔥 Tuned parameter: image_encoder.vision_model.encoder.layers.0.mlp.fc2.weight -- torch.Size([1408, 6144])🧊 Frozen parameter: visual_prompter.obj_encoder.model.backbone.dec.dec3.block2.norm1.0.norm.1.weight -- torch.Size([384])

🔥 Tuned parameter: image_encoder.vision_model.encoder.layers.0.mlp.fc2.bias -- torch.Size([1408])🧊 Frozen parameter: visual_prompter.obj_encoder.model.backbone.dec.dec3.block2.norm1.0.norm.1.bias -- torch.Size([384])

🔥 Tuned parameter: image_encoder.vision_model.encoder.layers.0.layer_norm2.weight -- torch.Size([1408])🧊 Frozen parameter: visual_prompter.obj_encoder.model.backbone.dec.dec3.block2.norm1.0.norm.2.weight -- torch.Size([384])

🔥 Tuned parameter: image_encoder.vision_model.encoder.layers.0.layer_norm2.bias -- torch.Size([1408])🧊 Frozen parameter: visual_prompter.obj_encoder.model.backbone.dec.dec3.block2.norm1.0.norm.2.bias -- torch.Size([384])

🔥 Tuned parameter: image_encoder.vision_model.encoder.layers.1.self_attn.qkv.weight -- torch.Size([4224, 1408])🧊 Frozen parameter: visual_prompter.obj_encoder.model.backbone.dec.dec3.block2.attn.qkv.weight -- torch.Size([1152, 384])

🔥 Tuned parameter: image_encoder.vision_model.encoder.layers.1.self_attn.qkv.bias -- torch.Size([4224])🧊 Frozen parameter: visual_prompter.obj_encoder.model.backbone.dec.dec3.block2.attn.qkv.bias -- torch.Size([1152])

🔥 Tuned parameter: image_encoder.vision_model.encoder.layers.1.self_attn.projection.weight -- torch.Size([1408, 1408])🧊 Frozen parameter: visual_prompter.obj_encoder.model.backbone.dec.dec3.block2.attn.proj.weight -- torch.Size([384, 384])

🔥 Tuned parameter: image_encoder.vision_model.encoder.layers.1.self_attn.projection.bias -- torch.Size([1408])🧊 Frozen parameter: visual_prompter.obj_encoder.model.backbone.dec.dec3.block2.attn.proj.bias -- torch.Size([384])

🔥 Tuned parameter: image_encoder.vision_model.encoder.layers.1.layer_norm1.weight -- torch.Size([1408])
🧊 Frozen parameter: visual_prompter.obj_encoder.model.backbone.dec.dec3.block2.norm2.0.norm.0.weight -- torch.Size([384])🔥 Tuned parameter: image_encoder.vision_model.encoder.layers.1.layer_norm1.bias -- torch.Size([1408])

🧊 Frozen parameter: visual_prompter.obj_encoder.model.backbone.dec.dec3.block2.norm2.0.norm.0.bias -- torch.Size([384])🔥 Tuned parameter: image_encoder.vision_model.encoder.layers.1.mlp.fc1.weight -- torch.Size([6144, 1408])

🧊 Frozen parameter: visual_prompter.obj_encoder.model.backbone.dec.dec3.block2.norm2.0.norm.1.weight -- torch.Size([384])🔥 Tuned parameter: image_encoder.vision_model.encoder.layers.1.mlp.fc1.bias -- torch.Size([6144])

🧊 Frozen parameter: visual_prompter.obj_encoder.model.backbone.dec.dec3.block2.norm2.0.norm.1.bias -- torch.Size([384])🔥 Tuned parameter: image_encoder.vision_model.encoder.layers.1.mlp.fc2.weight -- torch.Size([1408, 6144])

🧊 Frozen parameter: visual_prompter.obj_encoder.model.backbone.dec.dec3.block2.norm2.0.norm.2.weight -- torch.Size([384])🔥 Tuned parameter: image_encoder.vision_model.encoder.layers.1.mlp.fc2.bias -- torch.Size([1408])

🧊 Frozen parameter: visual_prompter.obj_encoder.model.backbone.dec.dec3.block2.norm2.0.norm.2.bias -- torch.Size([384])🔥 Tuned parameter: image_encoder.vision_model.encoder.layers.1.layer_norm2.weight -- torch.Size([1408])

🧊 Frozen parameter: visual_prompter.obj_encoder.model.backbone.dec.dec3.block2.mlp.0.fc1.weight -- torch.Size([1536, 384])🔥 Tuned parameter: image_encoder.vision_model.encoder.layers.1.layer_norm2.bias -- torch.Size([1408])

🧊 Frozen parameter: visual_prompter.obj_encoder.model.backbone.dec.dec3.block2.mlp.0.fc1.bias -- torch.Size([1536])🔥 Tuned parameter: image_encoder.vision_model.encoder.layers.2.self_attn.qkv.weight -- torch.Size([4224, 1408])

🧊 Frozen parameter: visual_prompter.obj_encoder.model.backbone.dec.dec3.block2.mlp.0.fc2.weight -- torch.Size([384, 1536])🔥 Tuned parameter: image_encoder.vision_model.encoder.layers.2.self_attn.qkv.bias -- torch.Size([4224])

🧊 Frozen parameter: visual_prompter.obj_encoder.model.backbone.dec.dec3.block2.mlp.0.fc2.bias -- torch.Size([384])🔥 Tuned parameter: image_encoder.vision_model.encoder.layers.2.self_attn.projection.weight -- torch.Size([1408, 1408])

🧊 Frozen parameter: visual_prompter.obj_encoder.model.backbone.dec.dec2.up.proj.0.weight -- torch.Size([192, 384])🔥 Tuned parameter: image_encoder.vision_model.encoder.layers.2.self_attn.projection.bias -- torch.Size([1408])

🧊 Frozen parameter: visual_prompter.obj_encoder.model.backbone.dec.dec2.up.proj.0.bias -- torch.Size([192])🔥 Tuned parameter: image_encoder.vision_model.encoder.layers.2.layer_norm1.weight -- torch.Size([1408])

🧊 Frozen parameter: visual_prompter.obj_encoder.model.backbone.dec.dec2.up.proj.1.norm.0.weight -- torch.Size([192])🔥 Tuned parameter: image_encoder.vision_model.encoder.layers.2.layer_norm1.bias -- torch.Size([1408])

🧊 Frozen parameter: visual_prompter.obj_encoder.model.backbone.dec.dec2.up.proj.1.norm.0.bias -- torch.Size([192])🔥 Tuned parameter: image_encoder.vision_model.encoder.layers.2.mlp.fc1.weight -- torch.Size([6144, 1408])

🧊 Frozen parameter: visual_prompter.obj_encoder.model.backbone.dec.dec2.up.proj.1.norm.1.weight -- torch.Size([192])🔥 Tuned parameter: image_encoder.vision_model.encoder.layers.2.mlp.fc1.bias -- torch.Size([6144])

🧊 Frozen parameter: visual_prompter.obj_encoder.model.backbone.dec.dec2.up.proj.1.norm.1.bias -- torch.Size([192])🔥 Tuned parameter: image_encoder.vision_model.encoder.layers.2.mlp.fc2.weight -- torch.Size([1408, 6144])

🧊 Frozen parameter: visual_prompter.obj_encoder.model.backbone.dec.dec2.up.proj.1.norm.2.weight -- torch.Size([192])🔥 Tuned parameter: image_encoder.vision_model.encoder.layers.2.mlp.fc2.bias -- torch.Size([1408])

🧊 Frozen parameter: visual_prompter.obj_encoder.model.backbone.dec.dec2.up.proj.1.norm.2.bias -- torch.Size([192])🔥 Tuned parameter: image_encoder.vision_model.encoder.layers.2.layer_norm2.weight -- torch.Size([1408])

🧊 Frozen parameter: visual_prompter.obj_encoder.model.backbone.dec.dec2.up.proj_skip.0.weight -- torch.Size([192, 192])🔥 Tuned parameter: image_encoder.vision_model.encoder.layers.2.layer_norm2.bias -- torch.Size([1408])

🧊 Frozen parameter: visual_prompter.obj_encoder.model.backbone.dec.dec2.up.proj_skip.0.bias -- torch.Size([192])🔥 Tuned parameter: image_encoder.vision_model.encoder.layers.3.self_attn.qkv.weight -- torch.Size([4224, 1408])

🧊 Frozen parameter: visual_prompter.obj_encoder.model.backbone.dec.dec2.up.proj_skip.1.norm.0.weight -- torch.Size([192])🔥 Tuned parameter: image_encoder.vision_model.encoder.layers.3.self_attn.qkv.bias -- torch.Size([4224])

🧊 Frozen parameter: visual_prompter.obj_encoder.model.backbone.dec.dec2.up.proj_skip.1.norm.0.bias -- torch.Size([192])🔥 Tuned parameter: image_encoder.vision_model.encoder.layers.3.self_attn.projection.weight -- torch.Size([1408, 1408])

🧊 Frozen parameter: visual_prompter.obj_encoder.model.backbone.dec.dec2.up.proj_skip.1.norm.1.weight -- torch.Size([192])🔥 Tuned parameter: image_encoder.vision_model.encoder.layers.3.self_attn.projection.bias -- torch.Size([1408])

🧊 Frozen parameter: visual_prompter.obj_encoder.model.backbone.dec.dec2.up.proj_skip.1.norm.1.bias -- torch.Size([192])🔥 Tuned parameter: image_encoder.vision_model.encoder.layers.3.layer_norm1.weight -- torch.Size([1408])

🧊 Frozen parameter: visual_prompter.obj_encoder.model.backbone.dec.dec2.up.proj_skip.1.norm.2.weight -- torch.Size([192])🔥 Tuned parameter: image_encoder.vision_model.encoder.layers.3.layer_norm1.bias -- torch.Size([1408])

🧊 Frozen parameter: visual_prompter.obj_encoder.model.backbone.dec.dec2.up.proj_skip.1.norm.2.bias -- torch.Size([192])🔥 Tuned parameter: image_encoder.vision_model.encoder.layers.3.mlp.fc1.weight -- torch.Size([6144, 1408])

🧊 Frozen parameter: visual_prompter.obj_encoder.model.backbone.dec.dec2.block0.cpe.0.weight -- torch.Size([192, 3, 3, 3, 192])🔥 Tuned parameter: image_encoder.vision_model.encoder.layers.3.mlp.fc1.bias -- torch.Size([6144])

🧊 Frozen parameter: visual_prompter.obj_encoder.model.backbone.dec.dec2.block0.cpe.0.bias -- torch.Size([192])🔥 Tuned parameter: image_encoder.vision_model.encoder.layers.3.mlp.fc2.weight -- torch.Size([1408, 6144])

🧊 Frozen parameter: visual_prompter.obj_encoder.model.backbone.dec.dec2.block0.cpe.1.weight -- torch.Size([192, 192])🔥 Tuned parameter: image_encoder.vision_model.encoder.layers.3.mlp.fc2.bias -- torch.Size([1408])

🧊 Frozen parameter: visual_prompter.obj_encoder.model.backbone.dec.dec2.block0.cpe.1.bias -- torch.Size([192])🔥 Tuned parameter: image_encoder.vision_model.encoder.layers.3.layer_norm2.weight -- torch.Size([1408])

🧊 Frozen parameter: visual_prompter.obj_encoder.model.backbone.dec.dec2.block0.cpe.2.norm.0.weight -- torch.Size([192])🔥 Tuned parameter: image_encoder.vision_model.encoder.layers.3.layer_norm2.bias -- torch.Size([1408])

🧊 Frozen parameter: visual_prompter.obj_encoder.model.backbone.dec.dec2.block0.cpe.2.norm.0.bias -- torch.Size([192])
🔥 Tuned parameter: image_encoder.vision_model.encoder.layers.4.self_attn.qkv.weight -- torch.Size([4224, 1408])🧊 Frozen parameter: visual_prompter.obj_encoder.model.backbone.dec.dec2.block0.cpe.2.norm.1.weight -- torch.Size([192])

🔥 Tuned parameter: image_encoder.vision_model.encoder.layers.4.self_attn.qkv.bias -- torch.Size([4224])🧊 Frozen parameter: visual_prompter.obj_encoder.model.backbone.dec.dec2.block0.cpe.2.norm.1.bias -- torch.Size([192])

🔥 Tuned parameter: image_encoder.vision_model.encoder.layers.4.self_attn.projection.weight -- torch.Size([1408, 1408])🧊 Frozen parameter: visual_prompter.obj_encoder.model.backbone.dec.dec2.block0.cpe.2.norm.2.weight -- torch.Size([192])

🔥 Tuned parameter: image_encoder.vision_model.encoder.layers.4.self_attn.projection.bias -- torch.Size([1408])🧊 Frozen parameter: visual_prompter.obj_encoder.model.backbone.dec.dec2.block0.cpe.2.norm.2.bias -- torch.Size([192])

🔥 Tuned parameter: image_encoder.vision_model.encoder.layers.4.layer_norm1.weight -- torch.Size([1408])🧊 Frozen parameter: visual_prompter.obj_encoder.model.backbone.dec.dec2.block0.norm1.0.norm.0.weight -- torch.Size([192])

🔥 Tuned parameter: image_encoder.vision_model.encoder.layers.4.layer_norm1.bias -- torch.Size([1408])🧊 Frozen parameter: visual_prompter.obj_encoder.model.backbone.dec.dec2.block0.norm1.0.norm.0.bias -- torch.Size([192])

🔥 Tuned parameter: image_encoder.vision_model.encoder.layers.4.mlp.fc1.weight -- torch.Size([6144, 1408])🧊 Frozen parameter: visual_prompter.obj_encoder.model.backbone.dec.dec2.block0.norm1.0.norm.1.weight -- torch.Size([192])

🔥 Tuned parameter: image_encoder.vision_model.encoder.layers.4.mlp.fc1.bias -- torch.Size([6144])🧊 Frozen parameter: visual_prompter.obj_encoder.model.backbone.dec.dec2.block0.norm1.0.norm.1.bias -- torch.Size([192])

🔥 Tuned parameter: image_encoder.vision_model.encoder.layers.4.mlp.fc2.weight -- torch.Size([1408, 6144])🧊 Frozen parameter: visual_prompter.obj_encoder.model.backbone.dec.dec2.block0.norm1.0.norm.2.weight -- torch.Size([192])

🔥 Tuned parameter: image_encoder.vision_model.encoder.layers.4.mlp.fc2.bias -- torch.Size([1408])🧊 Frozen parameter: visual_prompter.obj_encoder.model.backbone.dec.dec2.block0.norm1.0.norm.2.bias -- torch.Size([192])

🔥 Tuned parameter: image_encoder.vision_model.encoder.layers.4.layer_norm2.weight -- torch.Size([1408])🧊 Frozen parameter: visual_prompter.obj_encoder.model.backbone.dec.dec2.block0.attn.qkv.weight -- torch.Size([576, 192])

🔥 Tuned parameter: image_encoder.vision_model.encoder.layers.4.layer_norm2.bias -- torch.Size([1408])🧊 Frozen parameter: visual_prompter.obj_encoder.model.backbone.dec.dec2.block0.attn.qkv.bias -- torch.Size([576])

🔥 Tuned parameter: image_encoder.vision_model.encoder.layers.5.self_attn.qkv.weight -- torch.Size([4224, 1408])🧊 Frozen parameter: visual_prompter.obj_encoder.model.backbone.dec.dec2.block0.attn.proj.weight -- torch.Size([192, 192])

🔥 Tuned parameter: image_encoder.vision_model.encoder.layers.5.self_attn.qkv.bias -- torch.Size([4224])🧊 Frozen parameter: visual_prompter.obj_encoder.model.backbone.dec.dec2.block0.attn.proj.bias -- torch.Size([192])

🔥 Tuned parameter: image_encoder.vision_model.encoder.layers.5.self_attn.projection.weight -- torch.Size([1408, 1408])
🧊 Frozen parameter: visual_prompter.obj_encoder.model.backbone.dec.dec2.block0.norm2.0.norm.0.weight -- torch.Size([192])🔥 Tuned parameter: image_encoder.vision_model.encoder.layers.5.self_attn.projection.bias -- torch.Size([1408])

🧊 Frozen parameter: visual_prompter.obj_encoder.model.backbone.dec.dec2.block0.norm2.0.norm.0.bias -- torch.Size([192])🔥 Tuned parameter: image_encoder.vision_model.encoder.layers.5.layer_norm1.weight -- torch.Size([1408])

🧊 Frozen parameter: visual_prompter.obj_encoder.model.backbone.dec.dec2.block0.norm2.0.norm.1.weight -- torch.Size([192])🔥 Tuned parameter: image_encoder.vision_model.encoder.layers.5.layer_norm1.bias -- torch.Size([1408])

🧊 Frozen parameter: visual_prompter.obj_encoder.model.backbone.dec.dec2.block0.norm2.0.norm.1.bias -- torch.Size([192])🔥 Tuned parameter: image_encoder.vision_model.encoder.layers.5.mlp.fc1.weight -- torch.Size([6144, 1408])

🧊 Frozen parameter: visual_prompter.obj_encoder.model.backbone.dec.dec2.block0.norm2.0.norm.2.weight -- torch.Size([192])🔥 Tuned parameter: image_encoder.vision_model.encoder.layers.5.mlp.fc1.bias -- torch.Size([6144])

🧊 Frozen parameter: visual_prompter.obj_encoder.model.backbone.dec.dec2.block0.norm2.0.norm.2.bias -- torch.Size([192])🔥 Tuned parameter: image_encoder.vision_model.encoder.layers.5.mlp.fc2.weight -- torch.Size([1408, 6144])

🧊 Frozen parameter: visual_prompter.obj_encoder.model.backbone.dec.dec2.block0.mlp.0.fc1.weight -- torch.Size([768, 192])🔥 Tuned parameter: image_encoder.vision_model.encoder.layers.5.mlp.fc2.bias -- torch.Size([1408])

🧊 Frozen parameter: visual_prompter.obj_encoder.model.backbone.dec.dec2.block0.mlp.0.fc1.bias -- torch.Size([768])🔥 Tuned parameter: image_encoder.vision_model.encoder.layers.5.layer_norm2.weight -- torch.Size([1408])

🧊 Frozen parameter: visual_prompter.obj_encoder.model.backbone.dec.dec2.block0.mlp.0.fc2.weight -- torch.Size([192, 768])🔥 Tuned parameter: image_encoder.vision_model.encoder.layers.5.layer_norm2.bias -- torch.Size([1408])

🧊 Frozen parameter: visual_prompter.obj_encoder.model.backbone.dec.dec2.block0.mlp.0.fc2.bias -- torch.Size([192])
🔥 Tuned parameter: image_encoder.vision_model.encoder.layers.6.self_attn.qkv.weight -- torch.Size([4224, 1408])
🧊 Frozen parameter: visual_prompter.obj_encoder.model.backbone.dec.dec2.block1.cpe.0.weight -- torch.Size([192, 3, 3, 3, 192])🔥 Tuned parameter: image_encoder.vision_model.encoder.layers.6.self_attn.qkv.bias -- torch.Size([4224])

🧊 Frozen parameter: visual_prompter.obj_encoder.model.backbone.dec.dec2.block1.cpe.0.bias -- torch.Size([192])🔥 Tuned parameter: image_encoder.vision_model.encoder.layers.6.self_attn.projection.weight -- torch.Size([1408, 1408])

🧊 Frozen parameter: visual_prompter.obj_encoder.model.backbone.dec.dec2.block1.cpe.1.weight -- torch.Size([192, 192])🔥 Tuned parameter: image_encoder.vision_model.encoder.layers.6.self_attn.projection.bias -- torch.Size([1408])

🧊 Frozen parameter: visual_prompter.obj_encoder.model.backbone.dec.dec2.block1.cpe.1.bias -- torch.Size([192])🔥 Tuned parameter: image_encoder.vision_model.encoder.layers.6.layer_norm1.weight -- torch.Size([1408])

🧊 Frozen parameter: visual_prompter.obj_encoder.model.backbone.dec.dec2.block1.cpe.2.norm.0.weight -- torch.Size([192])🔥 Tuned parameter: image_encoder.vision_model.encoder.layers.6.layer_norm1.bias -- torch.Size([1408])

🧊 Frozen parameter: visual_prompter.obj_encoder.model.backbone.dec.dec2.block1.cpe.2.norm.0.bias -- torch.Size([192])🔥 Tuned parameter: image_encoder.vision_model.encoder.layers.6.mlp.fc1.weight -- torch.Size([6144, 1408])

🧊 Frozen parameter: visual_prompter.obj_encoder.model.backbone.dec.dec2.block1.cpe.2.norm.1.weight -- torch.Size([192])🔥 Tuned parameter: image_encoder.vision_model.encoder.layers.6.mlp.fc1.bias -- torch.Size([6144])

🧊 Frozen parameter: visual_prompter.obj_encoder.model.backbone.dec.dec2.block1.cpe.2.norm.1.bias -- torch.Size([192])🔥 Tuned parameter: image_encoder.vision_model.encoder.layers.6.mlp.fc2.weight -- torch.Size([1408, 6144])

🧊 Frozen parameter: visual_prompter.obj_encoder.model.backbone.dec.dec2.block1.cpe.2.norm.2.weight -- torch.Size([192])🔥 Tuned parameter: image_encoder.vision_model.encoder.layers.6.mlp.fc2.bias -- torch.Size([1408])

🧊 Frozen parameter: visual_prompter.obj_encoder.model.backbone.dec.dec2.block1.cpe.2.norm.2.bias -- torch.Size([192])🔥 Tuned parameter: image_encoder.vision_model.encoder.layers.6.layer_norm2.weight -- torch.Size([1408])

🧊 Frozen parameter: visual_prompter.obj_encoder.model.backbone.dec.dec2.block1.norm1.0.norm.0.weight -- torch.Size([192])🔥 Tuned parameter: image_encoder.vision_model.encoder.layers.6.layer_norm2.bias -- torch.Size([1408])

🧊 Frozen parameter: visual_prompter.obj_encoder.model.backbone.dec.dec2.block1.norm1.0.norm.0.bias -- torch.Size([192])🔥 Tuned parameter: image_encoder.vision_model.encoder.layers.7.self_attn.qkv.weight -- torch.Size([4224, 1408])

🧊 Frozen parameter: visual_prompter.obj_encoder.model.backbone.dec.dec2.block1.norm1.0.norm.1.weight -- torch.Size([192])🔥 Tuned parameter: image_encoder.vision_model.encoder.layers.7.self_attn.qkv.bias -- torch.Size([4224])

🧊 Frozen parameter: visual_prompter.obj_encoder.model.backbone.dec.dec2.block1.norm1.0.norm.1.bias -- torch.Size([192])🔥 Tuned parameter: image_encoder.vision_model.encoder.layers.7.self_attn.projection.weight -- torch.Size([1408, 1408])

🧊 Frozen parameter: visual_prompter.obj_encoder.model.backbone.dec.dec2.block1.norm1.0.norm.2.weight -- torch.Size([192])🔥 Tuned parameter: image_encoder.vision_model.encoder.layers.7.self_attn.projection.bias -- torch.Size([1408])

🧊 Frozen parameter: visual_prompter.obj_encoder.model.backbone.dec.dec2.block1.norm1.0.norm.2.bias -- torch.Size([192])🔥 Tuned parameter: image_encoder.vision_model.encoder.layers.7.layer_norm1.weight -- torch.Size([1408])

🧊 Frozen parameter: visual_prompter.obj_encoder.model.backbone.dec.dec2.block1.attn.qkv.weight -- torch.Size([576, 192])🔥 Tuned parameter: image_encoder.vision_model.encoder.layers.7.layer_norm1.bias -- torch.Size([1408])

🧊 Frozen parameter: visual_prompter.obj_encoder.model.backbone.dec.dec2.block1.attn.qkv.bias -- torch.Size([576])🔥 Tuned parameter: image_encoder.vision_model.encoder.layers.7.mlp.fc1.weight -- torch.Size([6144, 1408])

🧊 Frozen parameter: visual_prompter.obj_encoder.model.backbone.dec.dec2.block1.attn.proj.weight -- torch.Size([192, 192])🔥 Tuned parameter: image_encoder.vision_model.encoder.layers.7.mlp.fc1.bias -- torch.Size([6144])

🧊 Frozen parameter: visual_prompter.obj_encoder.model.backbone.dec.dec2.block1.attn.proj.bias -- torch.Size([192])🔥 Tuned parameter: image_encoder.vision_model.encoder.layers.7.mlp.fc2.weight -- torch.Size([1408, 6144])

🧊 Frozen parameter: visual_prompter.obj_encoder.model.backbone.dec.dec2.block1.norm2.0.norm.0.weight -- torch.Size([192])🔥 Tuned parameter: image_encoder.vision_model.encoder.layers.7.mlp.fc2.bias -- torch.Size([1408])

🧊 Frozen parameter: visual_prompter.obj_encoder.model.backbone.dec.dec2.block1.norm2.0.norm.0.bias -- torch.Size([192])🔥 Tuned parameter: image_encoder.vision_model.encoder.layers.7.layer_norm2.weight -- torch.Size([1408])

🧊 Frozen parameter: visual_prompter.obj_encoder.model.backbone.dec.dec2.block1.norm2.0.norm.1.weight -- torch.Size([192])🔥 Tuned parameter: image_encoder.vision_model.encoder.layers.7.layer_norm2.bias -- torch.Size([1408])

🧊 Frozen parameter: visual_prompter.obj_encoder.model.backbone.dec.dec2.block1.norm2.0.norm.1.bias -- torch.Size([192])🔥 Tuned parameter: image_encoder.vision_model.encoder.layers.8.self_attn.qkv.weight -- torch.Size([4224, 1408])

🧊 Frozen parameter: visual_prompter.obj_encoder.model.backbone.dec.dec2.block1.norm2.0.norm.2.weight -- torch.Size([192])🔥 Tuned parameter: image_encoder.vision_model.encoder.layers.8.self_attn.qkv.bias -- torch.Size([4224])

🧊 Frozen parameter: visual_prompter.obj_encoder.model.backbone.dec.dec2.block1.norm2.0.norm.2.bias -- torch.Size([192])🔥 Tuned parameter: image_encoder.vision_model.encoder.layers.8.self_attn.projection.weight -- torch.Size([1408, 1408])

🧊 Frozen parameter: visual_prompter.obj_encoder.model.backbone.dec.dec2.block1.mlp.0.fc1.weight -- torch.Size([768, 192])🔥 Tuned parameter: image_encoder.vision_model.encoder.layers.8.self_attn.projection.bias -- torch.Size([1408])

🧊 Frozen parameter: visual_prompter.obj_encoder.model.backbone.dec.dec2.block1.mlp.0.fc1.bias -- torch.Size([768])🔥 Tuned parameter: image_encoder.vision_model.encoder.layers.8.layer_norm1.weight -- torch.Size([1408])

🧊 Frozen parameter: visual_prompter.obj_encoder.model.backbone.dec.dec2.block1.mlp.0.fc2.weight -- torch.Size([192, 768])🔥 Tuned parameter: image_encoder.vision_model.encoder.layers.8.layer_norm1.bias -- torch.Size([1408])

🧊 Frozen parameter: visual_prompter.obj_encoder.model.backbone.dec.dec2.block1.mlp.0.fc2.bias -- torch.Size([192])🔥 Tuned parameter: image_encoder.vision_model.encoder.layers.8.mlp.fc1.weight -- torch.Size([6144, 1408])

🧊 Frozen parameter: visual_prompter.obj_encoder.model.backbone.dec.dec2.block2.cpe.0.weight -- torch.Size([192, 3, 3, 3, 192])🔥 Tuned parameter: image_encoder.vision_model.encoder.layers.8.mlp.fc1.bias -- torch.Size([6144])

🧊 Frozen parameter: visual_prompter.obj_encoder.model.backbone.dec.dec2.block2.cpe.0.bias -- torch.Size([192])🔥 Tuned parameter: image_encoder.vision_model.encoder.layers.8.mlp.fc2.weight -- torch.Size([1408, 6144])

🧊 Frozen parameter: visual_prompter.obj_encoder.model.backbone.dec.dec2.block2.cpe.1.weight -- torch.Size([192, 192])🔥 Tuned parameter: image_encoder.vision_model.encoder.layers.8.mlp.fc2.bias -- torch.Size([1408])

🧊 Frozen parameter: visual_prompter.obj_encoder.model.backbone.dec.dec2.block2.cpe.1.bias -- torch.Size([192])🔥 Tuned parameter: image_encoder.vision_model.encoder.layers.8.layer_norm2.weight -- torch.Size([1408])

🧊 Frozen parameter: visual_prompter.obj_encoder.model.backbone.dec.dec2.block2.cpe.2.norm.0.weight -- torch.Size([192])🔥 Tuned parameter: image_encoder.vision_model.encoder.layers.8.layer_norm2.bias -- torch.Size([1408])

🧊 Frozen parameter: visual_prompter.obj_encoder.model.backbone.dec.dec2.block2.cpe.2.norm.0.bias -- torch.Size([192])🔥 Tuned parameter: image_encoder.vision_model.encoder.layers.9.self_attn.qkv.weight -- torch.Size([4224, 1408])

🧊 Frozen parameter: visual_prompter.obj_encoder.model.backbone.dec.dec2.block2.cpe.2.norm.1.weight -- torch.Size([192])🔥 Tuned parameter: image_encoder.vision_model.encoder.layers.9.self_attn.qkv.bias -- torch.Size([4224])

🧊 Frozen parameter: visual_prompter.obj_encoder.model.backbone.dec.dec2.block2.cpe.2.norm.1.bias -- torch.Size([192])🔥 Tuned parameter: image_encoder.vision_model.encoder.layers.9.self_attn.projection.weight -- torch.Size([1408, 1408])

🧊 Frozen parameter: visual_prompter.obj_encoder.model.backbone.dec.dec2.block2.cpe.2.norm.2.weight -- torch.Size([192])🔥 Tuned parameter: image_encoder.vision_model.encoder.layers.9.self_attn.projection.bias -- torch.Size([1408])

🧊 Frozen parameter: visual_prompter.obj_encoder.model.backbone.dec.dec2.block2.cpe.2.norm.2.bias -- torch.Size([192])🔥 Tuned parameter: image_encoder.vision_model.encoder.layers.9.layer_norm1.weight -- torch.Size([1408])

🧊 Frozen parameter: visual_prompter.obj_encoder.model.backbone.dec.dec2.block2.norm1.0.norm.0.weight -- torch.Size([192])🔥 Tuned parameter: image_encoder.vision_model.encoder.layers.9.layer_norm1.bias -- torch.Size([1408])

🧊 Frozen parameter: visual_prompter.obj_encoder.model.backbone.dec.dec2.block2.norm1.0.norm.0.bias -- torch.Size([192])🔥 Tuned parameter: image_encoder.vision_model.encoder.layers.9.mlp.fc1.weight -- torch.Size([6144, 1408])

🧊 Frozen parameter: visual_prompter.obj_encoder.model.backbone.dec.dec2.block2.norm1.0.norm.1.weight -- torch.Size([192])🔥 Tuned parameter: image_encoder.vision_model.encoder.layers.9.mlp.fc1.bias -- torch.Size([6144])

🧊 Frozen parameter: visual_prompter.obj_encoder.model.backbone.dec.dec2.block2.norm1.0.norm.1.bias -- torch.Size([192])🔥 Tuned parameter: image_encoder.vision_model.encoder.layers.9.mlp.fc2.weight -- torch.Size([1408, 6144])

🧊 Frozen parameter: visual_prompter.obj_encoder.model.backbone.dec.dec2.block2.norm1.0.norm.2.weight -- torch.Size([192])🔥 Tuned parameter: image_encoder.vision_model.encoder.layers.9.mlp.fc2.bias -- torch.Size([1408])

🧊 Frozen parameter: visual_prompter.obj_encoder.model.backbone.dec.dec2.block2.norm1.0.norm.2.bias -- torch.Size([192])🔥 Tuned parameter: image_encoder.vision_model.encoder.layers.9.layer_norm2.weight -- torch.Size([1408])

🧊 Frozen parameter: visual_prompter.obj_encoder.model.backbone.dec.dec2.block2.attn.qkv.weight -- torch.Size([576, 192])🔥 Tuned parameter: image_encoder.vision_model.encoder.layers.9.layer_norm2.bias -- torch.Size([1408])

🧊 Frozen parameter: visual_prompter.obj_encoder.model.backbone.dec.dec2.block2.attn.qkv.bias -- torch.Size([576])🔥 Tuned parameter: image_encoder.vision_model.encoder.layers.10.self_attn.qkv.weight -- torch.Size([4224, 1408])

🧊 Frozen parameter: visual_prompter.obj_encoder.model.backbone.dec.dec2.block2.attn.proj.weight -- torch.Size([192, 192])🔥 Tuned parameter: image_encoder.vision_model.encoder.layers.10.self_attn.qkv.bias -- torch.Size([4224])

🧊 Frozen parameter: visual_prompter.obj_encoder.model.backbone.dec.dec2.block2.attn.proj.bias -- torch.Size([192])🔥 Tuned parameter: image_encoder.vision_model.encoder.layers.10.self_attn.projection.weight -- torch.Size([1408, 1408])

🧊 Frozen parameter: visual_prompter.obj_encoder.model.backbone.dec.dec2.block2.norm2.0.norm.0.weight -- torch.Size([192])🔥 Tuned parameter: image_encoder.vision_model.encoder.layers.10.self_attn.projection.bias -- torch.Size([1408])

🧊 Frozen parameter: visual_prompter.obj_encoder.model.backbone.dec.dec2.block2.norm2.0.norm.0.bias -- torch.Size([192])🔥 Tuned parameter: image_encoder.vision_model.encoder.layers.10.layer_norm1.weight -- torch.Size([1408])

🧊 Frozen parameter: visual_prompter.obj_encoder.model.backbone.dec.dec2.block2.norm2.0.norm.1.weight -- torch.Size([192])🔥 Tuned parameter: image_encoder.vision_model.encoder.layers.10.layer_norm1.bias -- torch.Size([1408])

🧊 Frozen parameter: visual_prompter.obj_encoder.model.backbone.dec.dec2.block2.norm2.0.norm.1.bias -- torch.Size([192])🔥 Tuned parameter: image_encoder.vision_model.encoder.layers.10.mlp.fc1.weight -- torch.Size([6144, 1408])

🧊 Frozen parameter: visual_prompter.obj_encoder.model.backbone.dec.dec2.block2.norm2.0.norm.2.weight -- torch.Size([192])🔥 Tuned parameter: image_encoder.vision_model.encoder.layers.10.mlp.fc1.bias -- torch.Size([6144])

🧊 Frozen parameter: visual_prompter.obj_encoder.model.backbone.dec.dec2.block2.norm2.0.norm.2.bias -- torch.Size([192])🔥 Tuned parameter: image_encoder.vision_model.encoder.layers.10.mlp.fc2.weight -- torch.Size([1408, 6144])

🧊 Frozen parameter: visual_prompter.obj_encoder.model.backbone.dec.dec2.block2.mlp.0.fc1.weight -- torch.Size([768, 192])🔥 Tuned parameter: image_encoder.vision_model.encoder.layers.10.mlp.fc2.bias -- torch.Size([1408])

🧊 Frozen parameter: visual_prompter.obj_encoder.model.backbone.dec.dec2.block2.mlp.0.fc1.bias -- torch.Size([768])🔥 Tuned parameter: image_encoder.vision_model.encoder.layers.10.layer_norm2.weight -- torch.Size([1408])

🧊 Frozen parameter: visual_prompter.obj_encoder.model.backbone.dec.dec2.block2.mlp.0.fc2.weight -- torch.Size([192, 768])🔥 Tuned parameter: image_encoder.vision_model.encoder.layers.10.layer_norm2.bias -- torch.Size([1408])

🧊 Frozen parameter: visual_prompter.obj_encoder.model.backbone.dec.dec2.block2.mlp.0.fc2.bias -- torch.Size([192])🔥 Tuned parameter: image_encoder.vision_model.encoder.layers.11.self_attn.qkv.weight -- torch.Size([4224, 1408])

🧊 Frozen parameter: visual_prompter.obj_encoder.model.backbone.dec.dec1.up.proj.0.weight -- torch.Size([96, 192])🔥 Tuned parameter: image_encoder.vision_model.encoder.layers.11.self_attn.qkv.bias -- torch.Size([4224])

🧊 Frozen parameter: visual_prompter.obj_encoder.model.backbone.dec.dec1.up.proj.0.bias -- torch.Size([96])🔥 Tuned parameter: image_encoder.vision_model.encoder.layers.11.self_attn.projection.weight -- torch.Size([1408, 1408])

🧊 Frozen parameter: visual_prompter.obj_encoder.model.backbone.dec.dec1.up.proj.1.norm.0.weight -- torch.Size([96])🔥 Tuned parameter: image_encoder.vision_model.encoder.layers.11.self_attn.projection.bias -- torch.Size([1408])

🧊 Frozen parameter: visual_prompter.obj_encoder.model.backbone.dec.dec1.up.proj.1.norm.0.bias -- torch.Size([96])🔥 Tuned parameter: image_encoder.vision_model.encoder.layers.11.layer_norm1.weight -- torch.Size([1408])

🧊 Frozen parameter: visual_prompter.obj_encoder.model.backbone.dec.dec1.up.proj.1.norm.1.weight -- torch.Size([96])🔥 Tuned parameter: image_encoder.vision_model.encoder.layers.11.layer_norm1.bias -- torch.Size([1408])

🧊 Frozen parameter: visual_prompter.obj_encoder.model.backbone.dec.dec1.up.proj.1.norm.1.bias -- torch.Size([96])🔥 Tuned parameter: image_encoder.vision_model.encoder.layers.11.mlp.fc1.weight -- torch.Size([6144, 1408])

🧊 Frozen parameter: visual_prompter.obj_encoder.model.backbone.dec.dec1.up.proj.1.norm.2.weight -- torch.Size([96])🔥 Tuned parameter: image_encoder.vision_model.encoder.layers.11.mlp.fc1.bias -- torch.Size([6144])

🧊 Frozen parameter: visual_prompter.obj_encoder.model.backbone.dec.dec1.up.proj.1.norm.2.bias -- torch.Size([96])🔥 Tuned parameter: image_encoder.vision_model.encoder.layers.11.mlp.fc2.weight -- torch.Size([1408, 6144])

🧊 Frozen parameter: visual_prompter.obj_encoder.model.backbone.dec.dec1.up.proj_skip.0.weight -- torch.Size([96, 96])🔥 Tuned parameter: image_encoder.vision_model.encoder.layers.11.mlp.fc2.bias -- torch.Size([1408])

🧊 Frozen parameter: visual_prompter.obj_encoder.model.backbone.dec.dec1.up.proj_skip.0.bias -- torch.Size([96])🔥 Tuned parameter: image_encoder.vision_model.encoder.layers.11.layer_norm2.weight -- torch.Size([1408])

🧊 Frozen parameter: visual_prompter.obj_encoder.model.backbone.dec.dec1.up.proj_skip.1.norm.0.weight -- torch.Size([96])🔥 Tuned parameter: image_encoder.vision_model.encoder.layers.11.layer_norm2.bias -- torch.Size([1408])

🧊 Frozen parameter: visual_prompter.obj_encoder.model.backbone.dec.dec1.up.proj_skip.1.norm.0.bias -- torch.Size([96])🔥 Tuned parameter: image_encoder.vision_model.encoder.layers.12.self_attn.qkv.weight -- torch.Size([4224, 1408])

🧊 Frozen parameter: visual_prompter.obj_encoder.model.backbone.dec.dec1.up.proj_skip.1.norm.1.weight -- torch.Size([96])🔥 Tuned parameter: image_encoder.vision_model.encoder.layers.12.self_attn.qkv.bias -- torch.Size([4224])

🧊 Frozen parameter: visual_prompter.obj_encoder.model.backbone.dec.dec1.up.proj_skip.1.norm.1.bias -- torch.Size([96])🔥 Tuned parameter: image_encoder.vision_model.encoder.layers.12.self_attn.projection.weight -- torch.Size([1408, 1408])

🧊 Frozen parameter: visual_prompter.obj_encoder.model.backbone.dec.dec1.up.proj_skip.1.norm.2.weight -- torch.Size([96])🔥 Tuned parameter: image_encoder.vision_model.encoder.layers.12.self_attn.projection.bias -- torch.Size([1408])

🧊 Frozen parameter: visual_prompter.obj_encoder.model.backbone.dec.dec1.up.proj_skip.1.norm.2.bias -- torch.Size([96])🔥 Tuned parameter: image_encoder.vision_model.encoder.layers.12.layer_norm1.weight -- torch.Size([1408])

🧊 Frozen parameter: visual_prompter.obj_encoder.model.backbone.dec.dec1.block0.cpe.0.weight -- torch.Size([96, 3, 3, 3, 96])🔥 Tuned parameter: image_encoder.vision_model.encoder.layers.12.layer_norm1.bias -- torch.Size([1408])

🧊 Frozen parameter: visual_prompter.obj_encoder.model.backbone.dec.dec1.block0.cpe.0.bias -- torch.Size([96])🔥 Tuned parameter: image_encoder.vision_model.encoder.layers.12.mlp.fc1.weight -- torch.Size([6144, 1408])

🧊 Frozen parameter: visual_prompter.obj_encoder.model.backbone.dec.dec1.block0.cpe.1.weight -- torch.Size([96, 96])🔥 Tuned parameter: image_encoder.vision_model.encoder.layers.12.mlp.fc1.bias -- torch.Size([6144])

🧊 Frozen parameter: visual_prompter.obj_encoder.model.backbone.dec.dec1.block0.cpe.1.bias -- torch.Size([96])🔥 Tuned parameter: image_encoder.vision_model.encoder.layers.12.mlp.fc2.weight -- torch.Size([1408, 6144])

🧊 Frozen parameter: visual_prompter.obj_encoder.model.backbone.dec.dec1.block0.cpe.2.norm.0.weight -- torch.Size([96])🔥 Tuned parameter: image_encoder.vision_model.encoder.layers.12.mlp.fc2.bias -- torch.Size([1408])

🧊 Frozen parameter: visual_prompter.obj_encoder.model.backbone.dec.dec1.block0.cpe.2.norm.0.bias -- torch.Size([96])🔥 Tuned parameter: image_encoder.vision_model.encoder.layers.12.layer_norm2.weight -- torch.Size([1408])

🧊 Frozen parameter: visual_prompter.obj_encoder.model.backbone.dec.dec1.block0.cpe.2.norm.1.weight -- torch.Size([96])🔥 Tuned parameter: image_encoder.vision_model.encoder.layers.12.layer_norm2.bias -- torch.Size([1408])

🧊 Frozen parameter: visual_prompter.obj_encoder.model.backbone.dec.dec1.block0.cpe.2.norm.1.bias -- torch.Size([96])🔥 Tuned parameter: image_encoder.vision_model.encoder.layers.13.self_attn.qkv.weight -- torch.Size([4224, 1408])

🧊 Frozen parameter: visual_prompter.obj_encoder.model.backbone.dec.dec1.block0.cpe.2.norm.2.weight -- torch.Size([96])🔥 Tuned parameter: image_encoder.vision_model.encoder.layers.13.self_attn.qkv.bias -- torch.Size([4224])

🧊 Frozen parameter: visual_prompter.obj_encoder.model.backbone.dec.dec1.block0.cpe.2.norm.2.bias -- torch.Size([96])🔥 Tuned parameter: image_encoder.vision_model.encoder.layers.13.self_attn.projection.weight -- torch.Size([1408, 1408])

🧊 Frozen parameter: visual_prompter.obj_encoder.model.backbone.dec.dec1.block0.norm1.0.norm.0.weight -- torch.Size([96])🔥 Tuned parameter: image_encoder.vision_model.encoder.layers.13.self_attn.projection.bias -- torch.Size([1408])

🧊 Frozen parameter: visual_prompter.obj_encoder.model.backbone.dec.dec1.block0.norm1.0.norm.0.bias -- torch.Size([96])🔥 Tuned parameter: image_encoder.vision_model.encoder.layers.13.layer_norm1.weight -- torch.Size([1408])

🧊 Frozen parameter: visual_prompter.obj_encoder.model.backbone.dec.dec1.block0.norm1.0.norm.1.weight -- torch.Size([96])🔥 Tuned parameter: image_encoder.vision_model.encoder.layers.13.layer_norm1.bias -- torch.Size([1408])

🧊 Frozen parameter: visual_prompter.obj_encoder.model.backbone.dec.dec1.block0.norm1.0.norm.1.bias -- torch.Size([96])🔥 Tuned parameter: image_encoder.vision_model.encoder.layers.13.mlp.fc1.weight -- torch.Size([6144, 1408])

🧊 Frozen parameter: visual_prompter.obj_encoder.model.backbone.dec.dec1.block0.norm1.0.norm.2.weight -- torch.Size([96])🔥 Tuned parameter: image_encoder.vision_model.encoder.layers.13.mlp.fc1.bias -- torch.Size([6144])

🧊 Frozen parameter: visual_prompter.obj_encoder.model.backbone.dec.dec1.block0.norm1.0.norm.2.bias -- torch.Size([96])🔥 Tuned parameter: image_encoder.vision_model.encoder.layers.13.mlp.fc2.weight -- torch.Size([1408, 6144])

🧊 Frozen parameter: visual_prompter.obj_encoder.model.backbone.dec.dec1.block0.attn.qkv.weight -- torch.Size([288, 96])🔥 Tuned parameter: image_encoder.vision_model.encoder.layers.13.mlp.fc2.bias -- torch.Size([1408])

🧊 Frozen parameter: visual_prompter.obj_encoder.model.backbone.dec.dec1.block0.attn.qkv.bias -- torch.Size([288])🔥 Tuned parameter: image_encoder.vision_model.encoder.layers.13.layer_norm2.weight -- torch.Size([1408])

🧊 Frozen parameter: visual_prompter.obj_encoder.model.backbone.dec.dec1.block0.attn.proj.weight -- torch.Size([96, 96])🔥 Tuned parameter: image_encoder.vision_model.encoder.layers.13.layer_norm2.bias -- torch.Size([1408])

🧊 Frozen parameter: visual_prompter.obj_encoder.model.backbone.dec.dec1.block0.attn.proj.bias -- torch.Size([96])🔥 Tuned parameter: image_encoder.vision_model.encoder.layers.14.self_attn.qkv.weight -- torch.Size([4224, 1408])

🧊 Frozen parameter: visual_prompter.obj_encoder.model.backbone.dec.dec1.block0.norm2.0.norm.0.weight -- torch.Size([96])🔥 Tuned parameter: image_encoder.vision_model.encoder.layers.14.self_attn.qkv.bias -- torch.Size([4224])

🧊 Frozen parameter: visual_prompter.obj_encoder.model.backbone.dec.dec1.block0.norm2.0.norm.0.bias -- torch.Size([96])🔥 Tuned parameter: image_encoder.vision_model.encoder.layers.14.self_attn.projection.weight -- torch.Size([1408, 1408])

🧊 Frozen parameter: visual_prompter.obj_encoder.model.backbone.dec.dec1.block0.norm2.0.norm.1.weight -- torch.Size([96])🔥 Tuned parameter: image_encoder.vision_model.encoder.layers.14.self_attn.projection.bias -- torch.Size([1408])

🧊 Frozen parameter: visual_prompter.obj_encoder.model.backbone.dec.dec1.block0.norm2.0.norm.1.bias -- torch.Size([96])🔥 Tuned parameter: image_encoder.vision_model.encoder.layers.14.layer_norm1.weight -- torch.Size([1408])

🧊 Frozen parameter: visual_prompter.obj_encoder.model.backbone.dec.dec1.block0.norm2.0.norm.2.weight -- torch.Size([96])🔥 Tuned parameter: image_encoder.vision_model.encoder.layers.14.layer_norm1.bias -- torch.Size([1408])

🧊 Frozen parameter: visual_prompter.obj_encoder.model.backbone.dec.dec1.block0.norm2.0.norm.2.bias -- torch.Size([96])🔥 Tuned parameter: image_encoder.vision_model.encoder.layers.14.mlp.fc1.weight -- torch.Size([6144, 1408])

🧊 Frozen parameter: visual_prompter.obj_encoder.model.backbone.dec.dec1.block0.mlp.0.fc1.weight -- torch.Size([384, 96])🔥 Tuned parameter: image_encoder.vision_model.encoder.layers.14.mlp.fc1.bias -- torch.Size([6144])

🧊 Frozen parameter: visual_prompter.obj_encoder.model.backbone.dec.dec1.block0.mlp.0.fc1.bias -- torch.Size([384])🔥 Tuned parameter: image_encoder.vision_model.encoder.layers.14.mlp.fc2.weight -- torch.Size([1408, 6144])

🧊 Frozen parameter: visual_prompter.obj_encoder.model.backbone.dec.dec1.block0.mlp.0.fc2.weight -- torch.Size([96, 384])🔥 Tuned parameter: image_encoder.vision_model.encoder.layers.14.mlp.fc2.bias -- torch.Size([1408])

🧊 Frozen parameter: visual_prompter.obj_encoder.model.backbone.dec.dec1.block0.mlp.0.fc2.bias -- torch.Size([96])🔥 Tuned parameter: image_encoder.vision_model.encoder.layers.14.layer_norm2.weight -- torch.Size([1408])

🔥 Tuned parameter: image_encoder.vision_model.encoder.layers.14.layer_norm2.bias -- torch.Size([1408])🧊 Frozen parameter: visual_prompter.obj_encoder.model.backbone.dec.dec1.block1.cpe.0.weight -- torch.Size([96, 3, 3, 3, 96])

🔥 Tuned parameter: image_encoder.vision_model.encoder.layers.15.self_attn.qkv.weight -- torch.Size([4224, 1408])🧊 Frozen parameter: visual_prompter.obj_encoder.model.backbone.dec.dec1.block1.cpe.0.bias -- torch.Size([96])

🔥 Tuned parameter: image_encoder.vision_model.encoder.layers.15.self_attn.qkv.bias -- torch.Size([4224])🧊 Frozen parameter: visual_prompter.obj_encoder.model.backbone.dec.dec1.block1.cpe.1.weight -- torch.Size([96, 96])

🔥 Tuned parameter: image_encoder.vision_model.encoder.layers.15.self_attn.projection.weight -- torch.Size([1408, 1408])🧊 Frozen parameter: visual_prompter.obj_encoder.model.backbone.dec.dec1.block1.cpe.1.bias -- torch.Size([96])

🔥 Tuned parameter: image_encoder.vision_model.encoder.layers.15.self_attn.projection.bias -- torch.Size([1408])🧊 Frozen parameter: visual_prompter.obj_encoder.model.backbone.dec.dec1.block1.cpe.2.norm.0.weight -- torch.Size([96])

🔥 Tuned parameter: image_encoder.vision_model.encoder.layers.15.layer_norm1.weight -- torch.Size([1408])🧊 Frozen parameter: visual_prompter.obj_encoder.model.backbone.dec.dec1.block1.cpe.2.norm.0.bias -- torch.Size([96])

🔥 Tuned parameter: image_encoder.vision_model.encoder.layers.15.layer_norm1.bias -- torch.Size([1408])🧊 Frozen parameter: visual_prompter.obj_encoder.model.backbone.dec.dec1.block1.cpe.2.norm.1.weight -- torch.Size([96])

🔥 Tuned parameter: image_encoder.vision_model.encoder.layers.15.mlp.fc1.weight -- torch.Size([6144, 1408])🧊 Frozen parameter: visual_prompter.obj_encoder.model.backbone.dec.dec1.block1.cpe.2.norm.1.bias -- torch.Size([96])

🔥 Tuned parameter: image_encoder.vision_model.encoder.layers.15.mlp.fc1.bias -- torch.Size([6144])🧊 Frozen parameter: visual_prompter.obj_encoder.model.backbone.dec.dec1.block1.cpe.2.norm.2.weight -- torch.Size([96])

🔥 Tuned parameter: image_encoder.vision_model.encoder.layers.15.mlp.fc2.weight -- torch.Size([1408, 6144])🧊 Frozen parameter: visual_prompter.obj_encoder.model.backbone.dec.dec1.block1.cpe.2.norm.2.bias -- torch.Size([96])

🔥 Tuned parameter: image_encoder.vision_model.encoder.layers.15.mlp.fc2.bias -- torch.Size([1408])🧊 Frozen parameter: visual_prompter.obj_encoder.model.backbone.dec.dec1.block1.norm1.0.norm.0.weight -- torch.Size([96])

🔥 Tuned parameter: image_encoder.vision_model.encoder.layers.15.layer_norm2.weight -- torch.Size([1408])🧊 Frozen parameter: visual_prompter.obj_encoder.model.backbone.dec.dec1.block1.norm1.0.norm.0.bias -- torch.Size([96])

🔥 Tuned parameter: image_encoder.vision_model.encoder.layers.15.layer_norm2.bias -- torch.Size([1408])🧊 Frozen parameter: visual_prompter.obj_encoder.model.backbone.dec.dec1.block1.norm1.0.norm.1.weight -- torch.Size([96])

🔥 Tuned parameter: image_encoder.vision_model.encoder.layers.16.self_attn.qkv.weight -- torch.Size([4224, 1408])🧊 Frozen parameter: visual_prompter.obj_encoder.model.backbone.dec.dec1.block1.norm1.0.norm.1.bias -- torch.Size([96])

🔥 Tuned parameter: image_encoder.vision_model.encoder.layers.16.self_attn.qkv.bias -- torch.Size([4224])🧊 Frozen parameter: visual_prompter.obj_encoder.model.backbone.dec.dec1.block1.norm1.0.norm.2.weight -- torch.Size([96])

🔥 Tuned parameter: image_encoder.vision_model.encoder.layers.16.self_attn.projection.weight -- torch.Size([1408, 1408])🧊 Frozen parameter: visual_prompter.obj_encoder.model.backbone.dec.dec1.block1.norm1.0.norm.2.bias -- torch.Size([96])

🔥 Tuned parameter: image_encoder.vision_model.encoder.layers.16.self_attn.projection.bias -- torch.Size([1408])🧊 Frozen parameter: visual_prompter.obj_encoder.model.backbone.dec.dec1.block1.attn.qkv.weight -- torch.Size([288, 96])

🔥 Tuned parameter: image_encoder.vision_model.encoder.layers.16.layer_norm1.weight -- torch.Size([1408])🧊 Frozen parameter: visual_prompter.obj_encoder.model.backbone.dec.dec1.block1.attn.qkv.bias -- torch.Size([288])

🔥 Tuned parameter: image_encoder.vision_model.encoder.layers.16.layer_norm1.bias -- torch.Size([1408])🧊 Frozen parameter: visual_prompter.obj_encoder.model.backbone.dec.dec1.block1.attn.proj.weight -- torch.Size([96, 96])

🔥 Tuned parameter: image_encoder.vision_model.encoder.layers.16.mlp.fc1.weight -- torch.Size([6144, 1408])🧊 Frozen parameter: visual_prompter.obj_encoder.model.backbone.dec.dec1.block1.attn.proj.bias -- torch.Size([96])

🔥 Tuned parameter: image_encoder.vision_model.encoder.layers.16.mlp.fc1.bias -- torch.Size([6144])
🧊 Frozen parameter: visual_prompter.obj_encoder.model.backbone.dec.dec1.block1.norm2.0.norm.0.weight -- torch.Size([96])🔥 Tuned parameter: image_encoder.vision_model.encoder.layers.16.mlp.fc2.weight -- torch.Size([1408, 6144])

🧊 Frozen parameter: visual_prompter.obj_encoder.model.backbone.dec.dec1.block1.norm2.0.norm.0.bias -- torch.Size([96])🔥 Tuned parameter: image_encoder.vision_model.encoder.layers.16.mlp.fc2.bias -- torch.Size([1408])

🧊 Frozen parameter: visual_prompter.obj_encoder.model.backbone.dec.dec1.block1.norm2.0.norm.1.weight -- torch.Size([96])🔥 Tuned parameter: image_encoder.vision_model.encoder.layers.16.layer_norm2.weight -- torch.Size([1408])

🧊 Frozen parameter: visual_prompter.obj_encoder.model.backbone.dec.dec1.block1.norm2.0.norm.1.bias -- torch.Size([96])🔥 Tuned parameter: image_encoder.vision_model.encoder.layers.16.layer_norm2.bias -- torch.Size([1408])

🧊 Frozen parameter: visual_prompter.obj_encoder.model.backbone.dec.dec1.block1.norm2.0.norm.2.weight -- torch.Size([96])🔥 Tuned parameter: image_encoder.vision_model.encoder.layers.17.self_attn.qkv.weight -- torch.Size([4224, 1408])

🧊 Frozen parameter: visual_prompter.obj_encoder.model.backbone.dec.dec1.block1.norm2.0.norm.2.bias -- torch.Size([96])🔥 Tuned parameter: image_encoder.vision_model.encoder.layers.17.self_attn.qkv.bias -- torch.Size([4224])

🧊 Frozen parameter: visual_prompter.obj_encoder.model.backbone.dec.dec1.block1.mlp.0.fc1.weight -- torch.Size([384, 96])🔥 Tuned parameter: image_encoder.vision_model.encoder.layers.17.self_attn.projection.weight -- torch.Size([1408, 1408])

🧊 Frozen parameter: visual_prompter.obj_encoder.model.backbone.dec.dec1.block1.mlp.0.fc1.bias -- torch.Size([384])🔥 Tuned parameter: image_encoder.vision_model.encoder.layers.17.self_attn.projection.bias -- torch.Size([1408])

🧊 Frozen parameter: visual_prompter.obj_encoder.model.backbone.dec.dec1.block1.mlp.0.fc2.weight -- torch.Size([96, 384])🔥 Tuned parameter: image_encoder.vision_model.encoder.layers.17.layer_norm1.weight -- torch.Size([1408])

🧊 Frozen parameter: visual_prompter.obj_encoder.model.backbone.dec.dec1.block1.mlp.0.fc2.bias -- torch.Size([96])🔥 Tuned parameter: image_encoder.vision_model.encoder.layers.17.layer_norm1.bias -- torch.Size([1408])

🧊 Frozen parameter: visual_prompter.obj_encoder.model.backbone.dec.dec1.block2.cpe.0.weight -- torch.Size([96, 3, 3, 3, 96])🔥 Tuned parameter: image_encoder.vision_model.encoder.layers.17.mlp.fc1.weight -- torch.Size([6144, 1408])

🧊 Frozen parameter: visual_prompter.obj_encoder.model.backbone.dec.dec1.block2.cpe.0.bias -- torch.Size([96])🔥 Tuned parameter: image_encoder.vision_model.encoder.layers.17.mlp.fc1.bias -- torch.Size([6144])

🧊 Frozen parameter: visual_prompter.obj_encoder.model.backbone.dec.dec1.block2.cpe.1.weight -- torch.Size([96, 96])🔥 Tuned parameter: image_encoder.vision_model.encoder.layers.17.mlp.fc2.weight -- torch.Size([1408, 6144])

🧊 Frozen parameter: visual_prompter.obj_encoder.model.backbone.dec.dec1.block2.cpe.1.bias -- torch.Size([96])🔥 Tuned parameter: image_encoder.vision_model.encoder.layers.17.mlp.fc2.bias -- torch.Size([1408])

🧊 Frozen parameter: visual_prompter.obj_encoder.model.backbone.dec.dec1.block2.cpe.2.norm.0.weight -- torch.Size([96])🔥 Tuned parameter: image_encoder.vision_model.encoder.layers.17.layer_norm2.weight -- torch.Size([1408])

🧊 Frozen parameter: visual_prompter.obj_encoder.model.backbone.dec.dec1.block2.cpe.2.norm.0.bias -- torch.Size([96])🔥 Tuned parameter: image_encoder.vision_model.encoder.layers.17.layer_norm2.bias -- torch.Size([1408])

🧊 Frozen parameter: visual_prompter.obj_encoder.model.backbone.dec.dec1.block2.cpe.2.norm.1.weight -- torch.Size([96])🔥 Tuned parameter: image_encoder.vision_model.encoder.layers.18.self_attn.qkv.weight -- torch.Size([4224, 1408])

🧊 Frozen parameter: visual_prompter.obj_encoder.model.backbone.dec.dec1.block2.cpe.2.norm.1.bias -- torch.Size([96])🔥 Tuned parameter: image_encoder.vision_model.encoder.layers.18.self_attn.qkv.bias -- torch.Size([4224])

🧊 Frozen parameter: visual_prompter.obj_encoder.model.backbone.dec.dec1.block2.cpe.2.norm.2.weight -- torch.Size([96])🔥 Tuned parameter: image_encoder.vision_model.encoder.layers.18.self_attn.projection.weight -- torch.Size([1408, 1408])

🧊 Frozen parameter: visual_prompter.obj_encoder.model.backbone.dec.dec1.block2.cpe.2.norm.2.bias -- torch.Size([96])🔥 Tuned parameter: image_encoder.vision_model.encoder.layers.18.self_attn.projection.bias -- torch.Size([1408])

🧊 Frozen parameter: visual_prompter.obj_encoder.model.backbone.dec.dec1.block2.norm1.0.norm.0.weight -- torch.Size([96])🔥 Tuned parameter: image_encoder.vision_model.encoder.layers.18.layer_norm1.weight -- torch.Size([1408])

🧊 Frozen parameter: visual_prompter.obj_encoder.model.backbone.dec.dec1.block2.norm1.0.norm.0.bias -- torch.Size([96])🔥 Tuned parameter: image_encoder.vision_model.encoder.layers.18.layer_norm1.bias -- torch.Size([1408])

🧊 Frozen parameter: visual_prompter.obj_encoder.model.backbone.dec.dec1.block2.norm1.0.norm.1.weight -- torch.Size([96])🔥 Tuned parameter: image_encoder.vision_model.encoder.layers.18.mlp.fc1.weight -- torch.Size([6144, 1408])

🧊 Frozen parameter: visual_prompter.obj_encoder.model.backbone.dec.dec1.block2.norm1.0.norm.1.bias -- torch.Size([96])🔥 Tuned parameter: image_encoder.vision_model.encoder.layers.18.mlp.fc1.bias -- torch.Size([6144])

🧊 Frozen parameter: visual_prompter.obj_encoder.model.backbone.dec.dec1.block2.norm1.0.norm.2.weight -- torch.Size([96])🔥 Tuned parameter: image_encoder.vision_model.encoder.layers.18.mlp.fc2.weight -- torch.Size([1408, 6144])

🧊 Frozen parameter: visual_prompter.obj_encoder.model.backbone.dec.dec1.block2.norm1.0.norm.2.bias -- torch.Size([96])🔥 Tuned parameter: image_encoder.vision_model.encoder.layers.18.mlp.fc2.bias -- torch.Size([1408])

🧊 Frozen parameter: visual_prompter.obj_encoder.model.backbone.dec.dec1.block2.attn.qkv.weight -- torch.Size([288, 96])🔥 Tuned parameter: image_encoder.vision_model.encoder.layers.18.layer_norm2.weight -- torch.Size([1408])

🧊 Frozen parameter: visual_prompter.obj_encoder.model.backbone.dec.dec1.block2.attn.qkv.bias -- torch.Size([288])🔥 Tuned parameter: image_encoder.vision_model.encoder.layers.18.layer_norm2.bias -- torch.Size([1408])

🧊 Frozen parameter: visual_prompter.obj_encoder.model.backbone.dec.dec1.block2.attn.proj.weight -- torch.Size([96, 96])🔥 Tuned parameter: image_encoder.vision_model.encoder.layers.19.self_attn.qkv.weight -- torch.Size([4224, 1408])

🧊 Frozen parameter: visual_prompter.obj_encoder.model.backbone.dec.dec1.block2.attn.proj.bias -- torch.Size([96])🔥 Tuned parameter: image_encoder.vision_model.encoder.layers.19.self_attn.qkv.bias -- torch.Size([4224])

🧊 Frozen parameter: visual_prompter.obj_encoder.model.backbone.dec.dec1.block2.norm2.0.norm.0.weight -- torch.Size([96])🔥 Tuned parameter: image_encoder.vision_model.encoder.layers.19.self_attn.projection.weight -- torch.Size([1408, 1408])

🧊 Frozen parameter: visual_prompter.obj_encoder.model.backbone.dec.dec1.block2.norm2.0.norm.0.bias -- torch.Size([96])🔥 Tuned parameter: image_encoder.vision_model.encoder.layers.19.self_attn.projection.bias -- torch.Size([1408])

🧊 Frozen parameter: visual_prompter.obj_encoder.model.backbone.dec.dec1.block2.norm2.0.norm.1.weight -- torch.Size([96])🔥 Tuned parameter: image_encoder.vision_model.encoder.layers.19.layer_norm1.weight -- torch.Size([1408])

🧊 Frozen parameter: visual_prompter.obj_encoder.model.backbone.dec.dec1.block2.norm2.0.norm.1.bias -- torch.Size([96])🔥 Tuned parameter: image_encoder.vision_model.encoder.layers.19.layer_norm1.bias -- torch.Size([1408])

🧊 Frozen parameter: visual_prompter.obj_encoder.model.backbone.dec.dec1.block2.norm2.0.norm.2.weight -- torch.Size([96])🔥 Tuned parameter: image_encoder.vision_model.encoder.layers.19.mlp.fc1.weight -- torch.Size([6144, 1408])

🧊 Frozen parameter: visual_prompter.obj_encoder.model.backbone.dec.dec1.block2.norm2.0.norm.2.bias -- torch.Size([96])🔥 Tuned parameter: image_encoder.vision_model.encoder.layers.19.mlp.fc1.bias -- torch.Size([6144])

🧊 Frozen parameter: visual_prompter.obj_encoder.model.backbone.dec.dec1.block2.mlp.0.fc1.weight -- torch.Size([384, 96])🔥 Tuned parameter: image_encoder.vision_model.encoder.layers.19.mlp.fc2.weight -- torch.Size([1408, 6144])

🧊 Frozen parameter: visual_prompter.obj_encoder.model.backbone.dec.dec1.block2.mlp.0.fc1.bias -- torch.Size([384])🔥 Tuned parameter: image_encoder.vision_model.encoder.layers.19.mlp.fc2.bias -- torch.Size([1408])

🧊 Frozen parameter: visual_prompter.obj_encoder.model.backbone.dec.dec1.block2.mlp.0.fc2.weight -- torch.Size([96, 384])🔥 Tuned parameter: image_encoder.vision_model.encoder.layers.19.layer_norm2.weight -- torch.Size([1408])

🧊 Frozen parameter: visual_prompter.obj_encoder.model.backbone.dec.dec1.block2.mlp.0.fc2.bias -- torch.Size([96])🔥 Tuned parameter: image_encoder.vision_model.encoder.layers.19.layer_norm2.bias -- torch.Size([1408])

🧊 Frozen parameter: visual_prompter.obj_encoder.model.backbone.dec.dec0.up.proj.0.weight -- torch.Size([64, 96])🔥 Tuned parameter: image_encoder.vision_model.encoder.layers.20.self_attn.qkv.weight -- torch.Size([4224, 1408])

🧊 Frozen parameter: visual_prompter.obj_encoder.model.backbone.dec.dec0.up.proj.0.bias -- torch.Size([64])🔥 Tuned parameter: image_encoder.vision_model.encoder.layers.20.self_attn.qkv.bias -- torch.Size([4224])

🧊 Frozen parameter: visual_prompter.obj_encoder.model.backbone.dec.dec0.up.proj.1.norm.0.weight -- torch.Size([64])🔥 Tuned parameter: image_encoder.vision_model.encoder.layers.20.self_attn.projection.weight -- torch.Size([1408, 1408])

🧊 Frozen parameter: visual_prompter.obj_encoder.model.backbone.dec.dec0.up.proj.1.norm.0.bias -- torch.Size([64])🔥 Tuned parameter: image_encoder.vision_model.encoder.layers.20.self_attn.projection.bias -- torch.Size([1408])

🧊 Frozen parameter: visual_prompter.obj_encoder.model.backbone.dec.dec0.up.proj.1.norm.1.weight -- torch.Size([64])🔥 Tuned parameter: image_encoder.vision_model.encoder.layers.20.layer_norm1.weight -- torch.Size([1408])

🧊 Frozen parameter: visual_prompter.obj_encoder.model.backbone.dec.dec0.up.proj.1.norm.1.bias -- torch.Size([64])🔥 Tuned parameter: image_encoder.vision_model.encoder.layers.20.layer_norm1.bias -- torch.Size([1408])

🧊 Frozen parameter: visual_prompter.obj_encoder.model.backbone.dec.dec0.up.proj.1.norm.2.weight -- torch.Size([64])🔥 Tuned parameter: image_encoder.vision_model.encoder.layers.20.mlp.fc1.weight -- torch.Size([6144, 1408])

🧊 Frozen parameter: visual_prompter.obj_encoder.model.backbone.dec.dec0.up.proj.1.norm.2.bias -- torch.Size([64])🔥 Tuned parameter: image_encoder.vision_model.encoder.layers.20.mlp.fc1.bias -- torch.Size([6144])

🧊 Frozen parameter: visual_prompter.obj_encoder.model.backbone.dec.dec0.up.proj_skip.0.weight -- torch.Size([64, 48])🔥 Tuned parameter: image_encoder.vision_model.encoder.layers.20.mlp.fc2.weight -- torch.Size([1408, 6144])

🧊 Frozen parameter: visual_prompter.obj_encoder.model.backbone.dec.dec0.up.proj_skip.0.bias -- torch.Size([64])🔥 Tuned parameter: image_encoder.vision_model.encoder.layers.20.mlp.fc2.bias -- torch.Size([1408])

🧊 Frozen parameter: visual_prompter.obj_encoder.model.backbone.dec.dec0.up.proj_skip.1.norm.0.weight -- torch.Size([64])🔥 Tuned parameter: image_encoder.vision_model.encoder.layers.20.layer_norm2.weight -- torch.Size([1408])

🧊 Frozen parameter: visual_prompter.obj_encoder.model.backbone.dec.dec0.up.proj_skip.1.norm.0.bias -- torch.Size([64])🔥 Tuned parameter: image_encoder.vision_model.encoder.layers.20.layer_norm2.bias -- torch.Size([1408])

🧊 Frozen parameter: visual_prompter.obj_encoder.model.backbone.dec.dec0.up.proj_skip.1.norm.1.weight -- torch.Size([64])🔥 Tuned parameter: image_encoder.vision_model.encoder.layers.21.self_attn.qkv.weight -- torch.Size([4224, 1408])

🧊 Frozen parameter: visual_prompter.obj_encoder.model.backbone.dec.dec0.up.proj_skip.1.norm.1.bias -- torch.Size([64])🔥 Tuned parameter: image_encoder.vision_model.encoder.layers.21.self_attn.qkv.bias -- torch.Size([4224])

🧊 Frozen parameter: visual_prompter.obj_encoder.model.backbone.dec.dec0.up.proj_skip.1.norm.2.weight -- torch.Size([64])🔥 Tuned parameter: image_encoder.vision_model.encoder.layers.21.self_attn.projection.weight -- torch.Size([1408, 1408])

🧊 Frozen parameter: visual_prompter.obj_encoder.model.backbone.dec.dec0.up.proj_skip.1.norm.2.bias -- torch.Size([64])🔥 Tuned parameter: image_encoder.vision_model.encoder.layers.21.self_attn.projection.bias -- torch.Size([1408])

🧊 Frozen parameter: visual_prompter.obj_encoder.model.backbone.dec.dec0.block0.cpe.0.weight -- torch.Size([64, 3, 3, 3, 64])🔥 Tuned parameter: image_encoder.vision_model.encoder.layers.21.layer_norm1.weight -- torch.Size([1408])

🧊 Frozen parameter: visual_prompter.obj_encoder.model.backbone.dec.dec0.block0.cpe.0.bias -- torch.Size([64])🔥 Tuned parameter: image_encoder.vision_model.encoder.layers.21.layer_norm1.bias -- torch.Size([1408])

🧊 Frozen parameter: visual_prompter.obj_encoder.model.backbone.dec.dec0.block0.cpe.1.weight -- torch.Size([64, 64])🔥 Tuned parameter: image_encoder.vision_model.encoder.layers.21.mlp.fc1.weight -- torch.Size([6144, 1408])

🧊 Frozen parameter: visual_prompter.obj_encoder.model.backbone.dec.dec0.block0.cpe.1.bias -- torch.Size([64])🔥 Tuned parameter: image_encoder.vision_model.encoder.layers.21.mlp.fc1.bias -- torch.Size([6144])

🧊 Frozen parameter: visual_prompter.obj_encoder.model.backbone.dec.dec0.block0.cpe.2.norm.0.weight -- torch.Size([64])🔥 Tuned parameter: image_encoder.vision_model.encoder.layers.21.mlp.fc2.weight -- torch.Size([1408, 6144])

🧊 Frozen parameter: visual_prompter.obj_encoder.model.backbone.dec.dec0.block0.cpe.2.norm.0.bias -- torch.Size([64])🔥 Tuned parameter: image_encoder.vision_model.encoder.layers.21.mlp.fc2.bias -- torch.Size([1408])

🧊 Frozen parameter: visual_prompter.obj_encoder.model.backbone.dec.dec0.block0.cpe.2.norm.1.weight -- torch.Size([64])🔥 Tuned parameter: image_encoder.vision_model.encoder.layers.21.layer_norm2.weight -- torch.Size([1408])

🧊 Frozen parameter: visual_prompter.obj_encoder.model.backbone.dec.dec0.block0.cpe.2.norm.1.bias -- torch.Size([64])🔥 Tuned parameter: image_encoder.vision_model.encoder.layers.21.layer_norm2.bias -- torch.Size([1408])

🧊 Frozen parameter: visual_prompter.obj_encoder.model.backbone.dec.dec0.block0.cpe.2.norm.2.weight -- torch.Size([64])
🔥 Tuned parameter: image_encoder.vision_model.encoder.layers.22.self_attn.qkv.weight -- torch.Size([4224, 1408])🧊 Frozen parameter: visual_prompter.obj_encoder.model.backbone.dec.dec0.block0.cpe.2.norm.2.bias -- torch.Size([64])

🔥 Tuned parameter: image_encoder.vision_model.encoder.layers.22.self_attn.qkv.bias -- torch.Size([4224])🧊 Frozen parameter: visual_prompter.obj_encoder.model.backbone.dec.dec0.block0.norm1.0.norm.0.weight -- torch.Size([64])

🔥 Tuned parameter: image_encoder.vision_model.encoder.layers.22.self_attn.projection.weight -- torch.Size([1408, 1408])🧊 Frozen parameter: visual_prompter.obj_encoder.model.backbone.dec.dec0.block0.norm1.0.norm.0.bias -- torch.Size([64])

🔥 Tuned parameter: image_encoder.vision_model.encoder.layers.22.self_attn.projection.bias -- torch.Size([1408])🧊 Frozen parameter: visual_prompter.obj_encoder.model.backbone.dec.dec0.block0.norm1.0.norm.1.weight -- torch.Size([64])

🔥 Tuned parameter: image_encoder.vision_model.encoder.layers.22.layer_norm1.weight -- torch.Size([1408])🧊 Frozen parameter: visual_prompter.obj_encoder.model.backbone.dec.dec0.block0.norm1.0.norm.1.bias -- torch.Size([64])

🔥 Tuned parameter: image_encoder.vision_model.encoder.layers.22.layer_norm1.bias -- torch.Size([1408])🧊 Frozen parameter: visual_prompter.obj_encoder.model.backbone.dec.dec0.block0.norm1.0.norm.2.weight -- torch.Size([64])

🔥 Tuned parameter: image_encoder.vision_model.encoder.layers.22.mlp.fc1.weight -- torch.Size([6144, 1408])🧊 Frozen parameter: visual_prompter.obj_encoder.model.backbone.dec.dec0.block0.norm1.0.norm.2.bias -- torch.Size([64])

🔥 Tuned parameter: image_encoder.vision_model.encoder.layers.22.mlp.fc1.bias -- torch.Size([6144])🧊 Frozen parameter: visual_prompter.obj_encoder.model.backbone.dec.dec0.block0.attn.qkv.weight -- torch.Size([192, 64])

🔥 Tuned parameter: image_encoder.vision_model.encoder.layers.22.mlp.fc2.weight -- torch.Size([1408, 6144])🧊 Frozen parameter: visual_prompter.obj_encoder.model.backbone.dec.dec0.block0.attn.qkv.bias -- torch.Size([192])

🔥 Tuned parameter: image_encoder.vision_model.encoder.layers.22.mlp.fc2.bias -- torch.Size([1408])🧊 Frozen parameter: visual_prompter.obj_encoder.model.backbone.dec.dec0.block0.attn.proj.weight -- torch.Size([64, 64])

🔥 Tuned parameter: image_encoder.vision_model.encoder.layers.22.layer_norm2.weight -- torch.Size([1408])🧊 Frozen parameter: visual_prompter.obj_encoder.model.backbone.dec.dec0.block0.attn.proj.bias -- torch.Size([64])

🔥 Tuned parameter: image_encoder.vision_model.encoder.layers.22.layer_norm2.bias -- torch.Size([1408])
🧊 Frozen parameter: visual_prompter.obj_encoder.model.backbone.dec.dec0.block0.norm2.0.norm.0.weight -- torch.Size([64])🔥 Tuned parameter: image_encoder.vision_model.encoder.layers.23.self_attn.qkv.weight -- torch.Size([4224, 1408])

🧊 Frozen parameter: visual_prompter.obj_encoder.model.backbone.dec.dec0.block0.norm2.0.norm.0.bias -- torch.Size([64])🔥 Tuned parameter: image_encoder.vision_model.encoder.layers.23.self_attn.qkv.bias -- torch.Size([4224])

🧊 Frozen parameter: visual_prompter.obj_encoder.model.backbone.dec.dec0.block0.norm2.0.norm.1.weight -- torch.Size([64])🔥 Tuned parameter: image_encoder.vision_model.encoder.layers.23.self_attn.projection.weight -- torch.Size([1408, 1408])

🧊 Frozen parameter: visual_prompter.obj_encoder.model.backbone.dec.dec0.block0.norm2.0.norm.1.bias -- torch.Size([64])🔥 Tuned parameter: image_encoder.vision_model.encoder.layers.23.self_attn.projection.bias -- torch.Size([1408])

🧊 Frozen parameter: visual_prompter.obj_encoder.model.backbone.dec.dec0.block0.norm2.0.norm.2.weight -- torch.Size([64])🔥 Tuned parameter: image_encoder.vision_model.encoder.layers.23.layer_norm1.weight -- torch.Size([1408])

🧊 Frozen parameter: visual_prompter.obj_encoder.model.backbone.dec.dec0.block0.norm2.0.norm.2.bias -- torch.Size([64])🔥 Tuned parameter: image_encoder.vision_model.encoder.layers.23.layer_norm1.bias -- torch.Size([1408])

🧊 Frozen parameter: visual_prompter.obj_encoder.model.backbone.dec.dec0.block0.mlp.0.fc1.weight -- torch.Size([256, 64])🔥 Tuned parameter: image_encoder.vision_model.encoder.layers.23.mlp.fc1.weight -- torch.Size([6144, 1408])

🧊 Frozen parameter: visual_prompter.obj_encoder.model.backbone.dec.dec0.block0.mlp.0.fc1.bias -- torch.Size([256])🔥 Tuned parameter: image_encoder.vision_model.encoder.layers.23.mlp.fc1.bias -- torch.Size([6144])

🧊 Frozen parameter: visual_prompter.obj_encoder.model.backbone.dec.dec0.block0.mlp.0.fc2.weight -- torch.Size([64, 256])🔥 Tuned parameter: image_encoder.vision_model.encoder.layers.23.mlp.fc2.weight -- torch.Size([1408, 6144])

🧊 Frozen parameter: visual_prompter.obj_encoder.model.backbone.dec.dec0.block0.mlp.0.fc2.bias -- torch.Size([64])🔥 Tuned parameter: image_encoder.vision_model.encoder.layers.23.mlp.fc2.bias -- torch.Size([1408])

🧊 Frozen parameter: visual_prompter.obj_encoder.model.backbone.dec.dec0.block1.cpe.0.weight -- torch.Size([64, 3, 3, 3, 64])🔥 Tuned parameter: image_encoder.vision_model.encoder.layers.23.layer_norm2.weight -- torch.Size([1408])

🧊 Frozen parameter: visual_prompter.obj_encoder.model.backbone.dec.dec0.block1.cpe.0.bias -- torch.Size([64])🔥 Tuned parameter: image_encoder.vision_model.encoder.layers.23.layer_norm2.bias -- torch.Size([1408])

🧊 Frozen parameter: visual_prompter.obj_encoder.model.backbone.dec.dec0.block1.cpe.1.weight -- torch.Size([64, 64])🔥 Tuned parameter: image_encoder.vision_model.encoder.layers.24.self_attn.qkv.weight -- torch.Size([4224, 1408])

🧊 Frozen parameter: visual_prompter.obj_encoder.model.backbone.dec.dec0.block1.cpe.1.bias -- torch.Size([64])🔥 Tuned parameter: image_encoder.vision_model.encoder.layers.24.self_attn.qkv.bias -- torch.Size([4224])

🧊 Frozen parameter: visual_prompter.obj_encoder.model.backbone.dec.dec0.block1.cpe.2.norm.0.weight -- torch.Size([64])🔥 Tuned parameter: image_encoder.vision_model.encoder.layers.24.self_attn.projection.weight -- torch.Size([1408, 1408])

🧊 Frozen parameter: visual_prompter.obj_encoder.model.backbone.dec.dec0.block1.cpe.2.norm.0.bias -- torch.Size([64])🔥 Tuned parameter: image_encoder.vision_model.encoder.layers.24.self_attn.projection.bias -- torch.Size([1408])

🧊 Frozen parameter: visual_prompter.obj_encoder.model.backbone.dec.dec0.block1.cpe.2.norm.1.weight -- torch.Size([64])🔥 Tuned parameter: image_encoder.vision_model.encoder.layers.24.layer_norm1.weight -- torch.Size([1408])

🧊 Frozen parameter: visual_prompter.obj_encoder.model.backbone.dec.dec0.block1.cpe.2.norm.1.bias -- torch.Size([64])🔥 Tuned parameter: image_encoder.vision_model.encoder.layers.24.layer_norm1.bias -- torch.Size([1408])

🧊 Frozen parameter: visual_prompter.obj_encoder.model.backbone.dec.dec0.block1.cpe.2.norm.2.weight -- torch.Size([64])🔥 Tuned parameter: image_encoder.vision_model.encoder.layers.24.mlp.fc1.weight -- torch.Size([6144, 1408])

🧊 Frozen parameter: visual_prompter.obj_encoder.model.backbone.dec.dec0.block1.cpe.2.norm.2.bias -- torch.Size([64])🔥 Tuned parameter: image_encoder.vision_model.encoder.layers.24.mlp.fc1.bias -- torch.Size([6144])

🧊 Frozen parameter: visual_prompter.obj_encoder.model.backbone.dec.dec0.block1.norm1.0.norm.0.weight -- torch.Size([64])🔥 Tuned parameter: image_encoder.vision_model.encoder.layers.24.mlp.fc2.weight -- torch.Size([1408, 6144])

🧊 Frozen parameter: visual_prompter.obj_encoder.model.backbone.dec.dec0.block1.norm1.0.norm.0.bias -- torch.Size([64])🔥 Tuned parameter: image_encoder.vision_model.encoder.layers.24.mlp.fc2.bias -- torch.Size([1408])

🧊 Frozen parameter: visual_prompter.obj_encoder.model.backbone.dec.dec0.block1.norm1.0.norm.1.weight -- torch.Size([64])🔥 Tuned parameter: image_encoder.vision_model.encoder.layers.24.layer_norm2.weight -- torch.Size([1408])

🧊 Frozen parameter: visual_prompter.obj_encoder.model.backbone.dec.dec0.block1.norm1.0.norm.1.bias -- torch.Size([64])🔥 Tuned parameter: image_encoder.vision_model.encoder.layers.24.layer_norm2.bias -- torch.Size([1408])

🧊 Frozen parameter: visual_prompter.obj_encoder.model.backbone.dec.dec0.block1.norm1.0.norm.2.weight -- torch.Size([64])🔥 Tuned parameter: image_encoder.vision_model.encoder.layers.25.self_attn.qkv.weight -- torch.Size([4224, 1408])

🧊 Frozen parameter: visual_prompter.obj_encoder.model.backbone.dec.dec0.block1.norm1.0.norm.2.bias -- torch.Size([64])🔥 Tuned parameter: image_encoder.vision_model.encoder.layers.25.self_attn.qkv.bias -- torch.Size([4224])

🧊 Frozen parameter: visual_prompter.obj_encoder.model.backbone.dec.dec0.block1.attn.qkv.weight -- torch.Size([192, 64])🔥 Tuned parameter: image_encoder.vision_model.encoder.layers.25.self_attn.projection.weight -- torch.Size([1408, 1408])

🧊 Frozen parameter: visual_prompter.obj_encoder.model.backbone.dec.dec0.block1.attn.qkv.bias -- torch.Size([192])🔥 Tuned parameter: image_encoder.vision_model.encoder.layers.25.self_attn.projection.bias -- torch.Size([1408])

🧊 Frozen parameter: visual_prompter.obj_encoder.model.backbone.dec.dec0.block1.attn.proj.weight -- torch.Size([64, 64])🔥 Tuned parameter: image_encoder.vision_model.encoder.layers.25.layer_norm1.weight -- torch.Size([1408])

🧊 Frozen parameter: visual_prompter.obj_encoder.model.backbone.dec.dec0.block1.attn.proj.bias -- torch.Size([64])🔥 Tuned parameter: image_encoder.vision_model.encoder.layers.25.layer_norm1.bias -- torch.Size([1408])

🧊 Frozen parameter: visual_prompter.obj_encoder.model.backbone.dec.dec0.block1.norm2.0.norm.0.weight -- torch.Size([64])🔥 Tuned parameter: image_encoder.vision_model.encoder.layers.25.mlp.fc1.weight -- torch.Size([6144, 1408])

🧊 Frozen parameter: visual_prompter.obj_encoder.model.backbone.dec.dec0.block1.norm2.0.norm.0.bias -- torch.Size([64])🔥 Tuned parameter: image_encoder.vision_model.encoder.layers.25.mlp.fc1.bias -- torch.Size([6144])

🧊 Frozen parameter: visual_prompter.obj_encoder.model.backbone.dec.dec0.block1.norm2.0.norm.1.weight -- torch.Size([64])🔥 Tuned parameter: image_encoder.vision_model.encoder.layers.25.mlp.fc2.weight -- torch.Size([1408, 6144])

🧊 Frozen parameter: visual_prompter.obj_encoder.model.backbone.dec.dec0.block1.norm2.0.norm.1.bias -- torch.Size([64])🔥 Tuned parameter: image_encoder.vision_model.encoder.layers.25.mlp.fc2.bias -- torch.Size([1408])

🧊 Frozen parameter: visual_prompter.obj_encoder.model.backbone.dec.dec0.block1.norm2.0.norm.2.weight -- torch.Size([64])🔥 Tuned parameter: image_encoder.vision_model.encoder.layers.25.layer_norm2.weight -- torch.Size([1408])

🧊 Frozen parameter: visual_prompter.obj_encoder.model.backbone.dec.dec0.block1.norm2.0.norm.2.bias -- torch.Size([64])🔥 Tuned parameter: image_encoder.vision_model.encoder.layers.25.layer_norm2.bias -- torch.Size([1408])

🧊 Frozen parameter: visual_prompter.obj_encoder.model.backbone.dec.dec0.block1.mlp.0.fc1.weight -- torch.Size([256, 64])🔥 Tuned parameter: image_encoder.vision_model.encoder.layers.26.self_attn.qkv.weight -- torch.Size([4224, 1408])

🧊 Frozen parameter: visual_prompter.obj_encoder.model.backbone.dec.dec0.block1.mlp.0.fc1.bias -- torch.Size([256])🔥 Tuned parameter: image_encoder.vision_model.encoder.layers.26.self_attn.qkv.bias -- torch.Size([4224])

🧊 Frozen parameter: visual_prompter.obj_encoder.model.backbone.dec.dec0.block1.mlp.0.fc2.weight -- torch.Size([64, 256])🔥 Tuned parameter: image_encoder.vision_model.encoder.layers.26.self_attn.projection.weight -- torch.Size([1408, 1408])

🧊 Frozen parameter: visual_prompter.obj_encoder.model.backbone.dec.dec0.block1.mlp.0.fc2.bias -- torch.Size([64])🔥 Tuned parameter: image_encoder.vision_model.encoder.layers.26.self_attn.projection.bias -- torch.Size([1408])

🧊 Frozen parameter: visual_prompter.obj_encoder.model.backbone.dec.dec0.block2.cpe.0.weight -- torch.Size([64, 3, 3, 3, 64])🔥 Tuned parameter: image_encoder.vision_model.encoder.layers.26.layer_norm1.weight -- torch.Size([1408])

🧊 Frozen parameter: visual_prompter.obj_encoder.model.backbone.dec.dec0.block2.cpe.0.bias -- torch.Size([64])🔥 Tuned parameter: image_encoder.vision_model.encoder.layers.26.layer_norm1.bias -- torch.Size([1408])

🧊 Frozen parameter: visual_prompter.obj_encoder.model.backbone.dec.dec0.block2.cpe.1.weight -- torch.Size([64, 64])🔥 Tuned parameter: image_encoder.vision_model.encoder.layers.26.mlp.fc1.weight -- torch.Size([6144, 1408])

🧊 Frozen parameter: visual_prompter.obj_encoder.model.backbone.dec.dec0.block2.cpe.1.bias -- torch.Size([64])🔥 Tuned parameter: image_encoder.vision_model.encoder.layers.26.mlp.fc1.bias -- torch.Size([6144])

🧊 Frozen parameter: visual_prompter.obj_encoder.model.backbone.dec.dec0.block2.cpe.2.norm.0.weight -- torch.Size([64])🔥 Tuned parameter: image_encoder.vision_model.encoder.layers.26.mlp.fc2.weight -- torch.Size([1408, 6144])

🧊 Frozen parameter: visual_prompter.obj_encoder.model.backbone.dec.dec0.block2.cpe.2.norm.0.bias -- torch.Size([64])🔥 Tuned parameter: image_encoder.vision_model.encoder.layers.26.mlp.fc2.bias -- torch.Size([1408])

🧊 Frozen parameter: visual_prompter.obj_encoder.model.backbone.dec.dec0.block2.cpe.2.norm.1.weight -- torch.Size([64])🔥 Tuned parameter: image_encoder.vision_model.encoder.layers.26.layer_norm2.weight -- torch.Size([1408])

🧊 Frozen parameter: visual_prompter.obj_encoder.model.backbone.dec.dec0.block2.cpe.2.norm.1.bias -- torch.Size([64])🔥 Tuned parameter: image_encoder.vision_model.encoder.layers.26.layer_norm2.bias -- torch.Size([1408])

🧊 Frozen parameter: visual_prompter.obj_encoder.model.backbone.dec.dec0.block2.cpe.2.norm.2.weight -- torch.Size([64])🔥 Tuned parameter: image_encoder.vision_model.encoder.layers.27.self_attn.qkv.weight -- torch.Size([4224, 1408])

🧊 Frozen parameter: visual_prompter.obj_encoder.model.backbone.dec.dec0.block2.cpe.2.norm.2.bias -- torch.Size([64])🔥 Tuned parameter: image_encoder.vision_model.encoder.layers.27.self_attn.qkv.bias -- torch.Size([4224])

🧊 Frozen parameter: visual_prompter.obj_encoder.model.backbone.dec.dec0.block2.norm1.0.norm.0.weight -- torch.Size([64])🔥 Tuned parameter: image_encoder.vision_model.encoder.layers.27.self_attn.projection.weight -- torch.Size([1408, 1408])

🧊 Frozen parameter: visual_prompter.obj_encoder.model.backbone.dec.dec0.block2.norm1.0.norm.0.bias -- torch.Size([64])🔥 Tuned parameter: image_encoder.vision_model.encoder.layers.27.self_attn.projection.bias -- torch.Size([1408])

🧊 Frozen parameter: visual_prompter.obj_encoder.model.backbone.dec.dec0.block2.norm1.0.norm.1.weight -- torch.Size([64])🔥 Tuned parameter: image_encoder.vision_model.encoder.layers.27.layer_norm1.weight -- torch.Size([1408])

🧊 Frozen parameter: visual_prompter.obj_encoder.model.backbone.dec.dec0.block2.norm1.0.norm.1.bias -- torch.Size([64])🔥 Tuned parameter: image_encoder.vision_model.encoder.layers.27.layer_norm1.bias -- torch.Size([1408])

🧊 Frozen parameter: visual_prompter.obj_encoder.model.backbone.dec.dec0.block2.norm1.0.norm.2.weight -- torch.Size([64])🔥 Tuned parameter: image_encoder.vision_model.encoder.layers.27.mlp.fc1.weight -- torch.Size([6144, 1408])

🧊 Frozen parameter: visual_prompter.obj_encoder.model.backbone.dec.dec0.block2.norm1.0.norm.2.bias -- torch.Size([64])🔥 Tuned parameter: image_encoder.vision_model.encoder.layers.27.mlp.fc1.bias -- torch.Size([6144])

🧊 Frozen parameter: visual_prompter.obj_encoder.model.backbone.dec.dec0.block2.attn.qkv.weight -- torch.Size([192, 64])🔥 Tuned parameter: image_encoder.vision_model.encoder.layers.27.mlp.fc2.weight -- torch.Size([1408, 6144])

🧊 Frozen parameter: visual_prompter.obj_encoder.model.backbone.dec.dec0.block2.attn.qkv.bias -- torch.Size([192])🔥 Tuned parameter: image_encoder.vision_model.encoder.layers.27.mlp.fc2.bias -- torch.Size([1408])

🧊 Frozen parameter: visual_prompter.obj_encoder.model.backbone.dec.dec0.block2.attn.proj.weight -- torch.Size([64, 64])🔥 Tuned parameter: image_encoder.vision_model.encoder.layers.27.layer_norm2.weight -- torch.Size([1408])

🧊 Frozen parameter: visual_prompter.obj_encoder.model.backbone.dec.dec0.block2.attn.proj.bias -- torch.Size([64])🔥 Tuned parameter: image_encoder.vision_model.encoder.layers.27.layer_norm2.bias -- torch.Size([1408])

🧊 Frozen parameter: visual_prompter.obj_encoder.model.backbone.dec.dec0.block2.norm2.0.norm.0.weight -- torch.Size([64])🔥 Tuned parameter: image_encoder.vision_model.encoder.layers.28.self_attn.qkv.weight -- torch.Size([4224, 1408])

🧊 Frozen parameter: visual_prompter.obj_encoder.model.backbone.dec.dec0.block2.norm2.0.norm.0.bias -- torch.Size([64])🔥 Tuned parameter: image_encoder.vision_model.encoder.layers.28.self_attn.qkv.bias -- torch.Size([4224])

🧊 Frozen parameter: visual_prompter.obj_encoder.model.backbone.dec.dec0.block2.norm2.0.norm.1.weight -- torch.Size([64])🔥 Tuned parameter: image_encoder.vision_model.encoder.layers.28.self_attn.projection.weight -- torch.Size([1408, 1408])

🧊 Frozen parameter: visual_prompter.obj_encoder.model.backbone.dec.dec0.block2.norm2.0.norm.1.bias -- torch.Size([64])🔥 Tuned parameter: image_encoder.vision_model.encoder.layers.28.self_attn.projection.bias -- torch.Size([1408])

🧊 Frozen parameter: visual_prompter.obj_encoder.model.backbone.dec.dec0.block2.norm2.0.norm.2.weight -- torch.Size([64])🔥 Tuned parameter: image_encoder.vision_model.encoder.layers.28.layer_norm1.weight -- torch.Size([1408])

🧊 Frozen parameter: visual_prompter.obj_encoder.model.backbone.dec.dec0.block2.norm2.0.norm.2.bias -- torch.Size([64])🔥 Tuned parameter: image_encoder.vision_model.encoder.layers.28.layer_norm1.bias -- torch.Size([1408])

🧊 Frozen parameter: visual_prompter.obj_encoder.model.backbone.dec.dec0.block2.mlp.0.fc1.weight -- torch.Size([256, 64])🔥 Tuned parameter: image_encoder.vision_model.encoder.layers.28.mlp.fc1.weight -- torch.Size([6144, 1408])

🧊 Frozen parameter: visual_prompter.obj_encoder.model.backbone.dec.dec0.block2.mlp.0.fc1.bias -- torch.Size([256])🔥 Tuned parameter: image_encoder.vision_model.encoder.layers.28.mlp.fc1.bias -- torch.Size([6144])

🧊 Frozen parameter: visual_prompter.obj_encoder.model.backbone.dec.dec0.block2.mlp.0.fc2.weight -- torch.Size([64, 256])🔥 Tuned parameter: image_encoder.vision_model.encoder.layers.28.mlp.fc2.weight -- torch.Size([1408, 6144])

🧊 Frozen parameter: visual_prompter.obj_encoder.model.backbone.dec.dec0.block2.mlp.0.fc2.bias -- torch.Size([64])🔥 Tuned parameter: image_encoder.vision_model.encoder.layers.28.mlp.fc2.bias -- torch.Size([1408])

🧊 Frozen parameter: visual_prompter.obj_encoder.model.embedding_table.weight -- torch.Size([3, 256])🔥 Tuned parameter: image_encoder.vision_model.encoder.layers.28.layer_norm2.weight -- torch.Size([1408])

🧊 Frozen parameter: visual_prompter.obj_encoder.model.proj_head.weight -- torch.Size([512, 64])🔥 Tuned parameter: image_encoder.vision_model.encoder.layers.28.layer_norm2.bias -- torch.Size([1408])

🧊 Frozen parameter: visual_prompter.obj_encoder.model.proj_head.bias -- torch.Size([512])🔥 Tuned parameter: image_encoder.vision_model.encoder.layers.29.self_attn.qkv.weight -- torch.Size([4224, 1408])

🧊 Frozen parameter: visual_prompter.obj_encoder.sem_head.0.weight -- torch.Size([384, 64])🔥 Tuned parameter: image_encoder.vision_model.encoder.layers.29.self_attn.qkv.bias -- torch.Size([4224])

🧊 Frozen parameter: visual_prompter.obj_encoder.sem_head.0.bias -- torch.Size([384])🔥 Tuned parameter: image_encoder.vision_model.encoder.layers.29.self_attn.projection.weight -- torch.Size([1408, 1408])

🧊 Frozen parameter: visual_prompter.obj_encoder.sem_head.2.weight -- torch.Size([384])🔥 Tuned parameter: image_encoder.vision_model.encoder.layers.29.self_attn.projection.bias -- torch.Size([1408])

🧊 Frozen parameter: visual_prompter.obj_encoder.sem_head.2.bias -- torch.Size([384])🔥 Tuned parameter: image_encoder.vision_model.encoder.layers.29.layer_norm1.weight -- torch.Size([1408])

🧊 Frozen parameter: visual_prompter.obj_encoder.sem_head.4.weight -- torch.Size([607, 384])🔥 Tuned parameter: image_encoder.vision_model.encoder.layers.29.layer_norm1.bias -- torch.Size([1408])

🧊 Frozen parameter: visual_prompter.obj_encoder.sem_head.4.bias -- torch.Size([607])🔥 Tuned parameter: image_encoder.vision_model.encoder.layers.29.mlp.fc1.weight -- torch.Size([6144, 1408])

🔥 Tuned parameter: visual_prompter.obj_linear_projection.weight -- torch.Size([256, 64])🔥 Tuned parameter: image_encoder.vision_model.encoder.layers.29.mlp.fc1.bias -- torch.Size([6144])

🔥 Tuned parameter: visual_prompter.obj_linear_projection.bias -- torch.Size([256])🔥 Tuned parameter: image_encoder.vision_model.encoder.layers.29.mlp.fc2.weight -- torch.Size([1408, 6144])

🔥 Tuned parameter: visual_prompter.spatial_encoder.0.linear1.weight -- torch.Size([2048, 256])🔥 Tuned parameter: image_encoder.vision_model.encoder.layers.29.mlp.fc2.bias -- torch.Size([1408])

🔥 Tuned parameter: visual_prompter.spatial_encoder.0.linear1.bias -- torch.Size([2048])🔥 Tuned parameter: image_encoder.vision_model.encoder.layers.29.layer_norm2.weight -- torch.Size([1408])

🔥 Tuned parameter: visual_prompter.spatial_encoder.0.linear2.weight -- torch.Size([256, 2048])🔥 Tuned parameter: image_encoder.vision_model.encoder.layers.29.layer_norm2.bias -- torch.Size([1408])

🔥 Tuned parameter: visual_prompter.spatial_encoder.0.linear2.bias -- torch.Size([256])🔥 Tuned parameter: image_encoder.vision_model.encoder.layers.30.self_attn.qkv.weight -- torch.Size([4224, 1408])

🔥 Tuned parameter: visual_prompter.spatial_encoder.0.norm1.weight -- torch.Size([256])🔥 Tuned parameter: image_encoder.vision_model.encoder.layers.30.self_attn.qkv.bias -- torch.Size([4224])

🔥 Tuned parameter: visual_prompter.spatial_encoder.0.norm1.bias -- torch.Size([256])🔥 Tuned parameter: image_encoder.vision_model.encoder.layers.30.self_attn.projection.weight -- torch.Size([1408, 1408])

🔥 Tuned parameter: visual_prompter.spatial_encoder.0.norm2.weight -- torch.Size([256])🔥 Tuned parameter: image_encoder.vision_model.encoder.layers.30.self_attn.projection.bias -- torch.Size([1408])

🔥 Tuned parameter: visual_prompter.spatial_encoder.0.norm2.bias -- torch.Size([256])🔥 Tuned parameter: image_encoder.vision_model.encoder.layers.30.layer_norm1.weight -- torch.Size([1408])

🔥 Tuned parameter: visual_prompter.spatial_encoder.0.self_attn.w_qs.weight -- torch.Size([256, 256])🔥 Tuned parameter: image_encoder.vision_model.encoder.layers.30.layer_norm1.bias -- torch.Size([1408])

🔥 Tuned parameter: visual_prompter.spatial_encoder.0.self_attn.w_qs.bias -- torch.Size([256])🔥 Tuned parameter: image_encoder.vision_model.encoder.layers.30.mlp.fc1.weight -- torch.Size([6144, 1408])

🔥 Tuned parameter: visual_prompter.spatial_encoder.0.self_attn.w_ks.weight -- torch.Size([256, 256])🔥 Tuned parameter: image_encoder.vision_model.encoder.layers.30.mlp.fc1.bias -- torch.Size([6144])

🔥 Tuned parameter: visual_prompter.spatial_encoder.0.self_attn.w_ks.bias -- torch.Size([256])🔥 Tuned parameter: image_encoder.vision_model.encoder.layers.30.mlp.fc2.weight -- torch.Size([1408, 6144])

🔥 Tuned parameter: visual_prompter.spatial_encoder.0.self_attn.w_vs.weight -- torch.Size([256, 256])🔥 Tuned parameter: image_encoder.vision_model.encoder.layers.30.mlp.fc2.bias -- torch.Size([1408])

🔥 Tuned parameter: visual_prompter.spatial_encoder.0.self_attn.w_vs.bias -- torch.Size([256])🔥 Tuned parameter: image_encoder.vision_model.encoder.layers.30.layer_norm2.weight -- torch.Size([1408])

🔥 Tuned parameter: visual_prompter.spatial_encoder.0.self_attn.fc.weight -- torch.Size([256, 256])🔥 Tuned parameter: image_encoder.vision_model.encoder.layers.30.layer_norm2.bias -- torch.Size([1408])

🔥 Tuned parameter: visual_prompter.spatial_encoder.0.self_attn.fc.bias -- torch.Size([256])🔥 Tuned parameter: image_encoder.vision_model.encoder.layers.31.self_attn.qkv.weight -- torch.Size([4224, 1408])

🔥 Tuned parameter: visual_prompter.spatial_encoder.0.self_attn.layer_norm.weight -- torch.Size([256])🔥 Tuned parameter: image_encoder.vision_model.encoder.layers.31.self_attn.qkv.bias -- torch.Size([4224])

🔥 Tuned parameter: visual_prompter.spatial_encoder.0.self_attn.layer_norm.bias -- torch.Size([256])🔥 Tuned parameter: image_encoder.vision_model.encoder.layers.31.self_attn.projection.weight -- torch.Size([1408, 1408])

🔥 Tuned parameter: visual_prompter.spatial_encoder.0.self_attn.lang_cond_fc.weight -- torch.Size([48, 256])🔥 Tuned parameter: image_encoder.vision_model.encoder.layers.31.self_attn.projection.bias -- torch.Size([1408])

🔥 Tuned parameter: visual_prompter.spatial_encoder.0.self_attn.lang_cond_fc.bias -- torch.Size([48])🔥 Tuned parameter: image_encoder.vision_model.encoder.layers.31.layer_norm1.weight -- torch.Size([1408])

🔥 Tuned parameter: visual_prompter.spatial_encoder.1.linear1.weight -- torch.Size([2048, 256])🔥 Tuned parameter: image_encoder.vision_model.encoder.layers.31.layer_norm1.bias -- torch.Size([1408])

🔥 Tuned parameter: visual_prompter.spatial_encoder.1.linear1.bias -- torch.Size([2048])🔥 Tuned parameter: image_encoder.vision_model.encoder.layers.31.mlp.fc1.weight -- torch.Size([6144, 1408])

🔥 Tuned parameter: visual_prompter.spatial_encoder.1.linear2.weight -- torch.Size([256, 2048])🔥 Tuned parameter: image_encoder.vision_model.encoder.layers.31.mlp.fc1.bias -- torch.Size([6144])

🔥 Tuned parameter: visual_prompter.spatial_encoder.1.linear2.bias -- torch.Size([256])🔥 Tuned parameter: image_encoder.vision_model.encoder.layers.31.mlp.fc2.weight -- torch.Size([1408, 6144])

🔥 Tuned parameter: visual_prompter.spatial_encoder.1.norm1.weight -- torch.Size([256])🔥 Tuned parameter: image_encoder.vision_model.encoder.layers.31.mlp.fc2.bias -- torch.Size([1408])

🔥 Tuned parameter: visual_prompter.spatial_encoder.1.norm1.bias -- torch.Size([256])🔥 Tuned parameter: image_encoder.vision_model.encoder.layers.31.layer_norm2.weight -- torch.Size([1408])

🔥 Tuned parameter: visual_prompter.spatial_encoder.1.norm2.weight -- torch.Size([256])🔥 Tuned parameter: image_encoder.vision_model.encoder.layers.31.layer_norm2.bias -- torch.Size([1408])

🔥 Tuned parameter: visual_prompter.spatial_encoder.1.norm2.bias -- torch.Size([256])
🔥 Tuned parameter: image_encoder.vision_model.encoder.layers.32.self_attn.qkv.weight -- torch.Size([4224, 1408])🔥 Tuned parameter: visual_prompter.spatial_encoder.1.self_attn.w_qs.weight -- torch.Size([256, 256])

🔥 Tuned parameter: image_encoder.vision_model.encoder.layers.32.self_attn.qkv.bias -- torch.Size([4224])🔥 Tuned parameter: visual_prompter.spatial_encoder.1.self_attn.w_qs.bias -- torch.Size([256])

🔥 Tuned parameter: image_encoder.vision_model.encoder.layers.32.self_attn.projection.weight -- torch.Size([1408, 1408])🔥 Tuned parameter: visual_prompter.spatial_encoder.1.self_attn.w_ks.weight -- torch.Size([256, 256])

🔥 Tuned parameter: image_encoder.vision_model.encoder.layers.32.self_attn.projection.bias -- torch.Size([1408])🔥 Tuned parameter: visual_prompter.spatial_encoder.1.self_attn.w_ks.bias -- torch.Size([256])

🔥 Tuned parameter: image_encoder.vision_model.encoder.layers.32.layer_norm1.weight -- torch.Size([1408])🔥 Tuned parameter: visual_prompter.spatial_encoder.1.self_attn.w_vs.weight -- torch.Size([256, 256])

🔥 Tuned parameter: image_encoder.vision_model.encoder.layers.32.layer_norm1.bias -- torch.Size([1408])🔥 Tuned parameter: visual_prompter.spatial_encoder.1.self_attn.w_vs.bias -- torch.Size([256])

🔥 Tuned parameter: image_encoder.vision_model.encoder.layers.32.mlp.fc1.weight -- torch.Size([6144, 1408])🔥 Tuned parameter: visual_prompter.spatial_encoder.1.self_attn.fc.weight -- torch.Size([256, 256])

🔥 Tuned parameter: image_encoder.vision_model.encoder.layers.32.mlp.fc1.bias -- torch.Size([6144])🔥 Tuned parameter: visual_prompter.spatial_encoder.1.self_attn.fc.bias -- torch.Size([256])

🔥 Tuned parameter: image_encoder.vision_model.encoder.layers.32.mlp.fc2.weight -- torch.Size([1408, 6144])🔥 Tuned parameter: visual_prompter.spatial_encoder.1.self_attn.layer_norm.weight -- torch.Size([256])

🔥 Tuned parameter: image_encoder.vision_model.encoder.layers.32.mlp.fc2.bias -- torch.Size([1408])🔥 Tuned parameter: visual_prompter.spatial_encoder.1.self_attn.layer_norm.bias -- torch.Size([256])

🔥 Tuned parameter: image_encoder.vision_model.encoder.layers.32.layer_norm2.weight -- torch.Size([1408])🔥 Tuned parameter: visual_prompter.spatial_encoder.1.self_attn.lang_cond_fc.weight -- torch.Size([48, 256])

🔥 Tuned parameter: image_encoder.vision_model.encoder.layers.32.layer_norm2.bias -- torch.Size([1408])🔥 Tuned parameter: visual_prompter.spatial_encoder.1.self_attn.lang_cond_fc.bias -- torch.Size([48])

🔥 Tuned parameter: image_encoder.vision_model.encoder.layers.33.self_attn.qkv.weight -- torch.Size([4224, 1408])🔥 Tuned parameter: visual_prompter.spatial_encoder.2.linear1.weight -- torch.Size([2048, 256])

🔥 Tuned parameter: image_encoder.vision_model.encoder.layers.33.self_attn.qkv.bias -- torch.Size([4224])🔥 Tuned parameter: visual_prompter.spatial_encoder.2.linear1.bias -- torch.Size([2048])

🔥 Tuned parameter: image_encoder.vision_model.encoder.layers.33.self_attn.projection.weight -- torch.Size([1408, 1408])🔥 Tuned parameter: visual_prompter.spatial_encoder.2.linear2.weight -- torch.Size([256, 2048])

🔥 Tuned parameter: image_encoder.vision_model.encoder.layers.33.self_attn.projection.bias -- torch.Size([1408])🔥 Tuned parameter: visual_prompter.spatial_encoder.2.linear2.bias -- torch.Size([256])

🔥 Tuned parameter: image_encoder.vision_model.encoder.layers.33.layer_norm1.weight -- torch.Size([1408])🔥 Tuned parameter: visual_prompter.spatial_encoder.2.norm1.weight -- torch.Size([256])

🔥 Tuned parameter: image_encoder.vision_model.encoder.layers.33.layer_norm1.bias -- torch.Size([1408])🔥 Tuned parameter: visual_prompter.spatial_encoder.2.norm1.bias -- torch.Size([256])

🔥 Tuned parameter: image_encoder.vision_model.encoder.layers.33.mlp.fc1.weight -- torch.Size([6144, 1408])🔥 Tuned parameter: visual_prompter.spatial_encoder.2.norm2.weight -- torch.Size([256])

🔥 Tuned parameter: image_encoder.vision_model.encoder.layers.33.mlp.fc1.bias -- torch.Size([6144])🔥 Tuned parameter: visual_prompter.spatial_encoder.2.norm2.bias -- torch.Size([256])

🔥 Tuned parameter: image_encoder.vision_model.encoder.layers.33.mlp.fc2.weight -- torch.Size([1408, 6144])🔥 Tuned parameter: visual_prompter.spatial_encoder.2.self_attn.w_qs.weight -- torch.Size([256, 256])

🔥 Tuned parameter: image_encoder.vision_model.encoder.layers.33.mlp.fc2.bias -- torch.Size([1408])🔥 Tuned parameter: visual_prompter.spatial_encoder.2.self_attn.w_qs.bias -- torch.Size([256])

🔥 Tuned parameter: image_encoder.vision_model.encoder.layers.33.layer_norm2.weight -- torch.Size([1408])🔥 Tuned parameter: visual_prompter.spatial_encoder.2.self_attn.w_ks.weight -- torch.Size([256, 256])

🔥 Tuned parameter: image_encoder.vision_model.encoder.layers.33.layer_norm2.bias -- torch.Size([1408])🔥 Tuned parameter: visual_prompter.spatial_encoder.2.self_attn.w_ks.bias -- torch.Size([256])

🔥 Tuned parameter: image_encoder.vision_model.encoder.layers.34.self_attn.qkv.weight -- torch.Size([4224, 1408])🔥 Tuned parameter: visual_prompter.spatial_encoder.2.self_attn.w_vs.weight -- torch.Size([256, 256])

🔥 Tuned parameter: image_encoder.vision_model.encoder.layers.34.self_attn.qkv.bias -- torch.Size([4224])🔥 Tuned parameter: visual_prompter.spatial_encoder.2.self_attn.w_vs.bias -- torch.Size([256])

🔥 Tuned parameter: image_encoder.vision_model.encoder.layers.34.self_attn.projection.weight -- torch.Size([1408, 1408])🔥 Tuned parameter: visual_prompter.spatial_encoder.2.self_attn.fc.weight -- torch.Size([256, 256])

🔥 Tuned parameter: image_encoder.vision_model.encoder.layers.34.self_attn.projection.bias -- torch.Size([1408])🔥 Tuned parameter: visual_prompter.spatial_encoder.2.self_attn.fc.bias -- torch.Size([256])

🔥 Tuned parameter: image_encoder.vision_model.encoder.layers.34.layer_norm1.weight -- torch.Size([1408])🔥 Tuned parameter: visual_prompter.spatial_encoder.2.self_attn.layer_norm.weight -- torch.Size([256])

🔥 Tuned parameter: image_encoder.vision_model.encoder.layers.34.layer_norm1.bias -- torch.Size([1408])🔥 Tuned parameter: visual_prompter.spatial_encoder.2.self_attn.layer_norm.bias -- torch.Size([256])

🔥 Tuned parameter: image_encoder.vision_model.encoder.layers.34.mlp.fc1.weight -- torch.Size([6144, 1408])🔥 Tuned parameter: visual_prompter.spatial_encoder.2.self_attn.lang_cond_fc.weight -- torch.Size([48, 256])

🔥 Tuned parameter: image_encoder.vision_model.encoder.layers.34.mlp.fc1.bias -- torch.Size([6144])🔥 Tuned parameter: visual_prompter.spatial_encoder.2.self_attn.lang_cond_fc.bias -- torch.Size([48])

🔥 Tuned parameter: image_encoder.vision_model.encoder.layers.34.mlp.fc2.weight -- torch.Size([1408, 6144])🔥 Tuned parameter: visual_prompter.loc_layers.0.0.weight -- torch.Size([256, 6])

🔥 Tuned parameter: image_encoder.vision_model.encoder.layers.34.mlp.fc2.bias -- torch.Size([1408])🔥 Tuned parameter: visual_prompter.loc_layers.0.0.bias -- torch.Size([256])

🔥 Tuned parameter: image_encoder.vision_model.encoder.layers.34.layer_norm2.weight -- torch.Size([1408])🔥 Tuned parameter: visual_prompter.loc_layers.0.1.weight -- torch.Size([256])

🔥 Tuned parameter: image_encoder.vision_model.encoder.layers.34.layer_norm2.bias -- torch.Size([1408])🔥 Tuned parameter: visual_prompter.loc_layers.0.1.bias -- torch.Size([256])

🔥 Tuned parameter: image_encoder.vision_model.encoder.layers.35.self_attn.qkv.weight -- torch.Size([4224, 1408])🔥 Tuned parameter: visual_prompter.loc_embedding_encoder.0.weight -- torch.Size([256, 63])

🔥 Tuned parameter: image_encoder.vision_model.encoder.layers.35.self_attn.qkv.bias -- torch.Size([4224])🔥 Tuned parameter: visual_prompter.loc_embedding_encoder.0.bias -- torch.Size([256])

🔥 Tuned parameter: image_encoder.vision_model.encoder.layers.35.self_attn.projection.weight -- torch.Size([1408, 1408])🔥 Tuned parameter: visual_prompter.loc_embedding_encoder.1.weight -- torch.Size([256])

🔥 Tuned parameter: image_encoder.vision_model.encoder.layers.35.self_attn.projection.bias -- torch.Size([1408])🔥 Tuned parameter: visual_prompter.loc_embedding_encoder.1.bias -- torch.Size([256])

🔥 Tuned parameter: image_encoder.vision_model.encoder.layers.35.layer_norm1.weight -- torch.Size([1408])🔥 Tuned parameter: visual_prompter.size_embedding_encoder.0.weight -- torch.Size([256, 3])

🔥 Tuned parameter: image_encoder.vision_model.encoder.layers.35.layer_norm1.bias -- torch.Size([1408])🔥 Tuned parameter: visual_prompter.size_embedding_encoder.0.bias -- torch.Size([256])

🔥 Tuned parameter: image_encoder.vision_model.encoder.layers.35.mlp.fc1.weight -- torch.Size([6144, 1408])🔥 Tuned parameter: visual_prompter.size_embedding_encoder.1.weight -- torch.Size([256])

🔥 Tuned parameter: image_encoder.vision_model.encoder.layers.35.mlp.fc1.bias -- torch.Size([6144])🔥 Tuned parameter: visual_prompter.size_embedding_encoder.1.bias -- torch.Size([256])

🔥 Tuned parameter: image_encoder.vision_model.encoder.layers.35.mlp.fc2.weight -- torch.Size([1408, 6144])
🧊 Frozen parameter: llm_model.base_model.model.model.embed_tokens.weight -- torch.Size([32001, 4096])🔥 Tuned parameter: image_encoder.vision_model.encoder.layers.35.mlp.fc2.bias -- torch.Size([1408])

🧊 Frozen parameter: llm_model.base_model.model.model.layers.0.self_attn.q_proj.base_layer.weight -- torch.Size([4096, 4096])🔥 Tuned parameter: image_encoder.vision_model.encoder.layers.35.layer_norm2.weight -- torch.Size([1408])

🔥 Tuned parameter: llm_model.base_model.model.model.layers.0.self_attn.q_proj.lora_A.default.weight -- torch.Size([16, 4096])🔥 Tuned parameter: image_encoder.vision_model.encoder.layers.35.layer_norm2.bias -- torch.Size([1408])

🔥 Tuned parameter: llm_model.base_model.model.model.layers.0.self_attn.q_proj.lora_B.default.weight -- torch.Size([4096, 16])🔥 Tuned parameter: image_encoder.vision_model.encoder.layers.36.self_attn.qkv.weight -- torch.Size([4224, 1408])

🧊 Frozen parameter: llm_model.base_model.model.model.layers.0.self_attn.k_proj.base_layer.weight -- torch.Size([4096, 4096])🔥 Tuned parameter: image_encoder.vision_model.encoder.layers.36.self_attn.qkv.bias -- torch.Size([4224])

🔥 Tuned parameter: llm_model.base_model.model.model.layers.0.self_attn.k_proj.lora_A.default.weight -- torch.Size([16, 4096])🔥 Tuned parameter: image_encoder.vision_model.encoder.layers.36.self_attn.projection.weight -- torch.Size([1408, 1408])

🔥 Tuned parameter: llm_model.base_model.model.model.layers.0.self_attn.k_proj.lora_B.default.weight -- torch.Size([4096, 16])🔥 Tuned parameter: image_encoder.vision_model.encoder.layers.36.self_attn.projection.bias -- torch.Size([1408])

🧊 Frozen parameter: llm_model.base_model.model.model.layers.0.self_attn.v_proj.base_layer.weight -- torch.Size([4096, 4096])🔥 Tuned parameter: image_encoder.vision_model.encoder.layers.36.layer_norm1.weight -- torch.Size([1408])

🔥 Tuned parameter: llm_model.base_model.model.model.layers.0.self_attn.v_proj.lora_A.default.weight -- torch.Size([16, 4096])🔥 Tuned parameter: image_encoder.vision_model.encoder.layers.36.layer_norm1.bias -- torch.Size([1408])

🔥 Tuned parameter: llm_model.base_model.model.model.layers.0.self_attn.v_proj.lora_B.default.weight -- torch.Size([4096, 16])🔥 Tuned parameter: image_encoder.vision_model.encoder.layers.36.mlp.fc1.weight -- torch.Size([6144, 1408])

🧊 Frozen parameter: llm_model.base_model.model.model.layers.0.self_attn.o_proj.base_layer.weight -- torch.Size([4096, 4096])🔥 Tuned parameter: image_encoder.vision_model.encoder.layers.36.mlp.fc1.bias -- torch.Size([6144])

🔥 Tuned parameter: llm_model.base_model.model.model.layers.0.self_attn.o_proj.lora_A.default.weight -- torch.Size([16, 4096])🔥 Tuned parameter: image_encoder.vision_model.encoder.layers.36.mlp.fc2.weight -- torch.Size([1408, 6144])

🔥 Tuned parameter: llm_model.base_model.model.model.layers.0.self_attn.o_proj.lora_B.default.weight -- torch.Size([4096, 16])🔥 Tuned parameter: image_encoder.vision_model.encoder.layers.36.mlp.fc2.bias -- torch.Size([1408])

🧊 Frozen parameter: llm_model.base_model.model.model.layers.0.mlp.gate_proj.base_layer.weight -- torch.Size([11008, 4096])🔥 Tuned parameter: image_encoder.vision_model.encoder.layers.36.layer_norm2.weight -- torch.Size([1408])

🔥 Tuned parameter: llm_model.base_model.model.model.layers.0.mlp.gate_proj.lora_A.default.weight -- torch.Size([16, 4096])🔥 Tuned parameter: image_encoder.vision_model.encoder.layers.36.layer_norm2.bias -- torch.Size([1408])

🔥 Tuned parameter: llm_model.base_model.model.model.layers.0.mlp.gate_proj.lora_B.default.weight -- torch.Size([11008, 16])🔥 Tuned parameter: image_encoder.vision_model.encoder.layers.37.self_attn.qkv.weight -- torch.Size([4224, 1408])

🧊 Frozen parameter: llm_model.base_model.model.model.layers.0.mlp.up_proj.base_layer.weight -- torch.Size([11008, 4096])🔥 Tuned parameter: image_encoder.vision_model.encoder.layers.37.self_attn.qkv.bias -- torch.Size([4224])

🔥 Tuned parameter: llm_model.base_model.model.model.layers.0.mlp.up_proj.lora_A.default.weight -- torch.Size([16, 4096])🔥 Tuned parameter: image_encoder.vision_model.encoder.layers.37.self_attn.projection.weight -- torch.Size([1408, 1408])

🔥 Tuned parameter: llm_model.base_model.model.model.layers.0.mlp.up_proj.lora_B.default.weight -- torch.Size([11008, 16])🔥 Tuned parameter: image_encoder.vision_model.encoder.layers.37.self_attn.projection.bias -- torch.Size([1408])

🧊 Frozen parameter: llm_model.base_model.model.model.layers.0.mlp.down_proj.base_layer.weight -- torch.Size([4096, 11008])🔥 Tuned parameter: image_encoder.vision_model.encoder.layers.37.layer_norm1.weight -- torch.Size([1408])

🔥 Tuned parameter: llm_model.base_model.model.model.layers.0.mlp.down_proj.lora_A.default.weight -- torch.Size([16, 11008])🔥 Tuned parameter: image_encoder.vision_model.encoder.layers.37.layer_norm1.bias -- torch.Size([1408])

🔥 Tuned parameter: llm_model.base_model.model.model.layers.0.mlp.down_proj.lora_B.default.weight -- torch.Size([4096, 16])🔥 Tuned parameter: image_encoder.vision_model.encoder.layers.37.mlp.fc1.weight -- torch.Size([6144, 1408])

🧊 Frozen parameter: llm_model.base_model.model.model.layers.0.input_layernorm.weight -- torch.Size([4096])🔥 Tuned parameter: image_encoder.vision_model.encoder.layers.37.mlp.fc1.bias -- torch.Size([6144])

🧊 Frozen parameter: llm_model.base_model.model.model.layers.0.post_attention_layernorm.weight -- torch.Size([4096])🔥 Tuned parameter: image_encoder.vision_model.encoder.layers.37.mlp.fc2.weight -- torch.Size([1408, 6144])

🧊 Frozen parameter: llm_model.base_model.model.model.layers.1.self_attn.q_proj.base_layer.weight -- torch.Size([4096, 4096])🔥 Tuned parameter: image_encoder.vision_model.encoder.layers.37.mlp.fc2.bias -- torch.Size([1408])

🔥 Tuned parameter: llm_model.base_model.model.model.layers.1.self_attn.q_proj.lora_A.default.weight -- torch.Size([16, 4096])🔥 Tuned parameter: image_encoder.vision_model.encoder.layers.37.layer_norm2.weight -- torch.Size([1408])

🔥 Tuned parameter: llm_model.base_model.model.model.layers.1.self_attn.q_proj.lora_B.default.weight -- torch.Size([4096, 16])🔥 Tuned parameter: image_encoder.vision_model.encoder.layers.37.layer_norm2.bias -- torch.Size([1408])

🧊 Frozen parameter: llm_model.base_model.model.model.layers.1.self_attn.k_proj.base_layer.weight -- torch.Size([4096, 4096])🔥 Tuned parameter: image_encoder.vision_model.encoder.layers.38.self_attn.qkv.weight -- torch.Size([4224, 1408])

🔥 Tuned parameter: llm_model.base_model.model.model.layers.1.self_attn.k_proj.lora_A.default.weight -- torch.Size([16, 4096])🔥 Tuned parameter: image_encoder.vision_model.encoder.layers.38.self_attn.qkv.bias -- torch.Size([4224])

🔥 Tuned parameter: llm_model.base_model.model.model.layers.1.self_attn.k_proj.lora_B.default.weight -- torch.Size([4096, 16])🔥 Tuned parameter: image_encoder.vision_model.encoder.layers.38.self_attn.projection.weight -- torch.Size([1408, 1408])

🧊 Frozen parameter: llm_model.base_model.model.model.layers.1.self_attn.v_proj.base_layer.weight -- torch.Size([4096, 4096])🔥 Tuned parameter: image_encoder.vision_model.encoder.layers.38.self_attn.projection.bias -- torch.Size([1408])

🔥 Tuned parameter: llm_model.base_model.model.model.layers.1.self_attn.v_proj.lora_A.default.weight -- torch.Size([16, 4096])🔥 Tuned parameter: image_encoder.vision_model.encoder.layers.38.layer_norm1.weight -- torch.Size([1408])

🔥 Tuned parameter: llm_model.base_model.model.model.layers.1.self_attn.v_proj.lora_B.default.weight -- torch.Size([4096, 16])🔥 Tuned parameter: image_encoder.vision_model.encoder.layers.38.layer_norm1.bias -- torch.Size([1408])

🧊 Frozen parameter: llm_model.base_model.model.model.layers.1.self_attn.o_proj.base_layer.weight -- torch.Size([4096, 4096])🔥 Tuned parameter: image_encoder.vision_model.encoder.layers.38.mlp.fc1.weight -- torch.Size([6144, 1408])

🔥 Tuned parameter: llm_model.base_model.model.model.layers.1.self_attn.o_proj.lora_A.default.weight -- torch.Size([16, 4096])🔥 Tuned parameter: image_encoder.vision_model.encoder.layers.38.mlp.fc1.bias -- torch.Size([6144])

🔥 Tuned parameter: llm_model.base_model.model.model.layers.1.self_attn.o_proj.lora_B.default.weight -- torch.Size([4096, 16])🔥 Tuned parameter: image_encoder.vision_model.encoder.layers.38.mlp.fc2.weight -- torch.Size([1408, 6144])

🔥 Tuned parameter: image_encoder.vision_model.encoder.layers.38.mlp.fc2.bias -- torch.Size([1408])🧊 Frozen parameter: llm_model.base_model.model.model.layers.1.mlp.gate_proj.base_layer.weight -- torch.Size([11008, 4096])

🔥 Tuned parameter: image_encoder.vision_model.encoder.layers.38.layer_norm2.weight -- torch.Size([1408])🔥 Tuned parameter: llm_model.base_model.model.model.layers.1.mlp.gate_proj.lora_A.default.weight -- torch.Size([16, 4096])

🔥 Tuned parameter: image_encoder.vision_model.encoder.layers.38.layer_norm2.bias -- torch.Size([1408])🔥 Tuned parameter: llm_model.base_model.model.model.layers.1.mlp.gate_proj.lora_B.default.weight -- torch.Size([11008, 16])

🔥 Tuned parameter: image_encoder.vision_model.post_layernorm.weight -- torch.Size([1408])🧊 Frozen parameter: llm_model.base_model.model.model.layers.1.mlp.up_proj.base_layer.weight -- torch.Size([11008, 4096])

🔥 Tuned parameter: image_encoder.vision_model.post_layernorm.bias -- torch.Size([1408])🔥 Tuned parameter: llm_model.base_model.model.model.layers.1.mlp.up_proj.lora_A.default.weight -- torch.Size([16, 4096])

🔥 Tuned parameter: image_encoder.qformer.layernorm.weight -- torch.Size([768])🔥 Tuned parameter: llm_model.base_model.model.model.layers.1.mlp.up_proj.lora_B.default.weight -- torch.Size([11008, 16])

🔥 Tuned parameter: image_encoder.qformer.layernorm.bias -- torch.Size([768])
🧊 Frozen parameter: llm_model.base_model.model.model.layers.1.mlp.down_proj.base_layer.weight -- torch.Size([4096, 11008])
🔥 Tuned parameter: image_encoder.qformer.encoder.layer.0.attention.attention.query.weight -- torch.Size([768, 768])🔥 Tuned parameter: llm_model.base_model.model.model.layers.1.mlp.down_proj.lora_A.default.weight -- torch.Size([16, 11008])

🔥 Tuned parameter: image_encoder.qformer.encoder.layer.0.attention.attention.query.bias -- torch.Size([768])🔥 Tuned parameter: llm_model.base_model.model.model.layers.1.mlp.down_proj.lora_B.default.weight -- torch.Size([4096, 16])

🔥 Tuned parameter: image_encoder.qformer.encoder.layer.0.attention.attention.key.weight -- torch.Size([768, 768])🧊 Frozen parameter: llm_model.base_model.model.model.layers.1.input_layernorm.weight -- torch.Size([4096])

🔥 Tuned parameter: image_encoder.qformer.encoder.layer.0.attention.attention.key.bias -- torch.Size([768])🧊 Frozen parameter: llm_model.base_model.model.model.layers.1.post_attention_layernorm.weight -- torch.Size([4096])

🔥 Tuned parameter: image_encoder.qformer.encoder.layer.0.attention.attention.value.weight -- torch.Size([768, 768])🧊 Frozen parameter: llm_model.base_model.model.model.layers.2.self_attn.q_proj.base_layer.weight -- torch.Size([4096, 4096])

🔥 Tuned parameter: image_encoder.qformer.encoder.layer.0.attention.attention.value.bias -- torch.Size([768])🔥 Tuned parameter: llm_model.base_model.model.model.layers.2.self_attn.q_proj.lora_A.default.weight -- torch.Size([16, 4096])

🔥 Tuned parameter: image_encoder.qformer.encoder.layer.0.attention.output.dense.weight -- torch.Size([768, 768])🔥 Tuned parameter: llm_model.base_model.model.model.layers.2.self_attn.q_proj.lora_B.default.weight -- torch.Size([4096, 16])

🔥 Tuned parameter: image_encoder.qformer.encoder.layer.0.attention.output.dense.bias -- torch.Size([768])
🧊 Frozen parameter: llm_model.base_model.model.model.layers.2.self_attn.k_proj.base_layer.weight -- torch.Size([4096, 4096])🔥 Tuned parameter: image_encoder.qformer.encoder.layer.0.attention.output.LayerNorm.weight -- torch.Size([768])

🔥 Tuned parameter: llm_model.base_model.model.model.layers.2.self_attn.k_proj.lora_A.default.weight -- torch.Size([16, 4096])🔥 Tuned parameter: image_encoder.qformer.encoder.layer.0.attention.output.LayerNorm.bias -- torch.Size([768])

🔥 Tuned parameter: llm_model.base_model.model.model.layers.2.self_attn.k_proj.lora_B.default.weight -- torch.Size([4096, 16])
🔥 Tuned parameter: image_encoder.qformer.encoder.layer.0.crossattention.attention.query.weight -- torch.Size([768, 768])🧊 Frozen parameter: llm_model.base_model.model.model.layers.2.self_attn.v_proj.base_layer.weight -- torch.Size([4096, 4096])

🔥 Tuned parameter: image_encoder.qformer.encoder.layer.0.crossattention.attention.query.bias -- torch.Size([768])🔥 Tuned parameter: llm_model.base_model.model.model.layers.2.self_attn.v_proj.lora_A.default.weight -- torch.Size([16, 4096])

🔥 Tuned parameter: image_encoder.qformer.encoder.layer.0.crossattention.attention.key.weight -- torch.Size([768, 1408])🔥 Tuned parameter: llm_model.base_model.model.model.layers.2.self_attn.v_proj.lora_B.default.weight -- torch.Size([4096, 16])

🔥 Tuned parameter: image_encoder.qformer.encoder.layer.0.crossattention.attention.key.bias -- torch.Size([768])
🧊 Frozen parameter: llm_model.base_model.model.model.layers.2.self_attn.o_proj.base_layer.weight -- torch.Size([4096, 4096])🔥 Tuned parameter: image_encoder.qformer.encoder.layer.0.crossattention.attention.value.weight -- torch.Size([768, 1408])

🔥 Tuned parameter: llm_model.base_model.model.model.layers.2.self_attn.o_proj.lora_A.default.weight -- torch.Size([16, 4096])🔥 Tuned parameter: image_encoder.qformer.encoder.layer.0.crossattention.attention.value.bias -- torch.Size([768])

🔥 Tuned parameter: llm_model.base_model.model.model.layers.2.self_attn.o_proj.lora_B.default.weight -- torch.Size([4096, 16])🔥 Tuned parameter: image_encoder.qformer.encoder.layer.0.crossattention.output.dense.weight -- torch.Size([768, 768])

🔥 Tuned parameter: image_encoder.qformer.encoder.layer.0.crossattention.output.dense.bias -- torch.Size([768])🧊 Frozen parameter: llm_model.base_model.model.model.layers.2.mlp.gate_proj.base_layer.weight -- torch.Size([11008, 4096])

🔥 Tuned parameter: image_encoder.qformer.encoder.layer.0.crossattention.output.LayerNorm.weight -- torch.Size([768])🔥 Tuned parameter: llm_model.base_model.model.model.layers.2.mlp.gate_proj.lora_A.default.weight -- torch.Size([16, 4096])

🔥 Tuned parameter: image_encoder.qformer.encoder.layer.0.crossattention.output.LayerNorm.bias -- torch.Size([768])🔥 Tuned parameter: llm_model.base_model.model.model.layers.2.mlp.gate_proj.lora_B.default.weight -- torch.Size([11008, 16])

🔥 Tuned parameter: image_encoder.qformer.encoder.layer.0.intermediate_query.dense.weight -- torch.Size([3072, 768])🧊 Frozen parameter: llm_model.base_model.model.model.layers.2.mlp.up_proj.base_layer.weight -- torch.Size([11008, 4096])

🔥 Tuned parameter: image_encoder.qformer.encoder.layer.0.intermediate_query.dense.bias -- torch.Size([3072])🔥 Tuned parameter: llm_model.base_model.model.model.layers.2.mlp.up_proj.lora_A.default.weight -- torch.Size([16, 4096])

🔥 Tuned parameter: image_encoder.qformer.encoder.layer.0.output_query.dense.weight -- torch.Size([768, 3072])🔥 Tuned parameter: llm_model.base_model.model.model.layers.2.mlp.up_proj.lora_B.default.weight -- torch.Size([11008, 16])

🔥 Tuned parameter: image_encoder.qformer.encoder.layer.0.output_query.dense.bias -- torch.Size([768])
🧊 Frozen parameter: llm_model.base_model.model.model.layers.2.mlp.down_proj.base_layer.weight -- torch.Size([4096, 11008])🔥 Tuned parameter: image_encoder.qformer.encoder.layer.0.output_query.LayerNorm.weight -- torch.Size([768])

🔥 Tuned parameter: llm_model.base_model.model.model.layers.2.mlp.down_proj.lora_A.default.weight -- torch.Size([16, 11008])🔥 Tuned parameter: image_encoder.qformer.encoder.layer.0.output_query.LayerNorm.bias -- torch.Size([768])

🔥 Tuned parameter: llm_model.base_model.model.model.layers.2.mlp.down_proj.lora_B.default.weight -- torch.Size([4096, 16])🔥 Tuned parameter: image_encoder.qformer.encoder.layer.1.attention.attention.query.weight -- torch.Size([768, 768])

🧊 Frozen parameter: llm_model.base_model.model.model.layers.2.input_layernorm.weight -- torch.Size([4096])🔥 Tuned parameter: image_encoder.qformer.encoder.layer.1.attention.attention.query.bias -- torch.Size([768])

🧊 Frozen parameter: llm_model.base_model.model.model.layers.2.post_attention_layernorm.weight -- torch.Size([4096])🔥 Tuned parameter: image_encoder.qformer.encoder.layer.1.attention.attention.key.weight -- torch.Size([768, 768])

🧊 Frozen parameter: llm_model.base_model.model.model.layers.3.self_attn.q_proj.base_layer.weight -- torch.Size([4096, 4096])🔥 Tuned parameter: image_encoder.qformer.encoder.layer.1.attention.attention.key.bias -- torch.Size([768])

🔥 Tuned parameter: llm_model.base_model.model.model.layers.3.self_attn.q_proj.lora_A.default.weight -- torch.Size([16, 4096])🔥 Tuned parameter: image_encoder.qformer.encoder.layer.1.attention.attention.value.weight -- torch.Size([768, 768])

🔥 Tuned parameter: llm_model.base_model.model.model.layers.3.self_attn.q_proj.lora_B.default.weight -- torch.Size([4096, 16])🔥 Tuned parameter: image_encoder.qformer.encoder.layer.1.attention.attention.value.bias -- torch.Size([768])

🧊 Frozen parameter: llm_model.base_model.model.model.layers.3.self_attn.k_proj.base_layer.weight -- torch.Size([4096, 4096])🔥 Tuned parameter: image_encoder.qformer.encoder.layer.1.attention.output.dense.weight -- torch.Size([768, 768])

🔥 Tuned parameter: llm_model.base_model.model.model.layers.3.self_attn.k_proj.lora_A.default.weight -- torch.Size([16, 4096])🔥 Tuned parameter: image_encoder.qformer.encoder.layer.1.attention.output.dense.bias -- torch.Size([768])

🔥 Tuned parameter: llm_model.base_model.model.model.layers.3.self_attn.k_proj.lora_B.default.weight -- torch.Size([4096, 16])🔥 Tuned parameter: image_encoder.qformer.encoder.layer.1.attention.output.LayerNorm.weight -- torch.Size([768])

🧊 Frozen parameter: llm_model.base_model.model.model.layers.3.self_attn.v_proj.base_layer.weight -- torch.Size([4096, 4096])🔥 Tuned parameter: image_encoder.qformer.encoder.layer.1.attention.output.LayerNorm.bias -- torch.Size([768])

🔥 Tuned parameter: llm_model.base_model.model.model.layers.3.self_attn.v_proj.lora_A.default.weight -- torch.Size([16, 4096])🔥 Tuned parameter: image_encoder.qformer.encoder.layer.1.intermediate_query.dense.weight -- torch.Size([3072, 768])

🔥 Tuned parameter: llm_model.base_model.model.model.layers.3.self_attn.v_proj.lora_B.default.weight -- torch.Size([4096, 16])🔥 Tuned parameter: image_encoder.qformer.encoder.layer.1.intermediate_query.dense.bias -- torch.Size([3072])

🧊 Frozen parameter: llm_model.base_model.model.model.layers.3.self_attn.o_proj.base_layer.weight -- torch.Size([4096, 4096])🔥 Tuned parameter: image_encoder.qformer.encoder.layer.1.output_query.dense.weight -- torch.Size([768, 3072])

🔥 Tuned parameter: llm_model.base_model.model.model.layers.3.self_attn.o_proj.lora_A.default.weight -- torch.Size([16, 4096])🔥 Tuned parameter: image_encoder.qformer.encoder.layer.1.output_query.dense.bias -- torch.Size([768])

🔥 Tuned parameter: llm_model.base_model.model.model.layers.3.self_attn.o_proj.lora_B.default.weight -- torch.Size([4096, 16])🔥 Tuned parameter: image_encoder.qformer.encoder.layer.1.output_query.LayerNorm.weight -- torch.Size([768])

🧊 Frozen parameter: llm_model.base_model.model.model.layers.3.mlp.gate_proj.base_layer.weight -- torch.Size([11008, 4096])🔥 Tuned parameter: image_encoder.qformer.encoder.layer.1.output_query.LayerNorm.bias -- torch.Size([768])

🔥 Tuned parameter: llm_model.base_model.model.model.layers.3.mlp.gate_proj.lora_A.default.weight -- torch.Size([16, 4096])🔥 Tuned parameter: image_encoder.qformer.encoder.layer.2.attention.attention.query.weight -- torch.Size([768, 768])

🔥 Tuned parameter: llm_model.base_model.model.model.layers.3.mlp.gate_proj.lora_B.default.weight -- torch.Size([11008, 16])🔥 Tuned parameter: image_encoder.qformer.encoder.layer.2.attention.attention.query.bias -- torch.Size([768])

🧊 Frozen parameter: llm_model.base_model.model.model.layers.3.mlp.up_proj.base_layer.weight -- torch.Size([11008, 4096])🔥 Tuned parameter: image_encoder.qformer.encoder.layer.2.attention.attention.key.weight -- torch.Size([768, 768])

🔥 Tuned parameter: llm_model.base_model.model.model.layers.3.mlp.up_proj.lora_A.default.weight -- torch.Size([16, 4096])🔥 Tuned parameter: image_encoder.qformer.encoder.layer.2.attention.attention.key.bias -- torch.Size([768])

🔥 Tuned parameter: llm_model.base_model.model.model.layers.3.mlp.up_proj.lora_B.default.weight -- torch.Size([11008, 16])🔥 Tuned parameter: image_encoder.qformer.encoder.layer.2.attention.attention.value.weight -- torch.Size([768, 768])

🧊 Frozen parameter: llm_model.base_model.model.model.layers.3.mlp.down_proj.base_layer.weight -- torch.Size([4096, 11008])🔥 Tuned parameter: image_encoder.qformer.encoder.layer.2.attention.attention.value.bias -- torch.Size([768])

🔥 Tuned parameter: llm_model.base_model.model.model.layers.3.mlp.down_proj.lora_A.default.weight -- torch.Size([16, 11008])🔥 Tuned parameter: image_encoder.qformer.encoder.layer.2.attention.output.dense.weight -- torch.Size([768, 768])

🔥 Tuned parameter: llm_model.base_model.model.model.layers.3.mlp.down_proj.lora_B.default.weight -- torch.Size([4096, 16])🔥 Tuned parameter: image_encoder.qformer.encoder.layer.2.attention.output.dense.bias -- torch.Size([768])

🧊 Frozen parameter: llm_model.base_model.model.model.layers.3.input_layernorm.weight -- torch.Size([4096])🔥 Tuned parameter: image_encoder.qformer.encoder.layer.2.attention.output.LayerNorm.weight -- torch.Size([768])

🧊 Frozen parameter: llm_model.base_model.model.model.layers.3.post_attention_layernorm.weight -- torch.Size([4096])🔥 Tuned parameter: image_encoder.qformer.encoder.layer.2.attention.output.LayerNorm.bias -- torch.Size([768])

🧊 Frozen parameter: llm_model.base_model.model.model.layers.4.self_attn.q_proj.base_layer.weight -- torch.Size([4096, 4096])🔥 Tuned parameter: image_encoder.qformer.encoder.layer.2.crossattention.attention.query.weight -- torch.Size([768, 768])

🔥 Tuned parameter: llm_model.base_model.model.model.layers.4.self_attn.q_proj.lora_A.default.weight -- torch.Size([16, 4096])🔥 Tuned parameter: image_encoder.qformer.encoder.layer.2.crossattention.attention.query.bias -- torch.Size([768])

🔥 Tuned parameter: llm_model.base_model.model.model.layers.4.self_attn.q_proj.lora_B.default.weight -- torch.Size([4096, 16])🔥 Tuned parameter: image_encoder.qformer.encoder.layer.2.crossattention.attention.key.weight -- torch.Size([768, 1408])

🧊 Frozen parameter: llm_model.base_model.model.model.layers.4.self_attn.k_proj.base_layer.weight -- torch.Size([4096, 4096])🔥 Tuned parameter: image_encoder.qformer.encoder.layer.2.crossattention.attention.key.bias -- torch.Size([768])

🔥 Tuned parameter: llm_model.base_model.model.model.layers.4.self_attn.k_proj.lora_A.default.weight -- torch.Size([16, 4096])🔥 Tuned parameter: image_encoder.qformer.encoder.layer.2.crossattention.attention.value.weight -- torch.Size([768, 1408])

🔥 Tuned parameter: llm_model.base_model.model.model.layers.4.self_attn.k_proj.lora_B.default.weight -- torch.Size([4096, 16])🔥 Tuned parameter: image_encoder.qformer.encoder.layer.2.crossattention.attention.value.bias -- torch.Size([768])

🧊 Frozen parameter: llm_model.base_model.model.model.layers.4.self_attn.v_proj.base_layer.weight -- torch.Size([4096, 4096])🔥 Tuned parameter: image_encoder.qformer.encoder.layer.2.crossattention.output.dense.weight -- torch.Size([768, 768])

🔥 Tuned parameter: llm_model.base_model.model.model.layers.4.self_attn.v_proj.lora_A.default.weight -- torch.Size([16, 4096])🔥 Tuned parameter: image_encoder.qformer.encoder.layer.2.crossattention.output.dense.bias -- torch.Size([768])

🔥 Tuned parameter: llm_model.base_model.model.model.layers.4.self_attn.v_proj.lora_B.default.weight -- torch.Size([4096, 16])🔥 Tuned parameter: image_encoder.qformer.encoder.layer.2.crossattention.output.LayerNorm.weight -- torch.Size([768])

🧊 Frozen parameter: llm_model.base_model.model.model.layers.4.self_attn.o_proj.base_layer.weight -- torch.Size([4096, 4096])🔥 Tuned parameter: image_encoder.qformer.encoder.layer.2.crossattention.output.LayerNorm.bias -- torch.Size([768])

🔥 Tuned parameter: llm_model.base_model.model.model.layers.4.self_attn.o_proj.lora_A.default.weight -- torch.Size([16, 4096])🔥 Tuned parameter: image_encoder.qformer.encoder.layer.2.intermediate_query.dense.weight -- torch.Size([3072, 768])

🔥 Tuned parameter: llm_model.base_model.model.model.layers.4.self_attn.o_proj.lora_B.default.weight -- torch.Size([4096, 16])🔥 Tuned parameter: image_encoder.qformer.encoder.layer.2.intermediate_query.dense.bias -- torch.Size([3072])

🧊 Frozen parameter: llm_model.base_model.model.model.layers.4.mlp.gate_proj.base_layer.weight -- torch.Size([11008, 4096])🔥 Tuned parameter: image_encoder.qformer.encoder.layer.2.output_query.dense.weight -- torch.Size([768, 3072])

🔥 Tuned parameter: llm_model.base_model.model.model.layers.4.mlp.gate_proj.lora_A.default.weight -- torch.Size([16, 4096])🔥 Tuned parameter: image_encoder.qformer.encoder.layer.2.output_query.dense.bias -- torch.Size([768])

🔥 Tuned parameter: llm_model.base_model.model.model.layers.4.mlp.gate_proj.lora_B.default.weight -- torch.Size([11008, 16])🔥 Tuned parameter: image_encoder.qformer.encoder.layer.2.output_query.LayerNorm.weight -- torch.Size([768])

🧊 Frozen parameter: llm_model.base_model.model.model.layers.4.mlp.up_proj.base_layer.weight -- torch.Size([11008, 4096])🔥 Tuned parameter: image_encoder.qformer.encoder.layer.2.output_query.LayerNorm.bias -- torch.Size([768])

🔥 Tuned parameter: llm_model.base_model.model.model.layers.4.mlp.up_proj.lora_A.default.weight -- torch.Size([16, 4096])🔥 Tuned parameter: image_encoder.qformer.encoder.layer.3.attention.attention.query.weight -- torch.Size([768, 768])

🔥 Tuned parameter: llm_model.base_model.model.model.layers.4.mlp.up_proj.lora_B.default.weight -- torch.Size([11008, 16])🔥 Tuned parameter: image_encoder.qformer.encoder.layer.3.attention.attention.query.bias -- torch.Size([768])

🧊 Frozen parameter: llm_model.base_model.model.model.layers.4.mlp.down_proj.base_layer.weight -- torch.Size([4096, 11008])🔥 Tuned parameter: image_encoder.qformer.encoder.layer.3.attention.attention.key.weight -- torch.Size([768, 768])

🔥 Tuned parameter: llm_model.base_model.model.model.layers.4.mlp.down_proj.lora_A.default.weight -- torch.Size([16, 11008])🔥 Tuned parameter: image_encoder.qformer.encoder.layer.3.attention.attention.key.bias -- torch.Size([768])

🔥 Tuned parameter: llm_model.base_model.model.model.layers.4.mlp.down_proj.lora_B.default.weight -- torch.Size([4096, 16])🔥 Tuned parameter: image_encoder.qformer.encoder.layer.3.attention.attention.value.weight -- torch.Size([768, 768])

🧊 Frozen parameter: llm_model.base_model.model.model.layers.4.input_layernorm.weight -- torch.Size([4096])🔥 Tuned parameter: image_encoder.qformer.encoder.layer.3.attention.attention.value.bias -- torch.Size([768])

🧊 Frozen parameter: llm_model.base_model.model.model.layers.4.post_attention_layernorm.weight -- torch.Size([4096])🔥 Tuned parameter: image_encoder.qformer.encoder.layer.3.attention.output.dense.weight -- torch.Size([768, 768])

🧊 Frozen parameter: llm_model.base_model.model.model.layers.5.self_attn.q_proj.base_layer.weight -- torch.Size([4096, 4096])🔥 Tuned parameter: image_encoder.qformer.encoder.layer.3.attention.output.dense.bias -- torch.Size([768])

🔥 Tuned parameter: llm_model.base_model.model.model.layers.5.self_attn.q_proj.lora_A.default.weight -- torch.Size([16, 4096])🔥 Tuned parameter: image_encoder.qformer.encoder.layer.3.attention.output.LayerNorm.weight -- torch.Size([768])

🔥 Tuned parameter: llm_model.base_model.model.model.layers.5.self_attn.q_proj.lora_B.default.weight -- torch.Size([4096, 16])🔥 Tuned parameter: image_encoder.qformer.encoder.layer.3.attention.output.LayerNorm.bias -- torch.Size([768])

🧊 Frozen parameter: llm_model.base_model.model.model.layers.5.self_attn.k_proj.base_layer.weight -- torch.Size([4096, 4096])🔥 Tuned parameter: image_encoder.qformer.encoder.layer.3.intermediate_query.dense.weight -- torch.Size([3072, 768])

🔥 Tuned parameter: llm_model.base_model.model.model.layers.5.self_attn.k_proj.lora_A.default.weight -- torch.Size([16, 4096])🔥 Tuned parameter: image_encoder.qformer.encoder.layer.3.intermediate_query.dense.bias -- torch.Size([3072])

🔥 Tuned parameter: llm_model.base_model.model.model.layers.5.self_attn.k_proj.lora_B.default.weight -- torch.Size([4096, 16])🔥 Tuned parameter: image_encoder.qformer.encoder.layer.3.output_query.dense.weight -- torch.Size([768, 3072])

🧊 Frozen parameter: llm_model.base_model.model.model.layers.5.self_attn.v_proj.base_layer.weight -- torch.Size([4096, 4096])🔥 Tuned parameter: image_encoder.qformer.encoder.layer.3.output_query.dense.bias -- torch.Size([768])

🔥 Tuned parameter: llm_model.base_model.model.model.layers.5.self_attn.v_proj.lora_A.default.weight -- torch.Size([16, 4096])🔥 Tuned parameter: image_encoder.qformer.encoder.layer.3.output_query.LayerNorm.weight -- torch.Size([768])

🔥 Tuned parameter: llm_model.base_model.model.model.layers.5.self_attn.v_proj.lora_B.default.weight -- torch.Size([4096, 16])🔥 Tuned parameter: image_encoder.qformer.encoder.layer.3.output_query.LayerNorm.bias -- torch.Size([768])

🧊 Frozen parameter: llm_model.base_model.model.model.layers.5.self_attn.o_proj.base_layer.weight -- torch.Size([4096, 4096])🔥 Tuned parameter: image_encoder.qformer.encoder.layer.4.attention.attention.query.weight -- torch.Size([768, 768])

🔥 Tuned parameter: llm_model.base_model.model.model.layers.5.self_attn.o_proj.lora_A.default.weight -- torch.Size([16, 4096])🔥 Tuned parameter: image_encoder.qformer.encoder.layer.4.attention.attention.query.bias -- torch.Size([768])

🔥 Tuned parameter: llm_model.base_model.model.model.layers.5.self_attn.o_proj.lora_B.default.weight -- torch.Size([4096, 16])🔥 Tuned parameter: image_encoder.qformer.encoder.layer.4.attention.attention.key.weight -- torch.Size([768, 768])

🧊 Frozen parameter: llm_model.base_model.model.model.layers.5.mlp.gate_proj.base_layer.weight -- torch.Size([11008, 4096])🔥 Tuned parameter: image_encoder.qformer.encoder.layer.4.attention.attention.key.bias -- torch.Size([768])

🔥 Tuned parameter: llm_model.base_model.model.model.layers.5.mlp.gate_proj.lora_A.default.weight -- torch.Size([16, 4096])🔥 Tuned parameter: image_encoder.qformer.encoder.layer.4.attention.attention.value.weight -- torch.Size([768, 768])

🔥 Tuned parameter: llm_model.base_model.model.model.layers.5.mlp.gate_proj.lora_B.default.weight -- torch.Size([11008, 16])🔥 Tuned parameter: image_encoder.qformer.encoder.layer.4.attention.attention.value.bias -- torch.Size([768])

🧊 Frozen parameter: llm_model.base_model.model.model.layers.5.mlp.up_proj.base_layer.weight -- torch.Size([11008, 4096])🔥 Tuned parameter: image_encoder.qformer.encoder.layer.4.attention.output.dense.weight -- torch.Size([768, 768])

🔥 Tuned parameter: llm_model.base_model.model.model.layers.5.mlp.up_proj.lora_A.default.weight -- torch.Size([16, 4096])🔥 Tuned parameter: image_encoder.qformer.encoder.layer.4.attention.output.dense.bias -- torch.Size([768])

🔥 Tuned parameter: llm_model.base_model.model.model.layers.5.mlp.up_proj.lora_B.default.weight -- torch.Size([11008, 16])🔥 Tuned parameter: image_encoder.qformer.encoder.layer.4.attention.output.LayerNorm.weight -- torch.Size([768])

🧊 Frozen parameter: llm_model.base_model.model.model.layers.5.mlp.down_proj.base_layer.weight -- torch.Size([4096, 11008])🔥 Tuned parameter: image_encoder.qformer.encoder.layer.4.attention.output.LayerNorm.bias -- torch.Size([768])

🔥 Tuned parameter: image_encoder.qformer.encoder.layer.4.crossattention.attention.query.weight -- torch.Size([768, 768])🔥 Tuned parameter: llm_model.base_model.model.model.layers.5.mlp.down_proj.lora_A.default.weight -- torch.Size([16, 11008])

🔥 Tuned parameter: image_encoder.qformer.encoder.layer.4.crossattention.attention.query.bias -- torch.Size([768])🔥 Tuned parameter: llm_model.base_model.model.model.layers.5.mlp.down_proj.lora_B.default.weight -- torch.Size([4096, 16])

🔥 Tuned parameter: image_encoder.qformer.encoder.layer.4.crossattention.attention.key.weight -- torch.Size([768, 1408])🧊 Frozen parameter: llm_model.base_model.model.model.layers.5.input_layernorm.weight -- torch.Size([4096])

🔥 Tuned parameter: image_encoder.qformer.encoder.layer.4.crossattention.attention.key.bias -- torch.Size([768])🧊 Frozen parameter: llm_model.base_model.model.model.layers.5.post_attention_layernorm.weight -- torch.Size([4096])

🔥 Tuned parameter: image_encoder.qformer.encoder.layer.4.crossattention.attention.value.weight -- torch.Size([768, 1408])🧊 Frozen parameter: llm_model.base_model.model.model.layers.6.self_attn.q_proj.base_layer.weight -- torch.Size([4096, 4096])

🔥 Tuned parameter: image_encoder.qformer.encoder.layer.4.crossattention.attention.value.bias -- torch.Size([768])🔥 Tuned parameter: llm_model.base_model.model.model.layers.6.self_attn.q_proj.lora_A.default.weight -- torch.Size([16, 4096])

🔥 Tuned parameter: image_encoder.qformer.encoder.layer.4.crossattention.output.dense.weight -- torch.Size([768, 768])🔥 Tuned parameter: llm_model.base_model.model.model.layers.6.self_attn.q_proj.lora_B.default.weight -- torch.Size([4096, 16])

🔥 Tuned parameter: image_encoder.qformer.encoder.layer.4.crossattention.output.dense.bias -- torch.Size([768])🧊 Frozen parameter: llm_model.base_model.model.model.layers.6.self_attn.k_proj.base_layer.weight -- torch.Size([4096, 4096])

🔥 Tuned parameter: image_encoder.qformer.encoder.layer.4.crossattention.output.LayerNorm.weight -- torch.Size([768])
🔥 Tuned parameter: llm_model.base_model.model.model.layers.6.self_attn.k_proj.lora_A.default.weight -- torch.Size([16, 4096])🔥 Tuned parameter: image_encoder.qformer.encoder.layer.4.crossattention.output.LayerNorm.bias -- torch.Size([768])

🔥 Tuned parameter: llm_model.base_model.model.model.layers.6.self_attn.k_proj.lora_B.default.weight -- torch.Size([4096, 16])🔥 Tuned parameter: image_encoder.qformer.encoder.layer.4.intermediate_query.dense.weight -- torch.Size([3072, 768])

🧊 Frozen parameter: llm_model.base_model.model.model.layers.6.self_attn.v_proj.base_layer.weight -- torch.Size([4096, 4096])🔥 Tuned parameter: image_encoder.qformer.encoder.layer.4.intermediate_query.dense.bias -- torch.Size([3072])

🔥 Tuned parameter: llm_model.base_model.model.model.layers.6.self_attn.v_proj.lora_A.default.weight -- torch.Size([16, 4096])🔥 Tuned parameter: image_encoder.qformer.encoder.layer.4.output_query.dense.weight -- torch.Size([768, 3072])

🔥 Tuned parameter: llm_model.base_model.model.model.layers.6.self_attn.v_proj.lora_B.default.weight -- torch.Size([4096, 16])🔥 Tuned parameter: image_encoder.qformer.encoder.layer.4.output_query.dense.bias -- torch.Size([768])

🧊 Frozen parameter: llm_model.base_model.model.model.layers.6.self_attn.o_proj.base_layer.weight -- torch.Size([4096, 4096])🔥 Tuned parameter: image_encoder.qformer.encoder.layer.4.output_query.LayerNorm.weight -- torch.Size([768])

🔥 Tuned parameter: llm_model.base_model.model.model.layers.6.self_attn.o_proj.lora_A.default.weight -- torch.Size([16, 4096])🔥 Tuned parameter: image_encoder.qformer.encoder.layer.4.output_query.LayerNorm.bias -- torch.Size([768])

🔥 Tuned parameter: llm_model.base_model.model.model.layers.6.self_attn.o_proj.lora_B.default.weight -- torch.Size([4096, 16])🔥 Tuned parameter: image_encoder.qformer.encoder.layer.5.attention.attention.query.weight -- torch.Size([768, 768])

🔥 Tuned parameter: image_encoder.qformer.encoder.layer.5.attention.attention.query.bias -- torch.Size([768])🧊 Frozen parameter: llm_model.base_model.model.model.layers.6.mlp.gate_proj.base_layer.weight -- torch.Size([11008, 4096])

🔥 Tuned parameter: image_encoder.qformer.encoder.layer.5.attention.attention.key.weight -- torch.Size([768, 768])🔥 Tuned parameter: llm_model.base_model.model.model.layers.6.mlp.gate_proj.lora_A.default.weight -- torch.Size([16, 4096])

🔥 Tuned parameter: image_encoder.qformer.encoder.layer.5.attention.attention.key.bias -- torch.Size([768])🔥 Tuned parameter: llm_model.base_model.model.model.layers.6.mlp.gate_proj.lora_B.default.weight -- torch.Size([11008, 16])

🔥 Tuned parameter: image_encoder.qformer.encoder.layer.5.attention.attention.value.weight -- torch.Size([768, 768])
🧊 Frozen parameter: llm_model.base_model.model.model.layers.6.mlp.up_proj.base_layer.weight -- torch.Size([11008, 4096])🔥 Tuned parameter: image_encoder.qformer.encoder.layer.5.attention.attention.value.bias -- torch.Size([768])

🔥 Tuned parameter: llm_model.base_model.model.model.layers.6.mlp.up_proj.lora_A.default.weight -- torch.Size([16, 4096])🔥 Tuned parameter: image_encoder.qformer.encoder.layer.5.attention.output.dense.weight -- torch.Size([768, 768])

🔥 Tuned parameter: llm_model.base_model.model.model.layers.6.mlp.up_proj.lora_B.default.weight -- torch.Size([11008, 16])🔥 Tuned parameter: image_encoder.qformer.encoder.layer.5.attention.output.dense.bias -- torch.Size([768])

🧊 Frozen parameter: llm_model.base_model.model.model.layers.6.mlp.down_proj.base_layer.weight -- torch.Size([4096, 11008])🔥 Tuned parameter: image_encoder.qformer.encoder.layer.5.attention.output.LayerNorm.weight -- torch.Size([768])

🔥 Tuned parameter: llm_model.base_model.model.model.layers.6.mlp.down_proj.lora_A.default.weight -- torch.Size([16, 11008])🔥 Tuned parameter: image_encoder.qformer.encoder.layer.5.attention.output.LayerNorm.bias -- torch.Size([768])

🔥 Tuned parameter: llm_model.base_model.model.model.layers.6.mlp.down_proj.lora_B.default.weight -- torch.Size([4096, 16])🔥 Tuned parameter: image_encoder.qformer.encoder.layer.5.intermediate_query.dense.weight -- torch.Size([3072, 768])

🧊 Frozen parameter: llm_model.base_model.model.model.layers.6.input_layernorm.weight -- torch.Size([4096])🔥 Tuned parameter: image_encoder.qformer.encoder.layer.5.intermediate_query.dense.bias -- torch.Size([3072])

🧊 Frozen parameter: llm_model.base_model.model.model.layers.6.post_attention_layernorm.weight -- torch.Size([4096])🔥 Tuned parameter: image_encoder.qformer.encoder.layer.5.output_query.dense.weight -- torch.Size([768, 3072])

🧊 Frozen parameter: llm_model.base_model.model.model.layers.7.self_attn.q_proj.base_layer.weight -- torch.Size([4096, 4096])🔥 Tuned parameter: image_encoder.qformer.encoder.layer.5.output_query.dense.bias -- torch.Size([768])

🔥 Tuned parameter: llm_model.base_model.model.model.layers.7.self_attn.q_proj.lora_A.default.weight -- torch.Size([16, 4096])🔥 Tuned parameter: image_encoder.qformer.encoder.layer.5.output_query.LayerNorm.weight -- torch.Size([768])

🔥 Tuned parameter: llm_model.base_model.model.model.layers.7.self_attn.q_proj.lora_B.default.weight -- torch.Size([4096, 16])🔥 Tuned parameter: image_encoder.qformer.encoder.layer.5.output_query.LayerNorm.bias -- torch.Size([768])

🧊 Frozen parameter: llm_model.base_model.model.model.layers.7.self_attn.k_proj.base_layer.weight -- torch.Size([4096, 4096])🔥 Tuned parameter: image_encoder.qformer.encoder.layer.6.attention.attention.query.weight -- torch.Size([768, 768])

🔥 Tuned parameter: llm_model.base_model.model.model.layers.7.self_attn.k_proj.lora_A.default.weight -- torch.Size([16, 4096])🔥 Tuned parameter: image_encoder.qformer.encoder.layer.6.attention.attention.query.bias -- torch.Size([768])

🔥 Tuned parameter: llm_model.base_model.model.model.layers.7.self_attn.k_proj.lora_B.default.weight -- torch.Size([4096, 16])🔥 Tuned parameter: image_encoder.qformer.encoder.layer.6.attention.attention.key.weight -- torch.Size([768, 768])

🧊 Frozen parameter: llm_model.base_model.model.model.layers.7.self_attn.v_proj.base_layer.weight -- torch.Size([4096, 4096])🔥 Tuned parameter: image_encoder.qformer.encoder.layer.6.attention.attention.key.bias -- torch.Size([768])

🔥 Tuned parameter: llm_model.base_model.model.model.layers.7.self_attn.v_proj.lora_A.default.weight -- torch.Size([16, 4096])🔥 Tuned parameter: image_encoder.qformer.encoder.layer.6.attention.attention.value.weight -- torch.Size([768, 768])

🔥 Tuned parameter: llm_model.base_model.model.model.layers.7.self_attn.v_proj.lora_B.default.weight -- torch.Size([4096, 16])🔥 Tuned parameter: image_encoder.qformer.encoder.layer.6.attention.attention.value.bias -- torch.Size([768])

🧊 Frozen parameter: llm_model.base_model.model.model.layers.7.self_attn.o_proj.base_layer.weight -- torch.Size([4096, 4096])🔥 Tuned parameter: image_encoder.qformer.encoder.layer.6.attention.output.dense.weight -- torch.Size([768, 768])

🔥 Tuned parameter: llm_model.base_model.model.model.layers.7.self_attn.o_proj.lora_A.default.weight -- torch.Size([16, 4096])🔥 Tuned parameter: image_encoder.qformer.encoder.layer.6.attention.output.dense.bias -- torch.Size([768])

🔥 Tuned parameter: llm_model.base_model.model.model.layers.7.self_attn.o_proj.lora_B.default.weight -- torch.Size([4096, 16])🔥 Tuned parameter: image_encoder.qformer.encoder.layer.6.attention.output.LayerNorm.weight -- torch.Size([768])

🔥 Tuned parameter: image_encoder.qformer.encoder.layer.6.attention.output.LayerNorm.bias -- torch.Size([768])🧊 Frozen parameter: llm_model.base_model.model.model.layers.7.mlp.gate_proj.base_layer.weight -- torch.Size([11008, 4096])

🔥 Tuned parameter: image_encoder.qformer.encoder.layer.6.crossattention.attention.query.weight -- torch.Size([768, 768])🔥 Tuned parameter: llm_model.base_model.model.model.layers.7.mlp.gate_proj.lora_A.default.weight -- torch.Size([16, 4096])

🔥 Tuned parameter: image_encoder.qformer.encoder.layer.6.crossattention.attention.query.bias -- torch.Size([768])🔥 Tuned parameter: llm_model.base_model.model.model.layers.7.mlp.gate_proj.lora_B.default.weight -- torch.Size([11008, 16])

🔥 Tuned parameter: image_encoder.qformer.encoder.layer.6.crossattention.attention.key.weight -- torch.Size([768, 1408])
🧊 Frozen parameter: llm_model.base_model.model.model.layers.7.mlp.up_proj.base_layer.weight -- torch.Size([11008, 4096])🔥 Tuned parameter: image_encoder.qformer.encoder.layer.6.crossattention.attention.key.bias -- torch.Size([768])

🔥 Tuned parameter: llm_model.base_model.model.model.layers.7.mlp.up_proj.lora_A.default.weight -- torch.Size([16, 4096])🔥 Tuned parameter: image_encoder.qformer.encoder.layer.6.crossattention.attention.value.weight -- torch.Size([768, 1408])

🔥 Tuned parameter: llm_model.base_model.model.model.layers.7.mlp.up_proj.lora_B.default.weight -- torch.Size([11008, 16])🔥 Tuned parameter: image_encoder.qformer.encoder.layer.6.crossattention.attention.value.bias -- torch.Size([768])

🧊 Frozen parameter: llm_model.base_model.model.model.layers.7.mlp.down_proj.base_layer.weight -- torch.Size([4096, 11008])🔥 Tuned parameter: image_encoder.qformer.encoder.layer.6.crossattention.output.dense.weight -- torch.Size([768, 768])

🔥 Tuned parameter: llm_model.base_model.model.model.layers.7.mlp.down_proj.lora_A.default.weight -- torch.Size([16, 11008])🔥 Tuned parameter: image_encoder.qformer.encoder.layer.6.crossattention.output.dense.bias -- torch.Size([768])

🔥 Tuned parameter: llm_model.base_model.model.model.layers.7.mlp.down_proj.lora_B.default.weight -- torch.Size([4096, 16])🔥 Tuned parameter: image_encoder.qformer.encoder.layer.6.crossattention.output.LayerNorm.weight -- torch.Size([768])

🧊 Frozen parameter: llm_model.base_model.model.model.layers.7.input_layernorm.weight -- torch.Size([4096])🔥 Tuned parameter: image_encoder.qformer.encoder.layer.6.crossattention.output.LayerNorm.bias -- torch.Size([768])

🧊 Frozen parameter: llm_model.base_model.model.model.layers.7.post_attention_layernorm.weight -- torch.Size([4096])🔥 Tuned parameter: image_encoder.qformer.encoder.layer.6.intermediate_query.dense.weight -- torch.Size([3072, 768])

🧊 Frozen parameter: llm_model.base_model.model.model.layers.8.self_attn.q_proj.base_layer.weight -- torch.Size([4096, 4096])🔥 Tuned parameter: image_encoder.qformer.encoder.layer.6.intermediate_query.dense.bias -- torch.Size([3072])

🔥 Tuned parameter: llm_model.base_model.model.model.layers.8.self_attn.q_proj.lora_A.default.weight -- torch.Size([16, 4096])🔥 Tuned parameter: image_encoder.qformer.encoder.layer.6.output_query.dense.weight -- torch.Size([768, 3072])

🔥 Tuned parameter: llm_model.base_model.model.model.layers.8.self_attn.q_proj.lora_B.default.weight -- torch.Size([4096, 16])🔥 Tuned parameter: image_encoder.qformer.encoder.layer.6.output_query.dense.bias -- torch.Size([768])

🧊 Frozen parameter: llm_model.base_model.model.model.layers.8.self_attn.k_proj.base_layer.weight -- torch.Size([4096, 4096])🔥 Tuned parameter: image_encoder.qformer.encoder.layer.6.output_query.LayerNorm.weight -- torch.Size([768])

🔥 Tuned parameter: llm_model.base_model.model.model.layers.8.self_attn.k_proj.lora_A.default.weight -- torch.Size([16, 4096])🔥 Tuned parameter: image_encoder.qformer.encoder.layer.6.output_query.LayerNorm.bias -- torch.Size([768])

🔥 Tuned parameter: llm_model.base_model.model.model.layers.8.self_attn.k_proj.lora_B.default.weight -- torch.Size([4096, 16])🔥 Tuned parameter: image_encoder.qformer.encoder.layer.7.attention.attention.query.weight -- torch.Size([768, 768])

🧊 Frozen parameter: llm_model.base_model.model.model.layers.8.self_attn.v_proj.base_layer.weight -- torch.Size([4096, 4096])🔥 Tuned parameter: image_encoder.qformer.encoder.layer.7.attention.attention.query.bias -- torch.Size([768])

🔥 Tuned parameter: llm_model.base_model.model.model.layers.8.self_attn.v_proj.lora_A.default.weight -- torch.Size([16, 4096])🔥 Tuned parameter: image_encoder.qformer.encoder.layer.7.attention.attention.key.weight -- torch.Size([768, 768])

🔥 Tuned parameter: llm_model.base_model.model.model.layers.8.self_attn.v_proj.lora_B.default.weight -- torch.Size([4096, 16])🔥 Tuned parameter: image_encoder.qformer.encoder.layer.7.attention.attention.key.bias -- torch.Size([768])

🧊 Frozen parameter: llm_model.base_model.model.model.layers.8.self_attn.o_proj.base_layer.weight -- torch.Size([4096, 4096])🔥 Tuned parameter: image_encoder.qformer.encoder.layer.7.attention.attention.value.weight -- torch.Size([768, 768])

🔥 Tuned parameter: llm_model.base_model.model.model.layers.8.self_attn.o_proj.lora_A.default.weight -- torch.Size([16, 4096])🔥 Tuned parameter: image_encoder.qformer.encoder.layer.7.attention.attention.value.bias -- torch.Size([768])

🔥 Tuned parameter: llm_model.base_model.model.model.layers.8.self_attn.o_proj.lora_B.default.weight -- torch.Size([4096, 16])🔥 Tuned parameter: image_encoder.qformer.encoder.layer.7.attention.output.dense.weight -- torch.Size([768, 768])

🧊 Frozen parameter: llm_model.base_model.model.model.layers.8.mlp.gate_proj.base_layer.weight -- torch.Size([11008, 4096])🔥 Tuned parameter: image_encoder.qformer.encoder.layer.7.attention.output.dense.bias -- torch.Size([768])

🔥 Tuned parameter: llm_model.base_model.model.model.layers.8.mlp.gate_proj.lora_A.default.weight -- torch.Size([16, 4096])🔥 Tuned parameter: image_encoder.qformer.encoder.layer.7.attention.output.LayerNorm.weight -- torch.Size([768])

🔥 Tuned parameter: llm_model.base_model.model.model.layers.8.mlp.gate_proj.lora_B.default.weight -- torch.Size([11008, 16])🔥 Tuned parameter: image_encoder.qformer.encoder.layer.7.attention.output.LayerNorm.bias -- torch.Size([768])

🧊 Frozen parameter: llm_model.base_model.model.model.layers.8.mlp.up_proj.base_layer.weight -- torch.Size([11008, 4096])🔥 Tuned parameter: image_encoder.qformer.encoder.layer.7.intermediate_query.dense.weight -- torch.Size([3072, 768])

🔥 Tuned parameter: llm_model.base_model.model.model.layers.8.mlp.up_proj.lora_A.default.weight -- torch.Size([16, 4096])🔥 Tuned parameter: image_encoder.qformer.encoder.layer.7.intermediate_query.dense.bias -- torch.Size([3072])

🔥 Tuned parameter: llm_model.base_model.model.model.layers.8.mlp.up_proj.lora_B.default.weight -- torch.Size([11008, 16])🔥 Tuned parameter: image_encoder.qformer.encoder.layer.7.output_query.dense.weight -- torch.Size([768, 3072])

🧊 Frozen parameter: llm_model.base_model.model.model.layers.8.mlp.down_proj.base_layer.weight -- torch.Size([4096, 11008])🔥 Tuned parameter: image_encoder.qformer.encoder.layer.7.output_query.dense.bias -- torch.Size([768])

🔥 Tuned parameter: llm_model.base_model.model.model.layers.8.mlp.down_proj.lora_A.default.weight -- torch.Size([16, 11008])🔥 Tuned parameter: image_encoder.qformer.encoder.layer.7.output_query.LayerNorm.weight -- torch.Size([768])

🔥 Tuned parameter: llm_model.base_model.model.model.layers.8.mlp.down_proj.lora_B.default.weight -- torch.Size([4096, 16])🔥 Tuned parameter: image_encoder.qformer.encoder.layer.7.output_query.LayerNorm.bias -- torch.Size([768])

🧊 Frozen parameter: llm_model.base_model.model.model.layers.8.input_layernorm.weight -- torch.Size([4096])🔥 Tuned parameter: image_encoder.qformer.encoder.layer.8.attention.attention.query.weight -- torch.Size([768, 768])

🧊 Frozen parameter: llm_model.base_model.model.model.layers.8.post_attention_layernorm.weight -- torch.Size([4096])🔥 Tuned parameter: image_encoder.qformer.encoder.layer.8.attention.attention.query.bias -- torch.Size([768])

🧊 Frozen parameter: llm_model.base_model.model.model.layers.9.self_attn.q_proj.base_layer.weight -- torch.Size([4096, 4096])🔥 Tuned parameter: image_encoder.qformer.encoder.layer.8.attention.attention.key.weight -- torch.Size([768, 768])

🔥 Tuned parameter: llm_model.base_model.model.model.layers.9.self_attn.q_proj.lora_A.default.weight -- torch.Size([16, 4096])🔥 Tuned parameter: image_encoder.qformer.encoder.layer.8.attention.attention.key.bias -- torch.Size([768])

🔥 Tuned parameter: llm_model.base_model.model.model.layers.9.self_attn.q_proj.lora_B.default.weight -- torch.Size([4096, 16])🔥 Tuned parameter: image_encoder.qformer.encoder.layer.8.attention.attention.value.weight -- torch.Size([768, 768])

🧊 Frozen parameter: llm_model.base_model.model.model.layers.9.self_attn.k_proj.base_layer.weight -- torch.Size([4096, 4096])🔥 Tuned parameter: image_encoder.qformer.encoder.layer.8.attention.attention.value.bias -- torch.Size([768])

🔥 Tuned parameter: llm_model.base_model.model.model.layers.9.self_attn.k_proj.lora_A.default.weight -- torch.Size([16, 4096])🔥 Tuned parameter: image_encoder.qformer.encoder.layer.8.attention.output.dense.weight -- torch.Size([768, 768])

🔥 Tuned parameter: llm_model.base_model.model.model.layers.9.self_attn.k_proj.lora_B.default.weight -- torch.Size([4096, 16])🔥 Tuned parameter: image_encoder.qformer.encoder.layer.8.attention.output.dense.bias -- torch.Size([768])

🧊 Frozen parameter: llm_model.base_model.model.model.layers.9.self_attn.v_proj.base_layer.weight -- torch.Size([4096, 4096])🔥 Tuned parameter: image_encoder.qformer.encoder.layer.8.attention.output.LayerNorm.weight -- torch.Size([768])

🔥 Tuned parameter: llm_model.base_model.model.model.layers.9.self_attn.v_proj.lora_A.default.weight -- torch.Size([16, 4096])🔥 Tuned parameter: image_encoder.qformer.encoder.layer.8.attention.output.LayerNorm.bias -- torch.Size([768])

🔥 Tuned parameter: llm_model.base_model.model.model.layers.9.self_attn.v_proj.lora_B.default.weight -- torch.Size([4096, 16])🔥 Tuned parameter: image_encoder.qformer.encoder.layer.8.crossattention.attention.query.weight -- torch.Size([768, 768])

🧊 Frozen parameter: llm_model.base_model.model.model.layers.9.self_attn.o_proj.base_layer.weight -- torch.Size([4096, 4096])🔥 Tuned parameter: image_encoder.qformer.encoder.layer.8.crossattention.attention.query.bias -- torch.Size([768])

🔥 Tuned parameter: llm_model.base_model.model.model.layers.9.self_attn.o_proj.lora_A.default.weight -- torch.Size([16, 4096])🔥 Tuned parameter: image_encoder.qformer.encoder.layer.8.crossattention.attention.key.weight -- torch.Size([768, 1408])

🔥 Tuned parameter: llm_model.base_model.model.model.layers.9.self_attn.o_proj.lora_B.default.weight -- torch.Size([4096, 16])🔥 Tuned parameter: image_encoder.qformer.encoder.layer.8.crossattention.attention.key.bias -- torch.Size([768])

🧊 Frozen parameter: llm_model.base_model.model.model.layers.9.mlp.gate_proj.base_layer.weight -- torch.Size([11008, 4096])🔥 Tuned parameter: image_encoder.qformer.encoder.layer.8.crossattention.attention.value.weight -- torch.Size([768, 1408])

🔥 Tuned parameter: llm_model.base_model.model.model.layers.9.mlp.gate_proj.lora_A.default.weight -- torch.Size([16, 4096])🔥 Tuned parameter: image_encoder.qformer.encoder.layer.8.crossattention.attention.value.bias -- torch.Size([768])

🔥 Tuned parameter: llm_model.base_model.model.model.layers.9.mlp.gate_proj.lora_B.default.weight -- torch.Size([11008, 16])🔥 Tuned parameter: image_encoder.qformer.encoder.layer.8.crossattention.output.dense.weight -- torch.Size([768, 768])

🧊 Frozen parameter: llm_model.base_model.model.model.layers.9.mlp.up_proj.base_layer.weight -- torch.Size([11008, 4096])🔥 Tuned parameter: image_encoder.qformer.encoder.layer.8.crossattention.output.dense.bias -- torch.Size([768])

🔥 Tuned parameter: llm_model.base_model.model.model.layers.9.mlp.up_proj.lora_A.default.weight -- torch.Size([16, 4096])🔥 Tuned parameter: image_encoder.qformer.encoder.layer.8.crossattention.output.LayerNorm.weight -- torch.Size([768])

🔥 Tuned parameter: llm_model.base_model.model.model.layers.9.mlp.up_proj.lora_B.default.weight -- torch.Size([11008, 16])🔥 Tuned parameter: image_encoder.qformer.encoder.layer.8.crossattention.output.LayerNorm.bias -- torch.Size([768])

🧊 Frozen parameter: llm_model.base_model.model.model.layers.9.mlp.down_proj.base_layer.weight -- torch.Size([4096, 11008])🔥 Tuned parameter: image_encoder.qformer.encoder.layer.8.intermediate_query.dense.weight -- torch.Size([3072, 768])

🔥 Tuned parameter: llm_model.base_model.model.model.layers.9.mlp.down_proj.lora_A.default.weight -- torch.Size([16, 11008])🔥 Tuned parameter: image_encoder.qformer.encoder.layer.8.intermediate_query.dense.bias -- torch.Size([3072])

🔥 Tuned parameter: llm_model.base_model.model.model.layers.9.mlp.down_proj.lora_B.default.weight -- torch.Size([4096, 16])🔥 Tuned parameter: image_encoder.qformer.encoder.layer.8.output_query.dense.weight -- torch.Size([768, 3072])

🧊 Frozen parameter: llm_model.base_model.model.model.layers.9.input_layernorm.weight -- torch.Size([4096])🔥 Tuned parameter: image_encoder.qformer.encoder.layer.8.output_query.dense.bias -- torch.Size([768])

🧊 Frozen parameter: llm_model.base_model.model.model.layers.9.post_attention_layernorm.weight -- torch.Size([4096])🔥 Tuned parameter: image_encoder.qformer.encoder.layer.8.output_query.LayerNorm.weight -- torch.Size([768])

🧊 Frozen parameter: llm_model.base_model.model.model.layers.10.self_attn.q_proj.base_layer.weight -- torch.Size([4096, 4096])🔥 Tuned parameter: image_encoder.qformer.encoder.layer.8.output_query.LayerNorm.bias -- torch.Size([768])

🔥 Tuned parameter: llm_model.base_model.model.model.layers.10.self_attn.q_proj.lora_A.default.weight -- torch.Size([16, 4096])🔥 Tuned parameter: image_encoder.qformer.encoder.layer.9.attention.attention.query.weight -- torch.Size([768, 768])

🔥 Tuned parameter: llm_model.base_model.model.model.layers.10.self_attn.q_proj.lora_B.default.weight -- torch.Size([4096, 16])🔥 Tuned parameter: image_encoder.qformer.encoder.layer.9.attention.attention.query.bias -- torch.Size([768])

🧊 Frozen parameter: llm_model.base_model.model.model.layers.10.self_attn.k_proj.base_layer.weight -- torch.Size([4096, 4096])🔥 Tuned parameter: image_encoder.qformer.encoder.layer.9.attention.attention.key.weight -- torch.Size([768, 768])

🔥 Tuned parameter: llm_model.base_model.model.model.layers.10.self_attn.k_proj.lora_A.default.weight -- torch.Size([16, 4096])🔥 Tuned parameter: image_encoder.qformer.encoder.layer.9.attention.attention.key.bias -- torch.Size([768])

🔥 Tuned parameter: llm_model.base_model.model.model.layers.10.self_attn.k_proj.lora_B.default.weight -- torch.Size([4096, 16])🔥 Tuned parameter: image_encoder.qformer.encoder.layer.9.attention.attention.value.weight -- torch.Size([768, 768])

🧊 Frozen parameter: llm_model.base_model.model.model.layers.10.self_attn.v_proj.base_layer.weight -- torch.Size([4096, 4096])🔥 Tuned parameter: image_encoder.qformer.encoder.layer.9.attention.attention.value.bias -- torch.Size([768])

🔥 Tuned parameter: llm_model.base_model.model.model.layers.10.self_attn.v_proj.lora_A.default.weight -- torch.Size([16, 4096])🔥 Tuned parameter: image_encoder.qformer.encoder.layer.9.attention.output.dense.weight -- torch.Size([768, 768])

🔥 Tuned parameter: llm_model.base_model.model.model.layers.10.self_attn.v_proj.lora_B.default.weight -- torch.Size([4096, 16])🔥 Tuned parameter: image_encoder.qformer.encoder.layer.9.attention.output.dense.bias -- torch.Size([768])

🧊 Frozen parameter: llm_model.base_model.model.model.layers.10.self_attn.o_proj.base_layer.weight -- torch.Size([4096, 4096])🔥 Tuned parameter: image_encoder.qformer.encoder.layer.9.attention.output.LayerNorm.weight -- torch.Size([768])

🔥 Tuned parameter: llm_model.base_model.model.model.layers.10.self_attn.o_proj.lora_A.default.weight -- torch.Size([16, 4096])🔥 Tuned parameter: image_encoder.qformer.encoder.layer.9.attention.output.LayerNorm.bias -- torch.Size([768])

🔥 Tuned parameter: llm_model.base_model.model.model.layers.10.self_attn.o_proj.lora_B.default.weight -- torch.Size([4096, 16])🔥 Tuned parameter: image_encoder.qformer.encoder.layer.9.intermediate_query.dense.weight -- torch.Size([3072, 768])

🧊 Frozen parameter: llm_model.base_model.model.model.layers.10.mlp.gate_proj.base_layer.weight -- torch.Size([11008, 4096])🔥 Tuned parameter: image_encoder.qformer.encoder.layer.9.intermediate_query.dense.bias -- torch.Size([3072])

🔥 Tuned parameter: llm_model.base_model.model.model.layers.10.mlp.gate_proj.lora_A.default.weight -- torch.Size([16, 4096])🔥 Tuned parameter: image_encoder.qformer.encoder.layer.9.output_query.dense.weight -- torch.Size([768, 3072])

🔥 Tuned parameter: llm_model.base_model.model.model.layers.10.mlp.gate_proj.lora_B.default.weight -- torch.Size([11008, 16])🔥 Tuned parameter: image_encoder.qformer.encoder.layer.9.output_query.dense.bias -- torch.Size([768])

🧊 Frozen parameter: llm_model.base_model.model.model.layers.10.mlp.up_proj.base_layer.weight -- torch.Size([11008, 4096])🔥 Tuned parameter: image_encoder.qformer.encoder.layer.9.output_query.LayerNorm.weight -- torch.Size([768])

🔥 Tuned parameter: llm_model.base_model.model.model.layers.10.mlp.up_proj.lora_A.default.weight -- torch.Size([16, 4096])🔥 Tuned parameter: image_encoder.qformer.encoder.layer.9.output_query.LayerNorm.bias -- torch.Size([768])

🔥 Tuned parameter: llm_model.base_model.model.model.layers.10.mlp.up_proj.lora_B.default.weight -- torch.Size([11008, 16])🔥 Tuned parameter: image_encoder.qformer.encoder.layer.10.attention.attention.query.weight -- torch.Size([768, 768])

🧊 Frozen parameter: llm_model.base_model.model.model.layers.10.mlp.down_proj.base_layer.weight -- torch.Size([4096, 11008])🔥 Tuned parameter: image_encoder.qformer.encoder.layer.10.attention.attention.query.bias -- torch.Size([768])

🔥 Tuned parameter: llm_model.base_model.model.model.layers.10.mlp.down_proj.lora_A.default.weight -- torch.Size([16, 11008])🔥 Tuned parameter: image_encoder.qformer.encoder.layer.10.attention.attention.key.weight -- torch.Size([768, 768])

🔥 Tuned parameter: llm_model.base_model.model.model.layers.10.mlp.down_proj.lora_B.default.weight -- torch.Size([4096, 16])🔥 Tuned parameter: image_encoder.qformer.encoder.layer.10.attention.attention.key.bias -- torch.Size([768])

🧊 Frozen parameter: llm_model.base_model.model.model.layers.10.input_layernorm.weight -- torch.Size([4096])🔥 Tuned parameter: image_encoder.qformer.encoder.layer.10.attention.attention.value.weight -- torch.Size([768, 768])

🧊 Frozen parameter: llm_model.base_model.model.model.layers.10.post_attention_layernorm.weight -- torch.Size([4096])🔥 Tuned parameter: image_encoder.qformer.encoder.layer.10.attention.attention.value.bias -- torch.Size([768])

🧊 Frozen parameter: llm_model.base_model.model.model.layers.11.self_attn.q_proj.base_layer.weight -- torch.Size([4096, 4096])🔥 Tuned parameter: image_encoder.qformer.encoder.layer.10.attention.output.dense.weight -- torch.Size([768, 768])

🔥 Tuned parameter: llm_model.base_model.model.model.layers.11.self_attn.q_proj.lora_A.default.weight -- torch.Size([16, 4096])🔥 Tuned parameter: image_encoder.qformer.encoder.layer.10.attention.output.dense.bias -- torch.Size([768])

🔥 Tuned parameter: llm_model.base_model.model.model.layers.11.self_attn.q_proj.lora_B.default.weight -- torch.Size([4096, 16])🔥 Tuned parameter: image_encoder.qformer.encoder.layer.10.attention.output.LayerNorm.weight -- torch.Size([768])

🧊 Frozen parameter: llm_model.base_model.model.model.layers.11.self_attn.k_proj.base_layer.weight -- torch.Size([4096, 4096])🔥 Tuned parameter: image_encoder.qformer.encoder.layer.10.attention.output.LayerNorm.bias -- torch.Size([768])

🔥 Tuned parameter: llm_model.base_model.model.model.layers.11.self_attn.k_proj.lora_A.default.weight -- torch.Size([16, 4096])🔥 Tuned parameter: image_encoder.qformer.encoder.layer.10.crossattention.attention.query.weight -- torch.Size([768, 768])

🔥 Tuned parameter: llm_model.base_model.model.model.layers.11.self_attn.k_proj.lora_B.default.weight -- torch.Size([4096, 16])🔥 Tuned parameter: image_encoder.qformer.encoder.layer.10.crossattention.attention.query.bias -- torch.Size([768])

🧊 Frozen parameter: llm_model.base_model.model.model.layers.11.self_attn.v_proj.base_layer.weight -- torch.Size([4096, 4096])🔥 Tuned parameter: image_encoder.qformer.encoder.layer.10.crossattention.attention.key.weight -- torch.Size([768, 1408])

🔥 Tuned parameter: llm_model.base_model.model.model.layers.11.self_attn.v_proj.lora_A.default.weight -- torch.Size([16, 4096])🔥 Tuned parameter: image_encoder.qformer.encoder.layer.10.crossattention.attention.key.bias -- torch.Size([768])

🔥 Tuned parameter: llm_model.base_model.model.model.layers.11.self_attn.v_proj.lora_B.default.weight -- torch.Size([4096, 16])🔥 Tuned parameter: image_encoder.qformer.encoder.layer.10.crossattention.attention.value.weight -- torch.Size([768, 1408])

🧊 Frozen parameter: llm_model.base_model.model.model.layers.11.self_attn.o_proj.base_layer.weight -- torch.Size([4096, 4096])🔥 Tuned parameter: image_encoder.qformer.encoder.layer.10.crossattention.attention.value.bias -- torch.Size([768])

🔥 Tuned parameter: llm_model.base_model.model.model.layers.11.self_attn.o_proj.lora_A.default.weight -- torch.Size([16, 4096])🔥 Tuned parameter: image_encoder.qformer.encoder.layer.10.crossattention.output.dense.weight -- torch.Size([768, 768])

🔥 Tuned parameter: llm_model.base_model.model.model.layers.11.self_attn.o_proj.lora_B.default.weight -- torch.Size([4096, 16])🔥 Tuned parameter: image_encoder.qformer.encoder.layer.10.crossattention.output.dense.bias -- torch.Size([768])

🧊 Frozen parameter: llm_model.base_model.model.model.layers.11.mlp.gate_proj.base_layer.weight -- torch.Size([11008, 4096])🔥 Tuned parameter: image_encoder.qformer.encoder.layer.10.crossattention.output.LayerNorm.weight -- torch.Size([768])

🔥 Tuned parameter: llm_model.base_model.model.model.layers.11.mlp.gate_proj.lora_A.default.weight -- torch.Size([16, 4096])🔥 Tuned parameter: image_encoder.qformer.encoder.layer.10.crossattention.output.LayerNorm.bias -- torch.Size([768])

🔥 Tuned parameter: llm_model.base_model.model.model.layers.11.mlp.gate_proj.lora_B.default.weight -- torch.Size([11008, 16])🔥 Tuned parameter: image_encoder.qformer.encoder.layer.10.intermediate_query.dense.weight -- torch.Size([3072, 768])

🧊 Frozen parameter: llm_model.base_model.model.model.layers.11.mlp.up_proj.base_layer.weight -- torch.Size([11008, 4096])🔥 Tuned parameter: image_encoder.qformer.encoder.layer.10.intermediate_query.dense.bias -- torch.Size([3072])

🔥 Tuned parameter: llm_model.base_model.model.model.layers.11.mlp.up_proj.lora_A.default.weight -- torch.Size([16, 4096])🔥 Tuned parameter: image_encoder.qformer.encoder.layer.10.output_query.dense.weight -- torch.Size([768, 3072])

🔥 Tuned parameter: llm_model.base_model.model.model.layers.11.mlp.up_proj.lora_B.default.weight -- torch.Size([11008, 16])🔥 Tuned parameter: image_encoder.qformer.encoder.layer.10.output_query.dense.bias -- torch.Size([768])

🧊 Frozen parameter: llm_model.base_model.model.model.layers.11.mlp.down_proj.base_layer.weight -- torch.Size([4096, 11008])🔥 Tuned parameter: image_encoder.qformer.encoder.layer.10.output_query.LayerNorm.weight -- torch.Size([768])

🔥 Tuned parameter: llm_model.base_model.model.model.layers.11.mlp.down_proj.lora_A.default.weight -- torch.Size([16, 11008])🔥 Tuned parameter: image_encoder.qformer.encoder.layer.10.output_query.LayerNorm.bias -- torch.Size([768])

🔥 Tuned parameter: llm_model.base_model.model.model.layers.11.mlp.down_proj.lora_B.default.weight -- torch.Size([4096, 16])
🔥 Tuned parameter: image_encoder.qformer.encoder.layer.11.attention.attention.query.weight -- torch.Size([768, 768])🧊 Frozen parameter: llm_model.base_model.model.model.layers.11.input_layernorm.weight -- torch.Size([4096])

🔥 Tuned parameter: image_encoder.qformer.encoder.layer.11.attention.attention.query.bias -- torch.Size([768])🧊 Frozen parameter: llm_model.base_model.model.model.layers.11.post_attention_layernorm.weight -- torch.Size([4096])

🔥 Tuned parameter: image_encoder.qformer.encoder.layer.11.attention.attention.key.weight -- torch.Size([768, 768])🧊 Frozen parameter: llm_model.base_model.model.model.layers.12.self_attn.q_proj.base_layer.weight -- torch.Size([4096, 4096])

🔥 Tuned parameter: image_encoder.qformer.encoder.layer.11.attention.attention.key.bias -- torch.Size([768])
🔥 Tuned parameter: llm_model.base_model.model.model.layers.12.self_attn.q_proj.lora_A.default.weight -- torch.Size([16, 4096])🔥 Tuned parameter: image_encoder.qformer.encoder.layer.11.attention.attention.value.weight -- torch.Size([768, 768])

🔥 Tuned parameter: llm_model.base_model.model.model.layers.12.self_attn.q_proj.lora_B.default.weight -- torch.Size([4096, 16])🔥 Tuned parameter: image_encoder.qformer.encoder.layer.11.attention.attention.value.bias -- torch.Size([768])

🧊 Frozen parameter: llm_model.base_model.model.model.layers.12.self_attn.k_proj.base_layer.weight -- torch.Size([4096, 4096])🔥 Tuned parameter: image_encoder.qformer.encoder.layer.11.attention.output.dense.weight -- torch.Size([768, 768])

🔥 Tuned parameter: llm_model.base_model.model.model.layers.12.self_attn.k_proj.lora_A.default.weight -- torch.Size([16, 4096])🔥 Tuned parameter: image_encoder.qformer.encoder.layer.11.attention.output.dense.bias -- torch.Size([768])

🔥 Tuned parameter: llm_model.base_model.model.model.layers.12.self_attn.k_proj.lora_B.default.weight -- torch.Size([4096, 16])🔥 Tuned parameter: image_encoder.qformer.encoder.layer.11.attention.output.LayerNorm.weight -- torch.Size([768])

🧊 Frozen parameter: llm_model.base_model.model.model.layers.12.self_attn.v_proj.base_layer.weight -- torch.Size([4096, 4096])🔥 Tuned parameter: image_encoder.qformer.encoder.layer.11.attention.output.LayerNorm.bias -- torch.Size([768])

🔥 Tuned parameter: llm_model.base_model.model.model.layers.12.self_attn.v_proj.lora_A.default.weight -- torch.Size([16, 4096])🔥 Tuned parameter: image_encoder.qformer.encoder.layer.11.intermediate_query.dense.weight -- torch.Size([3072, 768])

🔥 Tuned parameter: llm_model.base_model.model.model.layers.12.self_attn.v_proj.lora_B.default.weight -- torch.Size([4096, 16])🔥 Tuned parameter: image_encoder.qformer.encoder.layer.11.intermediate_query.dense.bias -- torch.Size([3072])

🧊 Frozen parameter: llm_model.base_model.model.model.layers.12.self_attn.o_proj.base_layer.weight -- torch.Size([4096, 4096])🔥 Tuned parameter: image_encoder.qformer.encoder.layer.11.output_query.dense.weight -- torch.Size([768, 3072])

🔥 Tuned parameter: llm_model.base_model.model.model.layers.12.self_attn.o_proj.lora_A.default.weight -- torch.Size([16, 4096])🔥 Tuned parameter: image_encoder.qformer.encoder.layer.11.output_query.dense.bias -- torch.Size([768])

🔥 Tuned parameter: llm_model.base_model.model.model.layers.12.self_attn.o_proj.lora_B.default.weight -- torch.Size([4096, 16])🔥 Tuned parameter: image_encoder.qformer.encoder.layer.11.output_query.LayerNorm.weight -- torch.Size([768])

🧊 Frozen parameter: llm_model.base_model.model.model.layers.12.mlp.gate_proj.base_layer.weight -- torch.Size([11008, 4096])🔥 Tuned parameter: image_encoder.qformer.encoder.layer.11.output_query.LayerNorm.bias -- torch.Size([768])

🔥 Tuned parameter: llm_model.base_model.model.model.layers.12.mlp.gate_proj.lora_A.default.weight -- torch.Size([16, 4096])🔥 Tuned parameter: llm_proj_img.weight -- torch.Size([4096, 768])

🔥 Tuned parameter: llm_model.base_model.model.model.layers.12.mlp.gate_proj.lora_B.default.weight -- torch.Size([11008, 16])🔥 Tuned parameter: llm_proj_img.bias -- torch.Size([4096])

🧊 Frozen parameter: llm_model.base_model.model.model.layers.12.mlp.up_proj.base_layer.weight -- torch.Size([11008, 4096])🧊 Frozen parameter: clip_model.positional_embedding -- torch.Size([77, 512])

🔥 Tuned parameter: llm_model.base_model.model.model.layers.12.mlp.up_proj.lora_A.default.weight -- torch.Size([16, 4096])🧊 Frozen parameter: clip_model.text_projection -- torch.Size([512, 1024])

🔥 Tuned parameter: llm_model.base_model.model.model.layers.12.mlp.up_proj.lora_B.default.weight -- torch.Size([11008, 16])🧊 Frozen parameter: clip_model.logit_scale -- torch.Size([])

🧊 Frozen parameter: llm_model.base_model.model.model.layers.12.mlp.down_proj.base_layer.weight -- torch.Size([4096, 11008])🧊 Frozen parameter: clip_model.visual.conv1.weight -- torch.Size([32, 3, 3, 3])

🔥 Tuned parameter: llm_model.base_model.model.model.layers.12.mlp.down_proj.lora_A.default.weight -- torch.Size([16, 11008])🧊 Frozen parameter: clip_model.visual.bn1.weight -- torch.Size([32])

🔥 Tuned parameter: llm_model.base_model.model.model.layers.12.mlp.down_proj.lora_B.default.weight -- torch.Size([4096, 16])🧊 Frozen parameter: clip_model.visual.bn1.bias -- torch.Size([32])

🧊 Frozen parameter: llm_model.base_model.model.model.layers.12.input_layernorm.weight -- torch.Size([4096])🧊 Frozen parameter: clip_model.visual.conv2.weight -- torch.Size([32, 32, 3, 3])

🧊 Frozen parameter: llm_model.base_model.model.model.layers.12.post_attention_layernorm.weight -- torch.Size([4096])🧊 Frozen parameter: clip_model.visual.bn2.weight -- torch.Size([32])

🧊 Frozen parameter: llm_model.base_model.model.model.layers.13.self_attn.q_proj.base_layer.weight -- torch.Size([4096, 4096])🧊 Frozen parameter: clip_model.visual.bn2.bias -- torch.Size([32])

🔥 Tuned parameter: llm_model.base_model.model.model.layers.13.self_attn.q_proj.lora_A.default.weight -- torch.Size([16, 4096])🧊 Frozen parameter: clip_model.visual.conv3.weight -- torch.Size([64, 32, 3, 3])

🔥 Tuned parameter: llm_model.base_model.model.model.layers.13.self_attn.q_proj.lora_B.default.weight -- torch.Size([4096, 16])🧊 Frozen parameter: clip_model.visual.bn3.weight -- torch.Size([64])

🧊 Frozen parameter: llm_model.base_model.model.model.layers.13.self_attn.k_proj.base_layer.weight -- torch.Size([4096, 4096])🧊 Frozen parameter: clip_model.visual.bn3.bias -- torch.Size([64])

🔥 Tuned parameter: llm_model.base_model.model.model.layers.13.self_attn.k_proj.lora_A.default.weight -- torch.Size([16, 4096])🧊 Frozen parameter: clip_model.visual.layer1.0.conv1.weight -- torch.Size([64, 64, 1, 1])

🔥 Tuned parameter: llm_model.base_model.model.model.layers.13.self_attn.k_proj.lora_B.default.weight -- torch.Size([4096, 16])🧊 Frozen parameter: clip_model.visual.layer1.0.bn1.weight -- torch.Size([64])

🧊 Frozen parameter: llm_model.base_model.model.model.layers.13.self_attn.v_proj.base_layer.weight -- torch.Size([4096, 4096])🧊 Frozen parameter: clip_model.visual.layer1.0.bn1.bias -- torch.Size([64])

🔥 Tuned parameter: llm_model.base_model.model.model.layers.13.self_attn.v_proj.lora_A.default.weight -- torch.Size([16, 4096])🧊 Frozen parameter: clip_model.visual.layer1.0.conv2.weight -- torch.Size([64, 64, 3, 3])

🔥 Tuned parameter: llm_model.base_model.model.model.layers.13.self_attn.v_proj.lora_B.default.weight -- torch.Size([4096, 16])🧊 Frozen parameter: clip_model.visual.layer1.0.bn2.weight -- torch.Size([64])

🧊 Frozen parameter: llm_model.base_model.model.model.layers.13.self_attn.o_proj.base_layer.weight -- torch.Size([4096, 4096])🧊 Frozen parameter: clip_model.visual.layer1.0.bn2.bias -- torch.Size([64])

🔥 Tuned parameter: llm_model.base_model.model.model.layers.13.self_attn.o_proj.lora_A.default.weight -- torch.Size([16, 4096])🧊 Frozen parameter: clip_model.visual.layer1.0.conv3.weight -- torch.Size([256, 64, 1, 1])

🔥 Tuned parameter: llm_model.base_model.model.model.layers.13.self_attn.o_proj.lora_B.default.weight -- torch.Size([4096, 16])🧊 Frozen parameter: clip_model.visual.layer1.0.bn3.weight -- torch.Size([256])

🧊 Frozen parameter: llm_model.base_model.model.model.layers.13.mlp.gate_proj.base_layer.weight -- torch.Size([11008, 4096])🧊 Frozen parameter: clip_model.visual.layer1.0.bn3.bias -- torch.Size([256])

🔥 Tuned parameter: llm_model.base_model.model.model.layers.13.mlp.gate_proj.lora_A.default.weight -- torch.Size([16, 4096])🧊 Frozen parameter: clip_model.visual.layer1.0.downsample.0.weight -- torch.Size([256, 64, 1, 1])

🔥 Tuned parameter: llm_model.base_model.model.model.layers.13.mlp.gate_proj.lora_B.default.weight -- torch.Size([11008, 16])🧊 Frozen parameter: clip_model.visual.layer1.0.downsample.1.weight -- torch.Size([256])

🧊 Frozen parameter: llm_model.base_model.model.model.layers.13.mlp.up_proj.base_layer.weight -- torch.Size([11008, 4096])🧊 Frozen parameter: clip_model.visual.layer1.0.downsample.1.bias -- torch.Size([256])

🔥 Tuned parameter: llm_model.base_model.model.model.layers.13.mlp.up_proj.lora_A.default.weight -- torch.Size([16, 4096])🧊 Frozen parameter: clip_model.visual.layer1.1.conv1.weight -- torch.Size([64, 256, 1, 1])

🔥 Tuned parameter: llm_model.base_model.model.model.layers.13.mlp.up_proj.lora_B.default.weight -- torch.Size([11008, 16])🧊 Frozen parameter: clip_model.visual.layer1.1.bn1.weight -- torch.Size([64])

🧊 Frozen parameter: llm_model.base_model.model.model.layers.13.mlp.down_proj.base_layer.weight -- torch.Size([4096, 11008])🧊 Frozen parameter: clip_model.visual.layer1.1.bn1.bias -- torch.Size([64])

🔥 Tuned parameter: llm_model.base_model.model.model.layers.13.mlp.down_proj.lora_A.default.weight -- torch.Size([16, 11008])🧊 Frozen parameter: clip_model.visual.layer1.1.conv2.weight -- torch.Size([64, 64, 3, 3])

🔥 Tuned parameter: llm_model.base_model.model.model.layers.13.mlp.down_proj.lora_B.default.weight -- torch.Size([4096, 16])🧊 Frozen parameter: clip_model.visual.layer1.1.bn2.weight -- torch.Size([64])

🧊 Frozen parameter: llm_model.base_model.model.model.layers.13.input_layernorm.weight -- torch.Size([4096])🧊 Frozen parameter: clip_model.visual.layer1.1.bn2.bias -- torch.Size([64])

🧊 Frozen parameter: llm_model.base_model.model.model.layers.13.post_attention_layernorm.weight -- torch.Size([4096])🧊 Frozen parameter: clip_model.visual.layer1.1.conv3.weight -- torch.Size([256, 64, 1, 1])

🧊 Frozen parameter: llm_model.base_model.model.model.layers.14.self_attn.q_proj.base_layer.weight -- torch.Size([4096, 4096])🧊 Frozen parameter: clip_model.visual.layer1.1.bn3.weight -- torch.Size([256])

🔥 Tuned parameter: llm_model.base_model.model.model.layers.14.self_attn.q_proj.lora_A.default.weight -- torch.Size([16, 4096])🧊 Frozen parameter: clip_model.visual.layer1.1.bn3.bias -- torch.Size([256])

🔥 Tuned parameter: llm_model.base_model.model.model.layers.14.self_attn.q_proj.lora_B.default.weight -- torch.Size([4096, 16])🧊 Frozen parameter: clip_model.visual.layer1.2.conv1.weight -- torch.Size([64, 256, 1, 1])

🧊 Frozen parameter: llm_model.base_model.model.model.layers.14.self_attn.k_proj.base_layer.weight -- torch.Size([4096, 4096])🧊 Frozen parameter: clip_model.visual.layer1.2.bn1.weight -- torch.Size([64])

🔥 Tuned parameter: llm_model.base_model.model.model.layers.14.self_attn.k_proj.lora_A.default.weight -- torch.Size([16, 4096])🧊 Frozen parameter: clip_model.visual.layer1.2.bn1.bias -- torch.Size([64])

🔥 Tuned parameter: llm_model.base_model.model.model.layers.14.self_attn.k_proj.lora_B.default.weight -- torch.Size([4096, 16])🧊 Frozen parameter: clip_model.visual.layer1.2.conv2.weight -- torch.Size([64, 64, 3, 3])

🧊 Frozen parameter: llm_model.base_model.model.model.layers.14.self_attn.v_proj.base_layer.weight -- torch.Size([4096, 4096])🧊 Frozen parameter: clip_model.visual.layer1.2.bn2.weight -- torch.Size([64])

🔥 Tuned parameter: llm_model.base_model.model.model.layers.14.self_attn.v_proj.lora_A.default.weight -- torch.Size([16, 4096])🧊 Frozen parameter: clip_model.visual.layer1.2.bn2.bias -- torch.Size([64])

🔥 Tuned parameter: llm_model.base_model.model.model.layers.14.self_attn.v_proj.lora_B.default.weight -- torch.Size([4096, 16])🧊 Frozen parameter: clip_model.visual.layer1.2.conv3.weight -- torch.Size([256, 64, 1, 1])

🧊 Frozen parameter: llm_model.base_model.model.model.layers.14.self_attn.o_proj.base_layer.weight -- torch.Size([4096, 4096])🧊 Frozen parameter: clip_model.visual.layer1.2.bn3.weight -- torch.Size([256])

🔥 Tuned parameter: llm_model.base_model.model.model.layers.14.self_attn.o_proj.lora_A.default.weight -- torch.Size([16, 4096])🧊 Frozen parameter: clip_model.visual.layer1.2.bn3.bias -- torch.Size([256])

🔥 Tuned parameter: llm_model.base_model.model.model.layers.14.self_attn.o_proj.lora_B.default.weight -- torch.Size([4096, 16])
🧊 Frozen parameter: clip_model.visual.layer2.0.conv1.weight -- torch.Size([128, 256, 1, 1])
🧊 Frozen parameter: llm_model.base_model.model.model.layers.14.mlp.gate_proj.base_layer.weight -- torch.Size([11008, 4096])🧊 Frozen parameter: clip_model.visual.layer2.0.bn1.weight -- torch.Size([128])

🔥 Tuned parameter: llm_model.base_model.model.model.layers.14.mlp.gate_proj.lora_A.default.weight -- torch.Size([16, 4096])🧊 Frozen parameter: clip_model.visual.layer2.0.bn1.bias -- torch.Size([128])

🔥 Tuned parameter: llm_model.base_model.model.model.layers.14.mlp.gate_proj.lora_B.default.weight -- torch.Size([11008, 16])🧊 Frozen parameter: clip_model.visual.layer2.0.conv2.weight -- torch.Size([128, 128, 3, 3])

🧊 Frozen parameter: llm_model.base_model.model.model.layers.14.mlp.up_proj.base_layer.weight -- torch.Size([11008, 4096])🧊 Frozen parameter: clip_model.visual.layer2.0.bn2.weight -- torch.Size([128])

🔥 Tuned parameter: llm_model.base_model.model.model.layers.14.mlp.up_proj.lora_A.default.weight -- torch.Size([16, 4096])🧊 Frozen parameter: clip_model.visual.layer2.0.bn2.bias -- torch.Size([128])

🔥 Tuned parameter: llm_model.base_model.model.model.layers.14.mlp.up_proj.lora_B.default.weight -- torch.Size([11008, 16])🧊 Frozen parameter: clip_model.visual.layer2.0.conv3.weight -- torch.Size([512, 128, 1, 1])

🧊 Frozen parameter: llm_model.base_model.model.model.layers.14.mlp.down_proj.base_layer.weight -- torch.Size([4096, 11008])🧊 Frozen parameter: clip_model.visual.layer2.0.bn3.weight -- torch.Size([512])

🔥 Tuned parameter: llm_model.base_model.model.model.layers.14.mlp.down_proj.lora_A.default.weight -- torch.Size([16, 11008])🧊 Frozen parameter: clip_model.visual.layer2.0.bn3.bias -- torch.Size([512])

🔥 Tuned parameter: llm_model.base_model.model.model.layers.14.mlp.down_proj.lora_B.default.weight -- torch.Size([4096, 16])🧊 Frozen parameter: clip_model.visual.layer2.0.downsample.0.weight -- torch.Size([512, 256, 1, 1])

🧊 Frozen parameter: llm_model.base_model.model.model.layers.14.input_layernorm.weight -- torch.Size([4096])🧊 Frozen parameter: clip_model.visual.layer2.0.downsample.1.weight -- torch.Size([512])

🧊 Frozen parameter: llm_model.base_model.model.model.layers.14.post_attention_layernorm.weight -- torch.Size([4096])🧊 Frozen parameter: clip_model.visual.layer2.0.downsample.1.bias -- torch.Size([512])

🧊 Frozen parameter: llm_model.base_model.model.model.layers.15.self_attn.q_proj.base_layer.weight -- torch.Size([4096, 4096])🧊 Frozen parameter: clip_model.visual.layer2.1.conv1.weight -- torch.Size([128, 512, 1, 1])

🔥 Tuned parameter: llm_model.base_model.model.model.layers.15.self_attn.q_proj.lora_A.default.weight -- torch.Size([16, 4096])🧊 Frozen parameter: clip_model.visual.layer2.1.bn1.weight -- torch.Size([128])

🔥 Tuned parameter: llm_model.base_model.model.model.layers.15.self_attn.q_proj.lora_B.default.weight -- torch.Size([4096, 16])🧊 Frozen parameter: clip_model.visual.layer2.1.bn1.bias -- torch.Size([128])

🧊 Frozen parameter: llm_model.base_model.model.model.layers.15.self_attn.k_proj.base_layer.weight -- torch.Size([4096, 4096])🧊 Frozen parameter: clip_model.visual.layer2.1.conv2.weight -- torch.Size([128, 128, 3, 3])

🔥 Tuned parameter: llm_model.base_model.model.model.layers.15.self_attn.k_proj.lora_A.default.weight -- torch.Size([16, 4096])🧊 Frozen parameter: clip_model.visual.layer2.1.bn2.weight -- torch.Size([128])

🔥 Tuned parameter: llm_model.base_model.model.model.layers.15.self_attn.k_proj.lora_B.default.weight -- torch.Size([4096, 16])🧊 Frozen parameter: clip_model.visual.layer2.1.bn2.bias -- torch.Size([128])

🧊 Frozen parameter: llm_model.base_model.model.model.layers.15.self_attn.v_proj.base_layer.weight -- torch.Size([4096, 4096])🧊 Frozen parameter: clip_model.visual.layer2.1.conv3.weight -- torch.Size([512, 128, 1, 1])

🔥 Tuned parameter: llm_model.base_model.model.model.layers.15.self_attn.v_proj.lora_A.default.weight -- torch.Size([16, 4096])🧊 Frozen parameter: clip_model.visual.layer2.1.bn3.weight -- torch.Size([512])

🔥 Tuned parameter: llm_model.base_model.model.model.layers.15.self_attn.v_proj.lora_B.default.weight -- torch.Size([4096, 16])🧊 Frozen parameter: clip_model.visual.layer2.1.bn3.bias -- torch.Size([512])

🧊 Frozen parameter: llm_model.base_model.model.model.layers.15.self_attn.o_proj.base_layer.weight -- torch.Size([4096, 4096])🧊 Frozen parameter: clip_model.visual.layer2.2.conv1.weight -- torch.Size([128, 512, 1, 1])

🔥 Tuned parameter: llm_model.base_model.model.model.layers.15.self_attn.o_proj.lora_A.default.weight -- torch.Size([16, 4096])🧊 Frozen parameter: clip_model.visual.layer2.2.bn1.weight -- torch.Size([128])

🔥 Tuned parameter: llm_model.base_model.model.model.layers.15.self_attn.o_proj.lora_B.default.weight -- torch.Size([4096, 16])🧊 Frozen parameter: clip_model.visual.layer2.2.bn1.bias -- torch.Size([128])

🧊 Frozen parameter: llm_model.base_model.model.model.layers.15.mlp.gate_proj.base_layer.weight -- torch.Size([11008, 4096])🧊 Frozen parameter: clip_model.visual.layer2.2.conv2.weight -- torch.Size([128, 128, 3, 3])

🔥 Tuned parameter: llm_model.base_model.model.model.layers.15.mlp.gate_proj.lora_A.default.weight -- torch.Size([16, 4096])🧊 Frozen parameter: clip_model.visual.layer2.2.bn2.weight -- torch.Size([128])

🔥 Tuned parameter: llm_model.base_model.model.model.layers.15.mlp.gate_proj.lora_B.default.weight -- torch.Size([11008, 16])🧊 Frozen parameter: clip_model.visual.layer2.2.bn2.bias -- torch.Size([128])

🧊 Frozen parameter: llm_model.base_model.model.model.layers.15.mlp.up_proj.base_layer.weight -- torch.Size([11008, 4096])🧊 Frozen parameter: clip_model.visual.layer2.2.conv3.weight -- torch.Size([512, 128, 1, 1])

🔥 Tuned parameter: llm_model.base_model.model.model.layers.15.mlp.up_proj.lora_A.default.weight -- torch.Size([16, 4096])🧊 Frozen parameter: clip_model.visual.layer2.2.bn3.weight -- torch.Size([512])

🔥 Tuned parameter: llm_model.base_model.model.model.layers.15.mlp.up_proj.lora_B.default.weight -- torch.Size([11008, 16])🧊 Frozen parameter: clip_model.visual.layer2.2.bn3.bias -- torch.Size([512])

🧊 Frozen parameter: llm_model.base_model.model.model.layers.15.mlp.down_proj.base_layer.weight -- torch.Size([4096, 11008])🧊 Frozen parameter: clip_model.visual.layer2.3.conv1.weight -- torch.Size([128, 512, 1, 1])

🔥 Tuned parameter: llm_model.base_model.model.model.layers.15.mlp.down_proj.lora_A.default.weight -- torch.Size([16, 11008])🧊 Frozen parameter: clip_model.visual.layer2.3.bn1.weight -- torch.Size([128])

🔥 Tuned parameter: llm_model.base_model.model.model.layers.15.mlp.down_proj.lora_B.default.weight -- torch.Size([4096, 16])🧊 Frozen parameter: clip_model.visual.layer2.3.bn1.bias -- torch.Size([128])

🧊 Frozen parameter: llm_model.base_model.model.model.layers.15.input_layernorm.weight -- torch.Size([4096])🧊 Frozen parameter: clip_model.visual.layer2.3.conv2.weight -- torch.Size([128, 128, 3, 3])

🧊 Frozen parameter: llm_model.base_model.model.model.layers.15.post_attention_layernorm.weight -- torch.Size([4096])🧊 Frozen parameter: clip_model.visual.layer2.3.bn2.weight -- torch.Size([128])

🧊 Frozen parameter: llm_model.base_model.model.model.layers.16.self_attn.q_proj.base_layer.weight -- torch.Size([4096, 4096])🧊 Frozen parameter: clip_model.visual.layer2.3.bn2.bias -- torch.Size([128])

🔥 Tuned parameter: llm_model.base_model.model.model.layers.16.self_attn.q_proj.lora_A.default.weight -- torch.Size([16, 4096])🧊 Frozen parameter: clip_model.visual.layer2.3.conv3.weight -- torch.Size([512, 128, 1, 1])

🔥 Tuned parameter: llm_model.base_model.model.model.layers.16.self_attn.q_proj.lora_B.default.weight -- torch.Size([4096, 16])🧊 Frozen parameter: clip_model.visual.layer2.3.bn3.weight -- torch.Size([512])

🧊 Frozen parameter: llm_model.base_model.model.model.layers.16.self_attn.k_proj.base_layer.weight -- torch.Size([4096, 4096])🧊 Frozen parameter: clip_model.visual.layer2.3.bn3.bias -- torch.Size([512])

🔥 Tuned parameter: llm_model.base_model.model.model.layers.16.self_attn.k_proj.lora_A.default.weight -- torch.Size([16, 4096])🧊 Frozen parameter: clip_model.visual.layer3.0.conv1.weight -- torch.Size([256, 512, 1, 1])

🔥 Tuned parameter: llm_model.base_model.model.model.layers.16.self_attn.k_proj.lora_B.default.weight -- torch.Size([4096, 16])🧊 Frozen parameter: clip_model.visual.layer3.0.bn1.weight -- torch.Size([256])

🧊 Frozen parameter: llm_model.base_model.model.model.layers.16.self_attn.v_proj.base_layer.weight -- torch.Size([4096, 4096])🧊 Frozen parameter: clip_model.visual.layer3.0.bn1.bias -- torch.Size([256])

🔥 Tuned parameter: llm_model.base_model.model.model.layers.16.self_attn.v_proj.lora_A.default.weight -- torch.Size([16, 4096])🧊 Frozen parameter: clip_model.visual.layer3.0.conv2.weight -- torch.Size([256, 256, 3, 3])

🔥 Tuned parameter: llm_model.base_model.model.model.layers.16.self_attn.v_proj.lora_B.default.weight -- torch.Size([4096, 16])🧊 Frozen parameter: clip_model.visual.layer3.0.bn2.weight -- torch.Size([256])

🧊 Frozen parameter: llm_model.base_model.model.model.layers.16.self_attn.o_proj.base_layer.weight -- torch.Size([4096, 4096])🧊 Frozen parameter: clip_model.visual.layer3.0.bn2.bias -- torch.Size([256])

🔥 Tuned parameter: llm_model.base_model.model.model.layers.16.self_attn.o_proj.lora_A.default.weight -- torch.Size([16, 4096])🧊 Frozen parameter: clip_model.visual.layer3.0.conv3.weight -- torch.Size([1024, 256, 1, 1])

🔥 Tuned parameter: llm_model.base_model.model.model.layers.16.self_attn.o_proj.lora_B.default.weight -- torch.Size([4096, 16])🧊 Frozen parameter: clip_model.visual.layer3.0.bn3.weight -- torch.Size([1024])

🧊 Frozen parameter: llm_model.base_model.model.model.layers.16.mlp.gate_proj.base_layer.weight -- torch.Size([11008, 4096])🧊 Frozen parameter: clip_model.visual.layer3.0.bn3.bias -- torch.Size([1024])

🔥 Tuned parameter: llm_model.base_model.model.model.layers.16.mlp.gate_proj.lora_A.default.weight -- torch.Size([16, 4096])🧊 Frozen parameter: clip_model.visual.layer3.0.downsample.0.weight -- torch.Size([1024, 512, 1, 1])

🔥 Tuned parameter: llm_model.base_model.model.model.layers.16.mlp.gate_proj.lora_B.default.weight -- torch.Size([11008, 16])🧊 Frozen parameter: clip_model.visual.layer3.0.downsample.1.weight -- torch.Size([1024])

🧊 Frozen parameter: llm_model.base_model.model.model.layers.16.mlp.up_proj.base_layer.weight -- torch.Size([11008, 4096])🧊 Frozen parameter: clip_model.visual.layer3.0.downsample.1.bias -- torch.Size([1024])

🔥 Tuned parameter: llm_model.base_model.model.model.layers.16.mlp.up_proj.lora_A.default.weight -- torch.Size([16, 4096])🧊 Frozen parameter: clip_model.visual.layer3.1.conv1.weight -- torch.Size([256, 1024, 1, 1])

🔥 Tuned parameter: llm_model.base_model.model.model.layers.16.mlp.up_proj.lora_B.default.weight -- torch.Size([11008, 16])🧊 Frozen parameter: clip_model.visual.layer3.1.bn1.weight -- torch.Size([256])

🧊 Frozen parameter: llm_model.base_model.model.model.layers.16.mlp.down_proj.base_layer.weight -- torch.Size([4096, 11008])🧊 Frozen parameter: clip_model.visual.layer3.1.bn1.bias -- torch.Size([256])

🔥 Tuned parameter: llm_model.base_model.model.model.layers.16.mlp.down_proj.lora_A.default.weight -- torch.Size([16, 11008])🧊 Frozen parameter: clip_model.visual.layer3.1.conv2.weight -- torch.Size([256, 256, 3, 3])

🔥 Tuned parameter: llm_model.base_model.model.model.layers.16.mlp.down_proj.lora_B.default.weight -- torch.Size([4096, 16])🧊 Frozen parameter: clip_model.visual.layer3.1.bn2.weight -- torch.Size([256])

🧊 Frozen parameter: llm_model.base_model.model.model.layers.16.input_layernorm.weight -- torch.Size([4096])🧊 Frozen parameter: clip_model.visual.layer3.1.bn2.bias -- torch.Size([256])

🧊 Frozen parameter: llm_model.base_model.model.model.layers.16.post_attention_layernorm.weight -- torch.Size([4096])🧊 Frozen parameter: clip_model.visual.layer3.1.conv3.weight -- torch.Size([1024, 256, 1, 1])

🧊 Frozen parameter: llm_model.base_model.model.model.layers.17.self_attn.q_proj.base_layer.weight -- torch.Size([4096, 4096])🧊 Frozen parameter: clip_model.visual.layer3.1.bn3.weight -- torch.Size([1024])

🔥 Tuned parameter: llm_model.base_model.model.model.layers.17.self_attn.q_proj.lora_A.default.weight -- torch.Size([16, 4096])🧊 Frozen parameter: clip_model.visual.layer3.1.bn3.bias -- torch.Size([1024])

🔥 Tuned parameter: llm_model.base_model.model.model.layers.17.self_attn.q_proj.lora_B.default.weight -- torch.Size([4096, 16])🧊 Frozen parameter: clip_model.visual.layer3.2.conv1.weight -- torch.Size([256, 1024, 1, 1])

🧊 Frozen parameter: llm_model.base_model.model.model.layers.17.self_attn.k_proj.base_layer.weight -- torch.Size([4096, 4096])🧊 Frozen parameter: clip_model.visual.layer3.2.bn1.weight -- torch.Size([256])

🔥 Tuned parameter: llm_model.base_model.model.model.layers.17.self_attn.k_proj.lora_A.default.weight -- torch.Size([16, 4096])🧊 Frozen parameter: clip_model.visual.layer3.2.bn1.bias -- torch.Size([256])

🔥 Tuned parameter: llm_model.base_model.model.model.layers.17.self_attn.k_proj.lora_B.default.weight -- torch.Size([4096, 16])🧊 Frozen parameter: clip_model.visual.layer3.2.conv2.weight -- torch.Size([256, 256, 3, 3])

🧊 Frozen parameter: llm_model.base_model.model.model.layers.17.self_attn.v_proj.base_layer.weight -- torch.Size([4096, 4096])🧊 Frozen parameter: clip_model.visual.layer3.2.bn2.weight -- torch.Size([256])

🔥 Tuned parameter: llm_model.base_model.model.model.layers.17.self_attn.v_proj.lora_A.default.weight -- torch.Size([16, 4096])🧊 Frozen parameter: clip_model.visual.layer3.2.bn2.bias -- torch.Size([256])

🔥 Tuned parameter: llm_model.base_model.model.model.layers.17.self_attn.v_proj.lora_B.default.weight -- torch.Size([4096, 16])🧊 Frozen parameter: clip_model.visual.layer3.2.conv3.weight -- torch.Size([1024, 256, 1, 1])

🧊 Frozen parameter: llm_model.base_model.model.model.layers.17.self_attn.o_proj.base_layer.weight -- torch.Size([4096, 4096])🧊 Frozen parameter: clip_model.visual.layer3.2.bn3.weight -- torch.Size([1024])

🔥 Tuned parameter: llm_model.base_model.model.model.layers.17.self_attn.o_proj.lora_A.default.weight -- torch.Size([16, 4096])🧊 Frozen parameter: clip_model.visual.layer3.2.bn3.bias -- torch.Size([1024])

🔥 Tuned parameter: llm_model.base_model.model.model.layers.17.self_attn.o_proj.lora_B.default.weight -- torch.Size([4096, 16])🧊 Frozen parameter: clip_model.visual.layer3.3.conv1.weight -- torch.Size([256, 1024, 1, 1])

🧊 Frozen parameter: llm_model.base_model.model.model.layers.17.mlp.gate_proj.base_layer.weight -- torch.Size([11008, 4096])🧊 Frozen parameter: clip_model.visual.layer3.3.bn1.weight -- torch.Size([256])

🔥 Tuned parameter: llm_model.base_model.model.model.layers.17.mlp.gate_proj.lora_A.default.weight -- torch.Size([16, 4096])🧊 Frozen parameter: clip_model.visual.layer3.3.bn1.bias -- torch.Size([256])

🔥 Tuned parameter: llm_model.base_model.model.model.layers.17.mlp.gate_proj.lora_B.default.weight -- torch.Size([11008, 16])🧊 Frozen parameter: clip_model.visual.layer3.3.conv2.weight -- torch.Size([256, 256, 3, 3])

🧊 Frozen parameter: llm_model.base_model.model.model.layers.17.mlp.up_proj.base_layer.weight -- torch.Size([11008, 4096])🧊 Frozen parameter: clip_model.visual.layer3.3.bn2.weight -- torch.Size([256])

🔥 Tuned parameter: llm_model.base_model.model.model.layers.17.mlp.up_proj.lora_A.default.weight -- torch.Size([16, 4096])🧊 Frozen parameter: clip_model.visual.layer3.3.bn2.bias -- torch.Size([256])

🔥 Tuned parameter: llm_model.base_model.model.model.layers.17.mlp.up_proj.lora_B.default.weight -- torch.Size([11008, 16])🧊 Frozen parameter: clip_model.visual.layer3.3.conv3.weight -- torch.Size([1024, 256, 1, 1])

🧊 Frozen parameter: llm_model.base_model.model.model.layers.17.mlp.down_proj.base_layer.weight -- torch.Size([4096, 11008])🧊 Frozen parameter: clip_model.visual.layer3.3.bn3.weight -- torch.Size([1024])

🔥 Tuned parameter: llm_model.base_model.model.model.layers.17.mlp.down_proj.lora_A.default.weight -- torch.Size([16, 11008])🧊 Frozen parameter: clip_model.visual.layer3.3.bn3.bias -- torch.Size([1024])

🔥 Tuned parameter: llm_model.base_model.model.model.layers.17.mlp.down_proj.lora_B.default.weight -- torch.Size([4096, 16])🧊 Frozen parameter: clip_model.visual.layer3.4.conv1.weight -- torch.Size([256, 1024, 1, 1])

🧊 Frozen parameter: llm_model.base_model.model.model.layers.17.input_layernorm.weight -- torch.Size([4096])🧊 Frozen parameter: clip_model.visual.layer3.4.bn1.weight -- torch.Size([256])

🧊 Frozen parameter: llm_model.base_model.model.model.layers.17.post_attention_layernorm.weight -- torch.Size([4096])🧊 Frozen parameter: clip_model.visual.layer3.4.bn1.bias -- torch.Size([256])

🧊 Frozen parameter: llm_model.base_model.model.model.layers.18.self_attn.q_proj.base_layer.weight -- torch.Size([4096, 4096])🧊 Frozen parameter: clip_model.visual.layer3.4.conv2.weight -- torch.Size([256, 256, 3, 3])

🔥 Tuned parameter: llm_model.base_model.model.model.layers.18.self_attn.q_proj.lora_A.default.weight -- torch.Size([16, 4096])🧊 Frozen parameter: clip_model.visual.layer3.4.bn2.weight -- torch.Size([256])

🔥 Tuned parameter: llm_model.base_model.model.model.layers.18.self_attn.q_proj.lora_B.default.weight -- torch.Size([4096, 16])🧊 Frozen parameter: clip_model.visual.layer3.4.bn2.bias -- torch.Size([256])

🧊 Frozen parameter: llm_model.base_model.model.model.layers.18.self_attn.k_proj.base_layer.weight -- torch.Size([4096, 4096])🧊 Frozen parameter: clip_model.visual.layer3.4.conv3.weight -- torch.Size([1024, 256, 1, 1])

🔥 Tuned parameter: llm_model.base_model.model.model.layers.18.self_attn.k_proj.lora_A.default.weight -- torch.Size([16, 4096])🧊 Frozen parameter: clip_model.visual.layer3.4.bn3.weight -- torch.Size([1024])

🔥 Tuned parameter: llm_model.base_model.model.model.layers.18.self_attn.k_proj.lora_B.default.weight -- torch.Size([4096, 16])🧊 Frozen parameter: clip_model.visual.layer3.4.bn3.bias -- torch.Size([1024])

🧊 Frozen parameter: llm_model.base_model.model.model.layers.18.self_attn.v_proj.base_layer.weight -- torch.Size([4096, 4096])🧊 Frozen parameter: clip_model.visual.layer3.5.conv1.weight -- torch.Size([256, 1024, 1, 1])

🔥 Tuned parameter: llm_model.base_model.model.model.layers.18.self_attn.v_proj.lora_A.default.weight -- torch.Size([16, 4096])🧊 Frozen parameter: clip_model.visual.layer3.5.bn1.weight -- torch.Size([256])

🔥 Tuned parameter: llm_model.base_model.model.model.layers.18.self_attn.v_proj.lora_B.default.weight -- torch.Size([4096, 16])🧊 Frozen parameter: clip_model.visual.layer3.5.bn1.bias -- torch.Size([256])

🧊 Frozen parameter: llm_model.base_model.model.model.layers.18.self_attn.o_proj.base_layer.weight -- torch.Size([4096, 4096])🧊 Frozen parameter: clip_model.visual.layer3.5.conv2.weight -- torch.Size([256, 256, 3, 3])

🔥 Tuned parameter: llm_model.base_model.model.model.layers.18.self_attn.o_proj.lora_A.default.weight -- torch.Size([16, 4096])🧊 Frozen parameter: clip_model.visual.layer3.5.bn2.weight -- torch.Size([256])

🔥 Tuned parameter: llm_model.base_model.model.model.layers.18.self_attn.o_proj.lora_B.default.weight -- torch.Size([4096, 16])🧊 Frozen parameter: clip_model.visual.layer3.5.bn2.bias -- torch.Size([256])

🧊 Frozen parameter: llm_model.base_model.model.model.layers.18.mlp.gate_proj.base_layer.weight -- torch.Size([11008, 4096])🧊 Frozen parameter: clip_model.visual.layer3.5.conv3.weight -- torch.Size([1024, 256, 1, 1])

🔥 Tuned parameter: llm_model.base_model.model.model.layers.18.mlp.gate_proj.lora_A.default.weight -- torch.Size([16, 4096])🧊 Frozen parameter: clip_model.visual.layer3.5.bn3.weight -- torch.Size([1024])

🔥 Tuned parameter: llm_model.base_model.model.model.layers.18.mlp.gate_proj.lora_B.default.weight -- torch.Size([11008, 16])🧊 Frozen parameter: clip_model.visual.layer3.5.bn3.bias -- torch.Size([1024])

🧊 Frozen parameter: llm_model.base_model.model.model.layers.18.mlp.up_proj.base_layer.weight -- torch.Size([11008, 4096])🧊 Frozen parameter: clip_model.visual.layer4.0.conv1.weight -- torch.Size([512, 1024, 1, 1])

🔥 Tuned parameter: llm_model.base_model.model.model.layers.18.mlp.up_proj.lora_A.default.weight -- torch.Size([16, 4096])🧊 Frozen parameter: clip_model.visual.layer4.0.bn1.weight -- torch.Size([512])

🔥 Tuned parameter: llm_model.base_model.model.model.layers.18.mlp.up_proj.lora_B.default.weight -- torch.Size([11008, 16])🧊 Frozen parameter: clip_model.visual.layer4.0.bn1.bias -- torch.Size([512])

🧊 Frozen parameter: llm_model.base_model.model.model.layers.18.mlp.down_proj.base_layer.weight -- torch.Size([4096, 11008])🧊 Frozen parameter: clip_model.visual.layer4.0.conv2.weight -- torch.Size([512, 512, 3, 3])

🔥 Tuned parameter: llm_model.base_model.model.model.layers.18.mlp.down_proj.lora_A.default.weight -- torch.Size([16, 11008])🧊 Frozen parameter: clip_model.visual.layer4.0.bn2.weight -- torch.Size([512])

🔥 Tuned parameter: llm_model.base_model.model.model.layers.18.mlp.down_proj.lora_B.default.weight -- torch.Size([4096, 16])🧊 Frozen parameter: clip_model.visual.layer4.0.bn2.bias -- torch.Size([512])

🧊 Frozen parameter: llm_model.base_model.model.model.layers.18.input_layernorm.weight -- torch.Size([4096])🧊 Frozen parameter: clip_model.visual.layer4.0.conv3.weight -- torch.Size([2048, 512, 1, 1])

🧊 Frozen parameter: llm_model.base_model.model.model.layers.18.post_attention_layernorm.weight -- torch.Size([4096])🧊 Frozen parameter: clip_model.visual.layer4.0.bn3.weight -- torch.Size([2048])

🧊 Frozen parameter: llm_model.base_model.model.model.layers.19.self_attn.q_proj.base_layer.weight -- torch.Size([4096, 4096])🧊 Frozen parameter: clip_model.visual.layer4.0.bn3.bias -- torch.Size([2048])

🔥 Tuned parameter: llm_model.base_model.model.model.layers.19.self_attn.q_proj.lora_A.default.weight -- torch.Size([16, 4096])🧊 Frozen parameter: clip_model.visual.layer4.0.downsample.0.weight -- torch.Size([2048, 1024, 1, 1])

🔥 Tuned parameter: llm_model.base_model.model.model.layers.19.self_attn.q_proj.lora_B.default.weight -- torch.Size([4096, 16])🧊 Frozen parameter: clip_model.visual.layer4.0.downsample.1.weight -- torch.Size([2048])

🧊 Frozen parameter: llm_model.base_model.model.model.layers.19.self_attn.k_proj.base_layer.weight -- torch.Size([4096, 4096])🧊 Frozen parameter: clip_model.visual.layer4.0.downsample.1.bias -- torch.Size([2048])

🔥 Tuned parameter: llm_model.base_model.model.model.layers.19.self_attn.k_proj.lora_A.default.weight -- torch.Size([16, 4096])🧊 Frozen parameter: clip_model.visual.layer4.1.conv1.weight -- torch.Size([512, 2048, 1, 1])

🔥 Tuned parameter: llm_model.base_model.model.model.layers.19.self_attn.k_proj.lora_B.default.weight -- torch.Size([4096, 16])🧊 Frozen parameter: clip_model.visual.layer4.1.bn1.weight -- torch.Size([512])

🧊 Frozen parameter: llm_model.base_model.model.model.layers.19.self_attn.v_proj.base_layer.weight -- torch.Size([4096, 4096])🧊 Frozen parameter: clip_model.visual.layer4.1.bn1.bias -- torch.Size([512])

🔥 Tuned parameter: llm_model.base_model.model.model.layers.19.self_attn.v_proj.lora_A.default.weight -- torch.Size([16, 4096])🧊 Frozen parameter: clip_model.visual.layer4.1.conv2.weight -- torch.Size([512, 512, 3, 3])

🔥 Tuned parameter: llm_model.base_model.model.model.layers.19.self_attn.v_proj.lora_B.default.weight -- torch.Size([4096, 16])🧊 Frozen parameter: clip_model.visual.layer4.1.bn2.weight -- torch.Size([512])

🧊 Frozen parameter: llm_model.base_model.model.model.layers.19.self_attn.o_proj.base_layer.weight -- torch.Size([4096, 4096])🧊 Frozen parameter: clip_model.visual.layer4.1.bn2.bias -- torch.Size([512])

🔥 Tuned parameter: llm_model.base_model.model.model.layers.19.self_attn.o_proj.lora_A.default.weight -- torch.Size([16, 4096])🧊 Frozen parameter: clip_model.visual.layer4.1.conv3.weight -- torch.Size([2048, 512, 1, 1])

🔥 Tuned parameter: llm_model.base_model.model.model.layers.19.self_attn.o_proj.lora_B.default.weight -- torch.Size([4096, 16])🧊 Frozen parameter: clip_model.visual.layer4.1.bn3.weight -- torch.Size([2048])

🧊 Frozen parameter: llm_model.base_model.model.model.layers.19.mlp.gate_proj.base_layer.weight -- torch.Size([11008, 4096])🧊 Frozen parameter: clip_model.visual.layer4.1.bn3.bias -- torch.Size([2048])

🔥 Tuned parameter: llm_model.base_model.model.model.layers.19.mlp.gate_proj.lora_A.default.weight -- torch.Size([16, 4096])🧊 Frozen parameter: clip_model.visual.layer4.2.conv1.weight -- torch.Size([512, 2048, 1, 1])

🔥 Tuned parameter: llm_model.base_model.model.model.layers.19.mlp.gate_proj.lora_B.default.weight -- torch.Size([11008, 16])🧊 Frozen parameter: clip_model.visual.layer4.2.bn1.weight -- torch.Size([512])

🧊 Frozen parameter: llm_model.base_model.model.model.layers.19.mlp.up_proj.base_layer.weight -- torch.Size([11008, 4096])🧊 Frozen parameter: clip_model.visual.layer4.2.bn1.bias -- torch.Size([512])

🔥 Tuned parameter: llm_model.base_model.model.model.layers.19.mlp.up_proj.lora_A.default.weight -- torch.Size([16, 4096])🧊 Frozen parameter: clip_model.visual.layer4.2.conv2.weight -- torch.Size([512, 512, 3, 3])

🔥 Tuned parameter: llm_model.base_model.model.model.layers.19.mlp.up_proj.lora_B.default.weight -- torch.Size([11008, 16])🧊 Frozen parameter: clip_model.visual.layer4.2.bn2.weight -- torch.Size([512])

🧊 Frozen parameter: llm_model.base_model.model.model.layers.19.mlp.down_proj.base_layer.weight -- torch.Size([4096, 11008])🧊 Frozen parameter: clip_model.visual.layer4.2.bn2.bias -- torch.Size([512])

🔥 Tuned parameter: llm_model.base_model.model.model.layers.19.mlp.down_proj.lora_A.default.weight -- torch.Size([16, 11008])🧊 Frozen parameter: clip_model.visual.layer4.2.conv3.weight -- torch.Size([2048, 512, 1, 1])

🔥 Tuned parameter: llm_model.base_model.model.model.layers.19.mlp.down_proj.lora_B.default.weight -- torch.Size([4096, 16])🧊 Frozen parameter: clip_model.visual.layer4.2.bn3.weight -- torch.Size([2048])

🧊 Frozen parameter: llm_model.base_model.model.model.layers.19.input_layernorm.weight -- torch.Size([4096])🧊 Frozen parameter: clip_model.visual.layer4.2.bn3.bias -- torch.Size([2048])

🧊 Frozen parameter: llm_model.base_model.model.model.layers.19.post_attention_layernorm.weight -- torch.Size([4096])🧊 Frozen parameter: clip_model.visual.attnpool.positional_embedding -- torch.Size([50, 2048])

🧊 Frozen parameter: llm_model.base_model.model.model.layers.20.self_attn.q_proj.base_layer.weight -- torch.Size([4096, 4096])🧊 Frozen parameter: clip_model.visual.attnpool.k_proj.weight -- torch.Size([2048, 2048])

🔥 Tuned parameter: llm_model.base_model.model.model.layers.20.self_attn.q_proj.lora_A.default.weight -- torch.Size([16, 4096])🧊 Frozen parameter: clip_model.visual.attnpool.k_proj.bias -- torch.Size([2048])

🔥 Tuned parameter: llm_model.base_model.model.model.layers.20.self_attn.q_proj.lora_B.default.weight -- torch.Size([4096, 16])🧊 Frozen parameter: clip_model.visual.attnpool.q_proj.weight -- torch.Size([2048, 2048])

🧊 Frozen parameter: llm_model.base_model.model.model.layers.20.self_attn.k_proj.base_layer.weight -- torch.Size([4096, 4096])🧊 Frozen parameter: clip_model.visual.attnpool.q_proj.bias -- torch.Size([2048])

🔥 Tuned parameter: llm_model.base_model.model.model.layers.20.self_attn.k_proj.lora_A.default.weight -- torch.Size([16, 4096])🧊 Frozen parameter: clip_model.visual.attnpool.v_proj.weight -- torch.Size([2048, 2048])

🔥 Tuned parameter: llm_model.base_model.model.model.layers.20.self_attn.k_proj.lora_B.default.weight -- torch.Size([4096, 16])🧊 Frozen parameter: clip_model.visual.attnpool.v_proj.bias -- torch.Size([2048])

🧊 Frozen parameter: llm_model.base_model.model.model.layers.20.self_attn.v_proj.base_layer.weight -- torch.Size([4096, 4096])🧊 Frozen parameter: clip_model.visual.attnpool.c_proj.weight -- torch.Size([1024, 2048])

🔥 Tuned parameter: llm_model.base_model.model.model.layers.20.self_attn.v_proj.lora_A.default.weight -- torch.Size([16, 4096])🧊 Frozen parameter: clip_model.visual.attnpool.c_proj.bias -- torch.Size([1024])

🔥 Tuned parameter: llm_model.base_model.model.model.layers.20.self_attn.v_proj.lora_B.default.weight -- torch.Size([4096, 16])🧊 Frozen parameter: clip_model.transformer.resblocks.0.attn.in_proj_weight -- torch.Size([1536, 512])

🧊 Frozen parameter: llm_model.base_model.model.model.layers.20.self_attn.o_proj.base_layer.weight -- torch.Size([4096, 4096])🧊 Frozen parameter: clip_model.transformer.resblocks.0.attn.in_proj_bias -- torch.Size([1536])

🔥 Tuned parameter: llm_model.base_model.model.model.layers.20.self_attn.o_proj.lora_A.default.weight -- torch.Size([16, 4096])🧊 Frozen parameter: clip_model.transformer.resblocks.0.attn.out_proj.weight -- torch.Size([512, 512])

🔥 Tuned parameter: llm_model.base_model.model.model.layers.20.self_attn.o_proj.lora_B.default.weight -- torch.Size([4096, 16])🧊 Frozen parameter: clip_model.transformer.resblocks.0.attn.out_proj.bias -- torch.Size([512])

🧊 Frozen parameter: llm_model.base_model.model.model.layers.20.mlp.gate_proj.base_layer.weight -- torch.Size([11008, 4096])🧊 Frozen parameter: clip_model.transformer.resblocks.0.ln_1.weight -- torch.Size([512])

🔥 Tuned parameter: llm_model.base_model.model.model.layers.20.mlp.gate_proj.lora_A.default.weight -- torch.Size([16, 4096])🧊 Frozen parameter: clip_model.transformer.resblocks.0.ln_1.bias -- torch.Size([512])

🔥 Tuned parameter: llm_model.base_model.model.model.layers.20.mlp.gate_proj.lora_B.default.weight -- torch.Size([11008, 16])🧊 Frozen parameter: clip_model.transformer.resblocks.0.mlp.c_fc.weight -- torch.Size([2048, 512])

🧊 Frozen parameter: llm_model.base_model.model.model.layers.20.mlp.up_proj.base_layer.weight -- torch.Size([11008, 4096])🧊 Frozen parameter: clip_model.transformer.resblocks.0.mlp.c_fc.bias -- torch.Size([2048])

🔥 Tuned parameter: llm_model.base_model.model.model.layers.20.mlp.up_proj.lora_A.default.weight -- torch.Size([16, 4096])🧊 Frozen parameter: clip_model.transformer.resblocks.0.mlp.c_proj.weight -- torch.Size([512, 2048])

🔥 Tuned parameter: llm_model.base_model.model.model.layers.20.mlp.up_proj.lora_B.default.weight -- torch.Size([11008, 16])🧊 Frozen parameter: clip_model.transformer.resblocks.0.mlp.c_proj.bias -- torch.Size([512])

🧊 Frozen parameter: llm_model.base_model.model.model.layers.20.mlp.down_proj.base_layer.weight -- torch.Size([4096, 11008])🧊 Frozen parameter: clip_model.transformer.resblocks.0.ln_2.weight -- torch.Size([512])

🔥 Tuned parameter: llm_model.base_model.model.model.layers.20.mlp.down_proj.lora_A.default.weight -- torch.Size([16, 11008])🧊 Frozen parameter: clip_model.transformer.resblocks.0.ln_2.bias -- torch.Size([512])

🔥 Tuned parameter: llm_model.base_model.model.model.layers.20.mlp.down_proj.lora_B.default.weight -- torch.Size([4096, 16])🧊 Frozen parameter: clip_model.transformer.resblocks.1.attn.in_proj_weight -- torch.Size([1536, 512])

🧊 Frozen parameter: llm_model.base_model.model.model.layers.20.input_layernorm.weight -- torch.Size([4096])🧊 Frozen parameter: clip_model.transformer.resblocks.1.attn.in_proj_bias -- torch.Size([1536])

🧊 Frozen parameter: llm_model.base_model.model.model.layers.20.post_attention_layernorm.weight -- torch.Size([4096])🧊 Frozen parameter: clip_model.transformer.resblocks.1.attn.out_proj.weight -- torch.Size([512, 512])

🧊 Frozen parameter: llm_model.base_model.model.model.layers.21.self_attn.q_proj.base_layer.weight -- torch.Size([4096, 4096])🧊 Frozen parameter: clip_model.transformer.resblocks.1.attn.out_proj.bias -- torch.Size([512])

🔥 Tuned parameter: llm_model.base_model.model.model.layers.21.self_attn.q_proj.lora_A.default.weight -- torch.Size([16, 4096])🧊 Frozen parameter: clip_model.transformer.resblocks.1.ln_1.weight -- torch.Size([512])

🔥 Tuned parameter: llm_model.base_model.model.model.layers.21.self_attn.q_proj.lora_B.default.weight -- torch.Size([4096, 16])🧊 Frozen parameter: clip_model.transformer.resblocks.1.ln_1.bias -- torch.Size([512])

🧊 Frozen parameter: llm_model.base_model.model.model.layers.21.self_attn.k_proj.base_layer.weight -- torch.Size([4096, 4096])🧊 Frozen parameter: clip_model.transformer.resblocks.1.mlp.c_fc.weight -- torch.Size([2048, 512])

🔥 Tuned parameter: llm_model.base_model.model.model.layers.21.self_attn.k_proj.lora_A.default.weight -- torch.Size([16, 4096])🧊 Frozen parameter: clip_model.transformer.resblocks.1.mlp.c_fc.bias -- torch.Size([2048])

🔥 Tuned parameter: llm_model.base_model.model.model.layers.21.self_attn.k_proj.lora_B.default.weight -- torch.Size([4096, 16])🧊 Frozen parameter: clip_model.transformer.resblocks.1.mlp.c_proj.weight -- torch.Size([512, 2048])

🧊 Frozen parameter: llm_model.base_model.model.model.layers.21.self_attn.v_proj.base_layer.weight -- torch.Size([4096, 4096])🧊 Frozen parameter: clip_model.transformer.resblocks.1.mlp.c_proj.bias -- torch.Size([512])

🔥 Tuned parameter: llm_model.base_model.model.model.layers.21.self_attn.v_proj.lora_A.default.weight -- torch.Size([16, 4096])🧊 Frozen parameter: clip_model.transformer.resblocks.1.ln_2.weight -- torch.Size([512])

🔥 Tuned parameter: llm_model.base_model.model.model.layers.21.self_attn.v_proj.lora_B.default.weight -- torch.Size([4096, 16])🧊 Frozen parameter: clip_model.transformer.resblocks.1.ln_2.bias -- torch.Size([512])

🧊 Frozen parameter: llm_model.base_model.model.model.layers.21.self_attn.o_proj.base_layer.weight -- torch.Size([4096, 4096])🧊 Frozen parameter: clip_model.transformer.resblocks.2.attn.in_proj_weight -- torch.Size([1536, 512])

🔥 Tuned parameter: llm_model.base_model.model.model.layers.21.self_attn.o_proj.lora_A.default.weight -- torch.Size([16, 4096])🧊 Frozen parameter: clip_model.transformer.resblocks.2.attn.in_proj_bias -- torch.Size([1536])

🔥 Tuned parameter: llm_model.base_model.model.model.layers.21.self_attn.o_proj.lora_B.default.weight -- torch.Size([4096, 16])🧊 Frozen parameter: clip_model.transformer.resblocks.2.attn.out_proj.weight -- torch.Size([512, 512])

🧊 Frozen parameter: llm_model.base_model.model.model.layers.21.mlp.gate_proj.base_layer.weight -- torch.Size([11008, 4096])🧊 Frozen parameter: clip_model.transformer.resblocks.2.attn.out_proj.bias -- torch.Size([512])

🔥 Tuned parameter: llm_model.base_model.model.model.layers.21.mlp.gate_proj.lora_A.default.weight -- torch.Size([16, 4096])🧊 Frozen parameter: clip_model.transformer.resblocks.2.ln_1.weight -- torch.Size([512])

🔥 Tuned parameter: llm_model.base_model.model.model.layers.21.mlp.gate_proj.lora_B.default.weight -- torch.Size([11008, 16])🧊 Frozen parameter: clip_model.transformer.resblocks.2.ln_1.bias -- torch.Size([512])

🧊 Frozen parameter: llm_model.base_model.model.model.layers.21.mlp.up_proj.base_layer.weight -- torch.Size([11008, 4096])🧊 Frozen parameter: clip_model.transformer.resblocks.2.mlp.c_fc.weight -- torch.Size([2048, 512])

🔥 Tuned parameter: llm_model.base_model.model.model.layers.21.mlp.up_proj.lora_A.default.weight -- torch.Size([16, 4096])🧊 Frozen parameter: clip_model.transformer.resblocks.2.mlp.c_fc.bias -- torch.Size([2048])

🔥 Tuned parameter: llm_model.base_model.model.model.layers.21.mlp.up_proj.lora_B.default.weight -- torch.Size([11008, 16])🧊 Frozen parameter: clip_model.transformer.resblocks.2.mlp.c_proj.weight -- torch.Size([512, 2048])

🧊 Frozen parameter: llm_model.base_model.model.model.layers.21.mlp.down_proj.base_layer.weight -- torch.Size([4096, 11008])🧊 Frozen parameter: clip_model.transformer.resblocks.2.mlp.c_proj.bias -- torch.Size([512])

🔥 Tuned parameter: llm_model.base_model.model.model.layers.21.mlp.down_proj.lora_A.default.weight -- torch.Size([16, 11008])🧊 Frozen parameter: clip_model.transformer.resblocks.2.ln_2.weight -- torch.Size([512])

🔥 Tuned parameter: llm_model.base_model.model.model.layers.21.mlp.down_proj.lora_B.default.weight -- torch.Size([4096, 16])🧊 Frozen parameter: clip_model.transformer.resblocks.2.ln_2.bias -- torch.Size([512])

🧊 Frozen parameter: llm_model.base_model.model.model.layers.21.input_layernorm.weight -- torch.Size([4096])🧊 Frozen parameter: clip_model.transformer.resblocks.3.attn.in_proj_weight -- torch.Size([1536, 512])

🧊 Frozen parameter: llm_model.base_model.model.model.layers.21.post_attention_layernorm.weight -- torch.Size([4096])🧊 Frozen parameter: clip_model.transformer.resblocks.3.attn.in_proj_bias -- torch.Size([1536])

🧊 Frozen parameter: llm_model.base_model.model.model.layers.22.self_attn.q_proj.base_layer.weight -- torch.Size([4096, 4096])🧊 Frozen parameter: clip_model.transformer.resblocks.3.attn.out_proj.weight -- torch.Size([512, 512])

🔥 Tuned parameter: llm_model.base_model.model.model.layers.22.self_attn.q_proj.lora_A.default.weight -- torch.Size([16, 4096])🧊 Frozen parameter: clip_model.transformer.resblocks.3.attn.out_proj.bias -- torch.Size([512])

🔥 Tuned parameter: llm_model.base_model.model.model.layers.22.self_attn.q_proj.lora_B.default.weight -- torch.Size([4096, 16])
🧊 Frozen parameter: llm_model.base_model.model.model.layers.22.self_attn.k_proj.base_layer.weight -- torch.Size([4096, 4096])
🧊 Frozen parameter: clip_model.transformer.resblocks.3.ln_1.weight -- torch.Size([512])🔥 Tuned parameter: llm_model.base_model.model.model.layers.22.self_attn.k_proj.lora_A.default.weight -- torch.Size([16, 4096])

🧊 Frozen parameter: clip_model.transformer.resblocks.3.ln_1.bias -- torch.Size([512])🔥 Tuned parameter: llm_model.base_model.model.model.layers.22.self_attn.k_proj.lora_B.default.weight -- torch.Size([4096, 16])

🧊 Frozen parameter: clip_model.transformer.resblocks.3.mlp.c_fc.weight -- torch.Size([2048, 512])🧊 Frozen parameter: llm_model.base_model.model.model.layers.22.self_attn.v_proj.base_layer.weight -- torch.Size([4096, 4096])

🧊 Frozen parameter: clip_model.transformer.resblocks.3.mlp.c_fc.bias -- torch.Size([2048])🔥 Tuned parameter: llm_model.base_model.model.model.layers.22.self_attn.v_proj.lora_A.default.weight -- torch.Size([16, 4096])

🧊 Frozen parameter: clip_model.transformer.resblocks.3.mlp.c_proj.weight -- torch.Size([512, 2048])🔥 Tuned parameter: llm_model.base_model.model.model.layers.22.self_attn.v_proj.lora_B.default.weight -- torch.Size([4096, 16])

🧊 Frozen parameter: clip_model.transformer.resblocks.3.mlp.c_proj.bias -- torch.Size([512])
🧊 Frozen parameter: llm_model.base_model.model.model.layers.22.self_attn.o_proj.base_layer.weight -- torch.Size([4096, 4096])🧊 Frozen parameter: clip_model.transformer.resblocks.3.ln_2.weight -- torch.Size([512])

🔥 Tuned parameter: llm_model.base_model.model.model.layers.22.self_attn.o_proj.lora_A.default.weight -- torch.Size([16, 4096])🧊 Frozen parameter: clip_model.transformer.resblocks.3.ln_2.bias -- torch.Size([512])

🔥 Tuned parameter: llm_model.base_model.model.model.layers.22.self_attn.o_proj.lora_B.default.weight -- torch.Size([4096, 16])🧊 Frozen parameter: clip_model.transformer.resblocks.4.attn.in_proj_weight -- torch.Size([1536, 512])

🧊 Frozen parameter: llm_model.base_model.model.model.layers.22.mlp.gate_proj.base_layer.weight -- torch.Size([11008, 4096])🧊 Frozen parameter: clip_model.transformer.resblocks.4.attn.in_proj_bias -- torch.Size([1536])

🔥 Tuned parameter: llm_model.base_model.model.model.layers.22.mlp.gate_proj.lora_A.default.weight -- torch.Size([16, 4096])🧊 Frozen parameter: clip_model.transformer.resblocks.4.attn.out_proj.weight -- torch.Size([512, 512])

🔥 Tuned parameter: llm_model.base_model.model.model.layers.22.mlp.gate_proj.lora_B.default.weight -- torch.Size([11008, 16])🧊 Frozen parameter: clip_model.transformer.resblocks.4.attn.out_proj.bias -- torch.Size([512])

🧊 Frozen parameter: llm_model.base_model.model.model.layers.22.mlp.up_proj.base_layer.weight -- torch.Size([11008, 4096])🧊 Frozen parameter: clip_model.transformer.resblocks.4.ln_1.weight -- torch.Size([512])

🔥 Tuned parameter: llm_model.base_model.model.model.layers.22.mlp.up_proj.lora_A.default.weight -- torch.Size([16, 4096])🧊 Frozen parameter: clip_model.transformer.resblocks.4.ln_1.bias -- torch.Size([512])

🔥 Tuned parameter: llm_model.base_model.model.model.layers.22.mlp.up_proj.lora_B.default.weight -- torch.Size([11008, 16])🧊 Frozen parameter: clip_model.transformer.resblocks.4.mlp.c_fc.weight -- torch.Size([2048, 512])

🧊 Frozen parameter: llm_model.base_model.model.model.layers.22.mlp.down_proj.base_layer.weight -- torch.Size([4096, 11008])🧊 Frozen parameter: clip_model.transformer.resblocks.4.mlp.c_fc.bias -- torch.Size([2048])

🔥 Tuned parameter: llm_model.base_model.model.model.layers.22.mlp.down_proj.lora_A.default.weight -- torch.Size([16, 11008])🧊 Frozen parameter: clip_model.transformer.resblocks.4.mlp.c_proj.weight -- torch.Size([512, 2048])

🔥 Tuned parameter: llm_model.base_model.model.model.layers.22.mlp.down_proj.lora_B.default.weight -- torch.Size([4096, 16])🧊 Frozen parameter: clip_model.transformer.resblocks.4.mlp.c_proj.bias -- torch.Size([512])

🧊 Frozen parameter: llm_model.base_model.model.model.layers.22.input_layernorm.weight -- torch.Size([4096])🧊 Frozen parameter: clip_model.transformer.resblocks.4.ln_2.weight -- torch.Size([512])

🧊 Frozen parameter: llm_model.base_model.model.model.layers.22.post_attention_layernorm.weight -- torch.Size([4096])🧊 Frozen parameter: clip_model.transformer.resblocks.4.ln_2.bias -- torch.Size([512])

🧊 Frozen parameter: llm_model.base_model.model.model.layers.23.self_attn.q_proj.base_layer.weight -- torch.Size([4096, 4096])🧊 Frozen parameter: clip_model.transformer.resblocks.5.attn.in_proj_weight -- torch.Size([1536, 512])

🔥 Tuned parameter: llm_model.base_model.model.model.layers.23.self_attn.q_proj.lora_A.default.weight -- torch.Size([16, 4096])🧊 Frozen parameter: clip_model.transformer.resblocks.5.attn.in_proj_bias -- torch.Size([1536])

🔥 Tuned parameter: llm_model.base_model.model.model.layers.23.self_attn.q_proj.lora_B.default.weight -- torch.Size([4096, 16])🧊 Frozen parameter: clip_model.transformer.resblocks.5.attn.out_proj.weight -- torch.Size([512, 512])

🧊 Frozen parameter: llm_model.base_model.model.model.layers.23.self_attn.k_proj.base_layer.weight -- torch.Size([4096, 4096])🧊 Frozen parameter: clip_model.transformer.resblocks.5.attn.out_proj.bias -- torch.Size([512])

🔥 Tuned parameter: llm_model.base_model.model.model.layers.23.self_attn.k_proj.lora_A.default.weight -- torch.Size([16, 4096])🧊 Frozen parameter: clip_model.transformer.resblocks.5.ln_1.weight -- torch.Size([512])

🔥 Tuned parameter: llm_model.base_model.model.model.layers.23.self_attn.k_proj.lora_B.default.weight -- torch.Size([4096, 16])🧊 Frozen parameter: clip_model.transformer.resblocks.5.ln_1.bias -- torch.Size([512])

🧊 Frozen parameter: llm_model.base_model.model.model.layers.23.self_attn.v_proj.base_layer.weight -- torch.Size([4096, 4096])🧊 Frozen parameter: clip_model.transformer.resblocks.5.mlp.c_fc.weight -- torch.Size([2048, 512])

🔥 Tuned parameter: llm_model.base_model.model.model.layers.23.self_attn.v_proj.lora_A.default.weight -- torch.Size([16, 4096])🧊 Frozen parameter: clip_model.transformer.resblocks.5.mlp.c_fc.bias -- torch.Size([2048])

🔥 Tuned parameter: llm_model.base_model.model.model.layers.23.self_attn.v_proj.lora_B.default.weight -- torch.Size([4096, 16])🧊 Frozen parameter: clip_model.transformer.resblocks.5.mlp.c_proj.weight -- torch.Size([512, 2048])

🧊 Frozen parameter: llm_model.base_model.model.model.layers.23.self_attn.o_proj.base_layer.weight -- torch.Size([4096, 4096])🧊 Frozen parameter: clip_model.transformer.resblocks.5.mlp.c_proj.bias -- torch.Size([512])

🔥 Tuned parameter: llm_model.base_model.model.model.layers.23.self_attn.o_proj.lora_A.default.weight -- torch.Size([16, 4096])🧊 Frozen parameter: clip_model.transformer.resblocks.5.ln_2.weight -- torch.Size([512])

🔥 Tuned parameter: llm_model.base_model.model.model.layers.23.self_attn.o_proj.lora_B.default.weight -- torch.Size([4096, 16])🧊 Frozen parameter: clip_model.transformer.resblocks.5.ln_2.bias -- torch.Size([512])

🧊 Frozen parameter: llm_model.base_model.model.model.layers.23.mlp.gate_proj.base_layer.weight -- torch.Size([11008, 4096])🧊 Frozen parameter: clip_model.transformer.resblocks.6.attn.in_proj_weight -- torch.Size([1536, 512])

🔥 Tuned parameter: llm_model.base_model.model.model.layers.23.mlp.gate_proj.lora_A.default.weight -- torch.Size([16, 4096])🧊 Frozen parameter: clip_model.transformer.resblocks.6.attn.in_proj_bias -- torch.Size([1536])

🔥 Tuned parameter: llm_model.base_model.model.model.layers.23.mlp.gate_proj.lora_B.default.weight -- torch.Size([11008, 16])🧊 Frozen parameter: clip_model.transformer.resblocks.6.attn.out_proj.weight -- torch.Size([512, 512])

🧊 Frozen parameter: llm_model.base_model.model.model.layers.23.mlp.up_proj.base_layer.weight -- torch.Size([11008, 4096])🧊 Frozen parameter: clip_model.transformer.resblocks.6.attn.out_proj.bias -- torch.Size([512])

🔥 Tuned parameter: llm_model.base_model.model.model.layers.23.mlp.up_proj.lora_A.default.weight -- torch.Size([16, 4096])🧊 Frozen parameter: clip_model.transformer.resblocks.6.ln_1.weight -- torch.Size([512])

🔥 Tuned parameter: llm_model.base_model.model.model.layers.23.mlp.up_proj.lora_B.default.weight -- torch.Size([11008, 16])🧊 Frozen parameter: clip_model.transformer.resblocks.6.ln_1.bias -- torch.Size([512])

🧊 Frozen parameter: llm_model.base_model.model.model.layers.23.mlp.down_proj.base_layer.weight -- torch.Size([4096, 11008])🧊 Frozen parameter: clip_model.transformer.resblocks.6.mlp.c_fc.weight -- torch.Size([2048, 512])

🔥 Tuned parameter: llm_model.base_model.model.model.layers.23.mlp.down_proj.lora_A.default.weight -- torch.Size([16, 11008])🧊 Frozen parameter: clip_model.transformer.resblocks.6.mlp.c_fc.bias -- torch.Size([2048])

🔥 Tuned parameter: llm_model.base_model.model.model.layers.23.mlp.down_proj.lora_B.default.weight -- torch.Size([4096, 16])🧊 Frozen parameter: clip_model.transformer.resblocks.6.mlp.c_proj.weight -- torch.Size([512, 2048])

🧊 Frozen parameter: llm_model.base_model.model.model.layers.23.input_layernorm.weight -- torch.Size([4096])🧊 Frozen parameter: clip_model.transformer.resblocks.6.mlp.c_proj.bias -- torch.Size([512])

🧊 Frozen parameter: llm_model.base_model.model.model.layers.23.post_attention_layernorm.weight -- torch.Size([4096])🧊 Frozen parameter: clip_model.transformer.resblocks.6.ln_2.weight -- torch.Size([512])

🧊 Frozen parameter: llm_model.base_model.model.model.layers.24.self_attn.q_proj.base_layer.weight -- torch.Size([4096, 4096])🧊 Frozen parameter: clip_model.transformer.resblocks.6.ln_2.bias -- torch.Size([512])

🔥 Tuned parameter: llm_model.base_model.model.model.layers.24.self_attn.q_proj.lora_A.default.weight -- torch.Size([16, 4096])🧊 Frozen parameter: clip_model.transformer.resblocks.7.attn.in_proj_weight -- torch.Size([1536, 512])

🔥 Tuned parameter: llm_model.base_model.model.model.layers.24.self_attn.q_proj.lora_B.default.weight -- torch.Size([4096, 16])🧊 Frozen parameter: clip_model.transformer.resblocks.7.attn.in_proj_bias -- torch.Size([1536])

🧊 Frozen parameter: llm_model.base_model.model.model.layers.24.self_attn.k_proj.base_layer.weight -- torch.Size([4096, 4096])🧊 Frozen parameter: clip_model.transformer.resblocks.7.attn.out_proj.weight -- torch.Size([512, 512])

🔥 Tuned parameter: llm_model.base_model.model.model.layers.24.self_attn.k_proj.lora_A.default.weight -- torch.Size([16, 4096])🧊 Frozen parameter: clip_model.transformer.resblocks.7.attn.out_proj.bias -- torch.Size([512])

🔥 Tuned parameter: llm_model.base_model.model.model.layers.24.self_attn.k_proj.lora_B.default.weight -- torch.Size([4096, 16])🧊 Frozen parameter: clip_model.transformer.resblocks.7.ln_1.weight -- torch.Size([512])

🧊 Frozen parameter: llm_model.base_model.model.model.layers.24.self_attn.v_proj.base_layer.weight -- torch.Size([4096, 4096])🧊 Frozen parameter: clip_model.transformer.resblocks.7.ln_1.bias -- torch.Size([512])

🔥 Tuned parameter: llm_model.base_model.model.model.layers.24.self_attn.v_proj.lora_A.default.weight -- torch.Size([16, 4096])🧊 Frozen parameter: clip_model.transformer.resblocks.7.mlp.c_fc.weight -- torch.Size([2048, 512])

🔥 Tuned parameter: llm_model.base_model.model.model.layers.24.self_attn.v_proj.lora_B.default.weight -- torch.Size([4096, 16])🧊 Frozen parameter: clip_model.transformer.resblocks.7.mlp.c_fc.bias -- torch.Size([2048])

🧊 Frozen parameter: llm_model.base_model.model.model.layers.24.self_attn.o_proj.base_layer.weight -- torch.Size([4096, 4096])🧊 Frozen parameter: clip_model.transformer.resblocks.7.mlp.c_proj.weight -- torch.Size([512, 2048])

🔥 Tuned parameter: llm_model.base_model.model.model.layers.24.self_attn.o_proj.lora_A.default.weight -- torch.Size([16, 4096])🧊 Frozen parameter: clip_model.transformer.resblocks.7.mlp.c_proj.bias -- torch.Size([512])

🔥 Tuned parameter: llm_model.base_model.model.model.layers.24.self_attn.o_proj.lora_B.default.weight -- torch.Size([4096, 16])🧊 Frozen parameter: clip_model.transformer.resblocks.7.ln_2.weight -- torch.Size([512])

🧊 Frozen parameter: llm_model.base_model.model.model.layers.24.mlp.gate_proj.base_layer.weight -- torch.Size([11008, 4096])🧊 Frozen parameter: clip_model.transformer.resblocks.7.ln_2.bias -- torch.Size([512])

🔥 Tuned parameter: llm_model.base_model.model.model.layers.24.mlp.gate_proj.lora_A.default.weight -- torch.Size([16, 4096])🧊 Frozen parameter: clip_model.transformer.resblocks.8.attn.in_proj_weight -- torch.Size([1536, 512])

🔥 Tuned parameter: llm_model.base_model.model.model.layers.24.mlp.gate_proj.lora_B.default.weight -- torch.Size([11008, 16])🧊 Frozen parameter: clip_model.transformer.resblocks.8.attn.in_proj_bias -- torch.Size([1536])

🧊 Frozen parameter: llm_model.base_model.model.model.layers.24.mlp.up_proj.base_layer.weight -- torch.Size([11008, 4096])🧊 Frozen parameter: clip_model.transformer.resblocks.8.attn.out_proj.weight -- torch.Size([512, 512])

🔥 Tuned parameter: llm_model.base_model.model.model.layers.24.mlp.up_proj.lora_A.default.weight -- torch.Size([16, 4096])🧊 Frozen parameter: clip_model.transformer.resblocks.8.attn.out_proj.bias -- torch.Size([512])

🔥 Tuned parameter: llm_model.base_model.model.model.layers.24.mlp.up_proj.lora_B.default.weight -- torch.Size([11008, 16])🧊 Frozen parameter: clip_model.transformer.resblocks.8.ln_1.weight -- torch.Size([512])

🧊 Frozen parameter: llm_model.base_model.model.model.layers.24.mlp.down_proj.base_layer.weight -- torch.Size([4096, 11008])🧊 Frozen parameter: clip_model.transformer.resblocks.8.ln_1.bias -- torch.Size([512])

🔥 Tuned parameter: llm_model.base_model.model.model.layers.24.mlp.down_proj.lora_A.default.weight -- torch.Size([16, 11008])🧊 Frozen parameter: clip_model.transformer.resblocks.8.mlp.c_fc.weight -- torch.Size([2048, 512])

🔥 Tuned parameter: llm_model.base_model.model.model.layers.24.mlp.down_proj.lora_B.default.weight -- torch.Size([4096, 16])🧊 Frozen parameter: clip_model.transformer.resblocks.8.mlp.c_fc.bias -- torch.Size([2048])

🧊 Frozen parameter: llm_model.base_model.model.model.layers.24.input_layernorm.weight -- torch.Size([4096])🧊 Frozen parameter: clip_model.transformer.resblocks.8.mlp.c_proj.weight -- torch.Size([512, 2048])

🧊 Frozen parameter: llm_model.base_model.model.model.layers.24.post_attention_layernorm.weight -- torch.Size([4096])🧊 Frozen parameter: clip_model.transformer.resblocks.8.mlp.c_proj.bias -- torch.Size([512])

🧊 Frozen parameter: llm_model.base_model.model.model.layers.25.self_attn.q_proj.base_layer.weight -- torch.Size([4096, 4096])🧊 Frozen parameter: clip_model.transformer.resblocks.8.ln_2.weight -- torch.Size([512])

🔥 Tuned parameter: llm_model.base_model.model.model.layers.25.self_attn.q_proj.lora_A.default.weight -- torch.Size([16, 4096])🧊 Frozen parameter: clip_model.transformer.resblocks.8.ln_2.bias -- torch.Size([512])

🔥 Tuned parameter: llm_model.base_model.model.model.layers.25.self_attn.q_proj.lora_B.default.weight -- torch.Size([4096, 16])🧊 Frozen parameter: clip_model.transformer.resblocks.9.attn.in_proj_weight -- torch.Size([1536, 512])

🧊 Frozen parameter: llm_model.base_model.model.model.layers.25.self_attn.k_proj.base_layer.weight -- torch.Size([4096, 4096])🧊 Frozen parameter: clip_model.transformer.resblocks.9.attn.in_proj_bias -- torch.Size([1536])

🔥 Tuned parameter: llm_model.base_model.model.model.layers.25.self_attn.k_proj.lora_A.default.weight -- torch.Size([16, 4096])🧊 Frozen parameter: clip_model.transformer.resblocks.9.attn.out_proj.weight -- torch.Size([512, 512])

🔥 Tuned parameter: llm_model.base_model.model.model.layers.25.self_attn.k_proj.lora_B.default.weight -- torch.Size([4096, 16])🧊 Frozen parameter: clip_model.transformer.resblocks.9.attn.out_proj.bias -- torch.Size([512])

🧊 Frozen parameter: llm_model.base_model.model.model.layers.25.self_attn.v_proj.base_layer.weight -- torch.Size([4096, 4096])🧊 Frozen parameter: clip_model.transformer.resblocks.9.ln_1.weight -- torch.Size([512])

🔥 Tuned parameter: llm_model.base_model.model.model.layers.25.self_attn.v_proj.lora_A.default.weight -- torch.Size([16, 4096])🧊 Frozen parameter: clip_model.transformer.resblocks.9.ln_1.bias -- torch.Size([512])

🔥 Tuned parameter: llm_model.base_model.model.model.layers.25.self_attn.v_proj.lora_B.default.weight -- torch.Size([4096, 16])🧊 Frozen parameter: clip_model.transformer.resblocks.9.mlp.c_fc.weight -- torch.Size([2048, 512])

🧊 Frozen parameter: llm_model.base_model.model.model.layers.25.self_attn.o_proj.base_layer.weight -- torch.Size([4096, 4096])🧊 Frozen parameter: clip_model.transformer.resblocks.9.mlp.c_fc.bias -- torch.Size([2048])

🔥 Tuned parameter: llm_model.base_model.model.model.layers.25.self_attn.o_proj.lora_A.default.weight -- torch.Size([16, 4096])🧊 Frozen parameter: clip_model.transformer.resblocks.9.mlp.c_proj.weight -- torch.Size([512, 2048])

🔥 Tuned parameter: llm_model.base_model.model.model.layers.25.self_attn.o_proj.lora_B.default.weight -- torch.Size([4096, 16])🧊 Frozen parameter: clip_model.transformer.resblocks.9.mlp.c_proj.bias -- torch.Size([512])

🧊 Frozen parameter: llm_model.base_model.model.model.layers.25.mlp.gate_proj.base_layer.weight -- torch.Size([11008, 4096])🧊 Frozen parameter: clip_model.transformer.resblocks.9.ln_2.weight -- torch.Size([512])

🔥 Tuned parameter: llm_model.base_model.model.model.layers.25.mlp.gate_proj.lora_A.default.weight -- torch.Size([16, 4096])🧊 Frozen parameter: clip_model.transformer.resblocks.9.ln_2.bias -- torch.Size([512])

🔥 Tuned parameter: llm_model.base_model.model.model.layers.25.mlp.gate_proj.lora_B.default.weight -- torch.Size([11008, 16])🧊 Frozen parameter: clip_model.transformer.resblocks.10.attn.in_proj_weight -- torch.Size([1536, 512])

🧊 Frozen parameter: llm_model.base_model.model.model.layers.25.mlp.up_proj.base_layer.weight -- torch.Size([11008, 4096])🧊 Frozen parameter: clip_model.transformer.resblocks.10.attn.in_proj_bias -- torch.Size([1536])

🔥 Tuned parameter: llm_model.base_model.model.model.layers.25.mlp.up_proj.lora_A.default.weight -- torch.Size([16, 4096])🧊 Frozen parameter: clip_model.transformer.resblocks.10.attn.out_proj.weight -- torch.Size([512, 512])

🔥 Tuned parameter: llm_model.base_model.model.model.layers.25.mlp.up_proj.lora_B.default.weight -- torch.Size([11008, 16])🧊 Frozen parameter: clip_model.transformer.resblocks.10.attn.out_proj.bias -- torch.Size([512])

🧊 Frozen parameter: llm_model.base_model.model.model.layers.25.mlp.down_proj.base_layer.weight -- torch.Size([4096, 11008])🧊 Frozen parameter: clip_model.transformer.resblocks.10.ln_1.weight -- torch.Size([512])

🔥 Tuned parameter: llm_model.base_model.model.model.layers.25.mlp.down_proj.lora_A.default.weight -- torch.Size([16, 11008])🧊 Frozen parameter: clip_model.transformer.resblocks.10.ln_1.bias -- torch.Size([512])

🔥 Tuned parameter: llm_model.base_model.model.model.layers.25.mlp.down_proj.lora_B.default.weight -- torch.Size([4096, 16])🧊 Frozen parameter: clip_model.transformer.resblocks.10.mlp.c_fc.weight -- torch.Size([2048, 512])

🧊 Frozen parameter: llm_model.base_model.model.model.layers.25.input_layernorm.weight -- torch.Size([4096])🧊 Frozen parameter: clip_model.transformer.resblocks.10.mlp.c_fc.bias -- torch.Size([2048])

🧊 Frozen parameter: llm_model.base_model.model.model.layers.25.post_attention_layernorm.weight -- torch.Size([4096])🧊 Frozen parameter: clip_model.transformer.resblocks.10.mlp.c_proj.weight -- torch.Size([512, 2048])

🧊 Frozen parameter: llm_model.base_model.model.model.layers.26.self_attn.q_proj.base_layer.weight -- torch.Size([4096, 4096])🧊 Frozen parameter: clip_model.transformer.resblocks.10.mlp.c_proj.bias -- torch.Size([512])

🔥 Tuned parameter: llm_model.base_model.model.model.layers.26.self_attn.q_proj.lora_A.default.weight -- torch.Size([16, 4096])🧊 Frozen parameter: clip_model.transformer.resblocks.10.ln_2.weight -- torch.Size([512])

🔥 Tuned parameter: llm_model.base_model.model.model.layers.26.self_attn.q_proj.lora_B.default.weight -- torch.Size([4096, 16])🧊 Frozen parameter: clip_model.transformer.resblocks.10.ln_2.bias -- torch.Size([512])

🧊 Frozen parameter: llm_model.base_model.model.model.layers.26.self_attn.k_proj.base_layer.weight -- torch.Size([4096, 4096])🧊 Frozen parameter: clip_model.transformer.resblocks.11.attn.in_proj_weight -- torch.Size([1536, 512])

🔥 Tuned parameter: llm_model.base_model.model.model.layers.26.self_attn.k_proj.lora_A.default.weight -- torch.Size([16, 4096])🧊 Frozen parameter: clip_model.transformer.resblocks.11.attn.in_proj_bias -- torch.Size([1536])

🔥 Tuned parameter: llm_model.base_model.model.model.layers.26.self_attn.k_proj.lora_B.default.weight -- torch.Size([4096, 16])🧊 Frozen parameter: clip_model.transformer.resblocks.11.attn.out_proj.weight -- torch.Size([512, 512])

🧊 Frozen parameter: llm_model.base_model.model.model.layers.26.self_attn.v_proj.base_layer.weight -- torch.Size([4096, 4096])🧊 Frozen parameter: clip_model.transformer.resblocks.11.attn.out_proj.bias -- torch.Size([512])

🔥 Tuned parameter: llm_model.base_model.model.model.layers.26.self_attn.v_proj.lora_A.default.weight -- torch.Size([16, 4096])🧊 Frozen parameter: clip_model.transformer.resblocks.11.ln_1.weight -- torch.Size([512])

🔥 Tuned parameter: llm_model.base_model.model.model.layers.26.self_attn.v_proj.lora_B.default.weight -- torch.Size([4096, 16])🧊 Frozen parameter: clip_model.transformer.resblocks.11.ln_1.bias -- torch.Size([512])

🧊 Frozen parameter: llm_model.base_model.model.model.layers.26.self_attn.o_proj.base_layer.weight -- torch.Size([4096, 4096])🧊 Frozen parameter: clip_model.transformer.resblocks.11.mlp.c_fc.weight -- torch.Size([2048, 512])

🔥 Tuned parameter: llm_model.base_model.model.model.layers.26.self_attn.o_proj.lora_A.default.weight -- torch.Size([16, 4096])🧊 Frozen parameter: clip_model.transformer.resblocks.11.mlp.c_fc.bias -- torch.Size([2048])

🔥 Tuned parameter: llm_model.base_model.model.model.layers.26.self_attn.o_proj.lora_B.default.weight -- torch.Size([4096, 16])🧊 Frozen parameter: clip_model.transformer.resblocks.11.mlp.c_proj.weight -- torch.Size([512, 2048])

🧊 Frozen parameter: clip_model.transformer.resblocks.11.mlp.c_proj.bias -- torch.Size([512])🧊 Frozen parameter: llm_model.base_model.model.model.layers.26.mlp.gate_proj.base_layer.weight -- torch.Size([11008, 4096])

🧊 Frozen parameter: clip_model.transformer.resblocks.11.ln_2.weight -- torch.Size([512])🔥 Tuned parameter: llm_model.base_model.model.model.layers.26.mlp.gate_proj.lora_A.default.weight -- torch.Size([16, 4096])

🧊 Frozen parameter: clip_model.transformer.resblocks.11.ln_2.bias -- torch.Size([512])🔥 Tuned parameter: llm_model.base_model.model.model.layers.26.mlp.gate_proj.lora_B.default.weight -- torch.Size([11008, 16])

🧊 Frozen parameter: clip_model.token_embedding.weight -- torch.Size([49408, 512])🧊 Frozen parameter: llm_model.base_model.model.model.layers.26.mlp.up_proj.base_layer.weight -- torch.Size([11008, 4096])

🧊 Frozen parameter: clip_model.ln_final.weight -- torch.Size([512])🔥 Tuned parameter: llm_model.base_model.model.model.layers.26.mlp.up_proj.lora_A.default.weight -- torch.Size([16, 4096])

🧊 Frozen parameter: clip_model.ln_final.bias -- torch.Size([512])🔥 Tuned parameter: llm_model.base_model.model.model.layers.26.mlp.up_proj.lora_B.default.weight -- torch.Size([11008, 16])

🔥 Tuned parameter: clip_proj.weight -- torch.Size([4096, 1024])🧊 Frozen parameter: llm_model.base_model.model.model.layers.26.mlp.down_proj.base_layer.weight -- torch.Size([4096, 11008])

🔥 Tuned parameter: clip_proj.bias -- torch.Size([4096])🔥 Tuned parameter: llm_model.base_model.model.model.layers.26.mlp.down_proj.lora_A.default.weight -- torch.Size([16, 11008])

🔥 Tuned parameter: llm_model.base_model.model.model.layers.26.mlp.down_proj.lora_B.default.weight -- torch.Size([4096, 16])
🧊 Frozen parameter: llm_model.base_model.model.model.layers.26.input_layernorm.weight -- torch.Size([4096])
🧊 Frozen parameter: llm_model.base_model.model.model.layers.26.post_attention_layernorm.weight -- torch.Size([4096])
🧊 Frozen parameter: llm_model.base_model.model.model.layers.27.self_attn.q_proj.base_layer.weight -- torch.Size([4096, 4096])
🔥 Tuned parameter: llm_model.base_model.model.model.layers.27.self_attn.q_proj.lora_A.default.weight -- torch.Size([16, 4096])
🔥 Tuned parameter: llm_model.base_model.model.model.layers.27.self_attn.q_proj.lora_B.default.weight -- torch.Size([4096, 16])
🧊 Frozen parameter: llm_model.base_model.model.model.layers.27.self_attn.k_proj.base_layer.weight -- torch.Size([4096, 4096])
🔥 Tuned parameter: llm_model.base_model.model.model.layers.27.self_attn.k_proj.lora_A.default.weight -- torch.Size([16, 4096])
🔥 Tuned parameter: llm_model.base_model.model.model.layers.27.self_attn.k_proj.lora_B.default.weight -- torch.Size([4096, 16])
🧊 Frozen parameter: llm_model.base_model.model.model.layers.27.self_attn.v_proj.base_layer.weight -- torch.Size([4096, 4096])
🔥 Tuned parameter: llm_model.base_model.model.model.layers.27.self_attn.v_proj.lora_A.default.weight -- torch.Size([16, 4096])
🔥 Tuned parameter: llm_model.base_model.model.model.layers.27.self_attn.v_proj.lora_B.default.weight -- torch.Size([4096, 16])
🧊 Frozen parameter: llm_model.base_model.model.model.layers.27.self_attn.o_proj.base_layer.weight -- torch.Size([4096, 4096])
🔥 Tuned parameter: llm_model.base_model.model.model.layers.27.self_attn.o_proj.lora_A.default.weight -- torch.Size([16, 4096])
🔥 Tuned parameter: llm_model.base_model.model.model.layers.27.self_attn.o_proj.lora_B.default.weight -- torch.Size([4096, 16])
🧊 Frozen parameter: llm_model.base_model.model.model.layers.27.mlp.gate_proj.base_layer.weight -- torch.Size([11008, 4096])
🔥 Tuned parameter: llm_model.base_model.model.model.layers.27.mlp.gate_proj.lora_A.default.weight -- torch.Size([16, 4096])
🔥 Tuned parameter: llm_model.base_model.model.model.layers.27.mlp.gate_proj.lora_B.default.weight -- torch.Size([11008, 16])
🧊 Frozen parameter: llm_model.base_model.model.model.layers.27.mlp.up_proj.base_layer.weight -- torch.Size([11008, 4096])
🔥 Tuned parameter: llm_model.base_model.model.model.layers.27.mlp.up_proj.lora_A.default.weight -- torch.Size([16, 4096])
🔥 Tuned parameter: llm_model.base_model.model.model.layers.27.mlp.up_proj.lora_B.default.weight -- torch.Size([11008, 16])
🧊 Frozen parameter: llm_model.base_model.model.model.layers.27.mlp.down_proj.base_layer.weight -- torch.Size([4096, 11008])
🔥 Tuned parameter: llm_model.base_model.model.model.layers.27.mlp.down_proj.lora_A.default.weight -- torch.Size([16, 11008])
🔥 Tuned parameter: llm_model.base_model.model.model.layers.27.mlp.down_proj.lora_B.default.weight -- torch.Size([4096, 16])
🧊 Frozen parameter: llm_model.base_model.model.model.layers.27.input_layernorm.weight -- torch.Size([4096])
🧊 Frozen parameter: llm_model.base_model.model.model.layers.27.post_attention_layernorm.weight -- torch.Size([4096])
🧊 Frozen parameter: llm_model.base_model.model.model.layers.28.self_attn.q_proj.base_layer.weight -- torch.Size([4096, 4096])
🔥 Tuned parameter: llm_model.base_model.model.model.layers.28.self_attn.q_proj.lora_A.default.weight -- torch.Size([16, 4096])
🔥 Tuned parameter: llm_model.base_model.model.model.layers.28.self_attn.q_proj.lora_B.default.weight -- torch.Size([4096, 16])
🧊 Frozen parameter: llm_model.base_model.model.model.layers.28.self_attn.k_proj.base_layer.weight -- torch.Size([4096, 4096])
🔥 Tuned parameter: llm_model.base_model.model.model.layers.28.self_attn.k_proj.lora_A.default.weight -- torch.Size([16, 4096])
🔥 Tuned parameter: llm_model.base_model.model.model.layers.28.self_attn.k_proj.lora_B.default.weight -- torch.Size([4096, 16])
🧊 Frozen parameter: llm_model.base_model.model.model.layers.28.self_attn.v_proj.base_layer.weight -- torch.Size([4096, 4096])
🔥 Tuned parameter: llm_model.base_model.model.model.layers.28.self_attn.v_proj.lora_A.default.weight -- torch.Size([16, 4096])
🔥 Tuned parameter: llm_model.base_model.model.model.layers.28.self_attn.v_proj.lora_B.default.weight -- torch.Size([4096, 16])
🧊 Frozen parameter: llm_model.base_model.model.model.layers.28.self_attn.o_proj.base_layer.weight -- torch.Size([4096, 4096])
🔥 Tuned parameter: llm_model.base_model.model.model.layers.28.self_attn.o_proj.lora_A.default.weight -- torch.Size([16, 4096])
🔥 Tuned parameter: llm_model.base_model.model.model.layers.28.self_attn.o_proj.lora_B.default.weight -- torch.Size([4096, 16])
🧊 Frozen parameter: llm_model.base_model.model.model.layers.28.mlp.gate_proj.base_layer.weight -- torch.Size([11008, 4096])
🔥 Tuned parameter: llm_model.base_model.model.model.layers.28.mlp.gate_proj.lora_A.default.weight -- torch.Size([16, 4096])
🔥 Tuned parameter: llm_model.base_model.model.model.layers.28.mlp.gate_proj.lora_B.default.weight -- torch.Size([11008, 16])
🧊 Frozen parameter: llm_model.base_model.model.model.layers.28.mlp.up_proj.base_layer.weight -- torch.Size([11008, 4096])
🔥 Tuned parameter: llm_model.base_model.model.model.layers.28.mlp.up_proj.lora_A.default.weight -- torch.Size([16, 4096])
🔥 Tuned parameter: llm_model.base_model.model.model.layers.28.mlp.up_proj.lora_B.default.weight -- torch.Size([11008, 16])
🧊 Frozen parameter: llm_model.base_model.model.model.layers.28.mlp.down_proj.base_layer.weight -- torch.Size([4096, 11008])
🔥 Tuned parameter: llm_model.base_model.model.model.layers.28.mlp.down_proj.lora_A.default.weight -- torch.Size([16, 11008])
🔥 Tuned parameter: llm_model.base_model.model.model.layers.28.mlp.down_proj.lora_B.default.weight -- torch.Size([4096, 16])
🧊 Frozen parameter: llm_model.base_model.model.model.layers.28.input_layernorm.weight -- torch.Size([4096])
🧊 Frozen parameter: llm_model.base_model.model.model.layers.28.post_attention_layernorm.weight -- torch.Size([4096])
🧊 Frozen parameter: llm_model.base_model.model.model.layers.29.self_attn.q_proj.base_layer.weight -- torch.Size([4096, 4096])
🔥 Tuned parameter: llm_model.base_model.model.model.layers.29.self_attn.q_proj.lora_A.default.weight -- torch.Size([16, 4096])
🔥 Tuned parameter: llm_model.base_model.model.model.layers.29.self_attn.q_proj.lora_B.default.weight -- torch.Size([4096, 16])
🧊 Frozen parameter: llm_model.base_model.model.model.layers.29.self_attn.k_proj.base_layer.weight -- torch.Size([4096, 4096])
🔥 Tuned parameter: llm_model.base_model.model.model.layers.29.self_attn.k_proj.lora_A.default.weight -- torch.Size([16, 4096])
🔥 Tuned parameter: llm_model.base_model.model.model.layers.29.self_attn.k_proj.lora_B.default.weight -- torch.Size([4096, 16])
🧊 Frozen parameter: llm_model.base_model.model.model.layers.29.self_attn.v_proj.base_layer.weight -- torch.Size([4096, 4096])
🔥 Tuned parameter: llm_model.base_model.model.model.layers.29.self_attn.v_proj.lora_A.default.weight -- torch.Size([16, 4096])
🔥 Tuned parameter: llm_model.base_model.model.model.layers.29.self_attn.v_proj.lora_B.default.weight -- torch.Size([4096, 16])
🧊 Frozen parameter: llm_model.base_model.model.model.layers.29.self_attn.o_proj.base_layer.weight -- torch.Size([4096, 4096])
🔥 Tuned parameter: llm_model.base_model.model.model.layers.29.self_attn.o_proj.lora_A.default.weight -- torch.Size([16, 4096])
🔥 Tuned parameter: llm_model.base_model.model.model.layers.29.self_attn.o_proj.lora_B.default.weight -- torch.Size([4096, 16])
🧊 Frozen parameter: llm_model.base_model.model.model.layers.29.mlp.gate_proj.base_layer.weight -- torch.Size([11008, 4096])
🔥 Tuned parameter: llm_model.base_model.model.model.layers.29.mlp.gate_proj.lora_A.default.weight -- torch.Size([16, 4096])
🔥 Tuned parameter: llm_model.base_model.model.model.layers.29.mlp.gate_proj.lora_B.default.weight -- torch.Size([11008, 16])
🧊 Frozen parameter: llm_model.base_model.model.model.layers.29.mlp.up_proj.base_layer.weight -- torch.Size([11008, 4096])
🔥 Tuned parameter: llm_model.base_model.model.model.layers.29.mlp.up_proj.lora_A.default.weight -- torch.Size([16, 4096])
🔥 Tuned parameter: llm_model.base_model.model.model.layers.29.mlp.up_proj.lora_B.default.weight -- torch.Size([11008, 16])
🧊 Frozen parameter: llm_model.base_model.model.model.layers.29.mlp.down_proj.base_layer.weight -- torch.Size([4096, 11008])
🔥 Tuned parameter: llm_model.base_model.model.model.layers.29.mlp.down_proj.lora_A.default.weight -- torch.Size([16, 11008])
🔥 Tuned parameter: llm_model.base_model.model.model.layers.29.mlp.down_proj.lora_B.default.weight -- torch.Size([4096, 16])
🧊 Frozen parameter: llm_model.base_model.model.model.layers.29.input_layernorm.weight -- torch.Size([4096])
🧊 Frozen parameter: llm_model.base_model.model.model.layers.29.post_attention_layernorm.weight -- torch.Size([4096])
🧊 Frozen parameter: llm_model.base_model.model.model.layers.30.self_attn.q_proj.base_layer.weight -- torch.Size([4096, 4096])
🔥 Tuned parameter: llm_model.base_model.model.model.layers.30.self_attn.q_proj.lora_A.default.weight -- torch.Size([16, 4096])
🔥 Tuned parameter: llm_model.base_model.model.model.layers.30.self_attn.q_proj.lora_B.default.weight -- torch.Size([4096, 16])
🧊 Frozen parameter: llm_model.base_model.model.model.layers.30.self_attn.k_proj.base_layer.weight -- torch.Size([4096, 4096])
🔥 Tuned parameter: llm_model.base_model.model.model.layers.30.self_attn.k_proj.lora_A.default.weight -- torch.Size([16, 4096])
🔥 Tuned parameter: llm_model.base_model.model.model.layers.30.self_attn.k_proj.lora_B.default.weight -- torch.Size([4096, 16])
🧊 Frozen parameter: llm_model.base_model.model.model.layers.30.self_attn.v_proj.base_layer.weight -- torch.Size([4096, 4096])
🔥 Tuned parameter: llm_model.base_model.model.model.layers.30.self_attn.v_proj.lora_A.default.weight -- torch.Size([16, 4096])
🔥 Tuned parameter: llm_model.base_model.model.model.layers.30.self_attn.v_proj.lora_B.default.weight -- torch.Size([4096, 16])
🧊 Frozen parameter: llm_model.base_model.model.model.layers.30.self_attn.o_proj.base_layer.weight -- torch.Size([4096, 4096])
🔥 Tuned parameter: llm_model.base_model.model.model.layers.30.self_attn.o_proj.lora_A.default.weight -- torch.Size([16, 4096])
🔥 Tuned parameter: llm_model.base_model.model.model.layers.30.self_attn.o_proj.lora_B.default.weight -- torch.Size([4096, 16])
🧊 Frozen parameter: llm_model.base_model.model.model.layers.30.mlp.gate_proj.base_layer.weight -- torch.Size([11008, 4096])
🔥 Tuned parameter: llm_model.base_model.model.model.layers.30.mlp.gate_proj.lora_A.default.weight -- torch.Size([16, 4096])
🔥 Tuned parameter: llm_model.base_model.model.model.layers.30.mlp.gate_proj.lora_B.default.weight -- torch.Size([11008, 16])
🧊 Frozen parameter: llm_model.base_model.model.model.layers.30.mlp.up_proj.base_layer.weight -- torch.Size([11008, 4096])
🔥 Tuned parameter: llm_model.base_model.model.model.layers.30.mlp.up_proj.lora_A.default.weight -- torch.Size([16, 4096])
🔥 Tuned parameter: llm_model.base_model.model.model.layers.30.mlp.up_proj.lora_B.default.weight -- torch.Size([11008, 16])
🧊 Frozen parameter: llm_model.base_model.model.model.layers.30.mlp.down_proj.base_layer.weight -- torch.Size([4096, 11008])
🔥 Tuned parameter: llm_model.base_model.model.model.layers.30.mlp.down_proj.lora_A.default.weight -- torch.Size([16, 11008])
🔥 Tuned parameter: llm_model.base_model.model.model.layers.30.mlp.down_proj.lora_B.default.weight -- torch.Size([4096, 16])
🧊 Frozen parameter: llm_model.base_model.model.model.layers.30.input_layernorm.weight -- torch.Size([4096])
🧊 Frozen parameter: llm_model.base_model.model.model.layers.30.post_attention_layernorm.weight -- torch.Size([4096])
🧊 Frozen parameter: llm_model.base_model.model.model.layers.31.self_attn.q_proj.base_layer.weight -- torch.Size([4096, 4096])
🔥 Tuned parameter: llm_model.base_model.model.model.layers.31.self_attn.q_proj.lora_A.default.weight -- torch.Size([16, 4096])
🔥 Tuned parameter: llm_model.base_model.model.model.layers.31.self_attn.q_proj.lora_B.default.weight -- torch.Size([4096, 16])
🧊 Frozen parameter: llm_model.base_model.model.model.layers.31.self_attn.k_proj.base_layer.weight -- torch.Size([4096, 4096])
🔥 Tuned parameter: llm_model.base_model.model.model.layers.31.self_attn.k_proj.lora_A.default.weight -- torch.Size([16, 4096])
🔥 Tuned parameter: llm_model.base_model.model.model.layers.31.self_attn.k_proj.lora_B.default.weight -- torch.Size([4096, 16])
🧊 Frozen parameter: llm_model.base_model.model.model.layers.31.self_attn.v_proj.base_layer.weight -- torch.Size([4096, 4096])
🔥 Tuned parameter: llm_model.base_model.model.model.layers.31.self_attn.v_proj.lora_A.default.weight -- torch.Size([16, 4096])
🔥 Tuned parameter: llm_model.base_model.model.model.layers.31.self_attn.v_proj.lora_B.default.weight -- torch.Size([4096, 16])
🧊 Frozen parameter: llm_model.base_model.model.model.layers.31.self_attn.o_proj.base_layer.weight -- torch.Size([4096, 4096])
🔥 Tuned parameter: llm_model.base_model.model.model.layers.31.self_attn.o_proj.lora_A.default.weight -- torch.Size([16, 4096])
🔥 Tuned parameter: llm_model.base_model.model.model.layers.31.self_attn.o_proj.lora_B.default.weight -- torch.Size([4096, 16])
🧊 Frozen parameter: llm_model.base_model.model.model.layers.31.mlp.gate_proj.base_layer.weight -- torch.Size([11008, 4096])
🔥 Tuned parameter: llm_model.base_model.model.model.layers.31.mlp.gate_proj.lora_A.default.weight -- torch.Size([16, 4096])
🔥 Tuned parameter: llm_model.base_model.model.model.layers.31.mlp.gate_proj.lora_B.default.weight -- torch.Size([11008, 16])
🧊 Frozen parameter: llm_model.base_model.model.model.layers.31.mlp.up_proj.base_layer.weight -- torch.Size([11008, 4096])
🔥 Tuned parameter: llm_model.base_model.model.model.layers.31.mlp.up_proj.lora_A.default.weight -- torch.Size([16, 4096])
🔥 Tuned parameter: llm_model.base_model.model.model.layers.31.mlp.up_proj.lora_B.default.weight -- torch.Size([11008, 16])
🧊 Frozen parameter: llm_model.base_model.model.model.layers.31.mlp.down_proj.base_layer.weight -- torch.Size([4096, 11008])
🔥 Tuned parameter: llm_model.base_model.model.model.layers.31.mlp.down_proj.lora_A.default.weight -- torch.Size([16, 11008])
🔥 Tuned parameter: llm_model.base_model.model.model.layers.31.mlp.down_proj.lora_B.default.weight -- torch.Size([4096, 16])
🧊 Frozen parameter: llm_model.base_model.model.model.layers.31.input_layernorm.weight -- torch.Size([4096])
🧊 Frozen parameter: llm_model.base_model.model.model.layers.31.post_attention_layernorm.weight -- torch.Size([4096])
🧊 Frozen parameter: llm_model.base_model.model.model.norm.weight -- torch.Size([4096])
🧊 Frozen parameter: llm_model.base_model.model.lm_head.weight -- torch.Size([32001, 4096])
🔥 Tuned parameter: llm_proj.weight -- torch.Size([4096, 256])
🔥 Tuned parameter: llm_proj.bias -- torch.Size([4096])
🔥 Tuned parameter: image_encoder.qformer_query -- torch.Size([1, 32, 768])
🔥 Tuned parameter: image_encoder.vision_model.embeddings.class_embedding -- torch.Size([1, 1, 1408])
🔥 Tuned parameter: image_encoder.vision_model.embeddings.position_embedding -- torch.Size([1, 257, 1408])
🔥 Tuned parameter: image_encoder.vision_model.embeddings.patch_embedding.weight -- torch.Size([1408, 3, 14, 14])
🔥 Tuned parameter: image_encoder.vision_model.embeddings.patch_embedding.bias -- torch.Size([1408])
🔥 Tuned parameter: image_encoder.vision_model.encoder.layers.0.self_attn.qkv.weight -- torch.Size([4224, 1408])
🔥 Tuned parameter: image_encoder.vision_model.encoder.layers.0.self_attn.qkv.bias -- torch.Size([4224])
🔥 Tuned parameter: image_encoder.vision_model.encoder.layers.0.self_attn.projection.weight -- torch.Size([1408, 1408])
🔥 Tuned parameter: image_encoder.vision_model.encoder.layers.0.self_attn.projection.bias -- torch.Size([1408])
🔥 Tuned parameter: image_encoder.vision_model.encoder.layers.0.layer_norm1.weight -- torch.Size([1408])
🔥 Tuned parameter: image_encoder.vision_model.encoder.layers.0.layer_norm1.bias -- torch.Size([1408])
🔥 Tuned parameter: image_encoder.vision_model.encoder.layers.0.mlp.fc1.weight -- torch.Size([6144, 1408])
🔥 Tuned parameter: image_encoder.vision_model.encoder.layers.0.mlp.fc1.bias -- torch.Size([6144])
🔥 Tuned parameter: image_encoder.vision_model.encoder.layers.0.mlp.fc2.weight -- torch.Size([1408, 6144])
🔥 Tuned parameter: image_encoder.vision_model.encoder.layers.0.mlp.fc2.bias -- torch.Size([1408])
🔥 Tuned parameter: image_encoder.vision_model.encoder.layers.0.layer_norm2.weight -- torch.Size([1408])
🔥 Tuned parameter: image_encoder.vision_model.encoder.layers.0.layer_norm2.bias -- torch.Size([1408])
🔥 Tuned parameter: image_encoder.vision_model.encoder.layers.1.self_attn.qkv.weight -- torch.Size([4224, 1408])
🔥 Tuned parameter: image_encoder.vision_model.encoder.layers.1.self_attn.qkv.bias -- torch.Size([4224])
🔥 Tuned parameter: image_encoder.vision_model.encoder.layers.1.self_attn.projection.weight -- torch.Size([1408, 1408])
🔥 Tuned parameter: image_encoder.vision_model.encoder.layers.1.self_attn.projection.bias -- torch.Size([1408])
🔥 Tuned parameter: image_encoder.vision_model.encoder.layers.1.layer_norm1.weight -- torch.Size([1408])
🔥 Tuned parameter: image_encoder.vision_model.encoder.layers.1.layer_norm1.bias -- torch.Size([1408])
🔥 Tuned parameter: image_encoder.vision_model.encoder.layers.1.mlp.fc1.weight -- torch.Size([6144, 1408])
🔥 Tuned parameter: image_encoder.vision_model.encoder.layers.1.mlp.fc1.bias -- torch.Size([6144])
🔥 Tuned parameter: image_encoder.vision_model.encoder.layers.1.mlp.fc2.weight -- torch.Size([1408, 6144])
🔥 Tuned parameter: image_encoder.vision_model.encoder.layers.1.mlp.fc2.bias -- torch.Size([1408])
🔥 Tuned parameter: image_encoder.vision_model.encoder.layers.1.layer_norm2.weight -- torch.Size([1408])
🔥 Tuned parameter: image_encoder.vision_model.encoder.layers.1.layer_norm2.bias -- torch.Size([1408])
🔥 Tuned parameter: image_encoder.vision_model.encoder.layers.2.self_attn.qkv.weight -- torch.Size([4224, 1408])
🔥 Tuned parameter: image_encoder.vision_model.encoder.layers.2.self_attn.qkv.bias -- torch.Size([4224])
🔥 Tuned parameter: image_encoder.vision_model.encoder.layers.2.self_attn.projection.weight -- torch.Size([1408, 1408])
🔥 Tuned parameter: image_encoder.vision_model.encoder.layers.2.self_attn.projection.bias -- torch.Size([1408])
🔥 Tuned parameter: image_encoder.vision_model.encoder.layers.2.layer_norm1.weight -- torch.Size([1408])
🔥 Tuned parameter: image_encoder.vision_model.encoder.layers.2.layer_norm1.bias -- torch.Size([1408])
🔥 Tuned parameter: image_encoder.vision_model.encoder.layers.2.mlp.fc1.weight -- torch.Size([6144, 1408])
🔥 Tuned parameter: image_encoder.vision_model.encoder.layers.2.mlp.fc1.bias -- torch.Size([6144])
🔥 Tuned parameter: image_encoder.vision_model.encoder.layers.2.mlp.fc2.weight -- torch.Size([1408, 6144])
🔥 Tuned parameter: image_encoder.vision_model.encoder.layers.2.mlp.fc2.bias -- torch.Size([1408])
🔥 Tuned parameter: image_encoder.vision_model.encoder.layers.2.layer_norm2.weight -- torch.Size([1408])
🔥 Tuned parameter: image_encoder.vision_model.encoder.layers.2.layer_norm2.bias -- torch.Size([1408])
🔥 Tuned parameter: image_encoder.vision_model.encoder.layers.3.self_attn.qkv.weight -- torch.Size([4224, 1408])
🔥 Tuned parameter: image_encoder.vision_model.encoder.layers.3.self_attn.qkv.bias -- torch.Size([4224])
🔥 Tuned parameter: image_encoder.vision_model.encoder.layers.3.self_attn.projection.weight -- torch.Size([1408, 1408])
🔥 Tuned parameter: image_encoder.vision_model.encoder.layers.3.self_attn.projection.bias -- torch.Size([1408])
🔥 Tuned parameter: image_encoder.vision_model.encoder.layers.3.layer_norm1.weight -- torch.Size([1408])
🔥 Tuned parameter: image_encoder.vision_model.encoder.layers.3.layer_norm1.bias -- torch.Size([1408])
🔥 Tuned parameter: image_encoder.vision_model.encoder.layers.3.mlp.fc1.weight -- torch.Size([6144, 1408])
🔥 Tuned parameter: image_encoder.vision_model.encoder.layers.3.mlp.fc1.bias -- torch.Size([6144])
🔥 Tuned parameter: image_encoder.vision_model.encoder.layers.3.mlp.fc2.weight -- torch.Size([1408, 6144])
🔥 Tuned parameter: image_encoder.vision_model.encoder.layers.3.mlp.fc2.bias -- torch.Size([1408])
🔥 Tuned parameter: image_encoder.vision_model.encoder.layers.3.layer_norm2.weight -- torch.Size([1408])
🔥 Tuned parameter: image_encoder.vision_model.encoder.layers.3.layer_norm2.bias -- torch.Size([1408])
🔥 Tuned parameter: image_encoder.vision_model.encoder.layers.4.self_attn.qkv.weight -- torch.Size([4224, 1408])
🔥 Tuned parameter: image_encoder.vision_model.encoder.layers.4.self_attn.qkv.bias -- torch.Size([4224])
🔥 Tuned parameter: image_encoder.vision_model.encoder.layers.4.self_attn.projection.weight -- torch.Size([1408, 1408])
🔥 Tuned parameter: image_encoder.vision_model.encoder.layers.4.self_attn.projection.bias -- torch.Size([1408])
🔥 Tuned parameter: image_encoder.vision_model.encoder.layers.4.layer_norm1.weight -- torch.Size([1408])
🔥 Tuned parameter: image_encoder.vision_model.encoder.layers.4.layer_norm1.bias -- torch.Size([1408])
🔥 Tuned parameter: image_encoder.vision_model.encoder.layers.4.mlp.fc1.weight -- torch.Size([6144, 1408])
🔥 Tuned parameter: image_encoder.vision_model.encoder.layers.4.mlp.fc1.bias -- torch.Size([6144])
🔥 Tuned parameter: image_encoder.vision_model.encoder.layers.4.mlp.fc2.weight -- torch.Size([1408, 6144])
🔥 Tuned parameter: image_encoder.vision_model.encoder.layers.4.mlp.fc2.bias -- torch.Size([1408])
🔥 Tuned parameter: image_encoder.vision_model.encoder.layers.4.layer_norm2.weight -- torch.Size([1408])
🔥 Tuned parameter: image_encoder.vision_model.encoder.layers.4.layer_norm2.bias -- torch.Size([1408])
🔥 Tuned parameter: image_encoder.vision_model.encoder.layers.5.self_attn.qkv.weight -- torch.Size([4224, 1408])
🔥 Tuned parameter: image_encoder.vision_model.encoder.layers.5.self_attn.qkv.bias -- torch.Size([4224])
🔥 Tuned parameter: image_encoder.vision_model.encoder.layers.5.self_attn.projection.weight -- torch.Size([1408, 1408])
🔥 Tuned parameter: image_encoder.vision_model.encoder.layers.5.self_attn.projection.bias -- torch.Size([1408])
🔥 Tuned parameter: image_encoder.vision_model.encoder.layers.5.layer_norm1.weight -- torch.Size([1408])
🔥 Tuned parameter: image_encoder.vision_model.encoder.layers.5.layer_norm1.bias -- torch.Size([1408])
🔥 Tuned parameter: image_encoder.vision_model.encoder.layers.5.mlp.fc1.weight -- torch.Size([6144, 1408])
🔥 Tuned parameter: image_encoder.vision_model.encoder.layers.5.mlp.fc1.bias -- torch.Size([6144])
🔥 Tuned parameter: image_encoder.vision_model.encoder.layers.5.mlp.fc2.weight -- torch.Size([1408, 6144])
🔥 Tuned parameter: image_encoder.vision_model.encoder.layers.5.mlp.fc2.bias -- torch.Size([1408])
🔥 Tuned parameter: image_encoder.vision_model.encoder.layers.5.layer_norm2.weight -- torch.Size([1408])
🔥 Tuned parameter: image_encoder.vision_model.encoder.layers.5.layer_norm2.bias -- torch.Size([1408])
🔥 Tuned parameter: image_encoder.vision_model.encoder.layers.6.self_attn.qkv.weight -- torch.Size([4224, 1408])
🔥 Tuned parameter: image_encoder.vision_model.encoder.layers.6.self_attn.qkv.bias -- torch.Size([4224])
🔥 Tuned parameter: image_encoder.vision_model.encoder.layers.6.self_attn.projection.weight -- torch.Size([1408, 1408])
🔥 Tuned parameter: image_encoder.vision_model.encoder.layers.6.self_attn.projection.bias -- torch.Size([1408])
🔥 Tuned parameter: image_encoder.vision_model.encoder.layers.6.layer_norm1.weight -- torch.Size([1408])
🔥 Tuned parameter: image_encoder.vision_model.encoder.layers.6.layer_norm1.bias -- torch.Size([1408])
🔥 Tuned parameter: image_encoder.vision_model.encoder.layers.6.mlp.fc1.weight -- torch.Size([6144, 1408])
🔥 Tuned parameter: image_encoder.vision_model.encoder.layers.6.mlp.fc1.bias -- torch.Size([6144])
🔥 Tuned parameter: image_encoder.vision_model.encoder.layers.6.mlp.fc2.weight -- torch.Size([1408, 6144])
🔥 Tuned parameter: image_encoder.vision_model.encoder.layers.6.mlp.fc2.bias -- torch.Size([1408])
🔥 Tuned parameter: image_encoder.vision_model.encoder.layers.6.layer_norm2.weight -- torch.Size([1408])
🔥 Tuned parameter: image_encoder.vision_model.encoder.layers.6.layer_norm2.bias -- torch.Size([1408])
🔥 Tuned parameter: image_encoder.vision_model.encoder.layers.7.self_attn.qkv.weight -- torch.Size([4224, 1408])
🔥 Tuned parameter: image_encoder.vision_model.encoder.layers.7.self_attn.qkv.bias -- torch.Size([4224])
🔥 Tuned parameter: image_encoder.vision_model.encoder.layers.7.self_attn.projection.weight -- torch.Size([1408, 1408])
🔥 Tuned parameter: image_encoder.vision_model.encoder.layers.7.self_attn.projection.bias -- torch.Size([1408])
🔥 Tuned parameter: image_encoder.vision_model.encoder.layers.7.layer_norm1.weight -- torch.Size([1408])
🔥 Tuned parameter: image_encoder.vision_model.encoder.layers.7.layer_norm1.bias -- torch.Size([1408])
🔥 Tuned parameter: image_encoder.vision_model.encoder.layers.7.mlp.fc1.weight -- torch.Size([6144, 1408])
🔥 Tuned parameter: image_encoder.vision_model.encoder.layers.7.mlp.fc1.bias -- torch.Size([6144])
🔥 Tuned parameter: image_encoder.vision_model.encoder.layers.7.mlp.fc2.weight -- torch.Size([1408, 6144])
🔥 Tuned parameter: image_encoder.vision_model.encoder.layers.7.mlp.fc2.bias -- torch.Size([1408])
🔥 Tuned parameter: image_encoder.vision_model.encoder.layers.7.layer_norm2.weight -- torch.Size([1408])
🔥 Tuned parameter: image_encoder.vision_model.encoder.layers.7.layer_norm2.bias -- torch.Size([1408])
🔥 Tuned parameter: image_encoder.vision_model.encoder.layers.8.self_attn.qkv.weight -- torch.Size([4224, 1408])
🔥 Tuned parameter: image_encoder.vision_model.encoder.layers.8.self_attn.qkv.bias -- torch.Size([4224])
🔥 Tuned parameter: image_encoder.vision_model.encoder.layers.8.self_attn.projection.weight -- torch.Size([1408, 1408])
🔥 Tuned parameter: image_encoder.vision_model.encoder.layers.8.self_attn.projection.bias -- torch.Size([1408])
🔥 Tuned parameter: image_encoder.vision_model.encoder.layers.8.layer_norm1.weight -- torch.Size([1408])
🔥 Tuned parameter: image_encoder.vision_model.encoder.layers.8.layer_norm1.bias -- torch.Size([1408])
🔥 Tuned parameter: image_encoder.vision_model.encoder.layers.8.mlp.fc1.weight -- torch.Size([6144, 1408])
🔥 Tuned parameter: image_encoder.vision_model.encoder.layers.8.mlp.fc1.bias -- torch.Size([6144])
🔥 Tuned parameter: image_encoder.vision_model.encoder.layers.8.mlp.fc2.weight -- torch.Size([1408, 6144])
🔥 Tuned parameter: image_encoder.vision_model.encoder.layers.8.mlp.fc2.bias -- torch.Size([1408])
🔥 Tuned parameter: image_encoder.vision_model.encoder.layers.8.layer_norm2.weight -- torch.Size([1408])
🔥 Tuned parameter: image_encoder.vision_model.encoder.layers.8.layer_norm2.bias -- torch.Size([1408])
🔥 Tuned parameter: image_encoder.vision_model.encoder.layers.9.self_attn.qkv.weight -- torch.Size([4224, 1408])
🔥 Tuned parameter: image_encoder.vision_model.encoder.layers.9.self_attn.qkv.bias -- torch.Size([4224])
🔥 Tuned parameter: image_encoder.vision_model.encoder.layers.9.self_attn.projection.weight -- torch.Size([1408, 1408])
🔥 Tuned parameter: image_encoder.vision_model.encoder.layers.9.self_attn.projection.bias -- torch.Size([1408])
🔥 Tuned parameter: image_encoder.vision_model.encoder.layers.9.layer_norm1.weight -- torch.Size([1408])
🔥 Tuned parameter: image_encoder.vision_model.encoder.layers.9.layer_norm1.bias -- torch.Size([1408])
🔥 Tuned parameter: image_encoder.vision_model.encoder.layers.9.mlp.fc1.weight -- torch.Size([6144, 1408])
🔥 Tuned parameter: image_encoder.vision_model.encoder.layers.9.mlp.fc1.bias -- torch.Size([6144])
🔥 Tuned parameter: image_encoder.vision_model.encoder.layers.9.mlp.fc2.weight -- torch.Size([1408, 6144])
🔥 Tuned parameter: image_encoder.vision_model.encoder.layers.9.mlp.fc2.bias -- torch.Size([1408])
🔥 Tuned parameter: image_encoder.vision_model.encoder.layers.9.layer_norm2.weight -- torch.Size([1408])
🔥 Tuned parameter: image_encoder.vision_model.encoder.layers.9.layer_norm2.bias -- torch.Size([1408])
🔥 Tuned parameter: image_encoder.vision_model.encoder.layers.10.self_attn.qkv.weight -- torch.Size([4224, 1408])
🔥 Tuned parameter: image_encoder.vision_model.encoder.layers.10.self_attn.qkv.bias -- torch.Size([4224])
🔥 Tuned parameter: image_encoder.vision_model.encoder.layers.10.self_attn.projection.weight -- torch.Size([1408, 1408])
🔥 Tuned parameter: image_encoder.vision_model.encoder.layers.10.self_attn.projection.bias -- torch.Size([1408])
🔥 Tuned parameter: image_encoder.vision_model.encoder.layers.10.layer_norm1.weight -- torch.Size([1408])
🔥 Tuned parameter: image_encoder.vision_model.encoder.layers.10.layer_norm1.bias -- torch.Size([1408])
🔥 Tuned parameter: image_encoder.vision_model.encoder.layers.10.mlp.fc1.weight -- torch.Size([6144, 1408])
🔥 Tuned parameter: image_encoder.vision_model.encoder.layers.10.mlp.fc1.bias -- torch.Size([6144])
🔥 Tuned parameter: image_encoder.vision_model.encoder.layers.10.mlp.fc2.weight -- torch.Size([1408, 6144])
🔥 Tuned parameter: image_encoder.vision_model.encoder.layers.10.mlp.fc2.bias -- torch.Size([1408])
🔥 Tuned parameter: image_encoder.vision_model.encoder.layers.10.layer_norm2.weight -- torch.Size([1408])
🔥 Tuned parameter: image_encoder.vision_model.encoder.layers.10.layer_norm2.bias -- torch.Size([1408])
🔥 Tuned parameter: image_encoder.vision_model.encoder.layers.11.self_attn.qkv.weight -- torch.Size([4224, 1408])
🔥 Tuned parameter: image_encoder.vision_model.encoder.layers.11.self_attn.qkv.bias -- torch.Size([4224])
🔥 Tuned parameter: image_encoder.vision_model.encoder.layers.11.self_attn.projection.weight -- torch.Size([1408, 1408])
🔥 Tuned parameter: image_encoder.vision_model.encoder.layers.11.self_attn.projection.bias -- torch.Size([1408])
🔥 Tuned parameter: image_encoder.vision_model.encoder.layers.11.layer_norm1.weight -- torch.Size([1408])
🔥 Tuned parameter: image_encoder.vision_model.encoder.layers.11.layer_norm1.bias -- torch.Size([1408])
🔥 Tuned parameter: image_encoder.vision_model.encoder.layers.11.mlp.fc1.weight -- torch.Size([6144, 1408])
🔥 Tuned parameter: image_encoder.vision_model.encoder.layers.11.mlp.fc1.bias -- torch.Size([6144])
🔥 Tuned parameter: image_encoder.vision_model.encoder.layers.11.mlp.fc2.weight -- torch.Size([1408, 6144])
🔥 Tuned parameter: image_encoder.vision_model.encoder.layers.11.mlp.fc2.bias -- torch.Size([1408])
🔥 Tuned parameter: image_encoder.vision_model.encoder.layers.11.layer_norm2.weight -- torch.Size([1408])
🔥 Tuned parameter: image_encoder.vision_model.encoder.layers.11.layer_norm2.bias -- torch.Size([1408])
🔥 Tuned parameter: image_encoder.vision_model.encoder.layers.12.self_attn.qkv.weight -- torch.Size([4224, 1408])
🔥 Tuned parameter: image_encoder.vision_model.encoder.layers.12.self_attn.qkv.bias -- torch.Size([4224])
🔥 Tuned parameter: image_encoder.vision_model.encoder.layers.12.self_attn.projection.weight -- torch.Size([1408, 1408])
🔥 Tuned parameter: image_encoder.vision_model.encoder.layers.12.self_attn.projection.bias -- torch.Size([1408])
🔥 Tuned parameter: image_encoder.vision_model.encoder.layers.12.layer_norm1.weight -- torch.Size([1408])
🔥 Tuned parameter: image_encoder.vision_model.encoder.layers.12.layer_norm1.bias -- torch.Size([1408])
🔥 Tuned parameter: image_encoder.vision_model.encoder.layers.12.mlp.fc1.weight -- torch.Size([6144, 1408])
🔥 Tuned parameter: image_encoder.vision_model.encoder.layers.12.mlp.fc1.bias -- torch.Size([6144])
🔥 Tuned parameter: image_encoder.vision_model.encoder.layers.12.mlp.fc2.weight -- torch.Size([1408, 6144])
🔥 Tuned parameter: image_encoder.vision_model.encoder.layers.12.mlp.fc2.bias -- torch.Size([1408])
🔥 Tuned parameter: image_encoder.vision_model.encoder.layers.12.layer_norm2.weight -- torch.Size([1408])
🔥 Tuned parameter: image_encoder.vision_model.encoder.layers.12.layer_norm2.bias -- torch.Size([1408])
🔥 Tuned parameter: image_encoder.vision_model.encoder.layers.13.self_attn.qkv.weight -- torch.Size([4224, 1408])
🔥 Tuned parameter: image_encoder.vision_model.encoder.layers.13.self_attn.qkv.bias -- torch.Size([4224])
🔥 Tuned parameter: image_encoder.vision_model.encoder.layers.13.self_attn.projection.weight -- torch.Size([1408, 1408])
🔥 Tuned parameter: image_encoder.vision_model.encoder.layers.13.self_attn.projection.bias -- torch.Size([1408])
🔥 Tuned parameter: image_encoder.vision_model.encoder.layers.13.layer_norm1.weight -- torch.Size([1408])
🔥 Tuned parameter: image_encoder.vision_model.encoder.layers.13.layer_norm1.bias -- torch.Size([1408])
🔥 Tuned parameter: image_encoder.vision_model.encoder.layers.13.mlp.fc1.weight -- torch.Size([6144, 1408])
🔥 Tuned parameter: image_encoder.vision_model.encoder.layers.13.mlp.fc1.bias -- torch.Size([6144])
🔥 Tuned parameter: image_encoder.vision_model.encoder.layers.13.mlp.fc2.weight -- torch.Size([1408, 6144])
🔥 Tuned parameter: image_encoder.vision_model.encoder.layers.13.mlp.fc2.bias -- torch.Size([1408])
🔥 Tuned parameter: image_encoder.vision_model.encoder.layers.13.layer_norm2.weight -- torch.Size([1408])
🔥 Tuned parameter: image_encoder.vision_model.encoder.layers.13.layer_norm2.bias -- torch.Size([1408])
🔥 Tuned parameter: image_encoder.vision_model.encoder.layers.14.self_attn.qkv.weight -- torch.Size([4224, 1408])
🔥 Tuned parameter: image_encoder.vision_model.encoder.layers.14.self_attn.qkv.bias -- torch.Size([4224])
🔥 Tuned parameter: image_encoder.vision_model.encoder.layers.14.self_attn.projection.weight -- torch.Size([1408, 1408])
🔥 Tuned parameter: image_encoder.vision_model.encoder.layers.14.self_attn.projection.bias -- torch.Size([1408])
🔥 Tuned parameter: image_encoder.vision_model.encoder.layers.14.layer_norm1.weight -- torch.Size([1408])
🔥 Tuned parameter: image_encoder.vision_model.encoder.layers.14.layer_norm1.bias -- torch.Size([1408])
🔥 Tuned parameter: image_encoder.vision_model.encoder.layers.14.mlp.fc1.weight -- torch.Size([6144, 1408])
🔥 Tuned parameter: image_encoder.vision_model.encoder.layers.14.mlp.fc1.bias -- torch.Size([6144])
🔥 Tuned parameter: image_encoder.vision_model.encoder.layers.14.mlp.fc2.weight -- torch.Size([1408, 6144])
🔥 Tuned parameter: image_encoder.vision_model.encoder.layers.14.mlp.fc2.bias -- torch.Size([1408])
🔥 Tuned parameter: image_encoder.vision_model.encoder.layers.14.layer_norm2.weight -- torch.Size([1408])
🔥 Tuned parameter: image_encoder.vision_model.encoder.layers.14.layer_norm2.bias -- torch.Size([1408])
🔥 Tuned parameter: image_encoder.vision_model.encoder.layers.15.self_attn.qkv.weight -- torch.Size([4224, 1408])
🔥 Tuned parameter: image_encoder.vision_model.encoder.layers.15.self_attn.qkv.bias -- torch.Size([4224])
🔥 Tuned parameter: image_encoder.vision_model.encoder.layers.15.self_attn.projection.weight -- torch.Size([1408, 1408])
🔥 Tuned parameter: image_encoder.vision_model.encoder.layers.15.self_attn.projection.bias -- torch.Size([1408])
🔥 Tuned parameter: image_encoder.vision_model.encoder.layers.15.layer_norm1.weight -- torch.Size([1408])
🔥 Tuned parameter: image_encoder.vision_model.encoder.layers.15.layer_norm1.bias -- torch.Size([1408])
🔥 Tuned parameter: image_encoder.vision_model.encoder.layers.15.mlp.fc1.weight -- torch.Size([6144, 1408])
🔥 Tuned parameter: image_encoder.vision_model.encoder.layers.15.mlp.fc1.bias -- torch.Size([6144])
🔥 Tuned parameter: image_encoder.vision_model.encoder.layers.15.mlp.fc2.weight -- torch.Size([1408, 6144])
🔥 Tuned parameter: image_encoder.vision_model.encoder.layers.15.mlp.fc2.bias -- torch.Size([1408])
🔥 Tuned parameter: image_encoder.vision_model.encoder.layers.15.layer_norm2.weight -- torch.Size([1408])
🔥 Tuned parameter: image_encoder.vision_model.encoder.layers.15.layer_norm2.bias -- torch.Size([1408])
🔥 Tuned parameter: image_encoder.vision_model.encoder.layers.16.self_attn.qkv.weight -- torch.Size([4224, 1408])
🔥 Tuned parameter: image_encoder.vision_model.encoder.layers.16.self_attn.qkv.bias -- torch.Size([4224])
🔥 Tuned parameter: image_encoder.vision_model.encoder.layers.16.self_attn.projection.weight -- torch.Size([1408, 1408])
🔥 Tuned parameter: image_encoder.vision_model.encoder.layers.16.self_attn.projection.bias -- torch.Size([1408])
🔥 Tuned parameter: image_encoder.vision_model.encoder.layers.16.layer_norm1.weight -- torch.Size([1408])
🔥 Tuned parameter: image_encoder.vision_model.encoder.layers.16.layer_norm1.bias -- torch.Size([1408])
🔥 Tuned parameter: image_encoder.vision_model.encoder.layers.16.mlp.fc1.weight -- torch.Size([6144, 1408])
Use AdamW optimizer🔥 Tuned parameter: image_encoder.vision_model.encoder.layers.16.mlp.fc1.bias -- torch.Size([6144])

🔥 Tuned parameter: image_encoder.vision_model.encoder.layers.16.mlp.fc2.weight -- torch.Size([1408, 6144])
🔥 Tuned parameter: image_encoder.vision_model.encoder.layers.16.mlp.fc2.bias -- torch.Size([1408])
🔥 Tuned parameter: image_encoder.vision_model.encoder.layers.16.layer_norm2.weight -- torch.Size([1408])
🔥 Tuned parameter: image_encoder.vision_model.encoder.layers.16.layer_norm2.bias -- torch.Size([1408])
🔥 Tuned parameter: image_encoder.vision_model.encoder.layers.17.self_attn.qkv.weight -- torch.Size([4224, 1408])
🔥 Tuned parameter: image_encoder.vision_model.encoder.layers.17.self_attn.qkv.bias -- torch.Size([4224])
🔥 Tuned parameter: image_encoder.vision_model.encoder.layers.17.self_attn.projection.weight -- torch.Size([1408, 1408])
🔥 Tuned parameter: image_encoder.vision_model.encoder.layers.17.self_attn.projection.bias -- torch.Size([1408])
🔥 Tuned parameter: image_encoder.vision_model.encoder.layers.17.layer_norm1.weight -- torch.Size([1408])
🔥 Tuned parameter: image_encoder.vision_model.encoder.layers.17.layer_norm1.bias -- torch.Size([1408])
🔥 Tuned parameter: image_encoder.vision_model.encoder.layers.17.mlp.fc1.weight -- torch.Size([6144, 1408])
🔥 Tuned parameter: image_encoder.vision_model.encoder.layers.17.mlp.fc1.bias -- torch.Size([6144])
🔥 Tuned parameter: image_encoder.vision_model.encoder.layers.17.mlp.fc2.weight -- torch.Size([1408, 6144])
🔥 Tuned parameter: image_encoder.vision_model.encoder.layers.17.mlp.fc2.bias -- torch.Size([1408])
🔥 Tuned parameter: image_encoder.vision_model.encoder.layers.17.layer_norm2.weight -- torch.Size([1408])
🔥 Tuned parameter: image_encoder.vision_model.encoder.layers.17.layer_norm2.bias -- torch.Size([1408])
🔥 Tuned parameter: image_encoder.vision_model.encoder.layers.18.self_attn.qkv.weight -- torch.Size([4224, 1408])
🔥 Tuned parameter: image_encoder.vision_model.encoder.layers.18.self_attn.qkv.bias -- torch.Size([4224])
🔥 Tuned parameter: image_encoder.vision_model.encoder.layers.18.self_attn.projection.weight -- torch.Size([1408, 1408])
🔥 Tuned parameter: image_encoder.vision_model.encoder.layers.18.self_attn.projection.bias -- torch.Size([1408])
🔥 Tuned parameter: image_encoder.vision_model.encoder.layers.18.layer_norm1.weight -- torch.Size([1408])
🔥 Tuned parameter: image_encoder.vision_model.encoder.layers.18.layer_norm1.bias -- torch.Size([1408])
🔥 Tuned parameter: image_encoder.vision_model.encoder.layers.18.mlp.fc1.weight -- torch.Size([6144, 1408])
🔥 Tuned parameter: image_encoder.vision_model.encoder.layers.18.mlp.fc1.bias -- torch.Size([6144])
🔥 Tuned parameter: image_encoder.vision_model.encoder.layers.18.mlp.fc2.weight -- torch.Size([1408, 6144])
🔥 Tuned parameter: image_encoder.vision_model.encoder.layers.18.mlp.fc2.bias -- torch.Size([1408])
🔥 Tuned parameter: image_encoder.vision_model.encoder.layers.18.layer_norm2.weight -- torch.Size([1408])
🔥 Tuned parameter: image_encoder.vision_model.encoder.layers.18.layer_norm2.bias -- torch.Size([1408])
🔥 Tuned parameter: image_encoder.vision_model.encoder.layers.19.self_attn.qkv.weight -- torch.Size([4224, 1408])
🔥 Tuned parameter: image_encoder.vision_model.encoder.layers.19.self_attn.qkv.bias -- torch.Size([4224])
🔥 Tuned parameter: image_encoder.vision_model.encoder.layers.19.self_attn.projection.weight -- torch.Size([1408, 1408])
🔥 Tuned parameter: image_encoder.vision_model.encoder.layers.19.self_attn.projection.bias -- torch.Size([1408])
🔥 Tuned parameter: image_encoder.vision_model.encoder.layers.19.layer_norm1.weight -- torch.Size([1408])
🔥 Tuned parameter: image_encoder.vision_model.encoder.layers.19.layer_norm1.bias -- torch.Size([1408])
🔥 Tuned parameter: image_encoder.vision_model.encoder.layers.19.mlp.fc1.weight -- torch.Size([6144, 1408])
🔥 Tuned parameter: image_encoder.vision_model.encoder.layers.19.mlp.fc1.bias -- torch.Size([6144])
🔥 Tuned parameter: image_encoder.vision_model.encoder.layers.19.mlp.fc2.weight -- torch.Size([1408, 6144])
🔥 Tuned parameter: image_encoder.vision_model.encoder.layers.19.mlp.fc2.bias -- torch.Size([1408])
🔥 Tuned parameter: image_encoder.vision_model.encoder.layers.19.layer_norm2.weight -- torch.Size([1408])
🔥 Tuned parameter: image_encoder.vision_model.encoder.layers.19.layer_norm2.bias -- torch.Size([1408])
🔥 Tuned parameter: image_encoder.vision_model.encoder.layers.20.self_attn.qkv.weight -- torch.Size([4224, 1408])
🔥 Tuned parameter: image_encoder.vision_model.encoder.layers.20.self_attn.qkv.bias -- torch.Size([4224])
🔥 Tuned parameter: image_encoder.vision_model.encoder.layers.20.self_attn.projection.weight -- torch.Size([1408, 1408])
🔥 Tuned parameter: image_encoder.vision_model.encoder.layers.20.self_attn.projection.bias -- torch.Size([1408])
🔥 Tuned parameter: image_encoder.vision_model.encoder.layers.20.layer_norm1.weight -- torch.Size([1408])
🔥 Tuned parameter: image_encoder.vision_model.encoder.layers.20.layer_norm1.bias -- torch.Size([1408])
🔥 Tuned parameter: image_encoder.vision_model.encoder.layers.20.mlp.fc1.weight -- torch.Size([6144, 1408])
🔥 Tuned parameter: image_encoder.vision_model.encoder.layers.20.mlp.fc1.bias -- torch.Size([6144])
🔥 Tuned parameter: image_encoder.vision_model.encoder.layers.20.mlp.fc2.weight -- torch.Size([1408, 6144])
🔥 Tuned parameter: image_encoder.vision_model.encoder.layers.20.mlp.fc2.bias -- torch.Size([1408])
🔥 Tuned parameter: image_encoder.vision_model.encoder.layers.20.layer_norm2.weight -- torch.Size([1408])
🔥 Tuned parameter: image_encoder.vision_model.encoder.layers.20.layer_norm2.bias -- torch.Size([1408])
🔥 Tuned parameter: image_encoder.vision_model.encoder.layers.21.self_attn.qkv.weight -- torch.Size([4224, 1408])
🔥 Tuned parameter: image_encoder.vision_model.encoder.layers.21.self_attn.qkv.bias -- torch.Size([4224])
🔥 Tuned parameter: image_encoder.vision_model.encoder.layers.21.self_attn.projection.weight -- torch.Size([1408, 1408])
🔥 Tuned parameter: image_encoder.vision_model.encoder.layers.21.self_attn.projection.bias -- torch.Size([1408])
🔥 Tuned parameter: image_encoder.vision_model.encoder.layers.21.layer_norm1.weight -- torch.Size([1408])
🔥 Tuned parameter: image_encoder.vision_model.encoder.layers.21.layer_norm1.bias -- torch.Size([1408])
🔥 Tuned parameter: image_encoder.vision_model.encoder.layers.21.mlp.fc1.weight -- torch.Size([6144, 1408])
🔥 Tuned parameter: image_encoder.vision_model.encoder.layers.21.mlp.fc1.bias -- torch.Size([6144])
🔥 Tuned parameter: image_encoder.vision_model.encoder.layers.21.mlp.fc2.weight -- torch.Size([1408, 6144])
🔥 Tuned parameter: image_encoder.vision_model.encoder.layers.21.mlp.fc2.bias -- torch.Size([1408])
🔥 Tuned parameter: image_encoder.vision_model.encoder.layers.21.layer_norm2.weight -- torch.Size([1408])
🔥 Tuned parameter: image_encoder.vision_model.encoder.layers.21.layer_norm2.bias -- torch.Size([1408])
🔥 Tuned parameter: image_encoder.vision_model.encoder.layers.22.self_attn.qkv.weight -- torch.Size([4224, 1408])
🔥 Tuned parameter: image_encoder.vision_model.encoder.layers.22.self_attn.qkv.bias -- torch.Size([4224])
🔥 Tuned parameter: image_encoder.vision_model.encoder.layers.22.self_attn.projection.weight -- torch.Size([1408, 1408])
🔥 Tuned parameter: image_encoder.vision_model.encoder.layers.22.self_attn.projection.bias -- torch.Size([1408])
🔥 Tuned parameter: image_encoder.vision_model.encoder.layers.22.layer_norm1.weight -- torch.Size([1408])
🔥 Tuned parameter: image_encoder.vision_model.encoder.layers.22.layer_norm1.bias -- torch.Size([1408])
🔥 Tuned parameter: image_encoder.vision_model.encoder.layers.22.mlp.fc1.weight -- torch.Size([6144, 1408])
🔥 Tuned parameter: image_encoder.vision_model.encoder.layers.22.mlp.fc1.bias -- torch.Size([6144])
🔥 Tuned parameter: image_encoder.vision_model.encoder.layers.22.mlp.fc2.weight -- torch.Size([1408, 6144])
🔥 Tuned parameter: image_encoder.vision_model.encoder.layers.22.mlp.fc2.bias -- torch.Size([1408])
🔥 Tuned parameter: image_encoder.vision_model.encoder.layers.22.layer_norm2.weight -- torch.Size([1408])
🔥 Tuned parameter: image_encoder.vision_model.encoder.layers.22.layer_norm2.bias -- torch.Size([1408])
🔥 Tuned parameter: image_encoder.vision_model.encoder.layers.23.self_attn.qkv.weight -- torch.Size([4224, 1408])
🔥 Tuned parameter: image_encoder.vision_model.encoder.layers.23.self_attn.qkv.bias -- torch.Size([4224])
🔥 Tuned parameter: image_encoder.vision_model.encoder.layers.23.self_attn.projection.weight -- torch.Size([1408, 1408])
🔥 Tuned parameter: image_encoder.vision_model.encoder.layers.23.self_attn.projection.bias -- torch.Size([1408])
🔥 Tuned parameter: image_encoder.vision_model.encoder.layers.23.layer_norm1.weight -- torch.Size([1408])
🔥 Tuned parameter: image_encoder.vision_model.encoder.layers.23.layer_norm1.bias -- torch.Size([1408])
🔥 Tuned parameter: image_encoder.vision_model.encoder.layers.23.mlp.fc1.weight -- torch.Size([6144, 1408])
🔥 Tuned parameter: image_encoder.vision_model.encoder.layers.23.mlp.fc1.bias -- torch.Size([6144])
🔥 Tuned parameter: image_encoder.vision_model.encoder.layers.23.mlp.fc2.weight -- torch.Size([1408, 6144])
🔥 Tuned parameter: image_encoder.vision_model.encoder.layers.23.mlp.fc2.bias -- torch.Size([1408])
🔥 Tuned parameter: image_encoder.vision_model.encoder.layers.23.layer_norm2.weight -- torch.Size([1408])
🔥 Tuned parameter: image_encoder.vision_model.encoder.layers.23.layer_norm2.bias -- torch.Size([1408])
🔥 Tuned parameter: image_encoder.vision_model.encoder.layers.24.self_attn.qkv.weight -- torch.Size([4224, 1408])
🔥 Tuned parameter: image_encoder.vision_model.encoder.layers.24.self_attn.qkv.bias -- torch.Size([4224])
🔥 Tuned parameter: image_encoder.vision_model.encoder.layers.24.self_attn.projection.weight -- torch.Size([1408, 1408])
🔥 Tuned parameter: image_encoder.vision_model.encoder.layers.24.self_attn.projection.bias -- torch.Size([1408])
🔥 Tuned parameter: image_encoder.vision_model.encoder.layers.24.layer_norm1.weight -- torch.Size([1408])
🔥 Tuned parameter: image_encoder.vision_model.encoder.layers.24.layer_norm1.bias -- torch.Size([1408])
🔥 Tuned parameter: image_encoder.vision_model.encoder.layers.24.mlp.fc1.weight -- torch.Size([6144, 1408])
🔥 Tuned parameter: image_encoder.vision_model.encoder.layers.24.mlp.fc1.bias -- torch.Size([6144])
🔥 Tuned parameter: image_encoder.vision_model.encoder.layers.24.mlp.fc2.weight -- torch.Size([1408, 6144])
🔥 Tuned parameter: image_encoder.vision_model.encoder.layers.24.mlp.fc2.bias -- torch.Size([1408])
🔥 Tuned parameter: image_encoder.vision_model.encoder.layers.24.layer_norm2.weight -- torch.Size([1408])
🔥 Tuned parameter: image_encoder.vision_model.encoder.layers.24.layer_norm2.bias -- torch.Size([1408])
🔥 Tuned parameter: image_encoder.vision_model.encoder.layers.25.self_attn.qkv.weight -- torch.Size([4224, 1408])
🔥 Tuned parameter: image_encoder.vision_model.encoder.layers.25.self_attn.qkv.bias -- torch.Size([4224])
🔥 Tuned parameter: image_encoder.vision_model.encoder.layers.25.self_attn.projection.weight -- torch.Size([1408, 1408])
🔥 Tuned parameter: image_encoder.vision_model.encoder.layers.25.self_attn.projection.bias -- torch.Size([1408])
🔥 Tuned parameter: image_encoder.vision_model.encoder.layers.25.layer_norm1.weight -- torch.Size([1408])
🔥 Tuned parameter: image_encoder.vision_model.encoder.layers.25.layer_norm1.bias -- torch.Size([1408])
🔥 Tuned parameter: image_encoder.vision_model.encoder.layers.25.mlp.fc1.weight -- torch.Size([6144, 1408])
🔥 Tuned parameter: image_encoder.vision_model.encoder.layers.25.mlp.fc1.bias -- torch.Size([6144])
🔥 Tuned parameter: image_encoder.vision_model.encoder.layers.25.mlp.fc2.weight -- torch.Size([1408, 6144])
🔥 Tuned parameter: image_encoder.vision_model.encoder.layers.25.mlp.fc2.bias -- torch.Size([1408])
🔥 Tuned parameter: image_encoder.vision_model.encoder.layers.25.layer_norm2.weight -- torch.Size([1408])
🔥 Tuned parameter: image_encoder.vision_model.encoder.layers.25.layer_norm2.bias -- torch.Size([1408])
🔥 Tuned parameter: image_encoder.vision_model.encoder.layers.26.self_attn.qkv.weight -- torch.Size([4224, 1408])
🔥 Tuned parameter: image_encoder.vision_model.encoder.layers.26.self_attn.qkv.bias -- torch.Size([4224])
🔥 Tuned parameter: image_encoder.vision_model.encoder.layers.26.self_attn.projection.weight -- torch.Size([1408, 1408])
🔥 Tuned parameter: image_encoder.vision_model.encoder.layers.26.self_attn.projection.bias -- torch.Size([1408])
🔥 Tuned parameter: image_encoder.vision_model.encoder.layers.26.layer_norm1.weight -- torch.Size([1408])
🔥 Tuned parameter: image_encoder.vision_model.encoder.layers.26.layer_norm1.bias -- torch.Size([1408])
🔥 Tuned parameter: image_encoder.vision_model.encoder.layers.26.mlp.fc1.weight -- torch.Size([6144, 1408])
🔥 Tuned parameter: image_encoder.vision_model.encoder.layers.26.mlp.fc1.bias -- torch.Size([6144])
🔥 Tuned parameter: image_encoder.vision_model.encoder.layers.26.mlp.fc2.weight -- torch.Size([1408, 6144])
🔥 Tuned parameter: image_encoder.vision_model.encoder.layers.26.mlp.fc2.bias -- torch.Size([1408])
🔥 Tuned parameter: image_encoder.vision_model.encoder.layers.26.layer_norm2.weight -- torch.Size([1408])
🔥 Tuned parameter: image_encoder.vision_model.encoder.layers.26.layer_norm2.bias -- torch.Size([1408])
🔥 Tuned parameter: image_encoder.vision_model.encoder.layers.27.self_attn.qkv.weight -- torch.Size([4224, 1408])
🔥 Tuned parameter: image_encoder.vision_model.encoder.layers.27.self_attn.qkv.bias -- torch.Size([4224])
🔥 Tuned parameter: image_encoder.vision_model.encoder.layers.27.self_attn.projection.weight -- torch.Size([1408, 1408])
🔥 Tuned parameter: image_encoder.vision_model.encoder.layers.27.self_attn.projection.bias -- torch.Size([1408])
🔥 Tuned parameter: image_encoder.vision_model.encoder.layers.27.layer_norm1.weight -- torch.Size([1408])
🔥 Tuned parameter: image_encoder.vision_model.encoder.layers.27.layer_norm1.bias -- torch.Size([1408])
🔥 Tuned parameter: image_encoder.vision_model.encoder.layers.27.mlp.fc1.weight -- torch.Size([6144, 1408])
🔥 Tuned parameter: image_encoder.vision_model.encoder.layers.27.mlp.fc1.bias -- torch.Size([6144])
🔥 Tuned parameter: image_encoder.vision_model.encoder.layers.27.mlp.fc2.weight -- torch.Size([1408, 6144])
🔥 Tuned parameter: image_encoder.vision_model.encoder.layers.27.mlp.fc2.bias -- torch.Size([1408])
🔥 Tuned parameter: image_encoder.vision_model.encoder.layers.27.layer_norm2.weight -- torch.Size([1408])
🔥 Tuned parameter: image_encoder.vision_model.encoder.layers.27.layer_norm2.bias -- torch.Size([1408])
🔥 Tuned parameter: image_encoder.vision_model.encoder.layers.28.self_attn.qkv.weight -- torch.Size([4224, 1408])
🔥 Tuned parameter: image_encoder.vision_model.encoder.layers.28.self_attn.qkv.bias -- torch.Size([4224])
🔥 Tuned parameter: image_encoder.vision_model.encoder.layers.28.self_attn.projection.weight -- torch.Size([1408, 1408])
🔥 Tuned parameter: image_encoder.vision_model.encoder.layers.28.self_attn.projection.bias -- torch.Size([1408])
🔥 Tuned parameter: image_encoder.vision_model.encoder.layers.28.layer_norm1.weight -- torch.Size([1408])
🔥 Tuned parameter: image_encoder.vision_model.encoder.layers.28.layer_norm1.bias -- torch.Size([1408])
🔥 Tuned parameter: image_encoder.vision_model.encoder.layers.28.mlp.fc1.weight -- torch.Size([6144, 1408])
🔥 Tuned parameter: image_encoder.vision_model.encoder.layers.28.mlp.fc1.bias -- torch.Size([6144])
🔥 Tuned parameter: image_encoder.vision_model.encoder.layers.28.mlp.fc2.weight -- torch.Size([1408, 6144])
🔥 Tuned parameter: image_encoder.vision_model.encoder.layers.28.mlp.fc2.bias -- torch.Size([1408])
🔥 Tuned parameter: image_encoder.vision_model.encoder.layers.28.layer_norm2.weight -- torch.Size([1408])
🔥 Tuned parameter: image_encoder.vision_model.encoder.layers.28.layer_norm2.bias -- torch.Size([1408])
🔥 Tuned parameter: image_encoder.vision_model.encoder.layers.29.self_attn.qkv.weight -- torch.Size([4224, 1408])
🔥 Tuned parameter: image_encoder.vision_model.encoder.layers.29.self_attn.qkv.bias -- torch.Size([4224])
🔥 Tuned parameter: image_encoder.vision_model.encoder.layers.29.self_attn.projection.weight -- torch.Size([1408, 1408])
🔥 Tuned parameter: image_encoder.vision_model.encoder.layers.29.self_attn.projection.bias -- torch.Size([1408])
🔥 Tuned parameter: image_encoder.vision_model.encoder.layers.29.layer_norm1.weight -- torch.Size([1408])
🔥 Tuned parameter: image_encoder.vision_model.encoder.layers.29.layer_norm1.bias -- torch.Size([1408])
🔥 Tuned parameter: image_encoder.vision_model.encoder.layers.29.mlp.fc1.weight -- torch.Size([6144, 1408])
🔥 Tuned parameter: image_encoder.vision_model.encoder.layers.29.mlp.fc1.bias -- torch.Size([6144])
🔥 Tuned parameter: image_encoder.vision_model.encoder.layers.29.mlp.fc2.weight -- torch.Size([1408, 6144])
🔥 Tuned parameter: image_encoder.vision_model.encoder.layers.29.mlp.fc2.bias -- torch.Size([1408])
🔥 Tuned parameter: image_encoder.vision_model.encoder.layers.29.layer_norm2.weight -- torch.Size([1408])
🔥 Tuned parameter: image_encoder.vision_model.encoder.layers.29.layer_norm2.bias -- torch.Size([1408])
🔥 Tuned parameter: image_encoder.vision_model.encoder.layers.30.self_attn.qkv.weight -- torch.Size([4224, 1408])
🔥 Tuned parameter: image_encoder.vision_model.encoder.layers.30.self_attn.qkv.bias -- torch.Size([4224])
🔥 Tuned parameter: image_encoder.vision_model.encoder.layers.30.self_attn.projection.weight -- torch.Size([1408, 1408])
🔥 Tuned parameter: image_encoder.vision_model.encoder.layers.30.self_attn.projection.bias -- torch.Size([1408])
🔥 Tuned parameter: image_encoder.vision_model.encoder.layers.30.layer_norm1.weight -- torch.Size([1408])
🔥 Tuned parameter: image_encoder.vision_model.encoder.layers.30.layer_norm1.bias -- torch.Size([1408])
🔥 Tuned parameter: image_encoder.vision_model.encoder.layers.30.mlp.fc1.weight -- torch.Size([6144, 1408])
🔥 Tuned parameter: image_encoder.vision_model.encoder.layers.30.mlp.fc1.bias -- torch.Size([6144])
🔥 Tuned parameter: image_encoder.vision_model.encoder.layers.30.mlp.fc2.weight -- torch.Size([1408, 6144])
🔥 Tuned parameter: image_encoder.vision_model.encoder.layers.30.mlp.fc2.bias -- torch.Size([1408])
🔥 Tuned parameter: image_encoder.vision_model.encoder.layers.30.layer_norm2.weight -- torch.Size([1408])
🔥 Tuned parameter: image_encoder.vision_model.encoder.layers.30.layer_norm2.bias -- torch.Size([1408])
🔥 Tuned parameter: image_encoder.vision_model.encoder.layers.31.self_attn.qkv.weight -- torch.Size([4224, 1408])
🔥 Tuned parameter: image_encoder.vision_model.encoder.layers.31.self_attn.qkv.bias -- torch.Size([4224])
🔥 Tuned parameter: image_encoder.vision_model.encoder.layers.31.self_attn.projection.weight -- torch.Size([1408, 1408])
🔥 Tuned parameter: image_encoder.vision_model.encoder.layers.31.self_attn.projection.bias -- torch.Size([1408])
🔥 Tuned parameter: image_encoder.vision_model.encoder.layers.31.layer_norm1.weight -- torch.Size([1408])
🔥 Tuned parameter: image_encoder.vision_model.encoder.layers.31.layer_norm1.bias -- torch.Size([1408])
🔥 Tuned parameter: image_encoder.vision_model.encoder.layers.31.mlp.fc1.weight -- torch.Size([6144, 1408])
🔥 Tuned parameter: image_encoder.vision_model.encoder.layers.31.mlp.fc1.bias -- torch.Size([6144])
🔥 Tuned parameter: image_encoder.vision_model.encoder.layers.31.mlp.fc2.weight -- torch.Size([1408, 6144])
🔥 Tuned parameter: image_encoder.vision_model.encoder.layers.31.mlp.fc2.bias -- torch.Size([1408])
🔥 Tuned parameter: image_encoder.vision_model.encoder.layers.31.layer_norm2.weight -- torch.Size([1408])
🔥 Tuned parameter: image_encoder.vision_model.encoder.layers.31.layer_norm2.bias -- torch.Size([1408])
🔥 Tuned parameter: image_encoder.vision_model.encoder.layers.32.self_attn.qkv.weight -- torch.Size([4224, 1408])
🔥 Tuned parameter: image_encoder.vision_model.encoder.layers.32.self_attn.qkv.bias -- torch.Size([4224])
🔥 Tuned parameter: image_encoder.vision_model.encoder.layers.32.self_attn.projection.weight -- torch.Size([1408, 1408])
🔥 Tuned parameter: image_encoder.vision_model.encoder.layers.32.self_attn.projection.bias -- torch.Size([1408])
🔥 Tuned parameter: image_encoder.vision_model.encoder.layers.32.layer_norm1.weight -- torch.Size([1408])
🔥 Tuned parameter: image_encoder.vision_model.encoder.layers.32.layer_norm1.bias -- torch.Size([1408])
🔥 Tuned parameter: image_encoder.vision_model.encoder.layers.32.mlp.fc1.weight -- torch.Size([6144, 1408])
🔥 Tuned parameter: image_encoder.vision_model.encoder.layers.32.mlp.fc1.bias -- torch.Size([6144])
🔥 Tuned parameter: image_encoder.vision_model.encoder.layers.32.mlp.fc2.weight -- torch.Size([1408, 6144])
🔥 Tuned parameter: image_encoder.vision_model.encoder.layers.32.mlp.fc2.bias -- torch.Size([1408])
🔥 Tuned parameter: image_encoder.vision_model.encoder.layers.32.layer_norm2.weight -- torch.Size([1408])
🔥 Tuned parameter: image_encoder.vision_model.encoder.layers.32.layer_norm2.bias -- torch.Size([1408])
🔥 Tuned parameter: image_encoder.vision_model.encoder.layers.33.self_attn.qkv.weight -- torch.Size([4224, 1408])
🔥 Tuned parameter: image_encoder.vision_model.encoder.layers.33.self_attn.qkv.bias -- torch.Size([4224])
🔥 Tuned parameter: image_encoder.vision_model.encoder.layers.33.self_attn.projection.weight -- torch.Size([1408, 1408])
🔥 Tuned parameter: image_encoder.vision_model.encoder.layers.33.self_attn.projection.bias -- torch.Size([1408])
🔥 Tuned parameter: image_encoder.vision_model.encoder.layers.33.layer_norm1.weight -- torch.Size([1408])
🔥 Tuned parameter: image_encoder.vision_model.encoder.layers.33.layer_norm1.bias -- torch.Size([1408])
🔥 Tuned parameter: image_encoder.vision_model.encoder.layers.33.mlp.fc1.weight -- torch.Size([6144, 1408])
🔥 Tuned parameter: image_encoder.vision_model.encoder.layers.33.mlp.fc1.bias -- torch.Size([6144])
🔥 Tuned parameter: image_encoder.vision_model.encoder.layers.33.mlp.fc2.weight -- torch.Size([1408, 6144])
🔥 Tuned parameter: image_encoder.vision_model.encoder.layers.33.mlp.fc2.bias -- torch.Size([1408])
🔥 Tuned parameter: image_encoder.vision_model.encoder.layers.33.layer_norm2.weight -- torch.Size([1408])
🔥 Tuned parameter: image_encoder.vision_model.encoder.layers.33.layer_norm2.bias -- torch.Size([1408])
🔥 Tuned parameter: image_encoder.vision_model.encoder.layers.34.self_attn.qkv.weight -- torch.Size([4224, 1408])
🔥 Tuned parameter: image_encoder.vision_model.encoder.layers.34.self_attn.qkv.bias -- torch.Size([4224])
🔥 Tuned parameter: image_encoder.vision_model.encoder.layers.34.self_attn.projection.weight -- torch.Size([1408, 1408])
🔥 Tuned parameter: image_encoder.vision_model.encoder.layers.34.self_attn.projection.bias -- torch.Size([1408])
🔥 Tuned parameter: image_encoder.vision_model.encoder.layers.34.layer_norm1.weight -- torch.Size([1408])
🔥 Tuned parameter: image_encoder.vision_model.encoder.layers.34.layer_norm1.bias -- torch.Size([1408])
🔥 Tuned parameter: image_encoder.vision_model.encoder.layers.34.mlp.fc1.weight -- torch.Size([6144, 1408])
🔥 Tuned parameter: image_encoder.vision_model.encoder.layers.34.mlp.fc1.bias -- torch.Size([6144])
🔥 Tuned parameter: image_encoder.vision_model.encoder.layers.34.mlp.fc2.weight -- torch.Size([1408, 6144])
🔥 Tuned parameter: image_encoder.vision_model.encoder.layers.34.mlp.fc2.bias -- torch.Size([1408])
🔥 Tuned parameter: image_encoder.vision_model.encoder.layers.34.layer_norm2.weight -- torch.Size([1408])
🔥 Tuned parameter: image_encoder.vision_model.encoder.layers.34.layer_norm2.bias -- torch.Size([1408])
🔥 Tuned parameter: image_encoder.vision_model.encoder.layers.35.self_attn.qkv.weight -- torch.Size([4224, 1408])
🔥 Tuned parameter: image_encoder.vision_model.encoder.layers.35.self_attn.qkv.bias -- torch.Size([4224])
🔥 Tuned parameter: image_encoder.vision_model.encoder.layers.35.self_attn.projection.weight -- torch.Size([1408, 1408])
🔥 Tuned parameter: image_encoder.vision_model.encoder.layers.35.self_attn.projection.bias -- torch.Size([1408])
🔥 Tuned parameter: image_encoder.vision_model.encoder.layers.35.layer_norm1.weight -- torch.Size([1408])
🔥 Tuned parameter: image_encoder.vision_model.encoder.layers.35.layer_norm1.bias -- torch.Size([1408])
🔥 Tuned parameter: image_encoder.vision_model.encoder.layers.35.mlp.fc1.weight -- torch.Size([6144, 1408])
🔥 Tuned parameter: image_encoder.vision_model.encoder.layers.35.mlp.fc1.bias -- torch.Size([6144])
🔥 Tuned parameter: image_encoder.vision_model.encoder.layers.35.mlp.fc2.weight -- torch.Size([1408, 6144])
🔥 Tuned parameter: image_encoder.vision_model.encoder.layers.35.mlp.fc2.bias -- torch.Size([1408])
🔥 Tuned parameter: image_encoder.vision_model.encoder.layers.35.layer_norm2.weight -- torch.Size([1408])
🔥 Tuned parameter: image_encoder.vision_model.encoder.layers.35.layer_norm2.bias -- torch.Size([1408])
🔥 Tuned parameter: image_encoder.vision_model.encoder.layers.36.self_attn.qkv.weight -- torch.Size([4224, 1408])
🔥 Tuned parameter: image_encoder.vision_model.encoder.layers.36.self_attn.qkv.bias -- torch.Size([4224])
🔥 Tuned parameter: image_encoder.vision_model.encoder.layers.36.self_attn.projection.weight -- torch.Size([1408, 1408])
🔥 Tuned parameter: image_encoder.vision_model.encoder.layers.36.self_attn.projection.bias -- torch.Size([1408])
🔥 Tuned parameter: image_encoder.vision_model.encoder.layers.36.layer_norm1.weight -- torch.Size([1408])
🔥 Tuned parameter: image_encoder.vision_model.encoder.layers.36.layer_norm1.bias -- torch.Size([1408])
🔥 Tuned parameter: image_encoder.vision_model.encoder.layers.36.mlp.fc1.weight -- torch.Size([6144, 1408])
🔥 Tuned parameter: image_encoder.vision_model.encoder.layers.36.mlp.fc1.bias -- torch.Size([6144])
🔥 Tuned parameter: image_encoder.vision_model.encoder.layers.36.mlp.fc2.weight -- torch.Size([1408, 6144])
🔥 Tuned parameter: image_encoder.vision_model.encoder.layers.36.mlp.fc2.bias -- torch.Size([1408])
🔥 Tuned parameter: image_encoder.vision_model.encoder.layers.36.layer_norm2.weight -- torch.Size([1408])
🔥 Tuned parameter: image_encoder.vision_model.encoder.layers.36.layer_norm2.bias -- torch.Size([1408])
🔥 Tuned parameter: image_encoder.vision_model.encoder.layers.37.self_attn.qkv.weight -- torch.Size([4224, 1408])
🔥 Tuned parameter: image_encoder.vision_model.encoder.layers.37.self_attn.qkv.bias -- torch.Size([4224])
🔥 Tuned parameter: image_encoder.vision_model.encoder.layers.37.self_attn.projection.weight -- torch.Size([1408, 1408])
🔥 Tuned parameter: image_encoder.vision_model.encoder.layers.37.self_attn.projection.bias -- torch.Size([1408])
🔥 Tuned parameter: image_encoder.vision_model.encoder.layers.37.layer_norm1.weight -- torch.Size([1408])
🔥 Tuned parameter: image_encoder.vision_model.encoder.layers.37.layer_norm1.bias -- torch.Size([1408])
🔥 Tuned parameter: image_encoder.vision_model.encoder.layers.37.mlp.fc1.weight -- torch.Size([6144, 1408])
🔥 Tuned parameter: image_encoder.vision_model.encoder.layers.37.mlp.fc1.bias -- torch.Size([6144])
🔥 Tuned parameter: image_encoder.vision_model.encoder.layers.37.mlp.fc2.weight -- torch.Size([1408, 6144])
🔥 Tuned parameter: image_encoder.vision_model.encoder.layers.37.mlp.fc2.bias -- torch.Size([1408])
🔥 Tuned parameter: image_encoder.vision_model.encoder.layers.37.layer_norm2.weight -- torch.Size([1408])
🔥 Tuned parameter: image_encoder.vision_model.encoder.layers.37.layer_norm2.bias -- torch.Size([1408])
🔥 Tuned parameter: image_encoder.vision_model.encoder.layers.38.self_attn.qkv.weight -- torch.Size([4224, 1408])
🔥 Tuned parameter: image_encoder.vision_model.encoder.layers.38.self_attn.qkv.bias -- torch.Size([4224])
🔥 Tuned parameter: image_encoder.vision_model.encoder.layers.38.self_attn.projection.weight -- torch.Size([1408, 1408])
🔥 Tuned parameter: image_encoder.vision_model.encoder.layers.38.self_attn.projection.bias -- torch.Size([1408])
🔥 Tuned parameter: image_encoder.vision_model.encoder.layers.38.layer_norm1.weight -- torch.Size([1408])
🔥 Tuned parameter: image_encoder.vision_model.encoder.layers.38.layer_norm1.bias -- torch.Size([1408])
🔥 Tuned parameter: image_encoder.vision_model.encoder.layers.38.mlp.fc1.weight -- torch.Size([6144, 1408])
🔥 Tuned parameter: image_encoder.vision_model.encoder.layers.38.mlp.fc1.bias -- torch.Size([6144])
🔥 Tuned parameter: image_encoder.vision_model.encoder.layers.38.mlp.fc2.weight -- torch.Size([1408, 6144])
🔥 Tuned parameter: image_encoder.vision_model.encoder.layers.38.mlp.fc2.bias -- torch.Size([1408])
🔥 Tuned parameter: image_encoder.vision_model.encoder.layers.38.layer_norm2.weight -- torch.Size([1408])
🔥 Tuned parameter: image_encoder.vision_model.encoder.layers.38.layer_norm2.bias -- torch.Size([1408])
🔥 Tuned parameter: image_encoder.vision_model.post_layernorm.weight -- torch.Size([1408])
🔥 Tuned parameter: image_encoder.vision_model.post_layernorm.bias -- torch.Size([1408])
🔥 Tuned parameter: image_encoder.qformer.layernorm.weight -- torch.Size([768])
🔥 Tuned parameter: image_encoder.qformer.layernorm.bias -- torch.Size([768])
🔥 Tuned parameter: image_encoder.qformer.encoder.layer.0.attention.attention.query.weight -- torch.Size([768, 768])
🔥 Tuned parameter: image_encoder.qformer.encoder.layer.0.attention.attention.query.bias -- torch.Size([768])
🔥 Tuned parameter: image_encoder.qformer.encoder.layer.0.attention.attention.key.weight -- torch.Size([768, 768])
🔥 Tuned parameter: image_encoder.qformer.encoder.layer.0.attention.attention.key.bias -- torch.Size([768])
🔥 Tuned parameter: image_encoder.qformer.encoder.layer.0.attention.attention.value.weight -- torch.Size([768, 768])
🔥 Tuned parameter: image_encoder.qformer.encoder.layer.0.attention.attention.value.bias -- torch.Size([768])
🔥 Tuned parameter: image_encoder.qformer.encoder.layer.0.attention.output.dense.weight -- torch.Size([768, 768])
🔥 Tuned parameter: image_encoder.qformer.encoder.layer.0.attention.output.dense.bias -- torch.Size([768])
🔥 Tuned parameter: image_encoder.qformer.encoder.layer.0.attention.output.LayerNorm.weight -- torch.Size([768])
🔥 Tuned parameter: image_encoder.qformer.encoder.layer.0.attention.output.LayerNorm.bias -- torch.Size([768])
🔥 Tuned parameter: image_encoder.qformer.encoder.layer.0.crossattention.attention.query.weight -- torch.Size([768, 768])
🔥 Tuned parameter: image_encoder.qformer.encoder.layer.0.crossattention.attention.query.bias -- torch.Size([768])
🔥 Tuned parameter: image_encoder.qformer.encoder.layer.0.crossattention.attention.key.weight -- torch.Size([768, 1408])
🔥 Tuned parameter: image_encoder.qformer.encoder.layer.0.crossattention.attention.key.bias -- torch.Size([768])
🔥 Tuned parameter: image_encoder.qformer.encoder.layer.0.crossattention.attention.value.weight -- torch.Size([768, 1408])
🔥 Tuned parameter: image_encoder.qformer.encoder.layer.0.crossattention.attention.value.bias -- torch.Size([768])
🔥 Tuned parameter: image_encoder.qformer.encoder.layer.0.crossattention.output.dense.weight -- torch.Size([768, 768])
🔥 Tuned parameter: image_encoder.qformer.encoder.layer.0.crossattention.output.dense.bias -- torch.Size([768])
🔥 Tuned parameter: image_encoder.qformer.encoder.layer.0.crossattention.output.LayerNorm.weight -- torch.Size([768])
🔥 Tuned parameter: image_encoder.qformer.encoder.layer.0.crossattention.output.LayerNorm.bias -- torch.Size([768])
🔥 Tuned parameter: image_encoder.qformer.encoder.layer.0.intermediate_query.dense.weight -- torch.Size([3072, 768])
🔥 Tuned parameter: image_encoder.qformer.encoder.layer.0.intermediate_query.dense.bias -- torch.Size([3072])
🔥 Tuned parameter: image_encoder.qformer.encoder.layer.0.output_query.dense.weight -- torch.Size([768, 3072])
🔥 Tuned parameter: image_encoder.qformer.encoder.layer.0.output_query.dense.bias -- torch.Size([768])
🔥 Tuned parameter: image_encoder.qformer.encoder.layer.0.output_query.LayerNorm.weight -- torch.Size([768])
🔥 Tuned parameter: image_encoder.qformer.encoder.layer.0.output_query.LayerNorm.bias -- torch.Size([768])
🔥 Tuned parameter: image_encoder.qformer.encoder.layer.1.attention.attention.query.weight -- torch.Size([768, 768])
🔥 Tuned parameter: image_encoder.qformer.encoder.layer.1.attention.attention.query.bias -- torch.Size([768])
🔥 Tuned parameter: image_encoder.qformer.encoder.layer.1.attention.attention.key.weight -- torch.Size([768, 768])
🔥 Tuned parameter: image_encoder.qformer.encoder.layer.1.attention.attention.key.bias -- torch.Size([768])
🔥 Tuned parameter: image_encoder.qformer.encoder.layer.1.attention.attention.value.weight -- torch.Size([768, 768])
🔥 Tuned parameter: image_encoder.qformer.encoder.layer.1.attention.attention.value.bias -- torch.Size([768])
🔥 Tuned parameter: image_encoder.qformer.encoder.layer.1.attention.output.dense.weight -- torch.Size([768, 768])
🔥 Tuned parameter: image_encoder.qformer.encoder.layer.1.attention.output.dense.bias -- torch.Size([768])
🔥 Tuned parameter: image_encoder.qformer.encoder.layer.1.attention.output.LayerNorm.weight -- torch.Size([768])
🔥 Tuned parameter: image_encoder.qformer.encoder.layer.1.attention.output.LayerNorm.bias -- torch.Size([768])
🔥 Tuned parameter: image_encoder.qformer.encoder.layer.1.intermediate_query.dense.weight -- torch.Size([3072, 768])
🔥 Tuned parameter: image_encoder.qformer.encoder.layer.1.intermediate_query.dense.bias -- torch.Size([3072])
🔥 Tuned parameter: image_encoder.qformer.encoder.layer.1.output_query.dense.weight -- torch.Size([768, 3072])
🔥 Tuned parameter: image_encoder.qformer.encoder.layer.1.output_query.dense.bias -- torch.Size([768])
🔥 Tuned parameter: image_encoder.qformer.encoder.layer.1.output_query.LayerNorm.weight -- torch.Size([768])
🔥 Tuned parameter: image_encoder.qformer.encoder.layer.1.output_query.LayerNorm.bias -- torch.Size([768])
🔥 Tuned parameter: image_encoder.qformer.encoder.layer.2.attention.attention.query.weight -- torch.Size([768, 768])
🔥 Tuned parameter: image_encoder.qformer.encoder.layer.2.attention.attention.query.bias -- torch.Size([768])
🔥 Tuned parameter: image_encoder.qformer.encoder.layer.2.attention.attention.key.weight -- torch.Size([768, 768])
🔥 Tuned parameter: image_encoder.qformer.encoder.layer.2.attention.attention.key.bias -- torch.Size([768])
🔥 Tuned parameter: image_encoder.qformer.encoder.layer.2.attention.attention.value.weight -- torch.Size([768, 768])
🔥 Tuned parameter: image_encoder.qformer.encoder.layer.2.attention.attention.value.bias -- torch.Size([768])
🔥 Tuned parameter: image_encoder.qformer.encoder.layer.2.attention.output.dense.weight -- torch.Size([768, 768])
🔥 Tuned parameter: image_encoder.qformer.encoder.layer.2.attention.output.dense.bias -- torch.Size([768])
🔥 Tuned parameter: image_encoder.qformer.encoder.layer.2.attention.output.LayerNorm.weight -- torch.Size([768])
🔥 Tuned parameter: image_encoder.qformer.encoder.layer.2.attention.output.LayerNorm.bias -- torch.Size([768])
🔥 Tuned parameter: image_encoder.qformer.encoder.layer.2.crossattention.attention.query.weight -- torch.Size([768, 768])
🔥 Tuned parameter: image_encoder.qformer.encoder.layer.2.crossattention.attention.query.bias -- torch.Size([768])
🔥 Tuned parameter: image_encoder.qformer.encoder.layer.2.crossattention.attention.key.weight -- torch.Size([768, 1408])
🔥 Tuned parameter: image_encoder.qformer.encoder.layer.2.crossattention.attention.key.bias -- torch.Size([768])
🔥 Tuned parameter: image_encoder.qformer.encoder.layer.2.crossattention.attention.value.weight -- torch.Size([768, 1408])
🔥 Tuned parameter: image_encoder.qformer.encoder.layer.2.crossattention.attention.value.bias -- torch.Size([768])
🔥 Tuned parameter: image_encoder.qformer.encoder.layer.2.crossattention.output.dense.weight -- torch.Size([768, 768])
🔥 Tuned parameter: image_encoder.qformer.encoder.layer.2.crossattention.output.dense.bias -- torch.Size([768])
🔥 Tuned parameter: image_encoder.qformer.encoder.layer.2.crossattention.output.LayerNorm.weight -- torch.Size([768])
🔥 Tuned parameter: image_encoder.qformer.encoder.layer.2.crossattention.output.LayerNorm.bias -- torch.Size([768])
🔥 Tuned parameter: image_encoder.qformer.encoder.layer.2.intermediate_query.dense.weight -- torch.Size([3072, 768])
🔥 Tuned parameter: image_encoder.qformer.encoder.layer.2.intermediate_query.dense.bias -- torch.Size([3072])
🔥 Tuned parameter: image_encoder.qformer.encoder.layer.2.output_query.dense.weight -- torch.Size([768, 3072])
🔥 Tuned parameter: image_encoder.qformer.encoder.layer.2.output_query.dense.bias -- torch.Size([768])
🔥 Tuned parameter: image_encoder.qformer.encoder.layer.2.output_query.LayerNorm.weight -- torch.Size([768])
🔥 Tuned parameter: image_encoder.qformer.encoder.layer.2.output_query.LayerNorm.bias -- torch.Size([768])
🔥 Tuned parameter: image_encoder.qformer.encoder.layer.3.attention.attention.query.weight -- torch.Size([768, 768])
🔥 Tuned parameter: image_encoder.qformer.encoder.layer.3.attention.attention.query.bias -- torch.Size([768])
🔥 Tuned parameter: image_encoder.qformer.encoder.layer.3.attention.attention.key.weight -- torch.Size([768, 768])
🔥 Tuned parameter: image_encoder.qformer.encoder.layer.3.attention.attention.key.bias -- torch.Size([768])
🔥 Tuned parameter: image_encoder.qformer.encoder.layer.3.attention.attention.value.weight -- torch.Size([768, 768])
🔥 Tuned parameter: image_encoder.qformer.encoder.layer.3.attention.attention.value.bias -- torch.Size([768])
🔥 Tuned parameter: image_encoder.qformer.encoder.layer.3.attention.output.dense.weight -- torch.Size([768, 768])
🔥 Tuned parameter: image_encoder.qformer.encoder.layer.3.attention.output.dense.bias -- torch.Size([768])
🔥 Tuned parameter: image_encoder.qformer.encoder.layer.3.attention.output.LayerNorm.weight -- torch.Size([768])
🔥 Tuned parameter: image_encoder.qformer.encoder.layer.3.attention.output.LayerNorm.bias -- torch.Size([768])
🔥 Tuned parameter: image_encoder.qformer.encoder.layer.3.intermediate_query.dense.weight -- torch.Size([3072, 768])
🔥 Tuned parameter: image_encoder.qformer.encoder.layer.3.intermediate_query.dense.bias -- torch.Size([3072])
🔥 Tuned parameter: image_encoder.qformer.encoder.layer.3.output_query.dense.weight -- torch.Size([768, 3072])
🔥 Tuned parameter: image_encoder.qformer.encoder.layer.3.output_query.dense.bias -- torch.Size([768])
🔥 Tuned parameter: image_encoder.qformer.encoder.layer.3.output_query.LayerNorm.weight -- torch.Size([768])
🔥 Tuned parameter: image_encoder.qformer.encoder.layer.3.output_query.LayerNorm.bias -- torch.Size([768])
🔥 Tuned parameter: image_encoder.qformer.encoder.layer.4.attention.attention.query.weight -- torch.Size([768, 768])
🔥 Tuned parameter: image_encoder.qformer.encoder.layer.4.attention.attention.query.bias -- torch.Size([768])
🔥 Tuned parameter: image_encoder.qformer.encoder.layer.4.attention.attention.key.weight -- torch.Size([768, 768])
🔥 Tuned parameter: image_encoder.qformer.encoder.layer.4.attention.attention.key.bias -- torch.Size([768])
🔥 Tuned parameter: image_encoder.qformer.encoder.layer.4.attention.attention.value.weight -- torch.Size([768, 768])
🔥 Tuned parameter: image_encoder.qformer.encoder.layer.4.attention.attention.value.bias -- torch.Size([768])
🔥 Tuned parameter: image_encoder.qformer.encoder.layer.4.attention.output.dense.weight -- torch.Size([768, 768])
🔥 Tuned parameter: image_encoder.qformer.encoder.layer.4.attention.output.dense.bias -- torch.Size([768])
🔥 Tuned parameter: image_encoder.qformer.encoder.layer.4.attention.output.LayerNorm.weight -- torch.Size([768])
🔥 Tuned parameter: image_encoder.qformer.encoder.layer.4.attention.output.LayerNorm.bias -- torch.Size([768])
🔥 Tuned parameter: image_encoder.qformer.encoder.layer.4.crossattention.attention.query.weight -- torch.Size([768, 768])
🔥 Tuned parameter: image_encoder.qformer.encoder.layer.4.crossattention.attention.query.bias -- torch.Size([768])
🔥 Tuned parameter: image_encoder.qformer.encoder.layer.4.crossattention.attention.key.weight -- torch.Size([768, 1408])
🔥 Tuned parameter: image_encoder.qformer.encoder.layer.4.crossattention.attention.key.bias -- torch.Size([768])
🔥 Tuned parameter: image_encoder.qformer.encoder.layer.4.crossattention.attention.value.weight -- torch.Size([768, 1408])
🔥 Tuned parameter: image_encoder.qformer.encoder.layer.4.crossattention.attention.value.bias -- torch.Size([768])
🔥 Tuned parameter: image_encoder.qformer.encoder.layer.4.crossattention.output.dense.weight -- torch.Size([768, 768])
🔥 Tuned parameter: image_encoder.qformer.encoder.layer.4.crossattention.output.dense.bias -- torch.Size([768])
🔥 Tuned parameter: image_encoder.qformer.encoder.layer.4.crossattention.output.LayerNorm.weight -- torch.Size([768])
🔥 Tuned parameter: image_encoder.qformer.encoder.layer.4.crossattention.output.LayerNorm.bias -- torch.Size([768])
🔥 Tuned parameter: image_encoder.qformer.encoder.layer.4.intermediate_query.dense.weight -- torch.Size([3072, 768])
🔥 Tuned parameter: image_encoder.qformer.encoder.layer.4.intermediate_query.dense.bias -- torch.Size([3072])
🔥 Tuned parameter: image_encoder.qformer.encoder.layer.4.output_query.dense.weight -- torch.Size([768, 3072])
🔥 Tuned parameter: image_encoder.qformer.encoder.layer.4.output_query.dense.bias -- torch.Size([768])
🔥 Tuned parameter: image_encoder.qformer.encoder.layer.4.output_query.LayerNorm.weight -- torch.Size([768])
🔥 Tuned parameter: image_encoder.qformer.encoder.layer.4.output_query.LayerNorm.bias -- torch.Size([768])
🔥 Tuned parameter: image_encoder.qformer.encoder.layer.5.attention.attention.query.weight -- torch.Size([768, 768])
🔥 Tuned parameter: image_encoder.qformer.encoder.layer.5.attention.attention.query.bias -- torch.Size([768])
🔥 Tuned parameter: image_encoder.qformer.encoder.layer.5.attention.attention.key.weight -- torch.Size([768, 768])
🔥 Tuned parameter: image_encoder.qformer.encoder.layer.5.attention.attention.key.bias -- torch.Size([768])
🔥 Tuned parameter: image_encoder.qformer.encoder.layer.5.attention.attention.value.weight -- torch.Size([768, 768])
🔥 Tuned parameter: image_encoder.qformer.encoder.layer.5.attention.attention.value.bias -- torch.Size([768])
🔥 Tuned parameter: image_encoder.qformer.encoder.layer.5.attention.output.dense.weight -- torch.Size([768, 768])
🔥 Tuned parameter: image_encoder.qformer.encoder.layer.5.attention.output.dense.bias -- torch.Size([768])
🔥 Tuned parameter: image_encoder.qformer.encoder.layer.5.attention.output.LayerNorm.weight -- torch.Size([768])
🔥 Tuned parameter: image_encoder.qformer.encoder.layer.5.attention.output.LayerNorm.bias -- torch.Size([768])
🔥 Tuned parameter: image_encoder.qformer.encoder.layer.5.intermediate_query.dense.weight -- torch.Size([3072, 768])
🔥 Tuned parameter: image_encoder.qformer.encoder.layer.5.intermediate_query.dense.bias -- torch.Size([3072])
🔥 Tuned parameter: image_encoder.qformer.encoder.layer.5.output_query.dense.weight -- torch.Size([768, 3072])
🔥 Tuned parameter: image_encoder.qformer.encoder.layer.5.output_query.dense.bias -- torch.Size([768])
🔥 Tuned parameter: image_encoder.qformer.encoder.layer.5.output_query.LayerNorm.weight -- torch.Size([768])
🔥 Tuned parameter: image_encoder.qformer.encoder.layer.5.output_query.LayerNorm.bias -- torch.Size([768])
🔥 Tuned parameter: image_encoder.qformer.encoder.layer.6.attention.attention.query.weight -- torch.Size([768, 768])
🔥 Tuned parameter: image_encoder.qformer.encoder.layer.6.attention.attention.query.bias -- torch.Size([768])
🔥 Tuned parameter: image_encoder.qformer.encoder.layer.6.attention.attention.key.weight -- torch.Size([768, 768])
🔥 Tuned parameter: image_encoder.qformer.encoder.layer.6.attention.attention.key.bias -- torch.Size([768])
🔥 Tuned parameter: image_encoder.qformer.encoder.layer.6.attention.attention.value.weight -- torch.Size([768, 768])
🔥 Tuned parameter: image_encoder.qformer.encoder.layer.6.attention.attention.value.bias -- torch.Size([768])
🔥 Tuned parameter: image_encoder.qformer.encoder.layer.6.attention.output.dense.weight -- torch.Size([768, 768])
🔥 Tuned parameter: image_encoder.qformer.encoder.layer.6.attention.output.dense.bias -- torch.Size([768])
🔥 Tuned parameter: image_encoder.qformer.encoder.layer.6.attention.output.LayerNorm.weight -- torch.Size([768])
🔥 Tuned parameter: image_encoder.qformer.encoder.layer.6.attention.output.LayerNorm.bias -- torch.Size([768])
🔥 Tuned parameter: image_encoder.qformer.encoder.layer.6.crossattention.attention.query.weight -- torch.Size([768, 768])
🔥 Tuned parameter: image_encoder.qformer.encoder.layer.6.crossattention.attention.query.bias -- torch.Size([768])
🔥 Tuned parameter: image_encoder.qformer.encoder.layer.6.crossattention.attention.key.weight -- torch.Size([768, 1408])
🔥 Tuned parameter: image_encoder.qformer.encoder.layer.6.crossattention.attention.key.bias -- torch.Size([768])
🔥 Tuned parameter: image_encoder.qformer.encoder.layer.6.crossattention.attention.value.weight -- torch.Size([768, 1408])
🔥 Tuned parameter: image_encoder.qformer.encoder.layer.6.crossattention.attention.value.bias -- torch.Size([768])
🔥 Tuned parameter: image_encoder.qformer.encoder.layer.6.crossattention.output.dense.weight -- torch.Size([768, 768])
🔥 Tuned parameter: image_encoder.qformer.encoder.layer.6.crossattention.output.dense.bias -- torch.Size([768])
🔥 Tuned parameter: image_encoder.qformer.encoder.layer.6.crossattention.output.LayerNorm.weight -- torch.Size([768])
🔥 Tuned parameter: image_encoder.qformer.encoder.layer.6.crossattention.output.LayerNorm.bias -- torch.Size([768])
🔥 Tuned parameter: image_encoder.qformer.encoder.layer.6.intermediate_query.dense.weight -- torch.Size([3072, 768])
🔥 Tuned parameter: image_encoder.qformer.encoder.layer.6.intermediate_query.dense.bias -- torch.Size([3072])
🔥 Tuned parameter: image_encoder.qformer.encoder.layer.6.output_query.dense.weight -- torch.Size([768, 3072])
🔥 Tuned parameter: image_encoder.qformer.encoder.layer.6.output_query.dense.bias -- torch.Size([768])
🔥 Tuned parameter: image_encoder.qformer.encoder.layer.6.output_query.LayerNorm.weight -- torch.Size([768])
🔥 Tuned parameter: image_encoder.qformer.encoder.layer.6.output_query.LayerNorm.bias -- torch.Size([768])
🔥 Tuned parameter: image_encoder.qformer.encoder.layer.7.attention.attention.query.weight -- torch.Size([768, 768])
🔥 Tuned parameter: image_encoder.qformer.encoder.layer.7.attention.attention.query.bias -- torch.Size([768])
🔥 Tuned parameter: image_encoder.qformer.encoder.layer.7.attention.attention.key.weight -- torch.Size([768, 768])
🔥 Tuned parameter: image_encoder.qformer.encoder.layer.7.attention.attention.key.bias -- torch.Size([768])
🔥 Tuned parameter: image_encoder.qformer.encoder.layer.7.attention.attention.value.weight -- torch.Size([768, 768])
🔥 Tuned parameter: image_encoder.qformer.encoder.layer.7.attention.attention.value.bias -- torch.Size([768])
🔥 Tuned parameter: image_encoder.qformer.encoder.layer.7.attention.output.dense.weight -- torch.Size([768, 768])
🔥 Tuned parameter: image_encoder.qformer.encoder.layer.7.attention.output.dense.bias -- torch.Size([768])
🔥 Tuned parameter: image_encoder.qformer.encoder.layer.7.attention.output.LayerNorm.weight -- torch.Size([768])
🔥 Tuned parameter: image_encoder.qformer.encoder.layer.7.attention.output.LayerNorm.bias -- torch.Size([768])
🔥 Tuned parameter: image_encoder.qformer.encoder.layer.7.intermediate_query.dense.weight -- torch.Size([3072, 768])
🔥 Tuned parameter: image_encoder.qformer.encoder.layer.7.intermediate_query.dense.bias -- torch.Size([3072])
🔥 Tuned parameter: image_encoder.qformer.encoder.layer.7.output_query.dense.weight -- torch.Size([768, 3072])
🔥 Tuned parameter: image_encoder.qformer.encoder.layer.7.output_query.dense.bias -- torch.Size([768])
🔥 Tuned parameter: image_encoder.qformer.encoder.layer.7.output_query.LayerNorm.weight -- torch.Size([768])
🔥 Tuned parameter: image_encoder.qformer.encoder.layer.7.output_query.LayerNorm.bias -- torch.Size([768])
🔥 Tuned parameter: image_encoder.qformer.encoder.layer.8.attention.attention.query.weight -- torch.Size([768, 768])
🔥 Tuned parameter: image_encoder.qformer.encoder.layer.8.attention.attention.query.bias -- torch.Size([768])
🔥 Tuned parameter: image_encoder.qformer.encoder.layer.8.attention.attention.key.weight -- torch.Size([768, 768])
🔥 Tuned parameter: image_encoder.qformer.encoder.layer.8.attention.attention.key.bias -- torch.Size([768])
🔥 Tuned parameter: image_encoder.qformer.encoder.layer.8.attention.attention.value.weight -- torch.Size([768, 768])
🔥 Tuned parameter: image_encoder.qformer.encoder.layer.8.attention.attention.value.bias -- torch.Size([768])
🔥 Tuned parameter: image_encoder.qformer.encoder.layer.8.attention.output.dense.weight -- torch.Size([768, 768])
🔥 Tuned parameter: image_encoder.qformer.encoder.layer.8.attention.output.dense.bias -- torch.Size([768])
🔥 Tuned parameter: image_encoder.qformer.encoder.layer.8.attention.output.LayerNorm.weight -- torch.Size([768])
🔥 Tuned parameter: image_encoder.qformer.encoder.layer.8.attention.output.LayerNorm.bias -- torch.Size([768])
🔥 Tuned parameter: image_encoder.qformer.encoder.layer.8.crossattention.attention.query.weight -- torch.Size([768, 768])
🔥 Tuned parameter: image_encoder.qformer.encoder.layer.8.crossattention.attention.query.bias -- torch.Size([768])
🔥 Tuned parameter: image_encoder.qformer.encoder.layer.8.crossattention.attention.key.weight -- torch.Size([768, 1408])
🔥 Tuned parameter: image_encoder.qformer.encoder.layer.8.crossattention.attention.key.bias -- torch.Size([768])
🔥 Tuned parameter: image_encoder.qformer.encoder.layer.8.crossattention.attention.value.weight -- torch.Size([768, 1408])
🔥 Tuned parameter: image_encoder.qformer.encoder.layer.8.crossattention.attention.value.bias -- torch.Size([768])
🔥 Tuned parameter: image_encoder.qformer.encoder.layer.8.crossattention.output.dense.weight -- torch.Size([768, 768])
🔥 Tuned parameter: image_encoder.qformer.encoder.layer.8.crossattention.output.dense.bias -- torch.Size([768])
🔥 Tuned parameter: image_encoder.qformer.encoder.layer.8.crossattention.output.LayerNorm.weight -- torch.Size([768])
🔥 Tuned parameter: image_encoder.qformer.encoder.layer.8.crossattention.output.LayerNorm.bias -- torch.Size([768])
🔥 Tuned parameter: image_encoder.qformer.encoder.layer.8.intermediate_query.dense.weight -- torch.Size([3072, 768])
🔥 Tuned parameter: image_encoder.qformer.encoder.layer.8.intermediate_query.dense.bias -- torch.Size([3072])
🔥 Tuned parameter: image_encoder.qformer.encoder.layer.8.output_query.dense.weight -- torch.Size([768, 3072])
🔥 Tuned parameter: image_encoder.qformer.encoder.layer.8.output_query.dense.bias -- torch.Size([768])
🔥 Tuned parameter: image_encoder.qformer.encoder.layer.8.output_query.LayerNorm.weight -- torch.Size([768])
🔥 Tuned parameter: image_encoder.qformer.encoder.layer.8.output_query.LayerNorm.bias -- torch.Size([768])
🔥 Tuned parameter: image_encoder.qformer.encoder.layer.9.attention.attention.query.weight -- torch.Size([768, 768])
🔥 Tuned parameter: image_encoder.qformer.encoder.layer.9.attention.attention.query.bias -- torch.Size([768])
🔥 Tuned parameter: image_encoder.qformer.encoder.layer.9.attention.attention.key.weight -- torch.Size([768, 768])
🔥 Tuned parameter: image_encoder.qformer.encoder.layer.9.attention.attention.key.bias -- torch.Size([768])
🔥 Tuned parameter: image_encoder.qformer.encoder.layer.9.attention.attention.value.weight -- torch.Size([768, 768])
🔥 Tuned parameter: image_encoder.qformer.encoder.layer.9.attention.attention.value.bias -- torch.Size([768])
🔥 Tuned parameter: image_encoder.qformer.encoder.layer.9.attention.output.dense.weight -- torch.Size([768, 768])
🔥 Tuned parameter: image_encoder.qformer.encoder.layer.9.attention.output.dense.bias -- torch.Size([768])
🔥 Tuned parameter: image_encoder.qformer.encoder.layer.9.attention.output.LayerNorm.weight -- torch.Size([768])
🔥 Tuned parameter: image_encoder.qformer.encoder.layer.9.attention.output.LayerNorm.bias -- torch.Size([768])
🔥 Tuned parameter: image_encoder.qformer.encoder.layer.9.intermediate_query.dense.weight -- torch.Size([3072, 768])
🔥 Tuned parameter: image_encoder.qformer.encoder.layer.9.intermediate_query.dense.bias -- torch.Size([3072])
🔥 Tuned parameter: image_encoder.qformer.encoder.layer.9.output_query.dense.weight -- torch.Size([768, 3072])
🔥 Tuned parameter: image_encoder.qformer.encoder.layer.9.output_query.dense.bias -- torch.Size([768])
🔥 Tuned parameter: image_encoder.qformer.encoder.layer.9.output_query.LayerNorm.weight -- torch.Size([768])
🔥 Tuned parameter: image_encoder.qformer.encoder.layer.9.output_query.LayerNorm.bias -- torch.Size([768])
🔥 Tuned parameter: image_encoder.qformer.encoder.layer.10.attention.attention.query.weight -- torch.Size([768, 768])
🔥 Tuned parameter: image_encoder.qformer.encoder.layer.10.attention.attention.query.bias -- torch.Size([768])
🔥 Tuned parameter: image_encoder.qformer.encoder.layer.10.attention.attention.key.weight -- torch.Size([768, 768])
🔥 Tuned parameter: image_encoder.qformer.encoder.layer.10.attention.attention.key.bias -- torch.Size([768])
🔥 Tuned parameter: image_encoder.qformer.encoder.layer.10.attention.attention.value.weight -- torch.Size([768, 768])
🔥 Tuned parameter: image_encoder.qformer.encoder.layer.10.attention.attention.value.bias -- torch.Size([768])
🔥 Tuned parameter: image_encoder.qformer.encoder.layer.10.attention.output.dense.weight -- torch.Size([768, 768])
🔥 Tuned parameter: image_encoder.qformer.encoder.layer.10.attention.output.dense.bias -- torch.Size([768])
🔥 Tuned parameter: image_encoder.qformer.encoder.layer.10.attention.output.LayerNorm.weight -- torch.Size([768])
🔥 Tuned parameter: image_encoder.qformer.encoder.layer.10.attention.output.LayerNorm.bias -- torch.Size([768])
🔥 Tuned parameter: image_encoder.qformer.encoder.layer.10.crossattention.attention.query.weight -- torch.Size([768, 768])
🔥 Tuned parameter: image_encoder.qformer.encoder.layer.10.crossattention.attention.query.bias -- torch.Size([768])
🔥 Tuned parameter: image_encoder.qformer.encoder.layer.10.crossattention.attention.key.weight -- torch.Size([768, 1408])
🔥 Tuned parameter: image_encoder.qformer.encoder.layer.10.crossattention.attention.key.bias -- torch.Size([768])
🔥 Tuned parameter: image_encoder.qformer.encoder.layer.10.crossattention.attention.value.weight -- torch.Size([768, 1408])
🔥 Tuned parameter: image_encoder.qformer.encoder.layer.10.crossattention.attention.value.bias -- torch.Size([768])
🔥 Tuned parameter: image_encoder.qformer.encoder.layer.10.crossattention.output.dense.weight -- torch.Size([768, 768])
🔥 Tuned parameter: image_encoder.qformer.encoder.layer.10.crossattention.output.dense.bias -- torch.Size([768])
🔥 Tuned parameter: image_encoder.qformer.encoder.layer.10.crossattention.output.LayerNorm.weight -- torch.Size([768])
🔥 Tuned parameter: image_encoder.qformer.encoder.layer.10.crossattention.output.LayerNorm.bias -- torch.Size([768])
🔥 Tuned parameter: image_encoder.qformer.encoder.layer.10.intermediate_query.dense.weight -- torch.Size([3072, 768])
🔥 Tuned parameter: image_encoder.qformer.encoder.layer.10.intermediate_query.dense.bias -- torch.Size([3072])
🔥 Tuned parameter: image_encoder.qformer.encoder.layer.10.output_query.dense.weight -- torch.Size([768, 3072])
🔥 Tuned parameter: image_encoder.qformer.encoder.layer.10.output_query.dense.bias -- torch.Size([768])
🔥 Tuned parameter: image_encoder.qformer.encoder.layer.10.output_query.LayerNorm.weight -- torch.Size([768])
🔥 Tuned parameter: image_encoder.qformer.encoder.layer.10.output_query.LayerNorm.bias -- torch.Size([768])
🔥 Tuned parameter: image_encoder.qformer.encoder.layer.11.attention.attention.query.weight -- torch.Size([768, 768])
🔥 Tuned parameter: image_encoder.qformer.encoder.layer.11.attention.attention.query.bias -- torch.Size([768])
🔥 Tuned parameter: image_encoder.qformer.encoder.layer.11.attention.attention.key.weight -- torch.Size([768, 768])
🔥 Tuned parameter: image_encoder.qformer.encoder.layer.11.attention.attention.key.bias -- torch.Size([768])
🔥 Tuned parameter: image_encoder.qformer.encoder.layer.11.attention.attention.value.weight -- torch.Size([768, 768])
🔥 Tuned parameter: image_encoder.qformer.encoder.layer.11.attention.attention.value.bias -- torch.Size([768])
🔥 Tuned parameter: image_encoder.qformer.encoder.layer.11.attention.output.dense.weight -- torch.Size([768, 768])
🔥 Tuned parameter: image_encoder.qformer.encoder.layer.11.attention.output.dense.bias -- torch.Size([768])
🔥 Tuned parameter: image_encoder.qformer.encoder.layer.11.attention.output.LayerNorm.weight -- torch.Size([768])
🔥 Tuned parameter: image_encoder.qformer.encoder.layer.11.attention.output.LayerNorm.bias -- torch.Size([768])
🔥 Tuned parameter: image_encoder.qformer.encoder.layer.11.intermediate_query.dense.weight -- torch.Size([3072, 768])
🔥 Tuned parameter: image_encoder.qformer.encoder.layer.11.intermediate_query.dense.bias -- torch.Size([3072])
🔥 Tuned parameter: image_encoder.qformer.encoder.layer.11.output_query.dense.weight -- torch.Size([768, 3072])
🔥 Tuned parameter: image_encoder.qformer.encoder.layer.11.output_query.dense.bias -- torch.Size([768])
🔥 Tuned parameter: image_encoder.qformer.encoder.layer.11.output_query.LayerNorm.weight -- torch.Size([768])
🔥 Tuned parameter: image_encoder.qformer.encoder.layer.11.output_query.LayerNorm.bias -- torch.Size([768])
🔥 Tuned parameter: llm_proj_img.weight -- torch.Size([4096, 768])
🔥 Tuned parameter: llm_proj_img.bias -- torch.Size([4096])
🧊 Frozen parameter: clip_model.positional_embedding -- torch.Size([77, 512])
🧊 Frozen parameter: clip_model.text_projection -- torch.Size([512, 1024])
🧊 Frozen parameter: clip_model.logit_scale -- torch.Size([])
🧊 Frozen parameter: clip_model.visual.conv1.weight -- torch.Size([32, 3, 3, 3])
🧊 Frozen parameter: clip_model.visual.bn1.weight -- torch.Size([32])
🧊 Frozen parameter: clip_model.visual.bn1.bias -- torch.Size([32])
🧊 Frozen parameter: clip_model.visual.conv2.weight -- torch.Size([32, 32, 3, 3])
🧊 Frozen parameter: clip_model.visual.bn2.weight -- torch.Size([32])
🧊 Frozen parameter: clip_model.visual.bn2.bias -- torch.Size([32])
🧊 Frozen parameter: clip_model.visual.conv3.weight -- torch.Size([64, 32, 3, 3])
🧊 Frozen parameter: clip_model.visual.bn3.weight -- torch.Size([64])
🧊 Frozen parameter: clip_model.visual.bn3.bias -- torch.Size([64])
🧊 Frozen parameter: clip_model.visual.layer1.0.conv1.weight -- torch.Size([64, 64, 1, 1])
🧊 Frozen parameter: clip_model.visual.layer1.0.bn1.weight -- torch.Size([64])
🧊 Frozen parameter: clip_model.visual.layer1.0.bn1.bias -- torch.Size([64])
🧊 Frozen parameter: clip_model.visual.layer1.0.conv2.weight -- torch.Size([64, 64, 3, 3])
🧊 Frozen parameter: clip_model.visual.layer1.0.bn2.weight -- torch.Size([64])
🧊 Frozen parameter: clip_model.visual.layer1.0.bn2.bias -- torch.Size([64])
🧊 Frozen parameter: clip_model.visual.layer1.0.conv3.weight -- torch.Size([256, 64, 1, 1])
🧊 Frozen parameter: clip_model.visual.layer1.0.bn3.weight -- torch.Size([256])
🧊 Frozen parameter: clip_model.visual.layer1.0.bn3.bias -- torch.Size([256])
🧊 Frozen parameter: clip_model.visual.layer1.0.downsample.0.weight -- torch.Size([256, 64, 1, 1])
🧊 Frozen parameter: clip_model.visual.layer1.0.downsample.1.weight -- torch.Size([256])
🧊 Frozen parameter: clip_model.visual.layer1.0.downsample.1.bias -- torch.Size([256])
🧊 Frozen parameter: clip_model.visual.layer1.1.conv1.weight -- torch.Size([64, 256, 1, 1])
🧊 Frozen parameter: clip_model.visual.layer1.1.bn1.weight -- torch.Size([64])
🧊 Frozen parameter: clip_model.visual.layer1.1.bn1.bias -- torch.Size([64])
🧊 Frozen parameter: clip_model.visual.layer1.1.conv2.weight -- torch.Size([64, 64, 3, 3])
🧊 Frozen parameter: clip_model.visual.layer1.1.bn2.weight -- torch.Size([64])
🧊 Frozen parameter: clip_model.visual.layer1.1.bn2.bias -- torch.Size([64])
🧊 Frozen parameter: clip_model.visual.layer1.1.conv3.weight -- torch.Size([256, 64, 1, 1])
🧊 Frozen parameter: clip_model.visual.layer1.1.bn3.weight -- torch.Size([256])
🧊 Frozen parameter: clip_model.visual.layer1.1.bn3.bias -- torch.Size([256])
🧊 Frozen parameter: clip_model.visual.layer1.2.conv1.weight -- torch.Size([64, 256, 1, 1])
🧊 Frozen parameter: clip_model.visual.layer1.2.bn1.weight -- torch.Size([64])
🧊 Frozen parameter: clip_model.visual.layer1.2.bn1.bias -- torch.Size([64])
🧊 Frozen parameter: clip_model.visual.layer1.2.conv2.weight -- torch.Size([64, 64, 3, 3])
🧊 Frozen parameter: clip_model.visual.layer1.2.bn2.weight -- torch.Size([64])
🧊 Frozen parameter: clip_model.visual.layer1.2.bn2.bias -- torch.Size([64])
🧊 Frozen parameter: clip_model.visual.layer1.2.conv3.weight -- torch.Size([256, 64, 1, 1])
🧊 Frozen parameter: clip_model.visual.layer1.2.bn3.weight -- torch.Size([256])
🧊 Frozen parameter: clip_model.visual.layer1.2.bn3.bias -- torch.Size([256])
🧊 Frozen parameter: clip_model.visual.layer2.0.conv1.weight -- torch.Size([128, 256, 1, 1])
🧊 Frozen parameter: clip_model.visual.layer2.0.bn1.weight -- torch.Size([128])
🧊 Frozen parameter: clip_model.visual.layer2.0.bn1.bias -- torch.Size([128])
🧊 Frozen parameter: clip_model.visual.layer2.0.conv2.weight -- torch.Size([128, 128, 3, 3])
🧊 Frozen parameter: clip_model.visual.layer2.0.bn2.weight -- torch.Size([128])
🧊 Frozen parameter: clip_model.visual.layer2.0.bn2.bias -- torch.Size([128])
🧊 Frozen parameter: clip_model.visual.layer2.0.conv3.weight -- torch.Size([512, 128, 1, 1])
🧊 Frozen parameter: clip_model.visual.layer2.0.bn3.weight -- torch.Size([512])
🧊 Frozen parameter: clip_model.visual.layer2.0.bn3.bias -- torch.Size([512])
🧊 Frozen parameter: clip_model.visual.layer2.0.downsample.0.weight -- torch.Size([512, 256, 1, 1])
🧊 Frozen parameter: clip_model.visual.layer2.0.downsample.1.weight -- torch.Size([512])
🧊 Frozen parameter: clip_model.visual.layer2.0.downsample.1.bias -- torch.Size([512])
🧊 Frozen parameter: clip_model.visual.layer2.1.conv1.weight -- torch.Size([128, 512, 1, 1])
🧊 Frozen parameter: clip_model.visual.layer2.1.bn1.weight -- torch.Size([128])
🧊 Frozen parameter: clip_model.visual.layer2.1.bn1.bias -- torch.Size([128])
🧊 Frozen parameter: clip_model.visual.layer2.1.conv2.weight -- torch.Size([128, 128, 3, 3])
🧊 Frozen parameter: clip_model.visual.layer2.1.bn2.weight -- torch.Size([128])
🧊 Frozen parameter: clip_model.visual.layer2.1.bn2.bias -- torch.Size([128])
🧊 Frozen parameter: clip_model.visual.layer2.1.conv3.weight -- torch.Size([512, 128, 1, 1])
🧊 Frozen parameter: clip_model.visual.layer2.1.bn3.weight -- torch.Size([512])
🧊 Frozen parameter: clip_model.visual.layer2.1.bn3.bias -- torch.Size([512])
🧊 Frozen parameter: clip_model.visual.layer2.2.conv1.weight -- torch.Size([128, 512, 1, 1])
🧊 Frozen parameter: clip_model.visual.layer2.2.bn1.weight -- torch.Size([128])
🧊 Frozen parameter: clip_model.visual.layer2.2.bn1.bias -- torch.Size([128])
🧊 Frozen parameter: clip_model.visual.layer2.2.conv2.weight -- torch.Size([128, 128, 3, 3])
🧊 Frozen parameter: clip_model.visual.layer2.2.bn2.weight -- torch.Size([128])
🧊 Frozen parameter: clip_model.visual.layer2.2.bn2.bias -- torch.Size([128])
🧊 Frozen parameter: clip_model.visual.layer2.2.conv3.weight -- torch.Size([512, 128, 1, 1])
🧊 Frozen parameter: clip_model.visual.layer2.2.bn3.weight -- torch.Size([512])
🧊 Frozen parameter: clip_model.visual.layer2.2.bn3.bias -- torch.Size([512])
🧊 Frozen parameter: clip_model.visual.layer2.3.conv1.weight -- torch.Size([128, 512, 1, 1])
🧊 Frozen parameter: clip_model.visual.layer2.3.bn1.weight -- torch.Size([128])
🧊 Frozen parameter: clip_model.visual.layer2.3.bn1.bias -- torch.Size([128])
🧊 Frozen parameter: clip_model.visual.layer2.3.conv2.weight -- torch.Size([128, 128, 3, 3])
🧊 Frozen parameter: clip_model.visual.layer2.3.bn2.weight -- torch.Size([128])
🧊 Frozen parameter: clip_model.visual.layer2.3.bn2.bias -- torch.Size([128])
🧊 Frozen parameter: clip_model.visual.layer2.3.conv3.weight -- torch.Size([512, 128, 1, 1])
🧊 Frozen parameter: clip_model.visual.layer2.3.bn3.weight -- torch.Size([512])
🧊 Frozen parameter: clip_model.visual.layer2.3.bn3.bias -- torch.Size([512])
🧊 Frozen parameter: clip_model.visual.layer3.0.conv1.weight -- torch.Size([256, 512, 1, 1])
🧊 Frozen parameter: clip_model.visual.layer3.0.bn1.weight -- torch.Size([256])
🧊 Frozen parameter: clip_model.visual.layer3.0.bn1.bias -- torch.Size([256])
🧊 Frozen parameter: clip_model.visual.layer3.0.conv2.weight -- torch.Size([256, 256, 3, 3])
🧊 Frozen parameter: clip_model.visual.layer3.0.bn2.weight -- torch.Size([256])
🧊 Frozen parameter: clip_model.visual.layer3.0.bn2.bias -- torch.Size([256])
🧊 Frozen parameter: clip_model.visual.layer3.0.conv3.weight -- torch.Size([1024, 256, 1, 1])
🧊 Frozen parameter: clip_model.visual.layer3.0.bn3.weight -- torch.Size([1024])
🧊 Frozen parameter: clip_model.visual.layer3.0.bn3.bias -- torch.Size([1024])
🧊 Frozen parameter: clip_model.visual.layer3.0.downsample.0.weight -- torch.Size([1024, 512, 1, 1])
🧊 Frozen parameter: clip_model.visual.layer3.0.downsample.1.weight -- torch.Size([1024])
🧊 Frozen parameter: clip_model.visual.layer3.0.downsample.1.bias -- torch.Size([1024])
🧊 Frozen parameter: clip_model.visual.layer3.1.conv1.weight -- torch.Size([256, 1024, 1, 1])
🧊 Frozen parameter: clip_model.visual.layer3.1.bn1.weight -- torch.Size([256])
🧊 Frozen parameter: clip_model.visual.layer3.1.bn1.bias -- torch.Size([256])
🧊 Frozen parameter: clip_model.visual.layer3.1.conv2.weight -- torch.Size([256, 256, 3, 3])
🧊 Frozen parameter: clip_model.visual.layer3.1.bn2.weight -- torch.Size([256])
🧊 Frozen parameter: clip_model.visual.layer3.1.bn2.bias -- torch.Size([256])
🧊 Frozen parameter: clip_model.visual.layer3.1.conv3.weight -- torch.Size([1024, 256, 1, 1])
🧊 Frozen parameter: clip_model.visual.layer3.1.bn3.weight -- torch.Size([1024])
🧊 Frozen parameter: clip_model.visual.layer3.1.bn3.bias -- torch.Size([1024])
🧊 Frozen parameter: clip_model.visual.layer3.2.conv1.weight -- torch.Size([256, 1024, 1, 1])
🧊 Frozen parameter: clip_model.visual.layer3.2.bn1.weight -- torch.Size([256])
🧊 Frozen parameter: clip_model.visual.layer3.2.bn1.bias -- torch.Size([256])
🧊 Frozen parameter: clip_model.visual.layer3.2.conv2.weight -- torch.Size([256, 256, 3, 3])
🧊 Frozen parameter: clip_model.visual.layer3.2.bn2.weight -- torch.Size([256])
🧊 Frozen parameter: clip_model.visual.layer3.2.bn2.bias -- torch.Size([256])
🧊 Frozen parameter: clip_model.visual.layer3.2.conv3.weight -- torch.Size([1024, 256, 1, 1])
🧊 Frozen parameter: clip_model.visual.layer3.2.bn3.weight -- torch.Size([1024])
🧊 Frozen parameter: clip_model.visual.layer3.2.bn3.bias -- torch.Size([1024])
🧊 Frozen parameter: clip_model.visual.layer3.3.conv1.weight -- torch.Size([256, 1024, 1, 1])
🧊 Frozen parameter: clip_model.visual.layer3.3.bn1.weight -- torch.Size([256])
🧊 Frozen parameter: clip_model.visual.layer3.3.bn1.bias -- torch.Size([256])
🧊 Frozen parameter: clip_model.visual.layer3.3.conv2.weight -- torch.Size([256, 256, 3, 3])
🧊 Frozen parameter: clip_model.visual.layer3.3.bn2.weight -- torch.Size([256])
🧊 Frozen parameter: clip_model.visual.layer3.3.bn2.bias -- torch.Size([256])
🧊 Frozen parameter: clip_model.visual.layer3.3.conv3.weight -- torch.Size([1024, 256, 1, 1])
🧊 Frozen parameter: clip_model.visual.layer3.3.bn3.weight -- torch.Size([1024])
🧊 Frozen parameter: clip_model.visual.layer3.3.bn3.bias -- torch.Size([1024])
🧊 Frozen parameter: clip_model.visual.layer3.4.conv1.weight -- torch.Size([256, 1024, 1, 1])
🧊 Frozen parameter: clip_model.visual.layer3.4.bn1.weight -- torch.Size([256])
🧊 Frozen parameter: clip_model.visual.layer3.4.bn1.bias -- torch.Size([256])
🧊 Frozen parameter: clip_model.visual.layer3.4.conv2.weight -- torch.Size([256, 256, 3, 3])
🧊 Frozen parameter: clip_model.visual.layer3.4.bn2.weight -- torch.Size([256])
🧊 Frozen parameter: clip_model.visual.layer3.4.bn2.bias -- torch.Size([256])
🧊 Frozen parameter: clip_model.visual.layer3.4.conv3.weight -- torch.Size([1024, 256, 1, 1])
🧊 Frozen parameter: clip_model.visual.layer3.4.bn3.weight -- torch.Size([1024])
🧊 Frozen parameter: clip_model.visual.layer3.4.bn3.bias -- torch.Size([1024])
🧊 Frozen parameter: clip_model.visual.layer3.5.conv1.weight -- torch.Size([256, 1024, 1, 1])
🧊 Frozen parameter: clip_model.visual.layer3.5.bn1.weight -- torch.Size([256])
🧊 Frozen parameter: clip_model.visual.layer3.5.bn1.bias -- torch.Size([256])
🧊 Frozen parameter: clip_model.visual.layer3.5.conv2.weight -- torch.Size([256, 256, 3, 3])
🧊 Frozen parameter: clip_model.visual.layer3.5.bn2.weight -- torch.Size([256])
🧊 Frozen parameter: clip_model.visual.layer3.5.bn2.bias -- torch.Size([256])
🧊 Frozen parameter: clip_model.visual.layer3.5.conv3.weight -- torch.Size([1024, 256, 1, 1])
🧊 Frozen parameter: clip_model.visual.layer3.5.bn3.weight -- torch.Size([1024])
🧊 Frozen parameter: clip_model.visual.layer3.5.bn3.bias -- torch.Size([1024])
🧊 Frozen parameter: clip_model.visual.layer4.0.conv1.weight -- torch.Size([512, 1024, 1, 1])
🧊 Frozen parameter: clip_model.visual.layer4.0.bn1.weight -- torch.Size([512])
🧊 Frozen parameter: clip_model.visual.layer4.0.bn1.bias -- torch.Size([512])
🧊 Frozen parameter: clip_model.visual.layer4.0.conv2.weight -- torch.Size([512, 512, 3, 3])
🧊 Frozen parameter: clip_model.visual.layer4.0.bn2.weight -- torch.Size([512])
🧊 Frozen parameter: clip_model.visual.layer4.0.bn2.bias -- torch.Size([512])
🧊 Frozen parameter: clip_model.visual.layer4.0.conv3.weight -- torch.Size([2048, 512, 1, 1])
🧊 Frozen parameter: clip_model.visual.layer4.0.bn3.weight -- torch.Size([2048])
🧊 Frozen parameter: clip_model.visual.layer4.0.bn3.bias -- torch.Size([2048])
🧊 Frozen parameter: clip_model.visual.layer4.0.downsample.0.weight -- torch.Size([2048, 1024, 1, 1])
🧊 Frozen parameter: clip_model.visual.layer4.0.downsample.1.weight -- torch.Size([2048])
🧊 Frozen parameter: clip_model.visual.layer4.0.downsample.1.bias -- torch.Size([2048])
🧊 Frozen parameter: clip_model.visual.layer4.1.conv1.weight -- torch.Size([512, 2048, 1, 1])
🧊 Frozen parameter: clip_model.visual.layer4.1.bn1.weight -- torch.Size([512])
🧊 Frozen parameter: clip_model.visual.layer4.1.bn1.bias -- torch.Size([512])
🧊 Frozen parameter: clip_model.visual.layer4.1.conv2.weight -- torch.Size([512, 512, 3, 3])
🧊 Frozen parameter: clip_model.visual.layer4.1.bn2.weight -- torch.Size([512])
🧊 Frozen parameter: clip_model.visual.layer4.1.bn2.bias -- torch.Size([512])
🧊 Frozen parameter: clip_model.visual.layer4.1.conv3.weight -- torch.Size([2048, 512, 1, 1])
🧊 Frozen parameter: clip_model.visual.layer4.1.bn3.weight -- torch.Size([2048])
🧊 Frozen parameter: clip_model.visual.layer4.1.bn3.bias -- torch.Size([2048])
🧊 Frozen parameter: clip_model.visual.layer4.2.conv1.weight -- torch.Size([512, 2048, 1, 1])
🧊 Frozen parameter: clip_model.visual.layer4.2.bn1.weight -- torch.Size([512])
🧊 Frozen parameter: clip_model.visual.layer4.2.bn1.bias -- torch.Size([512])
🧊 Frozen parameter: clip_model.visual.layer4.2.conv2.weight -- torch.Size([512, 512, 3, 3])
🧊 Frozen parameter: clip_model.visual.layer4.2.bn2.weight -- torch.Size([512])
🧊 Frozen parameter: clip_model.visual.layer4.2.bn2.bias -- torch.Size([512])
🧊 Frozen parameter: clip_model.visual.layer4.2.conv3.weight -- torch.Size([2048, 512, 1, 1])
🧊 Frozen parameter: clip_model.visual.layer4.2.bn3.weight -- torch.Size([2048])
🧊 Frozen parameter: clip_model.visual.layer4.2.bn3.bias -- torch.Size([2048])
🧊 Frozen parameter: clip_model.visual.attnpool.positional_embedding -- torch.Size([50, 2048])
🧊 Frozen parameter: clip_model.visual.attnpool.k_proj.weight -- torch.Size([2048, 2048])
🧊 Frozen parameter: clip_model.visual.attnpool.k_proj.bias -- torch.Size([2048])
🧊 Frozen parameter: clip_model.visual.attnpool.q_proj.weight -- torch.Size([2048, 2048])
🧊 Frozen parameter: clip_model.visual.attnpool.q_proj.bias -- torch.Size([2048])
🧊 Frozen parameter: clip_model.visual.attnpool.v_proj.weight -- torch.Size([2048, 2048])
🧊 Frozen parameter: clip_model.visual.attnpool.v_proj.bias -- torch.Size([2048])
🧊 Frozen parameter: clip_model.visual.attnpool.c_proj.weight -- torch.Size([1024, 2048])
🧊 Frozen parameter: clip_model.visual.attnpool.c_proj.bias -- torch.Size([1024])
🧊 Frozen parameter: clip_model.transformer.resblocks.0.attn.in_proj_weight -- torch.Size([1536, 512])
🧊 Frozen parameter: clip_model.transformer.resblocks.0.attn.in_proj_bias -- torch.Size([1536])
🧊 Frozen parameter: clip_model.transformer.resblocks.0.attn.out_proj.weight -- torch.Size([512, 512])
🧊 Frozen parameter: clip_model.transformer.resblocks.0.attn.out_proj.bias -- torch.Size([512])
🧊 Frozen parameter: clip_model.transformer.resblocks.0.ln_1.weight -- torch.Size([512])
🧊 Frozen parameter: clip_model.transformer.resblocks.0.ln_1.bias -- torch.Size([512])
🧊 Frozen parameter: clip_model.transformer.resblocks.0.mlp.c_fc.weight -- torch.Size([2048, 512])
🧊 Frozen parameter: clip_model.transformer.resblocks.0.mlp.c_fc.bias -- torch.Size([2048])
🧊 Frozen parameter: clip_model.transformer.resblocks.0.mlp.c_proj.weight -- torch.Size([512, 2048])
🧊 Frozen parameter: clip_model.transformer.resblocks.0.mlp.c_proj.bias -- torch.Size([512])
🧊 Frozen parameter: clip_model.transformer.resblocks.0.ln_2.weight -- torch.Size([512])
🧊 Frozen parameter: clip_model.transformer.resblocks.0.ln_2.bias -- torch.Size([512])
🧊 Frozen parameter: clip_model.transformer.resblocks.1.attn.in_proj_weight -- torch.Size([1536, 512])
🧊 Frozen parameter: clip_model.transformer.resblocks.1.attn.in_proj_bias -- torch.Size([1536])
🧊 Frozen parameter: clip_model.transformer.resblocks.1.attn.out_proj.weight -- torch.Size([512, 512])
🧊 Frozen parameter: clip_model.transformer.resblocks.1.attn.out_proj.bias -- torch.Size([512])
🧊 Frozen parameter: clip_model.transformer.resblocks.1.ln_1.weight -- torch.Size([512])
🧊 Frozen parameter: clip_model.transformer.resblocks.1.ln_1.bias -- torch.Size([512])
🧊 Frozen parameter: clip_model.transformer.resblocks.1.mlp.c_fc.weight -- torch.Size([2048, 512])
🧊 Frozen parameter: clip_model.transformer.resblocks.1.mlp.c_fc.bias -- torch.Size([2048])
🧊 Frozen parameter: clip_model.transformer.resblocks.1.mlp.c_proj.weight -- torch.Size([512, 2048])
🧊 Frozen parameter: clip_model.transformer.resblocks.1.mlp.c_proj.bias -- torch.Size([512])
🧊 Frozen parameter: clip_model.transformer.resblocks.1.ln_2.weight -- torch.Size([512])
🧊 Frozen parameter: clip_model.transformer.resblocks.1.ln_2.bias -- torch.Size([512])
🧊 Frozen parameter: clip_model.transformer.resblocks.2.attn.in_proj_weight -- torch.Size([1536, 512])
🧊 Frozen parameter: clip_model.transformer.resblocks.2.attn.in_proj_bias -- torch.Size([1536])
🧊 Frozen parameter: clip_model.transformer.resblocks.2.attn.out_proj.weight -- torch.Size([512, 512])
🧊 Frozen parameter: clip_model.transformer.resblocks.2.attn.out_proj.bias -- torch.Size([512])
🧊 Frozen parameter: clip_model.transformer.resblocks.2.ln_1.weight -- torch.Size([512])
🧊 Frozen parameter: clip_model.transformer.resblocks.2.ln_1.bias -- torch.Size([512])
🧊 Frozen parameter: clip_model.transformer.resblocks.2.mlp.c_fc.weight -- torch.Size([2048, 512])
🧊 Frozen parameter: clip_model.transformer.resblocks.2.mlp.c_fc.bias -- torch.Size([2048])
🧊 Frozen parameter: clip_model.transformer.resblocks.2.mlp.c_proj.weight -- torch.Size([512, 2048])
🧊 Frozen parameter: clip_model.transformer.resblocks.2.mlp.c_proj.bias -- torch.Size([512])
🧊 Frozen parameter: clip_model.transformer.resblocks.2.ln_2.weight -- torch.Size([512])
🧊 Frozen parameter: clip_model.transformer.resblocks.2.ln_2.bias -- torch.Size([512])
🧊 Frozen parameter: clip_model.transformer.resblocks.3.attn.in_proj_weight -- torch.Size([1536, 512])
🧊 Frozen parameter: clip_model.transformer.resblocks.3.attn.in_proj_bias -- torch.Size([1536])
🧊 Frozen parameter: clip_model.transformer.resblocks.3.attn.out_proj.weight -- torch.Size([512, 512])
🧊 Frozen parameter: clip_model.transformer.resblocks.3.attn.out_proj.bias -- torch.Size([512])
🧊 Frozen parameter: clip_model.transformer.resblocks.3.ln_1.weight -- torch.Size([512])
🧊 Frozen parameter: clip_model.transformer.resblocks.3.ln_1.bias -- torch.Size([512])
🧊 Frozen parameter: clip_model.transformer.resblocks.3.mlp.c_fc.weight -- torch.Size([2048, 512])
🧊 Frozen parameter: clip_model.transformer.resblocks.3.mlp.c_fc.bias -- torch.Size([2048])
🧊 Frozen parameter: clip_model.transformer.resblocks.3.mlp.c_proj.weight -- torch.Size([512, 2048])
🧊 Frozen parameter: clip_model.transformer.resblocks.3.mlp.c_proj.bias -- torch.Size([512])
🧊 Frozen parameter: clip_model.transformer.resblocks.3.ln_2.weight -- torch.Size([512])
🧊 Frozen parameter: clip_model.transformer.resblocks.3.ln_2.bias -- torch.Size([512])
🧊 Frozen parameter: clip_model.transformer.resblocks.4.attn.in_proj_weight -- torch.Size([1536, 512])
🧊 Frozen parameter: clip_model.transformer.resblocks.4.attn.in_proj_bias -- torch.Size([1536])
🧊 Frozen parameter: clip_model.transformer.resblocks.4.attn.out_proj.weight -- torch.Size([512, 512])
🧊 Frozen parameter: clip_model.transformer.resblocks.4.attn.out_proj.bias -- torch.Size([512])
🧊 Frozen parameter: clip_model.transformer.resblocks.4.ln_1.weight -- torch.Size([512])
🧊 Frozen parameter: clip_model.transformer.resblocks.4.ln_1.bias -- torch.Size([512])
🧊 Frozen parameter: clip_model.transformer.resblocks.4.mlp.c_fc.weight -- torch.Size([2048, 512])
🧊 Frozen parameter: clip_model.transformer.resblocks.4.mlp.c_fc.bias -- torch.Size([2048])
🧊 Frozen parameter: clip_model.transformer.resblocks.4.mlp.c_proj.weight -- torch.Size([512, 2048])
🧊 Frozen parameter: clip_model.transformer.resblocks.4.mlp.c_proj.bias -- torch.Size([512])
🧊 Frozen parameter: clip_model.transformer.resblocks.4.ln_2.weight -- torch.Size([512])
🧊 Frozen parameter: clip_model.transformer.resblocks.4.ln_2.bias -- torch.Size([512])
🧊 Frozen parameter: clip_model.transformer.resblocks.5.attn.in_proj_weight -- torch.Size([1536, 512])
🧊 Frozen parameter: clip_model.transformer.resblocks.5.attn.in_proj_bias -- torch.Size([1536])
🧊 Frozen parameter: clip_model.transformer.resblocks.5.attn.out_proj.weight -- torch.Size([512, 512])
🧊 Frozen parameter: clip_model.transformer.resblocks.5.attn.out_proj.bias -- torch.Size([512])
🧊 Frozen parameter: clip_model.transformer.resblocks.5.ln_1.weight -- torch.Size([512])
🧊 Frozen parameter: clip_model.transformer.resblocks.5.ln_1.bias -- torch.Size([512])
🧊 Frozen parameter: clip_model.transformer.resblocks.5.mlp.c_fc.weight -- torch.Size([2048, 512])
🧊 Frozen parameter: clip_model.transformer.resblocks.5.mlp.c_fc.bias -- torch.Size([2048])
🧊 Frozen parameter: clip_model.transformer.resblocks.5.mlp.c_proj.weight -- torch.Size([512, 2048])
🧊 Frozen parameter: clip_model.transformer.resblocks.5.mlp.c_proj.bias -- torch.Size([512])
🧊 Frozen parameter: clip_model.transformer.resblocks.5.ln_2.weight -- torch.Size([512])
🧊 Frozen parameter: clip_model.transformer.resblocks.5.ln_2.bias -- torch.Size([512])
🧊 Frozen parameter: clip_model.transformer.resblocks.6.attn.in_proj_weight -- torch.Size([1536, 512])
🧊 Frozen parameter: clip_model.transformer.resblocks.6.attn.in_proj_bias -- torch.Size([1536])
🧊 Frozen parameter: clip_model.transformer.resblocks.6.attn.out_proj.weight -- torch.Size([512, 512])
🧊 Frozen parameter: clip_model.transformer.resblocks.6.attn.out_proj.bias -- torch.Size([512])
🧊 Frozen parameter: clip_model.transformer.resblocks.6.ln_1.weight -- torch.Size([512])
🧊 Frozen parameter: clip_model.transformer.resblocks.6.ln_1.bias -- torch.Size([512])
🧊 Frozen parameter: clip_model.transformer.resblocks.6.mlp.c_fc.weight -- torch.Size([2048, 512])
🧊 Frozen parameter: clip_model.transformer.resblocks.6.mlp.c_fc.bias -- torch.Size([2048])
🧊 Frozen parameter: clip_model.transformer.resblocks.6.mlp.c_proj.weight -- torch.Size([512, 2048])
🧊 Frozen parameter: clip_model.transformer.resblocks.6.mlp.c_proj.bias -- torch.Size([512])
🧊 Frozen parameter: clip_model.transformer.resblocks.6.ln_2.weight -- torch.Size([512])
🧊 Frozen parameter: clip_model.transformer.resblocks.6.ln_2.bias -- torch.Size([512])
🧊 Frozen parameter: clip_model.transformer.resblocks.7.attn.in_proj_weight -- torch.Size([1536, 512])
🧊 Frozen parameter: clip_model.transformer.resblocks.7.attn.in_proj_bias -- torch.Size([1536])
🧊 Frozen parameter: clip_model.transformer.resblocks.7.attn.out_proj.weight -- torch.Size([512, 512])
🧊 Frozen parameter: clip_model.transformer.resblocks.7.attn.out_proj.bias -- torch.Size([512])
🧊 Frozen parameter: clip_model.transformer.resblocks.7.ln_1.weight -- torch.Size([512])
🧊 Frozen parameter: clip_model.transformer.resblocks.7.ln_1.bias -- torch.Size([512])
🧊 Frozen parameter: clip_model.transformer.resblocks.7.mlp.c_fc.weight -- torch.Size([2048, 512])
🧊 Frozen parameter: clip_model.transformer.resblocks.7.mlp.c_fc.bias -- torch.Size([2048])
🧊 Frozen parameter: clip_model.transformer.resblocks.7.mlp.c_proj.weight -- torch.Size([512, 2048])
🧊 Frozen parameter: clip_model.transformer.resblocks.7.mlp.c_proj.bias -- torch.Size([512])
🧊 Frozen parameter: clip_model.transformer.resblocks.7.ln_2.weight -- torch.Size([512])
🧊 Frozen parameter: clip_model.transformer.resblocks.7.ln_2.bias -- torch.Size([512])
🧊 Frozen parameter: clip_model.transformer.resblocks.8.attn.in_proj_weight -- torch.Size([1536, 512])
🧊 Frozen parameter: clip_model.transformer.resblocks.8.attn.in_proj_bias -- torch.Size([1536])
🧊 Frozen parameter: clip_model.transformer.resblocks.8.attn.out_proj.weight -- torch.Size([512, 512])
🧊 Frozen parameter: clip_model.transformer.resblocks.8.attn.out_proj.bias -- torch.Size([512])
🧊 Frozen parameter: clip_model.transformer.resblocks.8.ln_1.weight -- torch.Size([512])
🧊 Frozen parameter: clip_model.transformer.resblocks.8.ln_1.bias -- torch.Size([512])
🧊 Frozen parameter: clip_model.transformer.resblocks.8.mlp.c_fc.weight -- torch.Size([2048, 512])
🧊 Frozen parameter: clip_model.transformer.resblocks.8.mlp.c_fc.bias -- torch.Size([2048])
🧊 Frozen parameter: clip_model.transformer.resblocks.8.mlp.c_proj.weight -- torch.Size([512, 2048])
🧊 Frozen parameter: clip_model.transformer.resblocks.8.mlp.c_proj.bias -- torch.Size([512])
🧊 Frozen parameter: clip_model.transformer.resblocks.8.ln_2.weight -- torch.Size([512])
🧊 Frozen parameter: clip_model.transformer.resblocks.8.ln_2.bias -- torch.Size([512])
🧊 Frozen parameter: clip_model.transformer.resblocks.9.attn.in_proj_weight -- torch.Size([1536, 512])
🧊 Frozen parameter: clip_model.transformer.resblocks.9.attn.in_proj_bias -- torch.Size([1536])
🧊 Frozen parameter: clip_model.transformer.resblocks.9.attn.out_proj.weight -- torch.Size([512, 512])
🧊 Frozen parameter: clip_model.transformer.resblocks.9.attn.out_proj.bias -- torch.Size([512])
🧊 Frozen parameter: clip_model.transformer.resblocks.9.ln_1.weight -- torch.Size([512])
🧊 Frozen parameter: clip_model.transformer.resblocks.9.ln_1.bias -- torch.Size([512])
🧊 Frozen parameter: clip_model.transformer.resblocks.9.mlp.c_fc.weight -- torch.Size([2048, 512])
🧊 Frozen parameter: clip_model.transformer.resblocks.9.mlp.c_fc.bias -- torch.Size([2048])
🧊 Frozen parameter: clip_model.transformer.resblocks.9.mlp.c_proj.weight -- torch.Size([512, 2048])
🧊 Frozen parameter: clip_model.transformer.resblocks.9.mlp.c_proj.bias -- torch.Size([512])
🧊 Frozen parameter: clip_model.transformer.resblocks.9.ln_2.weight -- torch.Size([512])
🧊 Frozen parameter: clip_model.transformer.resblocks.9.ln_2.bias -- torch.Size([512])
🧊 Frozen parameter: clip_model.transformer.resblocks.10.attn.in_proj_weight -- torch.Size([1536, 512])
🧊 Frozen parameter: clip_model.transformer.resblocks.10.attn.in_proj_bias -- torch.Size([1536])
🧊 Frozen parameter: clip_model.transformer.resblocks.10.attn.out_proj.weight -- torch.Size([512, 512])
🧊 Frozen parameter: clip_model.transformer.resblocks.10.attn.out_proj.bias -- torch.Size([512])
🧊 Frozen parameter: clip_model.transformer.resblocks.10.ln_1.weight -- torch.Size([512])
🧊 Frozen parameter: clip_model.transformer.resblocks.10.ln_1.bias -- torch.Size([512])
🧊 Frozen parameter: clip_model.transformer.resblocks.10.mlp.c_fc.weight -- torch.Size([2048, 512])
🧊 Frozen parameter: clip_model.transformer.resblocks.10.mlp.c_fc.bias -- torch.Size([2048])
🧊 Frozen parameter: clip_model.transformer.resblocks.10.mlp.c_proj.weight -- torch.Size([512, 2048])
🧊 Frozen parameter: clip_model.transformer.resblocks.10.mlp.c_proj.bias -- torch.Size([512])
🧊 Frozen parameter: clip_model.transformer.resblocks.10.ln_2.weight -- torch.Size([512])
🧊 Frozen parameter: clip_model.transformer.resblocks.10.ln_2.bias -- torch.Size([512])
🧊 Frozen parameter: clip_model.transformer.resblocks.11.attn.in_proj_weight -- torch.Size([1536, 512])
🧊 Frozen parameter: clip_model.transformer.resblocks.11.attn.in_proj_bias -- torch.Size([1536])
🧊 Frozen parameter: clip_model.transformer.resblocks.11.attn.out_proj.weight -- torch.Size([512, 512])
🧊 Frozen parameter: clip_model.transformer.resblocks.11.attn.out_proj.bias -- torch.Size([512])
🧊 Frozen parameter: clip_model.transformer.resblocks.11.ln_1.weight -- torch.Size([512])
🧊 Frozen parameter: clip_model.transformer.resblocks.11.ln_1.bias -- torch.Size([512])
🧊 Frozen parameter: clip_model.transformer.resblocks.11.mlp.c_fc.weight -- torch.Size([2048, 512])
🧊 Frozen parameter: clip_model.transformer.resblocks.11.mlp.c_fc.bias -- torch.Size([2048])
🧊 Frozen parameter: clip_model.transformer.resblocks.11.mlp.c_proj.weight -- torch.Size([512, 2048])
🧊 Frozen parameter: clip_model.transformer.resblocks.11.mlp.c_proj.bias -- torch.Size([512])
🧊 Frozen parameter: clip_model.transformer.resblocks.11.ln_2.weight -- torch.Size([512])
🧊 Frozen parameter: clip_model.transformer.resblocks.11.ln_2.bias -- torch.Size([512])
🧊 Frozen parameter: clip_model.token_embedding.weight -- torch.Size([49408, 512])
🧊 Frozen parameter: clip_model.ln_final.weight -- torch.Size([512])
🧊 Frozen parameter: clip_model.ln_final.bias -- torch.Size([512])
🔥 Tuned parameter: clip_proj.weight -- torch.Size([4096, 1024])
🔥 Tuned parameter: clip_proj.bias -- torch.Size([4096])
Use AdamW optimizer
Load best ckpt from MSR3D_BLIPT_PTv3_VIC_LORA_2/best.pth for testing
Successfully loaded from MSR3D_BLIPT_PTv3_VIC_LORA_2/best.pth
[1;34mwandb[0m: 
[1;34mwandb[0m: 🚀 View run [33mBLIPT_PTv3_VIC_LORA_2-2026-02-03-17:34:53[0m at: [34mhttps://wandb.ai/pdemet07-university-of-cyprus/MSR3D/runs/8e6c7abx[0m
[1;34mwandb[0m: Find logs at: [1;35mwandb/run-20260203_173655-8e6c7abx/logs[0m
launched
Your remaining balance (at the time of job end)
User           Usage |        Account     Usage | Account Limit Available (CPU hrs)
---------- --------- + -------------- --------- + ------------- ---------
cpoullis           0 |            VCG     2,204 |             0       N/A
ekalogerakis     1,288 |            VCG     2,204 |             0       N/A
maverkiou          0 |            VCG     2,204 |             0       N/A
mloizou            1 |            VCG     2,204 |             0       N/A
pdemetriou *       604 |            VCG     2,204 |             0       N/A
yadimoolam       311 |            VCG     2,204 |             0       N/A
ygeorgiou          0 |            VCG     2,204 |             0       N/A
