Starting experiments: MSR3D_BLIPT_FTPNPP_VIC_LORA_3DS
Starting experiments: MSR3D_BLIPT_FTPNPP_VIC_LORA_3DS
MSR3DMix about to load: ['msqa_scannet', 'msqa_3rscan', 'msqa_arkitscenes'].
MSR3DMix about to load: ['msqa_scannet', 'msqa_3rscan', 'msqa_arkitscenes'].
Loading MSQAScanNet train-set languageLoading MSQAScanNet train-set language

Finish loading MSQAScanNet train-set language, collected 145623 data
MSR3DMix finishes loading dataset: msqa_scannet.
Finish loading MSQAScanNet train-set language, collected 145623 data
MSR3DMix finishes loading dataset: msqa_scannet.
Loading MSQA3RScan train-set language
Loading MSQA3RScan train-set language
Finish loading MSQA3RScan train-set language, collected 55639 data
MSR3DMix finishes loading dataset: msqa_3rscan.
Finish loading MSQA3RScan train-set language, collected 55639 data
MSR3DMix finishes loading dataset: msqa_3rscan.
Loading MSQAARkitScenes train-set language
Loading MSQAARkitScenes train-set language
Finish loading MSQAARkitScenes train-set language, collected 33380 data
MSR3DMix finishes loading dataset: msqa_arkitscenes.
Indecies of these datasets: [0, 145623, 201262, 234642]
Finish loading MSQAARkitScenes train-set language, collected 33380 data
MSR3DMix finishes loading dataset: msqa_arkitscenes.
Indecies of these datasets: [0, 145623, 201262, 234642]
Loading MSQAScanNet val-set language
Loading MSQAScanNet val-set language
Finish loading MSQAScanNet val-set language, collected 890 data
Finish loading MSQAScanNet val-set language, collected 890 data
Loading MSQAScanNet test-set language
Loading MSQAScanNet test-set language
Finish loading MSQAScanNet test-set language, collected 827 data
Finish loading MSQAScanNet test-set language, collected 827 data
Loading MSQA3RScan val-set language
Finish loading MSQA3RScan val-set language, collected 622 data
Loading MSQA3RScan val-set language
Finish loading MSQA3RScan val-set language, collected 622 data
Loading MSQA3RScan test-set language
Finish loading MSQA3RScan test-set language, collected 315 data
Loading MSQA3RScan test-set language
Finish loading MSQA3RScan test-set language, collected 315 data
Loading MSQAARkitScenes val-set language
Loading MSQAARkitScenes val-set language
Finish loading MSQAARkitScenes val-set language, collected 579 data
Finish loading MSQAARkitScenes val-set language, collected 579 data
Loading MSQAARkitScenes test-set language
Finish loading MSQAARkitScenes test-set language, collected 262 data
Loading MSQAARkitScenes test-set language
Finish loading MSQAARkitScenes test-set language, collected 262 data
!!!! situation type !!!! as_transform_for_objects
!!!! situation type !!!! as_transform_for_objects
!!! scene token len !!! 60
!!! scene token len !!! 60
Hidden Size:4096
Hidden Size:4096
EmbodiedSolver built with 8.0B parametersEmbodiedSolver built with 8.0B parameters

1.1B learnable parameters
🔥 Tuned parameter: visual_prompter.anchor_feat -- torch.Size([1, 1, 256])
🧊 Frozen parameter: visual_prompter.anchor_size -- torch.Size([1, 1, 3])1.1B learnable parameters

🔥 Tuned parameter: visual_prompter.object_orientation_feat -- torch.Size([1, 1, 256])
🔥 Tuned parameter: visual_prompter.orientation_encoder.weight -- torch.Size([256, 84])🔥 Tuned parameter: visual_prompter.anchor_feat -- torch.Size([1, 1, 256])

🔥 Tuned parameter: visual_prompter.orientation_encoder.bias -- torch.Size([256])🧊 Frozen parameter: visual_prompter.anchor_size -- torch.Size([1, 1, 3])

🔥 Tuned parameter: visual_prompter.object_type_embedding.weight -- torch.Size([2, 256])🔥 Tuned parameter: visual_prompter.object_orientation_feat -- torch.Size([1, 1, 256])

🔥 Tuned parameter: visual_prompter.orientation_encoder.weight -- torch.Size([256, 84])🔥 Tuned parameter: visual_prompter.obj_encoder.pcd_net.encoder.0.mlps.0.layer0.conv.weight -- torch.Size([64, 6, 1, 1])

🔥 Tuned parameter: visual_prompter.orientation_encoder.bias -- torch.Size([256])🔥 Tuned parameter: visual_prompter.obj_encoder.pcd_net.encoder.0.mlps.0.layer0.bn.bn.weight -- torch.Size([64])

🔥 Tuned parameter: visual_prompter.object_type_embedding.weight -- torch.Size([2, 256])🔥 Tuned parameter: visual_prompter.obj_encoder.pcd_net.encoder.0.mlps.0.layer0.bn.bn.bias -- torch.Size([64])

🔥 Tuned parameter: visual_prompter.obj_encoder.pcd_net.encoder.0.mlps.0.layer0.conv.weight -- torch.Size([64, 6, 1, 1])🔥 Tuned parameter: visual_prompter.obj_encoder.pcd_net.encoder.0.mlps.0.layer1.conv.weight -- torch.Size([64, 64, 1, 1])

🔥 Tuned parameter: visual_prompter.obj_encoder.pcd_net.encoder.0.mlps.0.layer0.bn.bn.weight -- torch.Size([64])🔥 Tuned parameter: visual_prompter.obj_encoder.pcd_net.encoder.0.mlps.0.layer1.bn.bn.weight -- torch.Size([64])

🔥 Tuned parameter: visual_prompter.obj_encoder.pcd_net.encoder.0.mlps.0.layer0.bn.bn.bias -- torch.Size([64])🔥 Tuned parameter: visual_prompter.obj_encoder.pcd_net.encoder.0.mlps.0.layer1.bn.bn.bias -- torch.Size([64])

🔥 Tuned parameter: visual_prompter.obj_encoder.pcd_net.encoder.0.mlps.0.layer1.conv.weight -- torch.Size([64, 64, 1, 1])🔥 Tuned parameter: visual_prompter.obj_encoder.pcd_net.encoder.0.mlps.0.layer2.conv.weight -- torch.Size([128, 64, 1, 1])

🔥 Tuned parameter: visual_prompter.obj_encoder.pcd_net.encoder.0.mlps.0.layer1.bn.bn.weight -- torch.Size([64])🔥 Tuned parameter: visual_prompter.obj_encoder.pcd_net.encoder.0.mlps.0.layer2.bn.bn.weight -- torch.Size([128])

🔥 Tuned parameter: visual_prompter.obj_encoder.pcd_net.encoder.0.mlps.0.layer1.bn.bn.bias -- torch.Size([64])🔥 Tuned parameter: visual_prompter.obj_encoder.pcd_net.encoder.0.mlps.0.layer2.bn.bn.bias -- torch.Size([128])

🔥 Tuned parameter: visual_prompter.obj_encoder.pcd_net.encoder.0.mlps.0.layer2.conv.weight -- torch.Size([128, 64, 1, 1])
🔥 Tuned parameter: visual_prompter.obj_encoder.pcd_net.encoder.1.mlps.0.layer0.conv.weight -- torch.Size([128, 131, 1, 1])🔥 Tuned parameter: visual_prompter.obj_encoder.pcd_net.encoder.0.mlps.0.layer2.bn.bn.weight -- torch.Size([128])

🔥 Tuned parameter: visual_prompter.obj_encoder.pcd_net.encoder.1.mlps.0.layer0.bn.bn.weight -- torch.Size([128])🔥 Tuned parameter: visual_prompter.obj_encoder.pcd_net.encoder.0.mlps.0.layer2.bn.bn.bias -- torch.Size([128])

🔥 Tuned parameter: visual_prompter.obj_encoder.pcd_net.encoder.1.mlps.0.layer0.bn.bn.bias -- torch.Size([128])
🔥 Tuned parameter: visual_prompter.obj_encoder.pcd_net.encoder.1.mlps.0.layer0.conv.weight -- torch.Size([128, 131, 1, 1])🔥 Tuned parameter: visual_prompter.obj_encoder.pcd_net.encoder.1.mlps.0.layer1.conv.weight -- torch.Size([128, 128, 1, 1])

🔥 Tuned parameter: visual_prompter.obj_encoder.pcd_net.encoder.1.mlps.0.layer0.bn.bn.weight -- torch.Size([128])🔥 Tuned parameter: visual_prompter.obj_encoder.pcd_net.encoder.1.mlps.0.layer1.bn.bn.weight -- torch.Size([128])

🔥 Tuned parameter: visual_prompter.obj_encoder.pcd_net.encoder.1.mlps.0.layer0.bn.bn.bias -- torch.Size([128])🔥 Tuned parameter: visual_prompter.obj_encoder.pcd_net.encoder.1.mlps.0.layer1.bn.bn.bias -- torch.Size([128])

🔥 Tuned parameter: visual_prompter.obj_encoder.pcd_net.encoder.1.mlps.0.layer1.conv.weight -- torch.Size([128, 128, 1, 1])🔥 Tuned parameter: visual_prompter.obj_encoder.pcd_net.encoder.1.mlps.0.layer2.conv.weight -- torch.Size([256, 128, 1, 1])

🔥 Tuned parameter: visual_prompter.obj_encoder.pcd_net.encoder.1.mlps.0.layer1.bn.bn.weight -- torch.Size([128])🔥 Tuned parameter: visual_prompter.obj_encoder.pcd_net.encoder.1.mlps.0.layer2.bn.bn.weight -- torch.Size([256])

🔥 Tuned parameter: visual_prompter.obj_encoder.pcd_net.encoder.1.mlps.0.layer1.bn.bn.bias -- torch.Size([128])🔥 Tuned parameter: visual_prompter.obj_encoder.pcd_net.encoder.1.mlps.0.layer2.bn.bn.bias -- torch.Size([256])

🔥 Tuned parameter: visual_prompter.obj_encoder.pcd_net.encoder.1.mlps.0.layer2.conv.weight -- torch.Size([256, 128, 1, 1])🔥 Tuned parameter: visual_prompter.obj_encoder.pcd_net.encoder.2.mlps.0.layer0.conv.weight -- torch.Size([256, 259, 1, 1])

🔥 Tuned parameter: visual_prompter.obj_encoder.pcd_net.encoder.1.mlps.0.layer2.bn.bn.weight -- torch.Size([256])🔥 Tuned parameter: visual_prompter.obj_encoder.pcd_net.encoder.2.mlps.0.layer0.bn.bn.weight -- torch.Size([256])

🔥 Tuned parameter: visual_prompter.obj_encoder.pcd_net.encoder.1.mlps.0.layer2.bn.bn.bias -- torch.Size([256])🔥 Tuned parameter: visual_prompter.obj_encoder.pcd_net.encoder.2.mlps.0.layer0.bn.bn.bias -- torch.Size([256])

🔥 Tuned parameter: visual_prompter.obj_encoder.pcd_net.encoder.2.mlps.0.layer0.conv.weight -- torch.Size([256, 259, 1, 1])🔥 Tuned parameter: visual_prompter.obj_encoder.pcd_net.encoder.2.mlps.0.layer1.conv.weight -- torch.Size([512, 256, 1, 1])

🔥 Tuned parameter: visual_prompter.obj_encoder.pcd_net.encoder.2.mlps.0.layer0.bn.bn.weight -- torch.Size([256])🔥 Tuned parameter: visual_prompter.obj_encoder.pcd_net.encoder.2.mlps.0.layer1.bn.bn.weight -- torch.Size([512])

🔥 Tuned parameter: visual_prompter.obj_encoder.pcd_net.encoder.2.mlps.0.layer0.bn.bn.bias -- torch.Size([256])🔥 Tuned parameter: visual_prompter.obj_encoder.pcd_net.encoder.2.mlps.0.layer1.bn.bn.bias -- torch.Size([512])

🔥 Tuned parameter: visual_prompter.obj_encoder.pcd_net.encoder.2.mlps.0.layer1.conv.weight -- torch.Size([512, 256, 1, 1])🔥 Tuned parameter: visual_prompter.obj_encoder.pcd_net.encoder.2.mlps.0.layer2.conv.weight -- torch.Size([768, 512, 1, 1])

🔥 Tuned parameter: visual_prompter.obj_encoder.pcd_net.encoder.2.mlps.0.layer1.bn.bn.weight -- torch.Size([512])🔥 Tuned parameter: visual_prompter.obj_encoder.pcd_net.encoder.2.mlps.0.layer2.bn.bn.weight -- torch.Size([768])

🔥 Tuned parameter: visual_prompter.obj_encoder.pcd_net.encoder.2.mlps.0.layer1.bn.bn.bias -- torch.Size([512])🔥 Tuned parameter: visual_prompter.obj_encoder.pcd_net.encoder.2.mlps.0.layer2.bn.bn.bias -- torch.Size([768])

🔥 Tuned parameter: visual_prompter.obj_encoder.pcd_net.encoder.2.mlps.0.layer2.conv.weight -- torch.Size([768, 512, 1, 1])🔥 Tuned parameter: visual_prompter.obj_encoder.pcd_net.fc.weight -- torch.Size([768, 768])

🔥 Tuned parameter: visual_prompter.obj_encoder.pcd_net.encoder.2.mlps.0.layer2.bn.bn.weight -- torch.Size([768])🔥 Tuned parameter: visual_prompter.obj_encoder.pcd_net.fc.bias -- torch.Size([768])

🔥 Tuned parameter: visual_prompter.obj_encoder.pcd_net.encoder.2.mlps.0.layer2.bn.bn.bias -- torch.Size([768])🔥 Tuned parameter: visual_prompter.obj_encoder.obj3d_clf_pre_head.0.weight -- torch.Size([384, 768])

🔥 Tuned parameter: visual_prompter.obj_encoder.pcd_net.fc.weight -- torch.Size([768, 768])🔥 Tuned parameter: visual_prompter.obj_encoder.obj3d_clf_pre_head.0.bias -- torch.Size([384])

🔥 Tuned parameter: visual_prompter.obj_encoder.pcd_net.fc.bias -- torch.Size([768])🔥 Tuned parameter: visual_prompter.obj_encoder.obj3d_clf_pre_head.2.weight -- torch.Size([384])

🔥 Tuned parameter: visual_prompter.obj_encoder.obj3d_clf_pre_head.0.weight -- torch.Size([384, 768])🔥 Tuned parameter: visual_prompter.obj_encoder.obj3d_clf_pre_head.2.bias -- torch.Size([384])

🔥 Tuned parameter: visual_prompter.obj_encoder.obj3d_clf_pre_head.0.bias -- torch.Size([384])🔥 Tuned parameter: visual_prompter.obj_encoder.obj3d_clf_pre_head.4.weight -- torch.Size([607, 384])

🔥 Tuned parameter: visual_prompter.obj_encoder.obj3d_clf_pre_head.2.weight -- torch.Size([384])🔥 Tuned parameter: visual_prompter.obj_encoder.obj3d_clf_pre_head.4.bias -- torch.Size([607])

🔥 Tuned parameter: visual_prompter.obj_encoder.obj3d_clf_pre_head.2.bias -- torch.Size([384])🔥 Tuned parameter: visual_prompter.obj_linear_projection.weight -- torch.Size([256, 768])

🔥 Tuned parameter: visual_prompter.obj_encoder.obj3d_clf_pre_head.4.weight -- torch.Size([607, 384])🔥 Tuned parameter: visual_prompter.obj_linear_projection.bias -- torch.Size([256])

🔥 Tuned parameter: visual_prompter.obj_encoder.obj3d_clf_pre_head.4.bias -- torch.Size([607])🔥 Tuned parameter: visual_prompter.spatial_encoder.0.linear1.weight -- torch.Size([2048, 256])

🔥 Tuned parameter: visual_prompter.obj_linear_projection.weight -- torch.Size([256, 768])🔥 Tuned parameter: visual_prompter.spatial_encoder.0.linear1.bias -- torch.Size([2048])

🔥 Tuned parameter: visual_prompter.obj_linear_projection.bias -- torch.Size([256])🔥 Tuned parameter: visual_prompter.spatial_encoder.0.linear2.weight -- torch.Size([256, 2048])

🔥 Tuned parameter: visual_prompter.spatial_encoder.0.linear1.weight -- torch.Size([2048, 256])🔥 Tuned parameter: visual_prompter.spatial_encoder.0.linear2.bias -- torch.Size([256])

🔥 Tuned parameter: visual_prompter.spatial_encoder.0.linear1.bias -- torch.Size([2048])🔥 Tuned parameter: visual_prompter.spatial_encoder.0.norm1.weight -- torch.Size([256])

🔥 Tuned parameter: visual_prompter.spatial_encoder.0.linear2.weight -- torch.Size([256, 2048])🔥 Tuned parameter: visual_prompter.spatial_encoder.0.norm1.bias -- torch.Size([256])

🔥 Tuned parameter: visual_prompter.spatial_encoder.0.linear2.bias -- torch.Size([256])🔥 Tuned parameter: visual_prompter.spatial_encoder.0.norm2.weight -- torch.Size([256])

🔥 Tuned parameter: visual_prompter.spatial_encoder.0.norm1.weight -- torch.Size([256])🔥 Tuned parameter: visual_prompter.spatial_encoder.0.norm2.bias -- torch.Size([256])

🔥 Tuned parameter: visual_prompter.spatial_encoder.0.norm1.bias -- torch.Size([256])
🔥 Tuned parameter: visual_prompter.spatial_encoder.0.self_attn.w_qs.weight -- torch.Size([256, 256])🔥 Tuned parameter: visual_prompter.spatial_encoder.0.norm2.weight -- torch.Size([256])

🔥 Tuned parameter: visual_prompter.spatial_encoder.0.self_attn.w_qs.bias -- torch.Size([256])🔥 Tuned parameter: visual_prompter.spatial_encoder.0.norm2.bias -- torch.Size([256])

🔥 Tuned parameter: visual_prompter.spatial_encoder.0.self_attn.w_ks.weight -- torch.Size([256, 256])
🔥 Tuned parameter: visual_prompter.spatial_encoder.0.self_attn.w_qs.weight -- torch.Size([256, 256])🔥 Tuned parameter: visual_prompter.spatial_encoder.0.self_attn.w_ks.bias -- torch.Size([256])

🔥 Tuned parameter: visual_prompter.spatial_encoder.0.self_attn.w_qs.bias -- torch.Size([256])🔥 Tuned parameter: visual_prompter.spatial_encoder.0.self_attn.w_vs.weight -- torch.Size([256, 256])

🔥 Tuned parameter: visual_prompter.spatial_encoder.0.self_attn.w_ks.weight -- torch.Size([256, 256])🔥 Tuned parameter: visual_prompter.spatial_encoder.0.self_attn.w_vs.bias -- torch.Size([256])

🔥 Tuned parameter: visual_prompter.spatial_encoder.0.self_attn.w_ks.bias -- torch.Size([256])🔥 Tuned parameter: visual_prompter.spatial_encoder.0.self_attn.fc.weight -- torch.Size([256, 256])

🔥 Tuned parameter: visual_prompter.spatial_encoder.0.self_attn.w_vs.weight -- torch.Size([256, 256])🔥 Tuned parameter: visual_prompter.spatial_encoder.0.self_attn.fc.bias -- torch.Size([256])

🔥 Tuned parameter: visual_prompter.spatial_encoder.0.self_attn.w_vs.bias -- torch.Size([256])🔥 Tuned parameter: visual_prompter.spatial_encoder.0.self_attn.layer_norm.weight -- torch.Size([256])

🔥 Tuned parameter: visual_prompter.spatial_encoder.0.self_attn.fc.weight -- torch.Size([256, 256])🔥 Tuned parameter: visual_prompter.spatial_encoder.0.self_attn.layer_norm.bias -- torch.Size([256])

🔥 Tuned parameter: visual_prompter.spatial_encoder.0.self_attn.fc.bias -- torch.Size([256])🔥 Tuned parameter: visual_prompter.spatial_encoder.0.self_attn.lang_cond_fc.weight -- torch.Size([48, 256])

🔥 Tuned parameter: visual_prompter.spatial_encoder.0.self_attn.layer_norm.weight -- torch.Size([256])🔥 Tuned parameter: visual_prompter.spatial_encoder.0.self_attn.lang_cond_fc.bias -- torch.Size([48])

🔥 Tuned parameter: visual_prompter.spatial_encoder.0.self_attn.layer_norm.bias -- torch.Size([256])🔥 Tuned parameter: visual_prompter.spatial_encoder.1.linear1.weight -- torch.Size([2048, 256])

🔥 Tuned parameter: visual_prompter.spatial_encoder.0.self_attn.lang_cond_fc.weight -- torch.Size([48, 256])🔥 Tuned parameter: visual_prompter.spatial_encoder.1.linear1.bias -- torch.Size([2048])

🔥 Tuned parameter: visual_prompter.spatial_encoder.0.self_attn.lang_cond_fc.bias -- torch.Size([48])🔥 Tuned parameter: visual_prompter.spatial_encoder.1.linear2.weight -- torch.Size([256, 2048])

🔥 Tuned parameter: visual_prompter.spatial_encoder.1.linear1.weight -- torch.Size([2048, 256])🔥 Tuned parameter: visual_prompter.spatial_encoder.1.linear2.bias -- torch.Size([256])

🔥 Tuned parameter: visual_prompter.spatial_encoder.1.linear1.bias -- torch.Size([2048])🔥 Tuned parameter: visual_prompter.spatial_encoder.1.norm1.weight -- torch.Size([256])

🔥 Tuned parameter: visual_prompter.spatial_encoder.1.linear2.weight -- torch.Size([256, 2048])🔥 Tuned parameter: visual_prompter.spatial_encoder.1.norm1.bias -- torch.Size([256])

🔥 Tuned parameter: visual_prompter.spatial_encoder.1.linear2.bias -- torch.Size([256])🔥 Tuned parameter: visual_prompter.spatial_encoder.1.norm2.weight -- torch.Size([256])

🔥 Tuned parameter: visual_prompter.spatial_encoder.1.norm1.weight -- torch.Size([256])🔥 Tuned parameter: visual_prompter.spatial_encoder.1.norm2.bias -- torch.Size([256])

🔥 Tuned parameter: visual_prompter.spatial_encoder.1.norm1.bias -- torch.Size([256])🔥 Tuned parameter: visual_prompter.spatial_encoder.1.self_attn.w_qs.weight -- torch.Size([256, 256])

🔥 Tuned parameter: visual_prompter.spatial_encoder.1.norm2.weight -- torch.Size([256])🔥 Tuned parameter: visual_prompter.spatial_encoder.1.self_attn.w_qs.bias -- torch.Size([256])

🔥 Tuned parameter: visual_prompter.spatial_encoder.1.norm2.bias -- torch.Size([256])🔥 Tuned parameter: visual_prompter.spatial_encoder.1.self_attn.w_ks.weight -- torch.Size([256, 256])

🔥 Tuned parameter: visual_prompter.spatial_encoder.1.self_attn.w_qs.weight -- torch.Size([256, 256])🔥 Tuned parameter: visual_prompter.spatial_encoder.1.self_attn.w_ks.bias -- torch.Size([256])

🔥 Tuned parameter: visual_prompter.spatial_encoder.1.self_attn.w_qs.bias -- torch.Size([256])🔥 Tuned parameter: visual_prompter.spatial_encoder.1.self_attn.w_vs.weight -- torch.Size([256, 256])

🔥 Tuned parameter: visual_prompter.spatial_encoder.1.self_attn.w_ks.weight -- torch.Size([256, 256])🔥 Tuned parameter: visual_prompter.spatial_encoder.1.self_attn.w_vs.bias -- torch.Size([256])

🔥 Tuned parameter: visual_prompter.spatial_encoder.1.self_attn.w_ks.bias -- torch.Size([256])🔥 Tuned parameter: visual_prompter.spatial_encoder.1.self_attn.fc.weight -- torch.Size([256, 256])

🔥 Tuned parameter: visual_prompter.spatial_encoder.1.self_attn.w_vs.weight -- torch.Size([256, 256])🔥 Tuned parameter: visual_prompter.spatial_encoder.1.self_attn.fc.bias -- torch.Size([256])

🔥 Tuned parameter: visual_prompter.spatial_encoder.1.self_attn.w_vs.bias -- torch.Size([256])🔥 Tuned parameter: visual_prompter.spatial_encoder.1.self_attn.layer_norm.weight -- torch.Size([256])

🔥 Tuned parameter: visual_prompter.spatial_encoder.1.self_attn.fc.weight -- torch.Size([256, 256])🔥 Tuned parameter: visual_prompter.spatial_encoder.1.self_attn.layer_norm.bias -- torch.Size([256])

🔥 Tuned parameter: visual_prompter.spatial_encoder.1.self_attn.fc.bias -- torch.Size([256])🔥 Tuned parameter: visual_prompter.spatial_encoder.1.self_attn.lang_cond_fc.weight -- torch.Size([48, 256])

🔥 Tuned parameter: visual_prompter.spatial_encoder.1.self_attn.layer_norm.weight -- torch.Size([256])🔥 Tuned parameter: visual_prompter.spatial_encoder.1.self_attn.lang_cond_fc.bias -- torch.Size([48])

🔥 Tuned parameter: visual_prompter.spatial_encoder.1.self_attn.layer_norm.bias -- torch.Size([256])🔥 Tuned parameter: visual_prompter.spatial_encoder.2.linear1.weight -- torch.Size([2048, 256])

🔥 Tuned parameter: visual_prompter.spatial_encoder.1.self_attn.lang_cond_fc.weight -- torch.Size([48, 256])🔥 Tuned parameter: visual_prompter.spatial_encoder.2.linear1.bias -- torch.Size([2048])

🔥 Tuned parameter: visual_prompter.spatial_encoder.1.self_attn.lang_cond_fc.bias -- torch.Size([48])🔥 Tuned parameter: visual_prompter.spatial_encoder.2.linear2.weight -- torch.Size([256, 2048])

🔥 Tuned parameter: visual_prompter.spatial_encoder.2.linear1.weight -- torch.Size([2048, 256])🔥 Tuned parameter: visual_prompter.spatial_encoder.2.linear2.bias -- torch.Size([256])

🔥 Tuned parameter: visual_prompter.spatial_encoder.2.linear1.bias -- torch.Size([2048])🔥 Tuned parameter: visual_prompter.spatial_encoder.2.norm1.weight -- torch.Size([256])

🔥 Tuned parameter: visual_prompter.spatial_encoder.2.linear2.weight -- torch.Size([256, 2048])🔥 Tuned parameter: visual_prompter.spatial_encoder.2.norm1.bias -- torch.Size([256])

🔥 Tuned parameter: visual_prompter.spatial_encoder.2.linear2.bias -- torch.Size([256])🔥 Tuned parameter: visual_prompter.spatial_encoder.2.norm2.weight -- torch.Size([256])

🔥 Tuned parameter: visual_prompter.spatial_encoder.2.norm1.weight -- torch.Size([256])🔥 Tuned parameter: visual_prompter.spatial_encoder.2.norm2.bias -- torch.Size([256])

🔥 Tuned parameter: visual_prompter.spatial_encoder.2.norm1.bias -- torch.Size([256])🔥 Tuned parameter: visual_prompter.spatial_encoder.2.self_attn.w_qs.weight -- torch.Size([256, 256])

🔥 Tuned parameter: visual_prompter.spatial_encoder.2.norm2.weight -- torch.Size([256])🔥 Tuned parameter: visual_prompter.spatial_encoder.2.self_attn.w_qs.bias -- torch.Size([256])

🔥 Tuned parameter: visual_prompter.spatial_encoder.2.norm2.bias -- torch.Size([256])🔥 Tuned parameter: visual_prompter.spatial_encoder.2.self_attn.w_ks.weight -- torch.Size([256, 256])

🔥 Tuned parameter: visual_prompter.spatial_encoder.2.self_attn.w_qs.weight -- torch.Size([256, 256])🔥 Tuned parameter: visual_prompter.spatial_encoder.2.self_attn.w_ks.bias -- torch.Size([256])

🔥 Tuned parameter: visual_prompter.spatial_encoder.2.self_attn.w_qs.bias -- torch.Size([256])🔥 Tuned parameter: visual_prompter.spatial_encoder.2.self_attn.w_vs.weight -- torch.Size([256, 256])

🔥 Tuned parameter: visual_prompter.spatial_encoder.2.self_attn.w_ks.weight -- torch.Size([256, 256])🔥 Tuned parameter: visual_prompter.spatial_encoder.2.self_attn.w_vs.bias -- torch.Size([256])

🔥 Tuned parameter: visual_prompter.spatial_encoder.2.self_attn.w_ks.bias -- torch.Size([256])🔥 Tuned parameter: visual_prompter.spatial_encoder.2.self_attn.fc.weight -- torch.Size([256, 256])

🔥 Tuned parameter: visual_prompter.spatial_encoder.2.self_attn.w_vs.weight -- torch.Size([256, 256])🔥 Tuned parameter: visual_prompter.spatial_encoder.2.self_attn.fc.bias -- torch.Size([256])

🔥 Tuned parameter: visual_prompter.spatial_encoder.2.self_attn.w_vs.bias -- torch.Size([256])🔥 Tuned parameter: visual_prompter.spatial_encoder.2.self_attn.layer_norm.weight -- torch.Size([256])

🔥 Tuned parameter: visual_prompter.spatial_encoder.2.self_attn.fc.weight -- torch.Size([256, 256])🔥 Tuned parameter: visual_prompter.spatial_encoder.2.self_attn.layer_norm.bias -- torch.Size([256])

🔥 Tuned parameter: visual_prompter.spatial_encoder.2.self_attn.fc.bias -- torch.Size([256])🔥 Tuned parameter: visual_prompter.spatial_encoder.2.self_attn.lang_cond_fc.weight -- torch.Size([48, 256])

🔥 Tuned parameter: visual_prompter.spatial_encoder.2.self_attn.layer_norm.weight -- torch.Size([256])🔥 Tuned parameter: visual_prompter.spatial_encoder.2.self_attn.lang_cond_fc.bias -- torch.Size([48])

🔥 Tuned parameter: visual_prompter.spatial_encoder.2.self_attn.layer_norm.bias -- torch.Size([256])🔥 Tuned parameter: visual_prompter.loc_layers.0.0.weight -- torch.Size([256, 6])

🔥 Tuned parameter: visual_prompter.spatial_encoder.2.self_attn.lang_cond_fc.weight -- torch.Size([48, 256])🔥 Tuned parameter: visual_prompter.loc_layers.0.0.bias -- torch.Size([256])

🔥 Tuned parameter: visual_prompter.spatial_encoder.2.self_attn.lang_cond_fc.bias -- torch.Size([48])🔥 Tuned parameter: visual_prompter.loc_layers.0.1.weight -- torch.Size([256])

🔥 Tuned parameter: visual_prompter.loc_layers.0.0.weight -- torch.Size([256, 6])🔥 Tuned parameter: visual_prompter.loc_layers.0.1.bias -- torch.Size([256])

🔥 Tuned parameter: visual_prompter.loc_layers.0.0.bias -- torch.Size([256])🔥 Tuned parameter: visual_prompter.loc_embedding_encoder.0.weight -- torch.Size([256, 63])

🔥 Tuned parameter: visual_prompter.loc_layers.0.1.weight -- torch.Size([256])🔥 Tuned parameter: visual_prompter.loc_embedding_encoder.0.bias -- torch.Size([256])

🔥 Tuned parameter: visual_prompter.loc_layers.0.1.bias -- torch.Size([256])🔥 Tuned parameter: visual_prompter.loc_embedding_encoder.1.weight -- torch.Size([256])

🔥 Tuned parameter: visual_prompter.loc_embedding_encoder.0.weight -- torch.Size([256, 63])🔥 Tuned parameter: visual_prompter.loc_embedding_encoder.1.bias -- torch.Size([256])

🔥 Tuned parameter: visual_prompter.loc_embedding_encoder.0.bias -- torch.Size([256])🔥 Tuned parameter: visual_prompter.size_embedding_encoder.0.weight -- torch.Size([256, 3])

🔥 Tuned parameter: visual_prompter.loc_embedding_encoder.1.weight -- torch.Size([256])🔥 Tuned parameter: visual_prompter.size_embedding_encoder.0.bias -- torch.Size([256])

🔥 Tuned parameter: visual_prompter.loc_embedding_encoder.1.bias -- torch.Size([256])🔥 Tuned parameter: visual_prompter.size_embedding_encoder.1.weight -- torch.Size([256])

🔥 Tuned parameter: visual_prompter.size_embedding_encoder.0.weight -- torch.Size([256, 3])🔥 Tuned parameter: visual_prompter.size_embedding_encoder.1.bias -- torch.Size([256])

🔥 Tuned parameter: visual_prompter.size_embedding_encoder.0.bias -- torch.Size([256])
🧊 Frozen parameter: llm_model.base_model.model.model.embed_tokens.weight -- torch.Size([32001, 4096])🔥 Tuned parameter: visual_prompter.size_embedding_encoder.1.weight -- torch.Size([256])

🧊 Frozen parameter: llm_model.base_model.model.model.layers.0.self_attn.q_proj.base_layer.weight -- torch.Size([4096, 4096])🔥 Tuned parameter: visual_prompter.size_embedding_encoder.1.bias -- torch.Size([256])

🔥 Tuned parameter: llm_model.base_model.model.model.layers.0.self_attn.q_proj.lora_A.default.weight -- torch.Size([16, 4096])🧊 Frozen parameter: llm_model.base_model.model.model.embed_tokens.weight -- torch.Size([32001, 4096])

🔥 Tuned parameter: llm_model.base_model.model.model.layers.0.self_attn.q_proj.lora_B.default.weight -- torch.Size([4096, 16])🧊 Frozen parameter: llm_model.base_model.model.model.layers.0.self_attn.q_proj.base_layer.weight -- torch.Size([4096, 4096])

🧊 Frozen parameter: llm_model.base_model.model.model.layers.0.self_attn.k_proj.base_layer.weight -- torch.Size([4096, 4096])🔥 Tuned parameter: llm_model.base_model.model.model.layers.0.self_attn.q_proj.lora_A.default.weight -- torch.Size([16, 4096])

🔥 Tuned parameter: llm_model.base_model.model.model.layers.0.self_attn.k_proj.lora_A.default.weight -- torch.Size([16, 4096])🔥 Tuned parameter: llm_model.base_model.model.model.layers.0.self_attn.q_proj.lora_B.default.weight -- torch.Size([4096, 16])

🔥 Tuned parameter: llm_model.base_model.model.model.layers.0.self_attn.k_proj.lora_B.default.weight -- torch.Size([4096, 16])
🧊 Frozen parameter: llm_model.base_model.model.model.layers.0.self_attn.k_proj.base_layer.weight -- torch.Size([4096, 4096])🧊 Frozen parameter: llm_model.base_model.model.model.layers.0.self_attn.v_proj.base_layer.weight -- torch.Size([4096, 4096])

🔥 Tuned parameter: llm_model.base_model.model.model.layers.0.self_attn.k_proj.lora_A.default.weight -- torch.Size([16, 4096])🔥 Tuned parameter: llm_model.base_model.model.model.layers.0.self_attn.v_proj.lora_A.default.weight -- torch.Size([16, 4096])

🔥 Tuned parameter: llm_model.base_model.model.model.layers.0.self_attn.k_proj.lora_B.default.weight -- torch.Size([4096, 16])🔥 Tuned parameter: llm_model.base_model.model.model.layers.0.self_attn.v_proj.lora_B.default.weight -- torch.Size([4096, 16])

🧊 Frozen parameter: llm_model.base_model.model.model.layers.0.self_attn.v_proj.base_layer.weight -- torch.Size([4096, 4096])🧊 Frozen parameter: llm_model.base_model.model.model.layers.0.self_attn.o_proj.base_layer.weight -- torch.Size([4096, 4096])

🔥 Tuned parameter: llm_model.base_model.model.model.layers.0.self_attn.v_proj.lora_A.default.weight -- torch.Size([16, 4096])🔥 Tuned parameter: llm_model.base_model.model.model.layers.0.self_attn.o_proj.lora_A.default.weight -- torch.Size([16, 4096])

🔥 Tuned parameter: llm_model.base_model.model.model.layers.0.self_attn.v_proj.lora_B.default.weight -- torch.Size([4096, 16])🔥 Tuned parameter: llm_model.base_model.model.model.layers.0.self_attn.o_proj.lora_B.default.weight -- torch.Size([4096, 16])

🧊 Frozen parameter: llm_model.base_model.model.model.layers.0.self_attn.o_proj.base_layer.weight -- torch.Size([4096, 4096])🧊 Frozen parameter: llm_model.base_model.model.model.layers.0.mlp.gate_proj.base_layer.weight -- torch.Size([11008, 4096])

🔥 Tuned parameter: llm_model.base_model.model.model.layers.0.self_attn.o_proj.lora_A.default.weight -- torch.Size([16, 4096])🔥 Tuned parameter: llm_model.base_model.model.model.layers.0.mlp.gate_proj.lora_A.default.weight -- torch.Size([16, 4096])

🔥 Tuned parameter: llm_model.base_model.model.model.layers.0.self_attn.o_proj.lora_B.default.weight -- torch.Size([4096, 16])🔥 Tuned parameter: llm_model.base_model.model.model.layers.0.mlp.gate_proj.lora_B.default.weight -- torch.Size([11008, 16])

🧊 Frozen parameter: llm_model.base_model.model.model.layers.0.mlp.gate_proj.base_layer.weight -- torch.Size([11008, 4096])🧊 Frozen parameter: llm_model.base_model.model.model.layers.0.mlp.up_proj.base_layer.weight -- torch.Size([11008, 4096])

🔥 Tuned parameter: llm_model.base_model.model.model.layers.0.mlp.gate_proj.lora_A.default.weight -- torch.Size([16, 4096])🔥 Tuned parameter: llm_model.base_model.model.model.layers.0.mlp.up_proj.lora_A.default.weight -- torch.Size([16, 4096])

🔥 Tuned parameter: llm_model.base_model.model.model.layers.0.mlp.gate_proj.lora_B.default.weight -- torch.Size([11008, 16])🔥 Tuned parameter: llm_model.base_model.model.model.layers.0.mlp.up_proj.lora_B.default.weight -- torch.Size([11008, 16])

🧊 Frozen parameter: llm_model.base_model.model.model.layers.0.mlp.up_proj.base_layer.weight -- torch.Size([11008, 4096])🧊 Frozen parameter: llm_model.base_model.model.model.layers.0.mlp.down_proj.base_layer.weight -- torch.Size([4096, 11008])

🔥 Tuned parameter: llm_model.base_model.model.model.layers.0.mlp.up_proj.lora_A.default.weight -- torch.Size([16, 4096])🔥 Tuned parameter: llm_model.base_model.model.model.layers.0.mlp.down_proj.lora_A.default.weight -- torch.Size([16, 11008])

🔥 Tuned parameter: llm_model.base_model.model.model.layers.0.mlp.up_proj.lora_B.default.weight -- torch.Size([11008, 16])🔥 Tuned parameter: llm_model.base_model.model.model.layers.0.mlp.down_proj.lora_B.default.weight -- torch.Size([4096, 16])

🧊 Frozen parameter: llm_model.base_model.model.model.layers.0.mlp.down_proj.base_layer.weight -- torch.Size([4096, 11008])🧊 Frozen parameter: llm_model.base_model.model.model.layers.0.input_layernorm.weight -- torch.Size([4096])

🔥 Tuned parameter: llm_model.base_model.model.model.layers.0.mlp.down_proj.lora_A.default.weight -- torch.Size([16, 11008])🧊 Frozen parameter: llm_model.base_model.model.model.layers.0.post_attention_layernorm.weight -- torch.Size([4096])

🔥 Tuned parameter: llm_model.base_model.model.model.layers.0.mlp.down_proj.lora_B.default.weight -- torch.Size([4096, 16])🧊 Frozen parameter: llm_model.base_model.model.model.layers.1.self_attn.q_proj.base_layer.weight -- torch.Size([4096, 4096])

🧊 Frozen parameter: llm_model.base_model.model.model.layers.0.input_layernorm.weight -- torch.Size([4096])🔥 Tuned parameter: llm_model.base_model.model.model.layers.1.self_attn.q_proj.lora_A.default.weight -- torch.Size([16, 4096])

🧊 Frozen parameter: llm_model.base_model.model.model.layers.0.post_attention_layernorm.weight -- torch.Size([4096])🔥 Tuned parameter: llm_model.base_model.model.model.layers.1.self_attn.q_proj.lora_B.default.weight -- torch.Size([4096, 16])

🧊 Frozen parameter: llm_model.base_model.model.model.layers.1.self_attn.q_proj.base_layer.weight -- torch.Size([4096, 4096])🧊 Frozen parameter: llm_model.base_model.model.model.layers.1.self_attn.k_proj.base_layer.weight -- torch.Size([4096, 4096])

🔥 Tuned parameter: llm_model.base_model.model.model.layers.1.self_attn.q_proj.lora_A.default.weight -- torch.Size([16, 4096])🔥 Tuned parameter: llm_model.base_model.model.model.layers.1.self_attn.k_proj.lora_A.default.weight -- torch.Size([16, 4096])

🔥 Tuned parameter: llm_model.base_model.model.model.layers.1.self_attn.q_proj.lora_B.default.weight -- torch.Size([4096, 16])🔥 Tuned parameter: llm_model.base_model.model.model.layers.1.self_attn.k_proj.lora_B.default.weight -- torch.Size([4096, 16])

🧊 Frozen parameter: llm_model.base_model.model.model.layers.1.self_attn.k_proj.base_layer.weight -- torch.Size([4096, 4096])🧊 Frozen parameter: llm_model.base_model.model.model.layers.1.self_attn.v_proj.base_layer.weight -- torch.Size([4096, 4096])

🔥 Tuned parameter: llm_model.base_model.model.model.layers.1.self_attn.k_proj.lora_A.default.weight -- torch.Size([16, 4096])🔥 Tuned parameter: llm_model.base_model.model.model.layers.1.self_attn.v_proj.lora_A.default.weight -- torch.Size([16, 4096])

🔥 Tuned parameter: llm_model.base_model.model.model.layers.1.self_attn.k_proj.lora_B.default.weight -- torch.Size([4096, 16])🔥 Tuned parameter: llm_model.base_model.model.model.layers.1.self_attn.v_proj.lora_B.default.weight -- torch.Size([4096, 16])

🧊 Frozen parameter: llm_model.base_model.model.model.layers.1.self_attn.v_proj.base_layer.weight -- torch.Size([4096, 4096])🧊 Frozen parameter: llm_model.base_model.model.model.layers.1.self_attn.o_proj.base_layer.weight -- torch.Size([4096, 4096])

🔥 Tuned parameter: llm_model.base_model.model.model.layers.1.self_attn.v_proj.lora_A.default.weight -- torch.Size([16, 4096])🔥 Tuned parameter: llm_model.base_model.model.model.layers.1.self_attn.o_proj.lora_A.default.weight -- torch.Size([16, 4096])

🔥 Tuned parameter: llm_model.base_model.model.model.layers.1.self_attn.v_proj.lora_B.default.weight -- torch.Size([4096, 16])🔥 Tuned parameter: llm_model.base_model.model.model.layers.1.self_attn.o_proj.lora_B.default.weight -- torch.Size([4096, 16])

🧊 Frozen parameter: llm_model.base_model.model.model.layers.1.self_attn.o_proj.base_layer.weight -- torch.Size([4096, 4096])🧊 Frozen parameter: llm_model.base_model.model.model.layers.1.mlp.gate_proj.base_layer.weight -- torch.Size([11008, 4096])

🔥 Tuned parameter: llm_model.base_model.model.model.layers.1.self_attn.o_proj.lora_A.default.weight -- torch.Size([16, 4096])🔥 Tuned parameter: llm_model.base_model.model.model.layers.1.mlp.gate_proj.lora_A.default.weight -- torch.Size([16, 4096])

🔥 Tuned parameter: llm_model.base_model.model.model.layers.1.self_attn.o_proj.lora_B.default.weight -- torch.Size([4096, 16])🔥 Tuned parameter: llm_model.base_model.model.model.layers.1.mlp.gate_proj.lora_B.default.weight -- torch.Size([11008, 16])

🧊 Frozen parameter: llm_model.base_model.model.model.layers.1.mlp.gate_proj.base_layer.weight -- torch.Size([11008, 4096])🧊 Frozen parameter: llm_model.base_model.model.model.layers.1.mlp.up_proj.base_layer.weight -- torch.Size([11008, 4096])

🔥 Tuned parameter: llm_model.base_model.model.model.layers.1.mlp.gate_proj.lora_A.default.weight -- torch.Size([16, 4096])🔥 Tuned parameter: llm_model.base_model.model.model.layers.1.mlp.up_proj.lora_A.default.weight -- torch.Size([16, 4096])

🔥 Tuned parameter: llm_model.base_model.model.model.layers.1.mlp.gate_proj.lora_B.default.weight -- torch.Size([11008, 16])🔥 Tuned parameter: llm_model.base_model.model.model.layers.1.mlp.up_proj.lora_B.default.weight -- torch.Size([11008, 16])

🧊 Frozen parameter: llm_model.base_model.model.model.layers.1.mlp.up_proj.base_layer.weight -- torch.Size([11008, 4096])🧊 Frozen parameter: llm_model.base_model.model.model.layers.1.mlp.down_proj.base_layer.weight -- torch.Size([4096, 11008])

🔥 Tuned parameter: llm_model.base_model.model.model.layers.1.mlp.up_proj.lora_A.default.weight -- torch.Size([16, 4096])🔥 Tuned parameter: llm_model.base_model.model.model.layers.1.mlp.down_proj.lora_A.default.weight -- torch.Size([16, 11008])

🔥 Tuned parameter: llm_model.base_model.model.model.layers.1.mlp.up_proj.lora_B.default.weight -- torch.Size([11008, 16])🔥 Tuned parameter: llm_model.base_model.model.model.layers.1.mlp.down_proj.lora_B.default.weight -- torch.Size([4096, 16])

🧊 Frozen parameter: llm_model.base_model.model.model.layers.1.mlp.down_proj.base_layer.weight -- torch.Size([4096, 11008])🧊 Frozen parameter: llm_model.base_model.model.model.layers.1.input_layernorm.weight -- torch.Size([4096])

🔥 Tuned parameter: llm_model.base_model.model.model.layers.1.mlp.down_proj.lora_A.default.weight -- torch.Size([16, 11008])🧊 Frozen parameter: llm_model.base_model.model.model.layers.1.post_attention_layernorm.weight -- torch.Size([4096])

🔥 Tuned parameter: llm_model.base_model.model.model.layers.1.mlp.down_proj.lora_B.default.weight -- torch.Size([4096, 16])🧊 Frozen parameter: llm_model.base_model.model.model.layers.2.self_attn.q_proj.base_layer.weight -- torch.Size([4096, 4096])

🧊 Frozen parameter: llm_model.base_model.model.model.layers.1.input_layernorm.weight -- torch.Size([4096])🔥 Tuned parameter: llm_model.base_model.model.model.layers.2.self_attn.q_proj.lora_A.default.weight -- torch.Size([16, 4096])

🧊 Frozen parameter: llm_model.base_model.model.model.layers.1.post_attention_layernorm.weight -- torch.Size([4096])🔥 Tuned parameter: llm_model.base_model.model.model.layers.2.self_attn.q_proj.lora_B.default.weight -- torch.Size([4096, 16])

🧊 Frozen parameter: llm_model.base_model.model.model.layers.2.self_attn.q_proj.base_layer.weight -- torch.Size([4096, 4096])🧊 Frozen parameter: llm_model.base_model.model.model.layers.2.self_attn.k_proj.base_layer.weight -- torch.Size([4096, 4096])

🔥 Tuned parameter: llm_model.base_model.model.model.layers.2.self_attn.q_proj.lora_A.default.weight -- torch.Size([16, 4096])🔥 Tuned parameter: llm_model.base_model.model.model.layers.2.self_attn.k_proj.lora_A.default.weight -- torch.Size([16, 4096])

🔥 Tuned parameter: llm_model.base_model.model.model.layers.2.self_attn.q_proj.lora_B.default.weight -- torch.Size([4096, 16])🔥 Tuned parameter: llm_model.base_model.model.model.layers.2.self_attn.k_proj.lora_B.default.weight -- torch.Size([4096, 16])

🧊 Frozen parameter: llm_model.base_model.model.model.layers.2.self_attn.k_proj.base_layer.weight -- torch.Size([4096, 4096])🧊 Frozen parameter: llm_model.base_model.model.model.layers.2.self_attn.v_proj.base_layer.weight -- torch.Size([4096, 4096])

🔥 Tuned parameter: llm_model.base_model.model.model.layers.2.self_attn.k_proj.lora_A.default.weight -- torch.Size([16, 4096])🔥 Tuned parameter: llm_model.base_model.model.model.layers.2.self_attn.v_proj.lora_A.default.weight -- torch.Size([16, 4096])

🔥 Tuned parameter: llm_model.base_model.model.model.layers.2.self_attn.k_proj.lora_B.default.weight -- torch.Size([4096, 16])🔥 Tuned parameter: llm_model.base_model.model.model.layers.2.self_attn.v_proj.lora_B.default.weight -- torch.Size([4096, 16])

🧊 Frozen parameter: llm_model.base_model.model.model.layers.2.self_attn.v_proj.base_layer.weight -- torch.Size([4096, 4096])🧊 Frozen parameter: llm_model.base_model.model.model.layers.2.self_attn.o_proj.base_layer.weight -- torch.Size([4096, 4096])

🔥 Tuned parameter: llm_model.base_model.model.model.layers.2.self_attn.v_proj.lora_A.default.weight -- torch.Size([16, 4096])🔥 Tuned parameter: llm_model.base_model.model.model.layers.2.self_attn.o_proj.lora_A.default.weight -- torch.Size([16, 4096])

🔥 Tuned parameter: llm_model.base_model.model.model.layers.2.self_attn.v_proj.lora_B.default.weight -- torch.Size([4096, 16])
🔥 Tuned parameter: llm_model.base_model.model.model.layers.2.self_attn.o_proj.lora_B.default.weight -- torch.Size([4096, 16])🧊 Frozen parameter: llm_model.base_model.model.model.layers.2.self_attn.o_proj.base_layer.weight -- torch.Size([4096, 4096])

🧊 Frozen parameter: llm_model.base_model.model.model.layers.2.mlp.gate_proj.base_layer.weight -- torch.Size([11008, 4096])🔥 Tuned parameter: llm_model.base_model.model.model.layers.2.self_attn.o_proj.lora_A.default.weight -- torch.Size([16, 4096])

🔥 Tuned parameter: llm_model.base_model.model.model.layers.2.mlp.gate_proj.lora_A.default.weight -- torch.Size([16, 4096])🔥 Tuned parameter: llm_model.base_model.model.model.layers.2.self_attn.o_proj.lora_B.default.weight -- torch.Size([4096, 16])

🔥 Tuned parameter: llm_model.base_model.model.model.layers.2.mlp.gate_proj.lora_B.default.weight -- torch.Size([11008, 16])🧊 Frozen parameter: llm_model.base_model.model.model.layers.2.mlp.gate_proj.base_layer.weight -- torch.Size([11008, 4096])

🧊 Frozen parameter: llm_model.base_model.model.model.layers.2.mlp.up_proj.base_layer.weight -- torch.Size([11008, 4096])🔥 Tuned parameter: llm_model.base_model.model.model.layers.2.mlp.gate_proj.lora_A.default.weight -- torch.Size([16, 4096])

🔥 Tuned parameter: llm_model.base_model.model.model.layers.2.mlp.up_proj.lora_A.default.weight -- torch.Size([16, 4096])🔥 Tuned parameter: llm_model.base_model.model.model.layers.2.mlp.gate_proj.lora_B.default.weight -- torch.Size([11008, 16])

🔥 Tuned parameter: llm_model.base_model.model.model.layers.2.mlp.up_proj.lora_B.default.weight -- torch.Size([11008, 16])
🧊 Frozen parameter: llm_model.base_model.model.model.layers.2.mlp.up_proj.base_layer.weight -- torch.Size([11008, 4096])🧊 Frozen parameter: llm_model.base_model.model.model.layers.2.mlp.down_proj.base_layer.weight -- torch.Size([4096, 11008])

🔥 Tuned parameter: llm_model.base_model.model.model.layers.2.mlp.up_proj.lora_A.default.weight -- torch.Size([16, 4096])🔥 Tuned parameter: llm_model.base_model.model.model.layers.2.mlp.down_proj.lora_A.default.weight -- torch.Size([16, 11008])

🔥 Tuned parameter: llm_model.base_model.model.model.layers.2.mlp.up_proj.lora_B.default.weight -- torch.Size([11008, 16])🔥 Tuned parameter: llm_model.base_model.model.model.layers.2.mlp.down_proj.lora_B.default.weight -- torch.Size([4096, 16])

🧊 Frozen parameter: llm_model.base_model.model.model.layers.2.mlp.down_proj.base_layer.weight -- torch.Size([4096, 11008])🧊 Frozen parameter: llm_model.base_model.model.model.layers.2.input_layernorm.weight -- torch.Size([4096])

🔥 Tuned parameter: llm_model.base_model.model.model.layers.2.mlp.down_proj.lora_A.default.weight -- torch.Size([16, 11008])🧊 Frozen parameter: llm_model.base_model.model.model.layers.2.post_attention_layernorm.weight -- torch.Size([4096])

🔥 Tuned parameter: llm_model.base_model.model.model.layers.2.mlp.down_proj.lora_B.default.weight -- torch.Size([4096, 16])🧊 Frozen parameter: llm_model.base_model.model.model.layers.3.self_attn.q_proj.base_layer.weight -- torch.Size([4096, 4096])

🧊 Frozen parameter: llm_model.base_model.model.model.layers.2.input_layernorm.weight -- torch.Size([4096])🔥 Tuned parameter: llm_model.base_model.model.model.layers.3.self_attn.q_proj.lora_A.default.weight -- torch.Size([16, 4096])

🧊 Frozen parameter: llm_model.base_model.model.model.layers.2.post_attention_layernorm.weight -- torch.Size([4096])🔥 Tuned parameter: llm_model.base_model.model.model.layers.3.self_attn.q_proj.lora_B.default.weight -- torch.Size([4096, 16])

🧊 Frozen parameter: llm_model.base_model.model.model.layers.3.self_attn.q_proj.base_layer.weight -- torch.Size([4096, 4096])🧊 Frozen parameter: llm_model.base_model.model.model.layers.3.self_attn.k_proj.base_layer.weight -- torch.Size([4096, 4096])

🔥 Tuned parameter: llm_model.base_model.model.model.layers.3.self_attn.q_proj.lora_A.default.weight -- torch.Size([16, 4096])🔥 Tuned parameter: llm_model.base_model.model.model.layers.3.self_attn.k_proj.lora_A.default.weight -- torch.Size([16, 4096])

🔥 Tuned parameter: llm_model.base_model.model.model.layers.3.self_attn.q_proj.lora_B.default.weight -- torch.Size([4096, 16])🔥 Tuned parameter: llm_model.base_model.model.model.layers.3.self_attn.k_proj.lora_B.default.weight -- torch.Size([4096, 16])

🧊 Frozen parameter: llm_model.base_model.model.model.layers.3.self_attn.k_proj.base_layer.weight -- torch.Size([4096, 4096])🧊 Frozen parameter: llm_model.base_model.model.model.layers.3.self_attn.v_proj.base_layer.weight -- torch.Size([4096, 4096])

🔥 Tuned parameter: llm_model.base_model.model.model.layers.3.self_attn.k_proj.lora_A.default.weight -- torch.Size([16, 4096])🔥 Tuned parameter: llm_model.base_model.model.model.layers.3.self_attn.v_proj.lora_A.default.weight -- torch.Size([16, 4096])

🔥 Tuned parameter: llm_model.base_model.model.model.layers.3.self_attn.k_proj.lora_B.default.weight -- torch.Size([4096, 16])🔥 Tuned parameter: llm_model.base_model.model.model.layers.3.self_attn.v_proj.lora_B.default.weight -- torch.Size([4096, 16])

🧊 Frozen parameter: llm_model.base_model.model.model.layers.3.self_attn.v_proj.base_layer.weight -- torch.Size([4096, 4096])🧊 Frozen parameter: llm_model.base_model.model.model.layers.3.self_attn.o_proj.base_layer.weight -- torch.Size([4096, 4096])

🔥 Tuned parameter: llm_model.base_model.model.model.layers.3.self_attn.v_proj.lora_A.default.weight -- torch.Size([16, 4096])🔥 Tuned parameter: llm_model.base_model.model.model.layers.3.self_attn.o_proj.lora_A.default.weight -- torch.Size([16, 4096])

🔥 Tuned parameter: llm_model.base_model.model.model.layers.3.self_attn.v_proj.lora_B.default.weight -- torch.Size([4096, 16])🔥 Tuned parameter: llm_model.base_model.model.model.layers.3.self_attn.o_proj.lora_B.default.weight -- torch.Size([4096, 16])

🧊 Frozen parameter: llm_model.base_model.model.model.layers.3.self_attn.o_proj.base_layer.weight -- torch.Size([4096, 4096])🧊 Frozen parameter: llm_model.base_model.model.model.layers.3.mlp.gate_proj.base_layer.weight -- torch.Size([11008, 4096])

🔥 Tuned parameter: llm_model.base_model.model.model.layers.3.self_attn.o_proj.lora_A.default.weight -- torch.Size([16, 4096])🔥 Tuned parameter: llm_model.base_model.model.model.layers.3.mlp.gate_proj.lora_A.default.weight -- torch.Size([16, 4096])

🔥 Tuned parameter: llm_model.base_model.model.model.layers.3.self_attn.o_proj.lora_B.default.weight -- torch.Size([4096, 16])🔥 Tuned parameter: llm_model.base_model.model.model.layers.3.mlp.gate_proj.lora_B.default.weight -- torch.Size([11008, 16])

🧊 Frozen parameter: llm_model.base_model.model.model.layers.3.mlp.gate_proj.base_layer.weight -- torch.Size([11008, 4096])🧊 Frozen parameter: llm_model.base_model.model.model.layers.3.mlp.up_proj.base_layer.weight -- torch.Size([11008, 4096])

🔥 Tuned parameter: llm_model.base_model.model.model.layers.3.mlp.gate_proj.lora_A.default.weight -- torch.Size([16, 4096])🔥 Tuned parameter: llm_model.base_model.model.model.layers.3.mlp.up_proj.lora_A.default.weight -- torch.Size([16, 4096])

🔥 Tuned parameter: llm_model.base_model.model.model.layers.3.mlp.gate_proj.lora_B.default.weight -- torch.Size([11008, 16])🔥 Tuned parameter: llm_model.base_model.model.model.layers.3.mlp.up_proj.lora_B.default.weight -- torch.Size([11008, 16])

🧊 Frozen parameter: llm_model.base_model.model.model.layers.3.mlp.up_proj.base_layer.weight -- torch.Size([11008, 4096])🧊 Frozen parameter: llm_model.base_model.model.model.layers.3.mlp.down_proj.base_layer.weight -- torch.Size([4096, 11008])

🔥 Tuned parameter: llm_model.base_model.model.model.layers.3.mlp.up_proj.lora_A.default.weight -- torch.Size([16, 4096])🔥 Tuned parameter: llm_model.base_model.model.model.layers.3.mlp.down_proj.lora_A.default.weight -- torch.Size([16, 11008])

🔥 Tuned parameter: llm_model.base_model.model.model.layers.3.mlp.up_proj.lora_B.default.weight -- torch.Size([11008, 16])🔥 Tuned parameter: llm_model.base_model.model.model.layers.3.mlp.down_proj.lora_B.default.weight -- torch.Size([4096, 16])

🧊 Frozen parameter: llm_model.base_model.model.model.layers.3.mlp.down_proj.base_layer.weight -- torch.Size([4096, 11008])🧊 Frozen parameter: llm_model.base_model.model.model.layers.3.input_layernorm.weight -- torch.Size([4096])

🔥 Tuned parameter: llm_model.base_model.model.model.layers.3.mlp.down_proj.lora_A.default.weight -- torch.Size([16, 11008])🧊 Frozen parameter: llm_model.base_model.model.model.layers.3.post_attention_layernorm.weight -- torch.Size([4096])

🔥 Tuned parameter: llm_model.base_model.model.model.layers.3.mlp.down_proj.lora_B.default.weight -- torch.Size([4096, 16])🧊 Frozen parameter: llm_model.base_model.model.model.layers.4.self_attn.q_proj.base_layer.weight -- torch.Size([4096, 4096])

🧊 Frozen parameter: llm_model.base_model.model.model.layers.3.input_layernorm.weight -- torch.Size([4096])🔥 Tuned parameter: llm_model.base_model.model.model.layers.4.self_attn.q_proj.lora_A.default.weight -- torch.Size([16, 4096])

🧊 Frozen parameter: llm_model.base_model.model.model.layers.3.post_attention_layernorm.weight -- torch.Size([4096])🔥 Tuned parameter: llm_model.base_model.model.model.layers.4.self_attn.q_proj.lora_B.default.weight -- torch.Size([4096, 16])

🧊 Frozen parameter: llm_model.base_model.model.model.layers.4.self_attn.q_proj.base_layer.weight -- torch.Size([4096, 4096])🧊 Frozen parameter: llm_model.base_model.model.model.layers.4.self_attn.k_proj.base_layer.weight -- torch.Size([4096, 4096])

🔥 Tuned parameter: llm_model.base_model.model.model.layers.4.self_attn.q_proj.lora_A.default.weight -- torch.Size([16, 4096])🔥 Tuned parameter: llm_model.base_model.model.model.layers.4.self_attn.k_proj.lora_A.default.weight -- torch.Size([16, 4096])

🔥 Tuned parameter: llm_model.base_model.model.model.layers.4.self_attn.q_proj.lora_B.default.weight -- torch.Size([4096, 16])🔥 Tuned parameter: llm_model.base_model.model.model.layers.4.self_attn.k_proj.lora_B.default.weight -- torch.Size([4096, 16])

🧊 Frozen parameter: llm_model.base_model.model.model.layers.4.self_attn.k_proj.base_layer.weight -- torch.Size([4096, 4096])🧊 Frozen parameter: llm_model.base_model.model.model.layers.4.self_attn.v_proj.base_layer.weight -- torch.Size([4096, 4096])

🔥 Tuned parameter: llm_model.base_model.model.model.layers.4.self_attn.k_proj.lora_A.default.weight -- torch.Size([16, 4096])🔥 Tuned parameter: llm_model.base_model.model.model.layers.4.self_attn.v_proj.lora_A.default.weight -- torch.Size([16, 4096])

🔥 Tuned parameter: llm_model.base_model.model.model.layers.4.self_attn.k_proj.lora_B.default.weight -- torch.Size([4096, 16])🔥 Tuned parameter: llm_model.base_model.model.model.layers.4.self_attn.v_proj.lora_B.default.weight -- torch.Size([4096, 16])

🧊 Frozen parameter: llm_model.base_model.model.model.layers.4.self_attn.v_proj.base_layer.weight -- torch.Size([4096, 4096])🧊 Frozen parameter: llm_model.base_model.model.model.layers.4.self_attn.o_proj.base_layer.weight -- torch.Size([4096, 4096])

🔥 Tuned parameter: llm_model.base_model.model.model.layers.4.self_attn.v_proj.lora_A.default.weight -- torch.Size([16, 4096])🔥 Tuned parameter: llm_model.base_model.model.model.layers.4.self_attn.o_proj.lora_A.default.weight -- torch.Size([16, 4096])

🔥 Tuned parameter: llm_model.base_model.model.model.layers.4.self_attn.v_proj.lora_B.default.weight -- torch.Size([4096, 16])🔥 Tuned parameter: llm_model.base_model.model.model.layers.4.self_attn.o_proj.lora_B.default.weight -- torch.Size([4096, 16])

🧊 Frozen parameter: llm_model.base_model.model.model.layers.4.self_attn.o_proj.base_layer.weight -- torch.Size([4096, 4096])🧊 Frozen parameter: llm_model.base_model.model.model.layers.4.mlp.gate_proj.base_layer.weight -- torch.Size([11008, 4096])

🔥 Tuned parameter: llm_model.base_model.model.model.layers.4.self_attn.o_proj.lora_A.default.weight -- torch.Size([16, 4096])🔥 Tuned parameter: llm_model.base_model.model.model.layers.4.mlp.gate_proj.lora_A.default.weight -- torch.Size([16, 4096])

🔥 Tuned parameter: llm_model.base_model.model.model.layers.4.self_attn.o_proj.lora_B.default.weight -- torch.Size([4096, 16])🔥 Tuned parameter: llm_model.base_model.model.model.layers.4.mlp.gate_proj.lora_B.default.weight -- torch.Size([11008, 16])

🧊 Frozen parameter: llm_model.base_model.model.model.layers.4.mlp.gate_proj.base_layer.weight -- torch.Size([11008, 4096])🧊 Frozen parameter: llm_model.base_model.model.model.layers.4.mlp.up_proj.base_layer.weight -- torch.Size([11008, 4096])

🔥 Tuned parameter: llm_model.base_model.model.model.layers.4.mlp.gate_proj.lora_A.default.weight -- torch.Size([16, 4096])🔥 Tuned parameter: llm_model.base_model.model.model.layers.4.mlp.up_proj.lora_A.default.weight -- torch.Size([16, 4096])

🔥 Tuned parameter: llm_model.base_model.model.model.layers.4.mlp.gate_proj.lora_B.default.weight -- torch.Size([11008, 16])🔥 Tuned parameter: llm_model.base_model.model.model.layers.4.mlp.up_proj.lora_B.default.weight -- torch.Size([11008, 16])

🧊 Frozen parameter: llm_model.base_model.model.model.layers.4.mlp.up_proj.base_layer.weight -- torch.Size([11008, 4096])🧊 Frozen parameter: llm_model.base_model.model.model.layers.4.mlp.down_proj.base_layer.weight -- torch.Size([4096, 11008])

🔥 Tuned parameter: llm_model.base_model.model.model.layers.4.mlp.up_proj.lora_A.default.weight -- torch.Size([16, 4096])🔥 Tuned parameter: llm_model.base_model.model.model.layers.4.mlp.down_proj.lora_A.default.weight -- torch.Size([16, 11008])

🔥 Tuned parameter: llm_model.base_model.model.model.layers.4.mlp.up_proj.lora_B.default.weight -- torch.Size([11008, 16])🔥 Tuned parameter: llm_model.base_model.model.model.layers.4.mlp.down_proj.lora_B.default.weight -- torch.Size([4096, 16])

🧊 Frozen parameter: llm_model.base_model.model.model.layers.4.mlp.down_proj.base_layer.weight -- torch.Size([4096, 11008])🧊 Frozen parameter: llm_model.base_model.model.model.layers.4.input_layernorm.weight -- torch.Size([4096])

🔥 Tuned parameter: llm_model.base_model.model.model.layers.4.mlp.down_proj.lora_A.default.weight -- torch.Size([16, 11008])🧊 Frozen parameter: llm_model.base_model.model.model.layers.4.post_attention_layernorm.weight -- torch.Size([4096])

🔥 Tuned parameter: llm_model.base_model.model.model.layers.4.mlp.down_proj.lora_B.default.weight -- torch.Size([4096, 16])🧊 Frozen parameter: llm_model.base_model.model.model.layers.5.self_attn.q_proj.base_layer.weight -- torch.Size([4096, 4096])

🧊 Frozen parameter: llm_model.base_model.model.model.layers.4.input_layernorm.weight -- torch.Size([4096])🔥 Tuned parameter: llm_model.base_model.model.model.layers.5.self_attn.q_proj.lora_A.default.weight -- torch.Size([16, 4096])

🧊 Frozen parameter: llm_model.base_model.model.model.layers.4.post_attention_layernorm.weight -- torch.Size([4096])🔥 Tuned parameter: llm_model.base_model.model.model.layers.5.self_attn.q_proj.lora_B.default.weight -- torch.Size([4096, 16])

🧊 Frozen parameter: llm_model.base_model.model.model.layers.5.self_attn.q_proj.base_layer.weight -- torch.Size([4096, 4096])🧊 Frozen parameter: llm_model.base_model.model.model.layers.5.self_attn.k_proj.base_layer.weight -- torch.Size([4096, 4096])

🔥 Tuned parameter: llm_model.base_model.model.model.layers.5.self_attn.q_proj.lora_A.default.weight -- torch.Size([16, 4096])🔥 Tuned parameter: llm_model.base_model.model.model.layers.5.self_attn.k_proj.lora_A.default.weight -- torch.Size([16, 4096])

🔥 Tuned parameter: llm_model.base_model.model.model.layers.5.self_attn.q_proj.lora_B.default.weight -- torch.Size([4096, 16])🔥 Tuned parameter: llm_model.base_model.model.model.layers.5.self_attn.k_proj.lora_B.default.weight -- torch.Size([4096, 16])

🧊 Frozen parameter: llm_model.base_model.model.model.layers.5.self_attn.k_proj.base_layer.weight -- torch.Size([4096, 4096])🧊 Frozen parameter: llm_model.base_model.model.model.layers.5.self_attn.v_proj.base_layer.weight -- torch.Size([4096, 4096])

🔥 Tuned parameter: llm_model.base_model.model.model.layers.5.self_attn.k_proj.lora_A.default.weight -- torch.Size([16, 4096])🔥 Tuned parameter: llm_model.base_model.model.model.layers.5.self_attn.v_proj.lora_A.default.weight -- torch.Size([16, 4096])

🔥 Tuned parameter: llm_model.base_model.model.model.layers.5.self_attn.k_proj.lora_B.default.weight -- torch.Size([4096, 16])🔥 Tuned parameter: llm_model.base_model.model.model.layers.5.self_attn.v_proj.lora_B.default.weight -- torch.Size([4096, 16])

🧊 Frozen parameter: llm_model.base_model.model.model.layers.5.self_attn.v_proj.base_layer.weight -- torch.Size([4096, 4096])🧊 Frozen parameter: llm_model.base_model.model.model.layers.5.self_attn.o_proj.base_layer.weight -- torch.Size([4096, 4096])

🔥 Tuned parameter: llm_model.base_model.model.model.layers.5.self_attn.v_proj.lora_A.default.weight -- torch.Size([16, 4096])🔥 Tuned parameter: llm_model.base_model.model.model.layers.5.self_attn.o_proj.lora_A.default.weight -- torch.Size([16, 4096])

🔥 Tuned parameter: llm_model.base_model.model.model.layers.5.self_attn.v_proj.lora_B.default.weight -- torch.Size([4096, 16])🔥 Tuned parameter: llm_model.base_model.model.model.layers.5.self_attn.o_proj.lora_B.default.weight -- torch.Size([4096, 16])

🧊 Frozen parameter: llm_model.base_model.model.model.layers.5.self_attn.o_proj.base_layer.weight -- torch.Size([4096, 4096])🧊 Frozen parameter: llm_model.base_model.model.model.layers.5.mlp.gate_proj.base_layer.weight -- torch.Size([11008, 4096])

🔥 Tuned parameter: llm_model.base_model.model.model.layers.5.self_attn.o_proj.lora_A.default.weight -- torch.Size([16, 4096])🔥 Tuned parameter: llm_model.base_model.model.model.layers.5.mlp.gate_proj.lora_A.default.weight -- torch.Size([16, 4096])

🔥 Tuned parameter: llm_model.base_model.model.model.layers.5.self_attn.o_proj.lora_B.default.weight -- torch.Size([4096, 16])🔥 Tuned parameter: llm_model.base_model.model.model.layers.5.mlp.gate_proj.lora_B.default.weight -- torch.Size([11008, 16])

🧊 Frozen parameter: llm_model.base_model.model.model.layers.5.mlp.gate_proj.base_layer.weight -- torch.Size([11008, 4096])🧊 Frozen parameter: llm_model.base_model.model.model.layers.5.mlp.up_proj.base_layer.weight -- torch.Size([11008, 4096])

🔥 Tuned parameter: llm_model.base_model.model.model.layers.5.mlp.gate_proj.lora_A.default.weight -- torch.Size([16, 4096])🔥 Tuned parameter: llm_model.base_model.model.model.layers.5.mlp.up_proj.lora_A.default.weight -- torch.Size([16, 4096])

🔥 Tuned parameter: llm_model.base_model.model.model.layers.5.mlp.gate_proj.lora_B.default.weight -- torch.Size([11008, 16])🔥 Tuned parameter: llm_model.base_model.model.model.layers.5.mlp.up_proj.lora_B.default.weight -- torch.Size([11008, 16])

🧊 Frozen parameter: llm_model.base_model.model.model.layers.5.mlp.up_proj.base_layer.weight -- torch.Size([11008, 4096])🧊 Frozen parameter: llm_model.base_model.model.model.layers.5.mlp.down_proj.base_layer.weight -- torch.Size([4096, 11008])

🔥 Tuned parameter: llm_model.base_model.model.model.layers.5.mlp.up_proj.lora_A.default.weight -- torch.Size([16, 4096])🔥 Tuned parameter: llm_model.base_model.model.model.layers.5.mlp.down_proj.lora_A.default.weight -- torch.Size([16, 11008])

🔥 Tuned parameter: llm_model.base_model.model.model.layers.5.mlp.up_proj.lora_B.default.weight -- torch.Size([11008, 16])🔥 Tuned parameter: llm_model.base_model.model.model.layers.5.mlp.down_proj.lora_B.default.weight -- torch.Size([4096, 16])

🧊 Frozen parameter: llm_model.base_model.model.model.layers.5.mlp.down_proj.base_layer.weight -- torch.Size([4096, 11008])🧊 Frozen parameter: llm_model.base_model.model.model.layers.5.input_layernorm.weight -- torch.Size([4096])

🔥 Tuned parameter: llm_model.base_model.model.model.layers.5.mlp.down_proj.lora_A.default.weight -- torch.Size([16, 11008])🧊 Frozen parameter: llm_model.base_model.model.model.layers.5.post_attention_layernorm.weight -- torch.Size([4096])

🔥 Tuned parameter: llm_model.base_model.model.model.layers.5.mlp.down_proj.lora_B.default.weight -- torch.Size([4096, 16])🧊 Frozen parameter: llm_model.base_model.model.model.layers.6.self_attn.q_proj.base_layer.weight -- torch.Size([4096, 4096])

🧊 Frozen parameter: llm_model.base_model.model.model.layers.5.input_layernorm.weight -- torch.Size([4096])🔥 Tuned parameter: llm_model.base_model.model.model.layers.6.self_attn.q_proj.lora_A.default.weight -- torch.Size([16, 4096])

🧊 Frozen parameter: llm_model.base_model.model.model.layers.5.post_attention_layernorm.weight -- torch.Size([4096])🔥 Tuned parameter: llm_model.base_model.model.model.layers.6.self_attn.q_proj.lora_B.default.weight -- torch.Size([4096, 16])

🧊 Frozen parameter: llm_model.base_model.model.model.layers.6.self_attn.q_proj.base_layer.weight -- torch.Size([4096, 4096])🧊 Frozen parameter: llm_model.base_model.model.model.layers.6.self_attn.k_proj.base_layer.weight -- torch.Size([4096, 4096])

🔥 Tuned parameter: llm_model.base_model.model.model.layers.6.self_attn.q_proj.lora_A.default.weight -- torch.Size([16, 4096])🔥 Tuned parameter: llm_model.base_model.model.model.layers.6.self_attn.k_proj.lora_A.default.weight -- torch.Size([16, 4096])

🔥 Tuned parameter: llm_model.base_model.model.model.layers.6.self_attn.q_proj.lora_B.default.weight -- torch.Size([4096, 16])🔥 Tuned parameter: llm_model.base_model.model.model.layers.6.self_attn.k_proj.lora_B.default.weight -- torch.Size([4096, 16])

🧊 Frozen parameter: llm_model.base_model.model.model.layers.6.self_attn.k_proj.base_layer.weight -- torch.Size([4096, 4096])🧊 Frozen parameter: llm_model.base_model.model.model.layers.6.self_attn.v_proj.base_layer.weight -- torch.Size([4096, 4096])

🔥 Tuned parameter: llm_model.base_model.model.model.layers.6.self_attn.k_proj.lora_A.default.weight -- torch.Size([16, 4096])🔥 Tuned parameter: llm_model.base_model.model.model.layers.6.self_attn.v_proj.lora_A.default.weight -- torch.Size([16, 4096])

🔥 Tuned parameter: llm_model.base_model.model.model.layers.6.self_attn.k_proj.lora_B.default.weight -- torch.Size([4096, 16])🔥 Tuned parameter: llm_model.base_model.model.model.layers.6.self_attn.v_proj.lora_B.default.weight -- torch.Size([4096, 16])

🧊 Frozen parameter: llm_model.base_model.model.model.layers.6.self_attn.v_proj.base_layer.weight -- torch.Size([4096, 4096])🧊 Frozen parameter: llm_model.base_model.model.model.layers.6.self_attn.o_proj.base_layer.weight -- torch.Size([4096, 4096])

🔥 Tuned parameter: llm_model.base_model.model.model.layers.6.self_attn.v_proj.lora_A.default.weight -- torch.Size([16, 4096])🔥 Tuned parameter: llm_model.base_model.model.model.layers.6.self_attn.o_proj.lora_A.default.weight -- torch.Size([16, 4096])

🔥 Tuned parameter: llm_model.base_model.model.model.layers.6.self_attn.v_proj.lora_B.default.weight -- torch.Size([4096, 16])🔥 Tuned parameter: llm_model.base_model.model.model.layers.6.self_attn.o_proj.lora_B.default.weight -- torch.Size([4096, 16])

🧊 Frozen parameter: llm_model.base_model.model.model.layers.6.self_attn.o_proj.base_layer.weight -- torch.Size([4096, 4096])🧊 Frozen parameter: llm_model.base_model.model.model.layers.6.mlp.gate_proj.base_layer.weight -- torch.Size([11008, 4096])

🔥 Tuned parameter: llm_model.base_model.model.model.layers.6.self_attn.o_proj.lora_A.default.weight -- torch.Size([16, 4096])🔥 Tuned parameter: llm_model.base_model.model.model.layers.6.mlp.gate_proj.lora_A.default.weight -- torch.Size([16, 4096])

🔥 Tuned parameter: llm_model.base_model.model.model.layers.6.self_attn.o_proj.lora_B.default.weight -- torch.Size([4096, 16])🔥 Tuned parameter: llm_model.base_model.model.model.layers.6.mlp.gate_proj.lora_B.default.weight -- torch.Size([11008, 16])

🧊 Frozen parameter: llm_model.base_model.model.model.layers.6.mlp.gate_proj.base_layer.weight -- torch.Size([11008, 4096])🧊 Frozen parameter: llm_model.base_model.model.model.layers.6.mlp.up_proj.base_layer.weight -- torch.Size([11008, 4096])

🔥 Tuned parameter: llm_model.base_model.model.model.layers.6.mlp.gate_proj.lora_A.default.weight -- torch.Size([16, 4096])🔥 Tuned parameter: llm_model.base_model.model.model.layers.6.mlp.up_proj.lora_A.default.weight -- torch.Size([16, 4096])

🔥 Tuned parameter: llm_model.base_model.model.model.layers.6.mlp.gate_proj.lora_B.default.weight -- torch.Size([11008, 16])🔥 Tuned parameter: llm_model.base_model.model.model.layers.6.mlp.up_proj.lora_B.default.weight -- torch.Size([11008, 16])

🧊 Frozen parameter: llm_model.base_model.model.model.layers.6.mlp.up_proj.base_layer.weight -- torch.Size([11008, 4096])🧊 Frozen parameter: llm_model.base_model.model.model.layers.6.mlp.down_proj.base_layer.weight -- torch.Size([4096, 11008])

🔥 Tuned parameter: llm_model.base_model.model.model.layers.6.mlp.up_proj.lora_A.default.weight -- torch.Size([16, 4096])🔥 Tuned parameter: llm_model.base_model.model.model.layers.6.mlp.down_proj.lora_A.default.weight -- torch.Size([16, 11008])

🔥 Tuned parameter: llm_model.base_model.model.model.layers.6.mlp.up_proj.lora_B.default.weight -- torch.Size([11008, 16])🔥 Tuned parameter: llm_model.base_model.model.model.layers.6.mlp.down_proj.lora_B.default.weight -- torch.Size([4096, 16])

🧊 Frozen parameter: llm_model.base_model.model.model.layers.6.mlp.down_proj.base_layer.weight -- torch.Size([4096, 11008])🧊 Frozen parameter: llm_model.base_model.model.model.layers.6.input_layernorm.weight -- torch.Size([4096])

🔥 Tuned parameter: llm_model.base_model.model.model.layers.6.mlp.down_proj.lora_A.default.weight -- torch.Size([16, 11008])🧊 Frozen parameter: llm_model.base_model.model.model.layers.6.post_attention_layernorm.weight -- torch.Size([4096])

🔥 Tuned parameter: llm_model.base_model.model.model.layers.6.mlp.down_proj.lora_B.default.weight -- torch.Size([4096, 16])🧊 Frozen parameter: llm_model.base_model.model.model.layers.7.self_attn.q_proj.base_layer.weight -- torch.Size([4096, 4096])

🧊 Frozen parameter: llm_model.base_model.model.model.layers.6.input_layernorm.weight -- torch.Size([4096])🔥 Tuned parameter: llm_model.base_model.model.model.layers.7.self_attn.q_proj.lora_A.default.weight -- torch.Size([16, 4096])

🧊 Frozen parameter: llm_model.base_model.model.model.layers.6.post_attention_layernorm.weight -- torch.Size([4096])🔥 Tuned parameter: llm_model.base_model.model.model.layers.7.self_attn.q_proj.lora_B.default.weight -- torch.Size([4096, 16])

🧊 Frozen parameter: llm_model.base_model.model.model.layers.7.self_attn.q_proj.base_layer.weight -- torch.Size([4096, 4096])🧊 Frozen parameter: llm_model.base_model.model.model.layers.7.self_attn.k_proj.base_layer.weight -- torch.Size([4096, 4096])

🔥 Tuned parameter: llm_model.base_model.model.model.layers.7.self_attn.q_proj.lora_A.default.weight -- torch.Size([16, 4096])🔥 Tuned parameter: llm_model.base_model.model.model.layers.7.self_attn.k_proj.lora_A.default.weight -- torch.Size([16, 4096])

🔥 Tuned parameter: llm_model.base_model.model.model.layers.7.self_attn.q_proj.lora_B.default.weight -- torch.Size([4096, 16])🔥 Tuned parameter: llm_model.base_model.model.model.layers.7.self_attn.k_proj.lora_B.default.weight -- torch.Size([4096, 16])

🧊 Frozen parameter: llm_model.base_model.model.model.layers.7.self_attn.k_proj.base_layer.weight -- torch.Size([4096, 4096])🧊 Frozen parameter: llm_model.base_model.model.model.layers.7.self_attn.v_proj.base_layer.weight -- torch.Size([4096, 4096])

🔥 Tuned parameter: llm_model.base_model.model.model.layers.7.self_attn.k_proj.lora_A.default.weight -- torch.Size([16, 4096])🔥 Tuned parameter: llm_model.base_model.model.model.layers.7.self_attn.v_proj.lora_A.default.weight -- torch.Size([16, 4096])

🔥 Tuned parameter: llm_model.base_model.model.model.layers.7.self_attn.k_proj.lora_B.default.weight -- torch.Size([4096, 16])🔥 Tuned parameter: llm_model.base_model.model.model.layers.7.self_attn.v_proj.lora_B.default.weight -- torch.Size([4096, 16])

🧊 Frozen parameter: llm_model.base_model.model.model.layers.7.self_attn.v_proj.base_layer.weight -- torch.Size([4096, 4096])🧊 Frozen parameter: llm_model.base_model.model.model.layers.7.self_attn.o_proj.base_layer.weight -- torch.Size([4096, 4096])

🔥 Tuned parameter: llm_model.base_model.model.model.layers.7.self_attn.v_proj.lora_A.default.weight -- torch.Size([16, 4096])🔥 Tuned parameter: llm_model.base_model.model.model.layers.7.self_attn.o_proj.lora_A.default.weight -- torch.Size([16, 4096])

🔥 Tuned parameter: llm_model.base_model.model.model.layers.7.self_attn.v_proj.lora_B.default.weight -- torch.Size([4096, 16])🔥 Tuned parameter: llm_model.base_model.model.model.layers.7.self_attn.o_proj.lora_B.default.weight -- torch.Size([4096, 16])

🧊 Frozen parameter: llm_model.base_model.model.model.layers.7.self_attn.o_proj.base_layer.weight -- torch.Size([4096, 4096])🧊 Frozen parameter: llm_model.base_model.model.model.layers.7.mlp.gate_proj.base_layer.weight -- torch.Size([11008, 4096])

🔥 Tuned parameter: llm_model.base_model.model.model.layers.7.self_attn.o_proj.lora_A.default.weight -- torch.Size([16, 4096])🔥 Tuned parameter: llm_model.base_model.model.model.layers.7.mlp.gate_proj.lora_A.default.weight -- torch.Size([16, 4096])

🔥 Tuned parameter: llm_model.base_model.model.model.layers.7.self_attn.o_proj.lora_B.default.weight -- torch.Size([4096, 16])🔥 Tuned parameter: llm_model.base_model.model.model.layers.7.mlp.gate_proj.lora_B.default.weight -- torch.Size([11008, 16])

🧊 Frozen parameter: llm_model.base_model.model.model.layers.7.mlp.gate_proj.base_layer.weight -- torch.Size([11008, 4096])🧊 Frozen parameter: llm_model.base_model.model.model.layers.7.mlp.up_proj.base_layer.weight -- torch.Size([11008, 4096])

🔥 Tuned parameter: llm_model.base_model.model.model.layers.7.mlp.gate_proj.lora_A.default.weight -- torch.Size([16, 4096])🔥 Tuned parameter: llm_model.base_model.model.model.layers.7.mlp.up_proj.lora_A.default.weight -- torch.Size([16, 4096])

🔥 Tuned parameter: llm_model.base_model.model.model.layers.7.mlp.gate_proj.lora_B.default.weight -- torch.Size([11008, 16])🔥 Tuned parameter: llm_model.base_model.model.model.layers.7.mlp.up_proj.lora_B.default.weight -- torch.Size([11008, 16])

🧊 Frozen parameter: llm_model.base_model.model.model.layers.7.mlp.up_proj.base_layer.weight -- torch.Size([11008, 4096])🧊 Frozen parameter: llm_model.base_model.model.model.layers.7.mlp.down_proj.base_layer.weight -- torch.Size([4096, 11008])

🔥 Tuned parameter: llm_model.base_model.model.model.layers.7.mlp.up_proj.lora_A.default.weight -- torch.Size([16, 4096])🔥 Tuned parameter: llm_model.base_model.model.model.layers.7.mlp.down_proj.lora_A.default.weight -- torch.Size([16, 11008])

🔥 Tuned parameter: llm_model.base_model.model.model.layers.7.mlp.up_proj.lora_B.default.weight -- torch.Size([11008, 16])🔥 Tuned parameter: llm_model.base_model.model.model.layers.7.mlp.down_proj.lora_B.default.weight -- torch.Size([4096, 16])

🧊 Frozen parameter: llm_model.base_model.model.model.layers.7.mlp.down_proj.base_layer.weight -- torch.Size([4096, 11008])🧊 Frozen parameter: llm_model.base_model.model.model.layers.7.input_layernorm.weight -- torch.Size([4096])

🔥 Tuned parameter: llm_model.base_model.model.model.layers.7.mlp.down_proj.lora_A.default.weight -- torch.Size([16, 11008])🧊 Frozen parameter: llm_model.base_model.model.model.layers.7.post_attention_layernorm.weight -- torch.Size([4096])

🔥 Tuned parameter: llm_model.base_model.model.model.layers.7.mlp.down_proj.lora_B.default.weight -- torch.Size([4096, 16])🧊 Frozen parameter: llm_model.base_model.model.model.layers.8.self_attn.q_proj.base_layer.weight -- torch.Size([4096, 4096])

🧊 Frozen parameter: llm_model.base_model.model.model.layers.7.input_layernorm.weight -- torch.Size([4096])
🔥 Tuned parameter: llm_model.base_model.model.model.layers.8.self_attn.q_proj.lora_A.default.weight -- torch.Size([16, 4096])🧊 Frozen parameter: llm_model.base_model.model.model.layers.7.post_attention_layernorm.weight -- torch.Size([4096])

🔥 Tuned parameter: llm_model.base_model.model.model.layers.8.self_attn.q_proj.lora_B.default.weight -- torch.Size([4096, 16])🧊 Frozen parameter: llm_model.base_model.model.model.layers.8.self_attn.q_proj.base_layer.weight -- torch.Size([4096, 4096])

🧊 Frozen parameter: llm_model.base_model.model.model.layers.8.self_attn.k_proj.base_layer.weight -- torch.Size([4096, 4096])🔥 Tuned parameter: llm_model.base_model.model.model.layers.8.self_attn.q_proj.lora_A.default.weight -- torch.Size([16, 4096])

🔥 Tuned parameter: llm_model.base_model.model.model.layers.8.self_attn.k_proj.lora_A.default.weight -- torch.Size([16, 4096])🔥 Tuned parameter: llm_model.base_model.model.model.layers.8.self_attn.q_proj.lora_B.default.weight -- torch.Size([4096, 16])

🔥 Tuned parameter: llm_model.base_model.model.model.layers.8.self_attn.k_proj.lora_B.default.weight -- torch.Size([4096, 16])
🧊 Frozen parameter: llm_model.base_model.model.model.layers.8.self_attn.k_proj.base_layer.weight -- torch.Size([4096, 4096])
🧊 Frozen parameter: llm_model.base_model.model.model.layers.8.self_attn.v_proj.base_layer.weight -- torch.Size([4096, 4096])🔥 Tuned parameter: llm_model.base_model.model.model.layers.8.self_attn.k_proj.lora_A.default.weight -- torch.Size([16, 4096])

🔥 Tuned parameter: llm_model.base_model.model.model.layers.8.self_attn.v_proj.lora_A.default.weight -- torch.Size([16, 4096])🔥 Tuned parameter: llm_model.base_model.model.model.layers.8.self_attn.k_proj.lora_B.default.weight -- torch.Size([4096, 16])

🔥 Tuned parameter: llm_model.base_model.model.model.layers.8.self_attn.v_proj.lora_B.default.weight -- torch.Size([4096, 16])
🧊 Frozen parameter: llm_model.base_model.model.model.layers.8.self_attn.v_proj.base_layer.weight -- torch.Size([4096, 4096])🧊 Frozen parameter: llm_model.base_model.model.model.layers.8.self_attn.o_proj.base_layer.weight -- torch.Size([4096, 4096])

🔥 Tuned parameter: llm_model.base_model.model.model.layers.8.self_attn.v_proj.lora_A.default.weight -- torch.Size([16, 4096])🔥 Tuned parameter: llm_model.base_model.model.model.layers.8.self_attn.o_proj.lora_A.default.weight -- torch.Size([16, 4096])

🔥 Tuned parameter: llm_model.base_model.model.model.layers.8.self_attn.v_proj.lora_B.default.weight -- torch.Size([4096, 16])🔥 Tuned parameter: llm_model.base_model.model.model.layers.8.self_attn.o_proj.lora_B.default.weight -- torch.Size([4096, 16])

🧊 Frozen parameter: llm_model.base_model.model.model.layers.8.self_attn.o_proj.base_layer.weight -- torch.Size([4096, 4096])🧊 Frozen parameter: llm_model.base_model.model.model.layers.8.mlp.gate_proj.base_layer.weight -- torch.Size([11008, 4096])

🔥 Tuned parameter: llm_model.base_model.model.model.layers.8.self_attn.o_proj.lora_A.default.weight -- torch.Size([16, 4096])🔥 Tuned parameter: llm_model.base_model.model.model.layers.8.mlp.gate_proj.lora_A.default.weight -- torch.Size([16, 4096])

🔥 Tuned parameter: llm_model.base_model.model.model.layers.8.self_attn.o_proj.lora_B.default.weight -- torch.Size([4096, 16])🔥 Tuned parameter: llm_model.base_model.model.model.layers.8.mlp.gate_proj.lora_B.default.weight -- torch.Size([11008, 16])

🧊 Frozen parameter: llm_model.base_model.model.model.layers.8.mlp.gate_proj.base_layer.weight -- torch.Size([11008, 4096])🧊 Frozen parameter: llm_model.base_model.model.model.layers.8.mlp.up_proj.base_layer.weight -- torch.Size([11008, 4096])

🔥 Tuned parameter: llm_model.base_model.model.model.layers.8.mlp.gate_proj.lora_A.default.weight -- torch.Size([16, 4096])🔥 Tuned parameter: llm_model.base_model.model.model.layers.8.mlp.up_proj.lora_A.default.weight -- torch.Size([16, 4096])

🔥 Tuned parameter: llm_model.base_model.model.model.layers.8.mlp.gate_proj.lora_B.default.weight -- torch.Size([11008, 16])🔥 Tuned parameter: llm_model.base_model.model.model.layers.8.mlp.up_proj.lora_B.default.weight -- torch.Size([11008, 16])

🧊 Frozen parameter: llm_model.base_model.model.model.layers.8.mlp.up_proj.base_layer.weight -- torch.Size([11008, 4096])🧊 Frozen parameter: llm_model.base_model.model.model.layers.8.mlp.down_proj.base_layer.weight -- torch.Size([4096, 11008])

🔥 Tuned parameter: llm_model.base_model.model.model.layers.8.mlp.up_proj.lora_A.default.weight -- torch.Size([16, 4096])🔥 Tuned parameter: llm_model.base_model.model.model.layers.8.mlp.down_proj.lora_A.default.weight -- torch.Size([16, 11008])

🔥 Tuned parameter: llm_model.base_model.model.model.layers.8.mlp.up_proj.lora_B.default.weight -- torch.Size([11008, 16])🔥 Tuned parameter: llm_model.base_model.model.model.layers.8.mlp.down_proj.lora_B.default.weight -- torch.Size([4096, 16])

🧊 Frozen parameter: llm_model.base_model.model.model.layers.8.mlp.down_proj.base_layer.weight -- torch.Size([4096, 11008])🧊 Frozen parameter: llm_model.base_model.model.model.layers.8.input_layernorm.weight -- torch.Size([4096])

🔥 Tuned parameter: llm_model.base_model.model.model.layers.8.mlp.down_proj.lora_A.default.weight -- torch.Size([16, 11008])🧊 Frozen parameter: llm_model.base_model.model.model.layers.8.post_attention_layernorm.weight -- torch.Size([4096])

🔥 Tuned parameter: llm_model.base_model.model.model.layers.8.mlp.down_proj.lora_B.default.weight -- torch.Size([4096, 16])🧊 Frozen parameter: llm_model.base_model.model.model.layers.9.self_attn.q_proj.base_layer.weight -- torch.Size([4096, 4096])

🧊 Frozen parameter: llm_model.base_model.model.model.layers.8.input_layernorm.weight -- torch.Size([4096])🔥 Tuned parameter: llm_model.base_model.model.model.layers.9.self_attn.q_proj.lora_A.default.weight -- torch.Size([16, 4096])

🧊 Frozen parameter: llm_model.base_model.model.model.layers.8.post_attention_layernorm.weight -- torch.Size([4096])🔥 Tuned parameter: llm_model.base_model.model.model.layers.9.self_attn.q_proj.lora_B.default.weight -- torch.Size([4096, 16])

🧊 Frozen parameter: llm_model.base_model.model.model.layers.9.self_attn.q_proj.base_layer.weight -- torch.Size([4096, 4096])🧊 Frozen parameter: llm_model.base_model.model.model.layers.9.self_attn.k_proj.base_layer.weight -- torch.Size([4096, 4096])

🔥 Tuned parameter: llm_model.base_model.model.model.layers.9.self_attn.q_proj.lora_A.default.weight -- torch.Size([16, 4096])🔥 Tuned parameter: llm_model.base_model.model.model.layers.9.self_attn.k_proj.lora_A.default.weight -- torch.Size([16, 4096])

🔥 Tuned parameter: llm_model.base_model.model.model.layers.9.self_attn.q_proj.lora_B.default.weight -- torch.Size([4096, 16])🔥 Tuned parameter: llm_model.base_model.model.model.layers.9.self_attn.k_proj.lora_B.default.weight -- torch.Size([4096, 16])

🧊 Frozen parameter: llm_model.base_model.model.model.layers.9.self_attn.k_proj.base_layer.weight -- torch.Size([4096, 4096])🧊 Frozen parameter: llm_model.base_model.model.model.layers.9.self_attn.v_proj.base_layer.weight -- torch.Size([4096, 4096])

🔥 Tuned parameter: llm_model.base_model.model.model.layers.9.self_attn.k_proj.lora_A.default.weight -- torch.Size([16, 4096])🔥 Tuned parameter: llm_model.base_model.model.model.layers.9.self_attn.v_proj.lora_A.default.weight -- torch.Size([16, 4096])

🔥 Tuned parameter: llm_model.base_model.model.model.layers.9.self_attn.k_proj.lora_B.default.weight -- torch.Size([4096, 16])🔥 Tuned parameter: llm_model.base_model.model.model.layers.9.self_attn.v_proj.lora_B.default.weight -- torch.Size([4096, 16])

🧊 Frozen parameter: llm_model.base_model.model.model.layers.9.self_attn.v_proj.base_layer.weight -- torch.Size([4096, 4096])🧊 Frozen parameter: llm_model.base_model.model.model.layers.9.self_attn.o_proj.base_layer.weight -- torch.Size([4096, 4096])

🔥 Tuned parameter: llm_model.base_model.model.model.layers.9.self_attn.v_proj.lora_A.default.weight -- torch.Size([16, 4096])🔥 Tuned parameter: llm_model.base_model.model.model.layers.9.self_attn.o_proj.lora_A.default.weight -- torch.Size([16, 4096])

🔥 Tuned parameter: llm_model.base_model.model.model.layers.9.self_attn.v_proj.lora_B.default.weight -- torch.Size([4096, 16])🔥 Tuned parameter: llm_model.base_model.model.model.layers.9.self_attn.o_proj.lora_B.default.weight -- torch.Size([4096, 16])

🧊 Frozen parameter: llm_model.base_model.model.model.layers.9.self_attn.o_proj.base_layer.weight -- torch.Size([4096, 4096])🧊 Frozen parameter: llm_model.base_model.model.model.layers.9.mlp.gate_proj.base_layer.weight -- torch.Size([11008, 4096])

🔥 Tuned parameter: llm_model.base_model.model.model.layers.9.self_attn.o_proj.lora_A.default.weight -- torch.Size([16, 4096])🔥 Tuned parameter: llm_model.base_model.model.model.layers.9.mlp.gate_proj.lora_A.default.weight -- torch.Size([16, 4096])

🔥 Tuned parameter: llm_model.base_model.model.model.layers.9.self_attn.o_proj.lora_B.default.weight -- torch.Size([4096, 16])🔥 Tuned parameter: llm_model.base_model.model.model.layers.9.mlp.gate_proj.lora_B.default.weight -- torch.Size([11008, 16])

🧊 Frozen parameter: llm_model.base_model.model.model.layers.9.mlp.gate_proj.base_layer.weight -- torch.Size([11008, 4096])🧊 Frozen parameter: llm_model.base_model.model.model.layers.9.mlp.up_proj.base_layer.weight -- torch.Size([11008, 4096])

🔥 Tuned parameter: llm_model.base_model.model.model.layers.9.mlp.gate_proj.lora_A.default.weight -- torch.Size([16, 4096])🔥 Tuned parameter: llm_model.base_model.model.model.layers.9.mlp.up_proj.lora_A.default.weight -- torch.Size([16, 4096])

🔥 Tuned parameter: llm_model.base_model.model.model.layers.9.mlp.gate_proj.lora_B.default.weight -- torch.Size([11008, 16])🔥 Tuned parameter: llm_model.base_model.model.model.layers.9.mlp.up_proj.lora_B.default.weight -- torch.Size([11008, 16])

🧊 Frozen parameter: llm_model.base_model.model.model.layers.9.mlp.up_proj.base_layer.weight -- torch.Size([11008, 4096])🧊 Frozen parameter: llm_model.base_model.model.model.layers.9.mlp.down_proj.base_layer.weight -- torch.Size([4096, 11008])

🔥 Tuned parameter: llm_model.base_model.model.model.layers.9.mlp.up_proj.lora_A.default.weight -- torch.Size([16, 4096])🔥 Tuned parameter: llm_model.base_model.model.model.layers.9.mlp.down_proj.lora_A.default.weight -- torch.Size([16, 11008])

🔥 Tuned parameter: llm_model.base_model.model.model.layers.9.mlp.up_proj.lora_B.default.weight -- torch.Size([11008, 16])🔥 Tuned parameter: llm_model.base_model.model.model.layers.9.mlp.down_proj.lora_B.default.weight -- torch.Size([4096, 16])

🧊 Frozen parameter: llm_model.base_model.model.model.layers.9.mlp.down_proj.base_layer.weight -- torch.Size([4096, 11008])🧊 Frozen parameter: llm_model.base_model.model.model.layers.9.input_layernorm.weight -- torch.Size([4096])

🔥 Tuned parameter: llm_model.base_model.model.model.layers.9.mlp.down_proj.lora_A.default.weight -- torch.Size([16, 11008])🧊 Frozen parameter: llm_model.base_model.model.model.layers.9.post_attention_layernorm.weight -- torch.Size([4096])

🔥 Tuned parameter: llm_model.base_model.model.model.layers.9.mlp.down_proj.lora_B.default.weight -- torch.Size([4096, 16])🧊 Frozen parameter: llm_model.base_model.model.model.layers.10.self_attn.q_proj.base_layer.weight -- torch.Size([4096, 4096])

🧊 Frozen parameter: llm_model.base_model.model.model.layers.9.input_layernorm.weight -- torch.Size([4096])🔥 Tuned parameter: llm_model.base_model.model.model.layers.10.self_attn.q_proj.lora_A.default.weight -- torch.Size([16, 4096])

🧊 Frozen parameter: llm_model.base_model.model.model.layers.9.post_attention_layernorm.weight -- torch.Size([4096])🔥 Tuned parameter: llm_model.base_model.model.model.layers.10.self_attn.q_proj.lora_B.default.weight -- torch.Size([4096, 16])

🧊 Frozen parameter: llm_model.base_model.model.model.layers.10.self_attn.q_proj.base_layer.weight -- torch.Size([4096, 4096])🧊 Frozen parameter: llm_model.base_model.model.model.layers.10.self_attn.k_proj.base_layer.weight -- torch.Size([4096, 4096])

🔥 Tuned parameter: llm_model.base_model.model.model.layers.10.self_attn.q_proj.lora_A.default.weight -- torch.Size([16, 4096])🔥 Tuned parameter: llm_model.base_model.model.model.layers.10.self_attn.k_proj.lora_A.default.weight -- torch.Size([16, 4096])

🔥 Tuned parameter: llm_model.base_model.model.model.layers.10.self_attn.q_proj.lora_B.default.weight -- torch.Size([4096, 16])🔥 Tuned parameter: llm_model.base_model.model.model.layers.10.self_attn.k_proj.lora_B.default.weight -- torch.Size([4096, 16])

🧊 Frozen parameter: llm_model.base_model.model.model.layers.10.self_attn.k_proj.base_layer.weight -- torch.Size([4096, 4096])🧊 Frozen parameter: llm_model.base_model.model.model.layers.10.self_attn.v_proj.base_layer.weight -- torch.Size([4096, 4096])

🔥 Tuned parameter: llm_model.base_model.model.model.layers.10.self_attn.k_proj.lora_A.default.weight -- torch.Size([16, 4096])🔥 Tuned parameter: llm_model.base_model.model.model.layers.10.self_attn.v_proj.lora_A.default.weight -- torch.Size([16, 4096])

🔥 Tuned parameter: llm_model.base_model.model.model.layers.10.self_attn.k_proj.lora_B.default.weight -- torch.Size([4096, 16])🔥 Tuned parameter: llm_model.base_model.model.model.layers.10.self_attn.v_proj.lora_B.default.weight -- torch.Size([4096, 16])

🧊 Frozen parameter: llm_model.base_model.model.model.layers.10.self_attn.v_proj.base_layer.weight -- torch.Size([4096, 4096])🧊 Frozen parameter: llm_model.base_model.model.model.layers.10.self_attn.o_proj.base_layer.weight -- torch.Size([4096, 4096])

🔥 Tuned parameter: llm_model.base_model.model.model.layers.10.self_attn.v_proj.lora_A.default.weight -- torch.Size([16, 4096])🔥 Tuned parameter: llm_model.base_model.model.model.layers.10.self_attn.o_proj.lora_A.default.weight -- torch.Size([16, 4096])

🔥 Tuned parameter: llm_model.base_model.model.model.layers.10.self_attn.v_proj.lora_B.default.weight -- torch.Size([4096, 16])🔥 Tuned parameter: llm_model.base_model.model.model.layers.10.self_attn.o_proj.lora_B.default.weight -- torch.Size([4096, 16])

🧊 Frozen parameter: llm_model.base_model.model.model.layers.10.self_attn.o_proj.base_layer.weight -- torch.Size([4096, 4096])🧊 Frozen parameter: llm_model.base_model.model.model.layers.10.mlp.gate_proj.base_layer.weight -- torch.Size([11008, 4096])

🔥 Tuned parameter: llm_model.base_model.model.model.layers.10.self_attn.o_proj.lora_A.default.weight -- torch.Size([16, 4096])🔥 Tuned parameter: llm_model.base_model.model.model.layers.10.mlp.gate_proj.lora_A.default.weight -- torch.Size([16, 4096])

🔥 Tuned parameter: llm_model.base_model.model.model.layers.10.self_attn.o_proj.lora_B.default.weight -- torch.Size([4096, 16])🔥 Tuned parameter: llm_model.base_model.model.model.layers.10.mlp.gate_proj.lora_B.default.weight -- torch.Size([11008, 16])

🧊 Frozen parameter: llm_model.base_model.model.model.layers.10.mlp.gate_proj.base_layer.weight -- torch.Size([11008, 4096])🧊 Frozen parameter: llm_model.base_model.model.model.layers.10.mlp.up_proj.base_layer.weight -- torch.Size([11008, 4096])

🔥 Tuned parameter: llm_model.base_model.model.model.layers.10.mlp.gate_proj.lora_A.default.weight -- torch.Size([16, 4096])🔥 Tuned parameter: llm_model.base_model.model.model.layers.10.mlp.up_proj.lora_A.default.weight -- torch.Size([16, 4096])

🔥 Tuned parameter: llm_model.base_model.model.model.layers.10.mlp.gate_proj.lora_B.default.weight -- torch.Size([11008, 16])🔥 Tuned parameter: llm_model.base_model.model.model.layers.10.mlp.up_proj.lora_B.default.weight -- torch.Size([11008, 16])

🧊 Frozen parameter: llm_model.base_model.model.model.layers.10.mlp.up_proj.base_layer.weight -- torch.Size([11008, 4096])🧊 Frozen parameter: llm_model.base_model.model.model.layers.10.mlp.down_proj.base_layer.weight -- torch.Size([4096, 11008])

🔥 Tuned parameter: llm_model.base_model.model.model.layers.10.mlp.up_proj.lora_A.default.weight -- torch.Size([16, 4096])🔥 Tuned parameter: llm_model.base_model.model.model.layers.10.mlp.down_proj.lora_A.default.weight -- torch.Size([16, 11008])

🔥 Tuned parameter: llm_model.base_model.model.model.layers.10.mlp.up_proj.lora_B.default.weight -- torch.Size([11008, 16])🔥 Tuned parameter: llm_model.base_model.model.model.layers.10.mlp.down_proj.lora_B.default.weight -- torch.Size([4096, 16])

🧊 Frozen parameter: llm_model.base_model.model.model.layers.10.mlp.down_proj.base_layer.weight -- torch.Size([4096, 11008])🧊 Frozen parameter: llm_model.base_model.model.model.layers.10.input_layernorm.weight -- torch.Size([4096])

🔥 Tuned parameter: llm_model.base_model.model.model.layers.10.mlp.down_proj.lora_A.default.weight -- torch.Size([16, 11008])🧊 Frozen parameter: llm_model.base_model.model.model.layers.10.post_attention_layernorm.weight -- torch.Size([4096])

🔥 Tuned parameter: llm_model.base_model.model.model.layers.10.mlp.down_proj.lora_B.default.weight -- torch.Size([4096, 16])🧊 Frozen parameter: llm_model.base_model.model.model.layers.11.self_attn.q_proj.base_layer.weight -- torch.Size([4096, 4096])

🧊 Frozen parameter: llm_model.base_model.model.model.layers.10.input_layernorm.weight -- torch.Size([4096])🔥 Tuned parameter: llm_model.base_model.model.model.layers.11.self_attn.q_proj.lora_A.default.weight -- torch.Size([16, 4096])

🧊 Frozen parameter: llm_model.base_model.model.model.layers.10.post_attention_layernorm.weight -- torch.Size([4096])🔥 Tuned parameter: llm_model.base_model.model.model.layers.11.self_attn.q_proj.lora_B.default.weight -- torch.Size([4096, 16])

🧊 Frozen parameter: llm_model.base_model.model.model.layers.11.self_attn.q_proj.base_layer.weight -- torch.Size([4096, 4096])🧊 Frozen parameter: llm_model.base_model.model.model.layers.11.self_attn.k_proj.base_layer.weight -- torch.Size([4096, 4096])

🔥 Tuned parameter: llm_model.base_model.model.model.layers.11.self_attn.q_proj.lora_A.default.weight -- torch.Size([16, 4096])🔥 Tuned parameter: llm_model.base_model.model.model.layers.11.self_attn.k_proj.lora_A.default.weight -- torch.Size([16, 4096])

🔥 Tuned parameter: llm_model.base_model.model.model.layers.11.self_attn.q_proj.lora_B.default.weight -- torch.Size([4096, 16])🔥 Tuned parameter: llm_model.base_model.model.model.layers.11.self_attn.k_proj.lora_B.default.weight -- torch.Size([4096, 16])

🧊 Frozen parameter: llm_model.base_model.model.model.layers.11.self_attn.k_proj.base_layer.weight -- torch.Size([4096, 4096])🧊 Frozen parameter: llm_model.base_model.model.model.layers.11.self_attn.v_proj.base_layer.weight -- torch.Size([4096, 4096])

🔥 Tuned parameter: llm_model.base_model.model.model.layers.11.self_attn.k_proj.lora_A.default.weight -- torch.Size([16, 4096])🔥 Tuned parameter: llm_model.base_model.model.model.layers.11.self_attn.v_proj.lora_A.default.weight -- torch.Size([16, 4096])

🔥 Tuned parameter: llm_model.base_model.model.model.layers.11.self_attn.k_proj.lora_B.default.weight -- torch.Size([4096, 16])🔥 Tuned parameter: llm_model.base_model.model.model.layers.11.self_attn.v_proj.lora_B.default.weight -- torch.Size([4096, 16])

🧊 Frozen parameter: llm_model.base_model.model.model.layers.11.self_attn.v_proj.base_layer.weight -- torch.Size([4096, 4096])🧊 Frozen parameter: llm_model.base_model.model.model.layers.11.self_attn.o_proj.base_layer.weight -- torch.Size([4096, 4096])

🔥 Tuned parameter: llm_model.base_model.model.model.layers.11.self_attn.v_proj.lora_A.default.weight -- torch.Size([16, 4096])🔥 Tuned parameter: llm_model.base_model.model.model.layers.11.self_attn.o_proj.lora_A.default.weight -- torch.Size([16, 4096])

🔥 Tuned parameter: llm_model.base_model.model.model.layers.11.self_attn.v_proj.lora_B.default.weight -- torch.Size([4096, 16])🔥 Tuned parameter: llm_model.base_model.model.model.layers.11.self_attn.o_proj.lora_B.default.weight -- torch.Size([4096, 16])

🧊 Frozen parameter: llm_model.base_model.model.model.layers.11.self_attn.o_proj.base_layer.weight -- torch.Size([4096, 4096])🧊 Frozen parameter: llm_model.base_model.model.model.layers.11.mlp.gate_proj.base_layer.weight -- torch.Size([11008, 4096])

🔥 Tuned parameter: llm_model.base_model.model.model.layers.11.self_attn.o_proj.lora_A.default.weight -- torch.Size([16, 4096])🔥 Tuned parameter: llm_model.base_model.model.model.layers.11.mlp.gate_proj.lora_A.default.weight -- torch.Size([16, 4096])

🔥 Tuned parameter: llm_model.base_model.model.model.layers.11.self_attn.o_proj.lora_B.default.weight -- torch.Size([4096, 16])🔥 Tuned parameter: llm_model.base_model.model.model.layers.11.mlp.gate_proj.lora_B.default.weight -- torch.Size([11008, 16])

🧊 Frozen parameter: llm_model.base_model.model.model.layers.11.mlp.gate_proj.base_layer.weight -- torch.Size([11008, 4096])🧊 Frozen parameter: llm_model.base_model.model.model.layers.11.mlp.up_proj.base_layer.weight -- torch.Size([11008, 4096])

🔥 Tuned parameter: llm_model.base_model.model.model.layers.11.mlp.gate_proj.lora_A.default.weight -- torch.Size([16, 4096])🔥 Tuned parameter: llm_model.base_model.model.model.layers.11.mlp.up_proj.lora_A.default.weight -- torch.Size([16, 4096])

🔥 Tuned parameter: llm_model.base_model.model.model.layers.11.mlp.gate_proj.lora_B.default.weight -- torch.Size([11008, 16])🔥 Tuned parameter: llm_model.base_model.model.model.layers.11.mlp.up_proj.lora_B.default.weight -- torch.Size([11008, 16])

🧊 Frozen parameter: llm_model.base_model.model.model.layers.11.mlp.up_proj.base_layer.weight -- torch.Size([11008, 4096])🧊 Frozen parameter: llm_model.base_model.model.model.layers.11.mlp.down_proj.base_layer.weight -- torch.Size([4096, 11008])

🔥 Tuned parameter: llm_model.base_model.model.model.layers.11.mlp.up_proj.lora_A.default.weight -- torch.Size([16, 4096])🔥 Tuned parameter: llm_model.base_model.model.model.layers.11.mlp.down_proj.lora_A.default.weight -- torch.Size([16, 11008])

🔥 Tuned parameter: llm_model.base_model.model.model.layers.11.mlp.up_proj.lora_B.default.weight -- torch.Size([11008, 16])🔥 Tuned parameter: llm_model.base_model.model.model.layers.11.mlp.down_proj.lora_B.default.weight -- torch.Size([4096, 16])

🧊 Frozen parameter: llm_model.base_model.model.model.layers.11.mlp.down_proj.base_layer.weight -- torch.Size([4096, 11008])🧊 Frozen parameter: llm_model.base_model.model.model.layers.11.input_layernorm.weight -- torch.Size([4096])

🔥 Tuned parameter: llm_model.base_model.model.model.layers.11.mlp.down_proj.lora_A.default.weight -- torch.Size([16, 11008])🧊 Frozen parameter: llm_model.base_model.model.model.layers.11.post_attention_layernorm.weight -- torch.Size([4096])

🔥 Tuned parameter: llm_model.base_model.model.model.layers.11.mlp.down_proj.lora_B.default.weight -- torch.Size([4096, 16])🧊 Frozen parameter: llm_model.base_model.model.model.layers.12.self_attn.q_proj.base_layer.weight -- torch.Size([4096, 4096])

🧊 Frozen parameter: llm_model.base_model.model.model.layers.11.input_layernorm.weight -- torch.Size([4096])🔥 Tuned parameter: llm_model.base_model.model.model.layers.12.self_attn.q_proj.lora_A.default.weight -- torch.Size([16, 4096])

🧊 Frozen parameter: llm_model.base_model.model.model.layers.11.post_attention_layernorm.weight -- torch.Size([4096])🔥 Tuned parameter: llm_model.base_model.model.model.layers.12.self_attn.q_proj.lora_B.default.weight -- torch.Size([4096, 16])

🧊 Frozen parameter: llm_model.base_model.model.model.layers.12.self_attn.q_proj.base_layer.weight -- torch.Size([4096, 4096])🧊 Frozen parameter: llm_model.base_model.model.model.layers.12.self_attn.k_proj.base_layer.weight -- torch.Size([4096, 4096])

🔥 Tuned parameter: llm_model.base_model.model.model.layers.12.self_attn.q_proj.lora_A.default.weight -- torch.Size([16, 4096])🔥 Tuned parameter: llm_model.base_model.model.model.layers.12.self_attn.k_proj.lora_A.default.weight -- torch.Size([16, 4096])

🔥 Tuned parameter: llm_model.base_model.model.model.layers.12.self_attn.q_proj.lora_B.default.weight -- torch.Size([4096, 16])🔥 Tuned parameter: llm_model.base_model.model.model.layers.12.self_attn.k_proj.lora_B.default.weight -- torch.Size([4096, 16])

🧊 Frozen parameter: llm_model.base_model.model.model.layers.12.self_attn.k_proj.base_layer.weight -- torch.Size([4096, 4096])🧊 Frozen parameter: llm_model.base_model.model.model.layers.12.self_attn.v_proj.base_layer.weight -- torch.Size([4096, 4096])

🔥 Tuned parameter: llm_model.base_model.model.model.layers.12.self_attn.k_proj.lora_A.default.weight -- torch.Size([16, 4096])🔥 Tuned parameter: llm_model.base_model.model.model.layers.12.self_attn.v_proj.lora_A.default.weight -- torch.Size([16, 4096])

🔥 Tuned parameter: llm_model.base_model.model.model.layers.12.self_attn.k_proj.lora_B.default.weight -- torch.Size([4096, 16])🔥 Tuned parameter: llm_model.base_model.model.model.layers.12.self_attn.v_proj.lora_B.default.weight -- torch.Size([4096, 16])

🧊 Frozen parameter: llm_model.base_model.model.model.layers.12.self_attn.v_proj.base_layer.weight -- torch.Size([4096, 4096])🧊 Frozen parameter: llm_model.base_model.model.model.layers.12.self_attn.o_proj.base_layer.weight -- torch.Size([4096, 4096])

🔥 Tuned parameter: llm_model.base_model.model.model.layers.12.self_attn.v_proj.lora_A.default.weight -- torch.Size([16, 4096])🔥 Tuned parameter: llm_model.base_model.model.model.layers.12.self_attn.o_proj.lora_A.default.weight -- torch.Size([16, 4096])

🔥 Tuned parameter: llm_model.base_model.model.model.layers.12.self_attn.v_proj.lora_B.default.weight -- torch.Size([4096, 16])🔥 Tuned parameter: llm_model.base_model.model.model.layers.12.self_attn.o_proj.lora_B.default.weight -- torch.Size([4096, 16])

🧊 Frozen parameter: llm_model.base_model.model.model.layers.12.self_attn.o_proj.base_layer.weight -- torch.Size([4096, 4096])🧊 Frozen parameter: llm_model.base_model.model.model.layers.12.mlp.gate_proj.base_layer.weight -- torch.Size([11008, 4096])

🔥 Tuned parameter: llm_model.base_model.model.model.layers.12.self_attn.o_proj.lora_A.default.weight -- torch.Size([16, 4096])🔥 Tuned parameter: llm_model.base_model.model.model.layers.12.mlp.gate_proj.lora_A.default.weight -- torch.Size([16, 4096])

🔥 Tuned parameter: llm_model.base_model.model.model.layers.12.self_attn.o_proj.lora_B.default.weight -- torch.Size([4096, 16])🔥 Tuned parameter: llm_model.base_model.model.model.layers.12.mlp.gate_proj.lora_B.default.weight -- torch.Size([11008, 16])

🧊 Frozen parameter: llm_model.base_model.model.model.layers.12.mlp.gate_proj.base_layer.weight -- torch.Size([11008, 4096])🧊 Frozen parameter: llm_model.base_model.model.model.layers.12.mlp.up_proj.base_layer.weight -- torch.Size([11008, 4096])

🔥 Tuned parameter: llm_model.base_model.model.model.layers.12.mlp.gate_proj.lora_A.default.weight -- torch.Size([16, 4096])🔥 Tuned parameter: llm_model.base_model.model.model.layers.12.mlp.up_proj.lora_A.default.weight -- torch.Size([16, 4096])

🔥 Tuned parameter: llm_model.base_model.model.model.layers.12.mlp.gate_proj.lora_B.default.weight -- torch.Size([11008, 16])🔥 Tuned parameter: llm_model.base_model.model.model.layers.12.mlp.up_proj.lora_B.default.weight -- torch.Size([11008, 16])

🧊 Frozen parameter: llm_model.base_model.model.model.layers.12.mlp.up_proj.base_layer.weight -- torch.Size([11008, 4096])🧊 Frozen parameter: llm_model.base_model.model.model.layers.12.mlp.down_proj.base_layer.weight -- torch.Size([4096, 11008])

🔥 Tuned parameter: llm_model.base_model.model.model.layers.12.mlp.up_proj.lora_A.default.weight -- torch.Size([16, 4096])🔥 Tuned parameter: llm_model.base_model.model.model.layers.12.mlp.down_proj.lora_A.default.weight -- torch.Size([16, 11008])

🔥 Tuned parameter: llm_model.base_model.model.model.layers.12.mlp.up_proj.lora_B.default.weight -- torch.Size([11008, 16])🔥 Tuned parameter: llm_model.base_model.model.model.layers.12.mlp.down_proj.lora_B.default.weight -- torch.Size([4096, 16])

🧊 Frozen parameter: llm_model.base_model.model.model.layers.12.mlp.down_proj.base_layer.weight -- torch.Size([4096, 11008])🧊 Frozen parameter: llm_model.base_model.model.model.layers.12.input_layernorm.weight -- torch.Size([4096])

🔥 Tuned parameter: llm_model.base_model.model.model.layers.12.mlp.down_proj.lora_A.default.weight -- torch.Size([16, 11008])🧊 Frozen parameter: llm_model.base_model.model.model.layers.12.post_attention_layernorm.weight -- torch.Size([4096])

🔥 Tuned parameter: llm_model.base_model.model.model.layers.12.mlp.down_proj.lora_B.default.weight -- torch.Size([4096, 16])
🧊 Frozen parameter: llm_model.base_model.model.model.layers.13.self_attn.q_proj.base_layer.weight -- torch.Size([4096, 4096])🧊 Frozen parameter: llm_model.base_model.model.model.layers.12.input_layernorm.weight -- torch.Size([4096])

🔥 Tuned parameter: llm_model.base_model.model.model.layers.13.self_attn.q_proj.lora_A.default.weight -- torch.Size([16, 4096])🧊 Frozen parameter: llm_model.base_model.model.model.layers.12.post_attention_layernorm.weight -- torch.Size([4096])

🔥 Tuned parameter: llm_model.base_model.model.model.layers.13.self_attn.q_proj.lora_B.default.weight -- torch.Size([4096, 16])
🧊 Frozen parameter: llm_model.base_model.model.model.layers.13.self_attn.q_proj.base_layer.weight -- torch.Size([4096, 4096])🧊 Frozen parameter: llm_model.base_model.model.model.layers.13.self_attn.k_proj.base_layer.weight -- torch.Size([4096, 4096])

🔥 Tuned parameter: llm_model.base_model.model.model.layers.13.self_attn.q_proj.lora_A.default.weight -- torch.Size([16, 4096])🔥 Tuned parameter: llm_model.base_model.model.model.layers.13.self_attn.k_proj.lora_A.default.weight -- torch.Size([16, 4096])

🔥 Tuned parameter: llm_model.base_model.model.model.layers.13.self_attn.q_proj.lora_B.default.weight -- torch.Size([4096, 16])🔥 Tuned parameter: llm_model.base_model.model.model.layers.13.self_attn.k_proj.lora_B.default.weight -- torch.Size([4096, 16])

🧊 Frozen parameter: llm_model.base_model.model.model.layers.13.self_attn.k_proj.base_layer.weight -- torch.Size([4096, 4096])🧊 Frozen parameter: llm_model.base_model.model.model.layers.13.self_attn.v_proj.base_layer.weight -- torch.Size([4096, 4096])

🔥 Tuned parameter: llm_model.base_model.model.model.layers.13.self_attn.k_proj.lora_A.default.weight -- torch.Size([16, 4096])🔥 Tuned parameter: llm_model.base_model.model.model.layers.13.self_attn.v_proj.lora_A.default.weight -- torch.Size([16, 4096])

🔥 Tuned parameter: llm_model.base_model.model.model.layers.13.self_attn.k_proj.lora_B.default.weight -- torch.Size([4096, 16])🔥 Tuned parameter: llm_model.base_model.model.model.layers.13.self_attn.v_proj.lora_B.default.weight -- torch.Size([4096, 16])

🧊 Frozen parameter: llm_model.base_model.model.model.layers.13.self_attn.v_proj.base_layer.weight -- torch.Size([4096, 4096])🧊 Frozen parameter: llm_model.base_model.model.model.layers.13.self_attn.o_proj.base_layer.weight -- torch.Size([4096, 4096])

🔥 Tuned parameter: llm_model.base_model.model.model.layers.13.self_attn.v_proj.lora_A.default.weight -- torch.Size([16, 4096])🔥 Tuned parameter: llm_model.base_model.model.model.layers.13.self_attn.o_proj.lora_A.default.weight -- torch.Size([16, 4096])

🔥 Tuned parameter: llm_model.base_model.model.model.layers.13.self_attn.v_proj.lora_B.default.weight -- torch.Size([4096, 16])🔥 Tuned parameter: llm_model.base_model.model.model.layers.13.self_attn.o_proj.lora_B.default.weight -- torch.Size([4096, 16])

🧊 Frozen parameter: llm_model.base_model.model.model.layers.13.self_attn.o_proj.base_layer.weight -- torch.Size([4096, 4096])🧊 Frozen parameter: llm_model.base_model.model.model.layers.13.mlp.gate_proj.base_layer.weight -- torch.Size([11008, 4096])

🔥 Tuned parameter: llm_model.base_model.model.model.layers.13.self_attn.o_proj.lora_A.default.weight -- torch.Size([16, 4096])🔥 Tuned parameter: llm_model.base_model.model.model.layers.13.mlp.gate_proj.lora_A.default.weight -- torch.Size([16, 4096])

🔥 Tuned parameter: llm_model.base_model.model.model.layers.13.self_attn.o_proj.lora_B.default.weight -- torch.Size([4096, 16])🔥 Tuned parameter: llm_model.base_model.model.model.layers.13.mlp.gate_proj.lora_B.default.weight -- torch.Size([11008, 16])

🧊 Frozen parameter: llm_model.base_model.model.model.layers.13.mlp.gate_proj.base_layer.weight -- torch.Size([11008, 4096])🧊 Frozen parameter: llm_model.base_model.model.model.layers.13.mlp.up_proj.base_layer.weight -- torch.Size([11008, 4096])

🔥 Tuned parameter: llm_model.base_model.model.model.layers.13.mlp.gate_proj.lora_A.default.weight -- torch.Size([16, 4096])🔥 Tuned parameter: llm_model.base_model.model.model.layers.13.mlp.up_proj.lora_A.default.weight -- torch.Size([16, 4096])

🔥 Tuned parameter: llm_model.base_model.model.model.layers.13.mlp.gate_proj.lora_B.default.weight -- torch.Size([11008, 16])🔥 Tuned parameter: llm_model.base_model.model.model.layers.13.mlp.up_proj.lora_B.default.weight -- torch.Size([11008, 16])

🧊 Frozen parameter: llm_model.base_model.model.model.layers.13.mlp.up_proj.base_layer.weight -- torch.Size([11008, 4096])🧊 Frozen parameter: llm_model.base_model.model.model.layers.13.mlp.down_proj.base_layer.weight -- torch.Size([4096, 11008])

🔥 Tuned parameter: llm_model.base_model.model.model.layers.13.mlp.up_proj.lora_A.default.weight -- torch.Size([16, 4096])🔥 Tuned parameter: llm_model.base_model.model.model.layers.13.mlp.down_proj.lora_A.default.weight -- torch.Size([16, 11008])

🔥 Tuned parameter: llm_model.base_model.model.model.layers.13.mlp.up_proj.lora_B.default.weight -- torch.Size([11008, 16])🔥 Tuned parameter: llm_model.base_model.model.model.layers.13.mlp.down_proj.lora_B.default.weight -- torch.Size([4096, 16])

🧊 Frozen parameter: llm_model.base_model.model.model.layers.13.mlp.down_proj.base_layer.weight -- torch.Size([4096, 11008])🧊 Frozen parameter: llm_model.base_model.model.model.layers.13.input_layernorm.weight -- torch.Size([4096])

🔥 Tuned parameter: llm_model.base_model.model.model.layers.13.mlp.down_proj.lora_A.default.weight -- torch.Size([16, 11008])🧊 Frozen parameter: llm_model.base_model.model.model.layers.13.post_attention_layernorm.weight -- torch.Size([4096])

🔥 Tuned parameter: llm_model.base_model.model.model.layers.13.mlp.down_proj.lora_B.default.weight -- torch.Size([4096, 16])🧊 Frozen parameter: llm_model.base_model.model.model.layers.14.self_attn.q_proj.base_layer.weight -- torch.Size([4096, 4096])

🧊 Frozen parameter: llm_model.base_model.model.model.layers.13.input_layernorm.weight -- torch.Size([4096])🔥 Tuned parameter: llm_model.base_model.model.model.layers.14.self_attn.q_proj.lora_A.default.weight -- torch.Size([16, 4096])

🧊 Frozen parameter: llm_model.base_model.model.model.layers.13.post_attention_layernorm.weight -- torch.Size([4096])🔥 Tuned parameter: llm_model.base_model.model.model.layers.14.self_attn.q_proj.lora_B.default.weight -- torch.Size([4096, 16])

🧊 Frozen parameter: llm_model.base_model.model.model.layers.14.self_attn.q_proj.base_layer.weight -- torch.Size([4096, 4096])🧊 Frozen parameter: llm_model.base_model.model.model.layers.14.self_attn.k_proj.base_layer.weight -- torch.Size([4096, 4096])

🔥 Tuned parameter: llm_model.base_model.model.model.layers.14.self_attn.q_proj.lora_A.default.weight -- torch.Size([16, 4096])🔥 Tuned parameter: llm_model.base_model.model.model.layers.14.self_attn.k_proj.lora_A.default.weight -- torch.Size([16, 4096])

🔥 Tuned parameter: llm_model.base_model.model.model.layers.14.self_attn.q_proj.lora_B.default.weight -- torch.Size([4096, 16])🔥 Tuned parameter: llm_model.base_model.model.model.layers.14.self_attn.k_proj.lora_B.default.weight -- torch.Size([4096, 16])

🧊 Frozen parameter: llm_model.base_model.model.model.layers.14.self_attn.k_proj.base_layer.weight -- torch.Size([4096, 4096])🧊 Frozen parameter: llm_model.base_model.model.model.layers.14.self_attn.v_proj.base_layer.weight -- torch.Size([4096, 4096])

🔥 Tuned parameter: llm_model.base_model.model.model.layers.14.self_attn.k_proj.lora_A.default.weight -- torch.Size([16, 4096])🔥 Tuned parameter: llm_model.base_model.model.model.layers.14.self_attn.v_proj.lora_A.default.weight -- torch.Size([16, 4096])

🔥 Tuned parameter: llm_model.base_model.model.model.layers.14.self_attn.k_proj.lora_B.default.weight -- torch.Size([4096, 16])🔥 Tuned parameter: llm_model.base_model.model.model.layers.14.self_attn.v_proj.lora_B.default.weight -- torch.Size([4096, 16])

🧊 Frozen parameter: llm_model.base_model.model.model.layers.14.self_attn.v_proj.base_layer.weight -- torch.Size([4096, 4096])🧊 Frozen parameter: llm_model.base_model.model.model.layers.14.self_attn.o_proj.base_layer.weight -- torch.Size([4096, 4096])

🔥 Tuned parameter: llm_model.base_model.model.model.layers.14.self_attn.v_proj.lora_A.default.weight -- torch.Size([16, 4096])🔥 Tuned parameter: llm_model.base_model.model.model.layers.14.self_attn.o_proj.lora_A.default.weight -- torch.Size([16, 4096])

🔥 Tuned parameter: llm_model.base_model.model.model.layers.14.self_attn.v_proj.lora_B.default.weight -- torch.Size([4096, 16])🔥 Tuned parameter: llm_model.base_model.model.model.layers.14.self_attn.o_proj.lora_B.default.weight -- torch.Size([4096, 16])

🧊 Frozen parameter: llm_model.base_model.model.model.layers.14.self_attn.o_proj.base_layer.weight -- torch.Size([4096, 4096])🧊 Frozen parameter: llm_model.base_model.model.model.layers.14.mlp.gate_proj.base_layer.weight -- torch.Size([11008, 4096])

🔥 Tuned parameter: llm_model.base_model.model.model.layers.14.self_attn.o_proj.lora_A.default.weight -- torch.Size([16, 4096])🔥 Tuned parameter: llm_model.base_model.model.model.layers.14.mlp.gate_proj.lora_A.default.weight -- torch.Size([16, 4096])

🔥 Tuned parameter: llm_model.base_model.model.model.layers.14.self_attn.o_proj.lora_B.default.weight -- torch.Size([4096, 16])🔥 Tuned parameter: llm_model.base_model.model.model.layers.14.mlp.gate_proj.lora_B.default.weight -- torch.Size([11008, 16])

🧊 Frozen parameter: llm_model.base_model.model.model.layers.14.mlp.gate_proj.base_layer.weight -- torch.Size([11008, 4096])🧊 Frozen parameter: llm_model.base_model.model.model.layers.14.mlp.up_proj.base_layer.weight -- torch.Size([11008, 4096])

🔥 Tuned parameter: llm_model.base_model.model.model.layers.14.mlp.gate_proj.lora_A.default.weight -- torch.Size([16, 4096])🔥 Tuned parameter: llm_model.base_model.model.model.layers.14.mlp.up_proj.lora_A.default.weight -- torch.Size([16, 4096])

🔥 Tuned parameter: llm_model.base_model.model.model.layers.14.mlp.gate_proj.lora_B.default.weight -- torch.Size([11008, 16])🔥 Tuned parameter: llm_model.base_model.model.model.layers.14.mlp.up_proj.lora_B.default.weight -- torch.Size([11008, 16])

🧊 Frozen parameter: llm_model.base_model.model.model.layers.14.mlp.up_proj.base_layer.weight -- torch.Size([11008, 4096])🧊 Frozen parameter: llm_model.base_model.model.model.layers.14.mlp.down_proj.base_layer.weight -- torch.Size([4096, 11008])

🔥 Tuned parameter: llm_model.base_model.model.model.layers.14.mlp.up_proj.lora_A.default.weight -- torch.Size([16, 4096])🔥 Tuned parameter: llm_model.base_model.model.model.layers.14.mlp.down_proj.lora_A.default.weight -- torch.Size([16, 11008])

🔥 Tuned parameter: llm_model.base_model.model.model.layers.14.mlp.up_proj.lora_B.default.weight -- torch.Size([11008, 16])🔥 Tuned parameter: llm_model.base_model.model.model.layers.14.mlp.down_proj.lora_B.default.weight -- torch.Size([4096, 16])

🧊 Frozen parameter: llm_model.base_model.model.model.layers.14.mlp.down_proj.base_layer.weight -- torch.Size([4096, 11008])🧊 Frozen parameter: llm_model.base_model.model.model.layers.14.input_layernorm.weight -- torch.Size([4096])

🔥 Tuned parameter: llm_model.base_model.model.model.layers.14.mlp.down_proj.lora_A.default.weight -- torch.Size([16, 11008])🧊 Frozen parameter: llm_model.base_model.model.model.layers.14.post_attention_layernorm.weight -- torch.Size([4096])

🔥 Tuned parameter: llm_model.base_model.model.model.layers.14.mlp.down_proj.lora_B.default.weight -- torch.Size([4096, 16])🧊 Frozen parameter: llm_model.base_model.model.model.layers.15.self_attn.q_proj.base_layer.weight -- torch.Size([4096, 4096])

🧊 Frozen parameter: llm_model.base_model.model.model.layers.14.input_layernorm.weight -- torch.Size([4096])🔥 Tuned parameter: llm_model.base_model.model.model.layers.15.self_attn.q_proj.lora_A.default.weight -- torch.Size([16, 4096])

🧊 Frozen parameter: llm_model.base_model.model.model.layers.14.post_attention_layernorm.weight -- torch.Size([4096])🔥 Tuned parameter: llm_model.base_model.model.model.layers.15.self_attn.q_proj.lora_B.default.weight -- torch.Size([4096, 16])

🧊 Frozen parameter: llm_model.base_model.model.model.layers.15.self_attn.q_proj.base_layer.weight -- torch.Size([4096, 4096])🧊 Frozen parameter: llm_model.base_model.model.model.layers.15.self_attn.k_proj.base_layer.weight -- torch.Size([4096, 4096])

🔥 Tuned parameter: llm_model.base_model.model.model.layers.15.self_attn.q_proj.lora_A.default.weight -- torch.Size([16, 4096])🔥 Tuned parameter: llm_model.base_model.model.model.layers.15.self_attn.k_proj.lora_A.default.weight -- torch.Size([16, 4096])

🔥 Tuned parameter: llm_model.base_model.model.model.layers.15.self_attn.q_proj.lora_B.default.weight -- torch.Size([4096, 16])🔥 Tuned parameter: llm_model.base_model.model.model.layers.15.self_attn.k_proj.lora_B.default.weight -- torch.Size([4096, 16])

🧊 Frozen parameter: llm_model.base_model.model.model.layers.15.self_attn.k_proj.base_layer.weight -- torch.Size([4096, 4096])🧊 Frozen parameter: llm_model.base_model.model.model.layers.15.self_attn.v_proj.base_layer.weight -- torch.Size([4096, 4096])

🔥 Tuned parameter: llm_model.base_model.model.model.layers.15.self_attn.k_proj.lora_A.default.weight -- torch.Size([16, 4096])🔥 Tuned parameter: llm_model.base_model.model.model.layers.15.self_attn.v_proj.lora_A.default.weight -- torch.Size([16, 4096])

🔥 Tuned parameter: llm_model.base_model.model.model.layers.15.self_attn.k_proj.lora_B.default.weight -- torch.Size([4096, 16])🔥 Tuned parameter: llm_model.base_model.model.model.layers.15.self_attn.v_proj.lora_B.default.weight -- torch.Size([4096, 16])

🧊 Frozen parameter: llm_model.base_model.model.model.layers.15.self_attn.v_proj.base_layer.weight -- torch.Size([4096, 4096])🧊 Frozen parameter: llm_model.base_model.model.model.layers.15.self_attn.o_proj.base_layer.weight -- torch.Size([4096, 4096])

🔥 Tuned parameter: llm_model.base_model.model.model.layers.15.self_attn.v_proj.lora_A.default.weight -- torch.Size([16, 4096])🔥 Tuned parameter: llm_model.base_model.model.model.layers.15.self_attn.o_proj.lora_A.default.weight -- torch.Size([16, 4096])

🔥 Tuned parameter: llm_model.base_model.model.model.layers.15.self_attn.v_proj.lora_B.default.weight -- torch.Size([4096, 16])🔥 Tuned parameter: llm_model.base_model.model.model.layers.15.self_attn.o_proj.lora_B.default.weight -- torch.Size([4096, 16])

🧊 Frozen parameter: llm_model.base_model.model.model.layers.15.self_attn.o_proj.base_layer.weight -- torch.Size([4096, 4096])🧊 Frozen parameter: llm_model.base_model.model.model.layers.15.mlp.gate_proj.base_layer.weight -- torch.Size([11008, 4096])

🔥 Tuned parameter: llm_model.base_model.model.model.layers.15.self_attn.o_proj.lora_A.default.weight -- torch.Size([16, 4096])🔥 Tuned parameter: llm_model.base_model.model.model.layers.15.mlp.gate_proj.lora_A.default.weight -- torch.Size([16, 4096])

🔥 Tuned parameter: llm_model.base_model.model.model.layers.15.self_attn.o_proj.lora_B.default.weight -- torch.Size([4096, 16])🔥 Tuned parameter: llm_model.base_model.model.model.layers.15.mlp.gate_proj.lora_B.default.weight -- torch.Size([11008, 16])

🧊 Frozen parameter: llm_model.base_model.model.model.layers.15.mlp.gate_proj.base_layer.weight -- torch.Size([11008, 4096])🧊 Frozen parameter: llm_model.base_model.model.model.layers.15.mlp.up_proj.base_layer.weight -- torch.Size([11008, 4096])

🔥 Tuned parameter: llm_model.base_model.model.model.layers.15.mlp.gate_proj.lora_A.default.weight -- torch.Size([16, 4096])🔥 Tuned parameter: llm_model.base_model.model.model.layers.15.mlp.up_proj.lora_A.default.weight -- torch.Size([16, 4096])

🔥 Tuned parameter: llm_model.base_model.model.model.layers.15.mlp.gate_proj.lora_B.default.weight -- torch.Size([11008, 16])🔥 Tuned parameter: llm_model.base_model.model.model.layers.15.mlp.up_proj.lora_B.default.weight -- torch.Size([11008, 16])

🧊 Frozen parameter: llm_model.base_model.model.model.layers.15.mlp.up_proj.base_layer.weight -- torch.Size([11008, 4096])🧊 Frozen parameter: llm_model.base_model.model.model.layers.15.mlp.down_proj.base_layer.weight -- torch.Size([4096, 11008])

🔥 Tuned parameter: llm_model.base_model.model.model.layers.15.mlp.up_proj.lora_A.default.weight -- torch.Size([16, 4096])🔥 Tuned parameter: llm_model.base_model.model.model.layers.15.mlp.down_proj.lora_A.default.weight -- torch.Size([16, 11008])

🔥 Tuned parameter: llm_model.base_model.model.model.layers.15.mlp.up_proj.lora_B.default.weight -- torch.Size([11008, 16])🔥 Tuned parameter: llm_model.base_model.model.model.layers.15.mlp.down_proj.lora_B.default.weight -- torch.Size([4096, 16])

🧊 Frozen parameter: llm_model.base_model.model.model.layers.15.mlp.down_proj.base_layer.weight -- torch.Size([4096, 11008])🧊 Frozen parameter: llm_model.base_model.model.model.layers.15.input_layernorm.weight -- torch.Size([4096])

🔥 Tuned parameter: llm_model.base_model.model.model.layers.15.mlp.down_proj.lora_A.default.weight -- torch.Size([16, 11008])🧊 Frozen parameter: llm_model.base_model.model.model.layers.15.post_attention_layernorm.weight -- torch.Size([4096])

🔥 Tuned parameter: llm_model.base_model.model.model.layers.15.mlp.down_proj.lora_B.default.weight -- torch.Size([4096, 16])🧊 Frozen parameter: llm_model.base_model.model.model.layers.16.self_attn.q_proj.base_layer.weight -- torch.Size([4096, 4096])

🧊 Frozen parameter: llm_model.base_model.model.model.layers.15.input_layernorm.weight -- torch.Size([4096])🔥 Tuned parameter: llm_model.base_model.model.model.layers.16.self_attn.q_proj.lora_A.default.weight -- torch.Size([16, 4096])

🧊 Frozen parameter: llm_model.base_model.model.model.layers.15.post_attention_layernorm.weight -- torch.Size([4096])🔥 Tuned parameter: llm_model.base_model.model.model.layers.16.self_attn.q_proj.lora_B.default.weight -- torch.Size([4096, 16])

🧊 Frozen parameter: llm_model.base_model.model.model.layers.16.self_attn.q_proj.base_layer.weight -- torch.Size([4096, 4096])🧊 Frozen parameter: llm_model.base_model.model.model.layers.16.self_attn.k_proj.base_layer.weight -- torch.Size([4096, 4096])

🔥 Tuned parameter: llm_model.base_model.model.model.layers.16.self_attn.q_proj.lora_A.default.weight -- torch.Size([16, 4096])🔥 Tuned parameter: llm_model.base_model.model.model.layers.16.self_attn.k_proj.lora_A.default.weight -- torch.Size([16, 4096])

🔥 Tuned parameter: llm_model.base_model.model.model.layers.16.self_attn.q_proj.lora_B.default.weight -- torch.Size([4096, 16])🔥 Tuned parameter: llm_model.base_model.model.model.layers.16.self_attn.k_proj.lora_B.default.weight -- torch.Size([4096, 16])

🧊 Frozen parameter: llm_model.base_model.model.model.layers.16.self_attn.k_proj.base_layer.weight -- torch.Size([4096, 4096])🧊 Frozen parameter: llm_model.base_model.model.model.layers.16.self_attn.v_proj.base_layer.weight -- torch.Size([4096, 4096])

🔥 Tuned parameter: llm_model.base_model.model.model.layers.16.self_attn.k_proj.lora_A.default.weight -- torch.Size([16, 4096])🔥 Tuned parameter: llm_model.base_model.model.model.layers.16.self_attn.v_proj.lora_A.default.weight -- torch.Size([16, 4096])

🔥 Tuned parameter: llm_model.base_model.model.model.layers.16.self_attn.k_proj.lora_B.default.weight -- torch.Size([4096, 16])🔥 Tuned parameter: llm_model.base_model.model.model.layers.16.self_attn.v_proj.lora_B.default.weight -- torch.Size([4096, 16])

🧊 Frozen parameter: llm_model.base_model.model.model.layers.16.self_attn.v_proj.base_layer.weight -- torch.Size([4096, 4096])🧊 Frozen parameter: llm_model.base_model.model.model.layers.16.self_attn.o_proj.base_layer.weight -- torch.Size([4096, 4096])

🔥 Tuned parameter: llm_model.base_model.model.model.layers.16.self_attn.v_proj.lora_A.default.weight -- torch.Size([16, 4096])🔥 Tuned parameter: llm_model.base_model.model.model.layers.16.self_attn.o_proj.lora_A.default.weight -- torch.Size([16, 4096])

🔥 Tuned parameter: llm_model.base_model.model.model.layers.16.self_attn.v_proj.lora_B.default.weight -- torch.Size([4096, 16])🔥 Tuned parameter: llm_model.base_model.model.model.layers.16.self_attn.o_proj.lora_B.default.weight -- torch.Size([4096, 16])

🧊 Frozen parameter: llm_model.base_model.model.model.layers.16.self_attn.o_proj.base_layer.weight -- torch.Size([4096, 4096])🧊 Frozen parameter: llm_model.base_model.model.model.layers.16.mlp.gate_proj.base_layer.weight -- torch.Size([11008, 4096])

🔥 Tuned parameter: llm_model.base_model.model.model.layers.16.self_attn.o_proj.lora_A.default.weight -- torch.Size([16, 4096])🔥 Tuned parameter: llm_model.base_model.model.model.layers.16.mlp.gate_proj.lora_A.default.weight -- torch.Size([16, 4096])

🔥 Tuned parameter: llm_model.base_model.model.model.layers.16.self_attn.o_proj.lora_B.default.weight -- torch.Size([4096, 16])🔥 Tuned parameter: llm_model.base_model.model.model.layers.16.mlp.gate_proj.lora_B.default.weight -- torch.Size([11008, 16])

🧊 Frozen parameter: llm_model.base_model.model.model.layers.16.mlp.gate_proj.base_layer.weight -- torch.Size([11008, 4096])🧊 Frozen parameter: llm_model.base_model.model.model.layers.16.mlp.up_proj.base_layer.weight -- torch.Size([11008, 4096])

🔥 Tuned parameter: llm_model.base_model.model.model.layers.16.mlp.gate_proj.lora_A.default.weight -- torch.Size([16, 4096])🔥 Tuned parameter: llm_model.base_model.model.model.layers.16.mlp.up_proj.lora_A.default.weight -- torch.Size([16, 4096])

🔥 Tuned parameter: llm_model.base_model.model.model.layers.16.mlp.gate_proj.lora_B.default.weight -- torch.Size([11008, 16])🔥 Tuned parameter: llm_model.base_model.model.model.layers.16.mlp.up_proj.lora_B.default.weight -- torch.Size([11008, 16])

🧊 Frozen parameter: llm_model.base_model.model.model.layers.16.mlp.up_proj.base_layer.weight -- torch.Size([11008, 4096])🧊 Frozen parameter: llm_model.base_model.model.model.layers.16.mlp.down_proj.base_layer.weight -- torch.Size([4096, 11008])

🔥 Tuned parameter: llm_model.base_model.model.model.layers.16.mlp.up_proj.lora_A.default.weight -- torch.Size([16, 4096])🔥 Tuned parameter: llm_model.base_model.model.model.layers.16.mlp.down_proj.lora_A.default.weight -- torch.Size([16, 11008])

🔥 Tuned parameter: llm_model.base_model.model.model.layers.16.mlp.up_proj.lora_B.default.weight -- torch.Size([11008, 16])🔥 Tuned parameter: llm_model.base_model.model.model.layers.16.mlp.down_proj.lora_B.default.weight -- torch.Size([4096, 16])

🧊 Frozen parameter: llm_model.base_model.model.model.layers.16.mlp.down_proj.base_layer.weight -- torch.Size([4096, 11008])🧊 Frozen parameter: llm_model.base_model.model.model.layers.16.input_layernorm.weight -- torch.Size([4096])

🔥 Tuned parameter: llm_model.base_model.model.model.layers.16.mlp.down_proj.lora_A.default.weight -- torch.Size([16, 11008])🧊 Frozen parameter: llm_model.base_model.model.model.layers.16.post_attention_layernorm.weight -- torch.Size([4096])

🔥 Tuned parameter: llm_model.base_model.model.model.layers.16.mlp.down_proj.lora_B.default.weight -- torch.Size([4096, 16])🧊 Frozen parameter: llm_model.base_model.model.model.layers.17.self_attn.q_proj.base_layer.weight -- torch.Size([4096, 4096])

🧊 Frozen parameter: llm_model.base_model.model.model.layers.16.input_layernorm.weight -- torch.Size([4096])🔥 Tuned parameter: llm_model.base_model.model.model.layers.17.self_attn.q_proj.lora_A.default.weight -- torch.Size([16, 4096])

🧊 Frozen parameter: llm_model.base_model.model.model.layers.16.post_attention_layernorm.weight -- torch.Size([4096])🔥 Tuned parameter: llm_model.base_model.model.model.layers.17.self_attn.q_proj.lora_B.default.weight -- torch.Size([4096, 16])

🧊 Frozen parameter: llm_model.base_model.model.model.layers.17.self_attn.q_proj.base_layer.weight -- torch.Size([4096, 4096])🧊 Frozen parameter: llm_model.base_model.model.model.layers.17.self_attn.k_proj.base_layer.weight -- torch.Size([4096, 4096])

🔥 Tuned parameter: llm_model.base_model.model.model.layers.17.self_attn.q_proj.lora_A.default.weight -- torch.Size([16, 4096])🔥 Tuned parameter: llm_model.base_model.model.model.layers.17.self_attn.k_proj.lora_A.default.weight -- torch.Size([16, 4096])

🔥 Tuned parameter: llm_model.base_model.model.model.layers.17.self_attn.q_proj.lora_B.default.weight -- torch.Size([4096, 16])🔥 Tuned parameter: llm_model.base_model.model.model.layers.17.self_attn.k_proj.lora_B.default.weight -- torch.Size([4096, 16])

🧊 Frozen parameter: llm_model.base_model.model.model.layers.17.self_attn.k_proj.base_layer.weight -- torch.Size([4096, 4096])🧊 Frozen parameter: llm_model.base_model.model.model.layers.17.self_attn.v_proj.base_layer.weight -- torch.Size([4096, 4096])

🔥 Tuned parameter: llm_model.base_model.model.model.layers.17.self_attn.k_proj.lora_A.default.weight -- torch.Size([16, 4096])🔥 Tuned parameter: llm_model.base_model.model.model.layers.17.self_attn.v_proj.lora_A.default.weight -- torch.Size([16, 4096])

🔥 Tuned parameter: llm_model.base_model.model.model.layers.17.self_attn.k_proj.lora_B.default.weight -- torch.Size([4096, 16])🔥 Tuned parameter: llm_model.base_model.model.model.layers.17.self_attn.v_proj.lora_B.default.weight -- torch.Size([4096, 16])

🧊 Frozen parameter: llm_model.base_model.model.model.layers.17.self_attn.v_proj.base_layer.weight -- torch.Size([4096, 4096])🧊 Frozen parameter: llm_model.base_model.model.model.layers.17.self_attn.o_proj.base_layer.weight -- torch.Size([4096, 4096])

🔥 Tuned parameter: llm_model.base_model.model.model.layers.17.self_attn.v_proj.lora_A.default.weight -- torch.Size([16, 4096])🔥 Tuned parameter: llm_model.base_model.model.model.layers.17.self_attn.o_proj.lora_A.default.weight -- torch.Size([16, 4096])

🔥 Tuned parameter: llm_model.base_model.model.model.layers.17.self_attn.v_proj.lora_B.default.weight -- torch.Size([4096, 16])🔥 Tuned parameter: llm_model.base_model.model.model.layers.17.self_attn.o_proj.lora_B.default.weight -- torch.Size([4096, 16])

🧊 Frozen parameter: llm_model.base_model.model.model.layers.17.self_attn.o_proj.base_layer.weight -- torch.Size([4096, 4096])🧊 Frozen parameter: llm_model.base_model.model.model.layers.17.mlp.gate_proj.base_layer.weight -- torch.Size([11008, 4096])

🔥 Tuned parameter: llm_model.base_model.model.model.layers.17.self_attn.o_proj.lora_A.default.weight -- torch.Size([16, 4096])🔥 Tuned parameter: llm_model.base_model.model.model.layers.17.mlp.gate_proj.lora_A.default.weight -- torch.Size([16, 4096])

🔥 Tuned parameter: llm_model.base_model.model.model.layers.17.self_attn.o_proj.lora_B.default.weight -- torch.Size([4096, 16])🔥 Tuned parameter: llm_model.base_model.model.model.layers.17.mlp.gate_proj.lora_B.default.weight -- torch.Size([11008, 16])

🧊 Frozen parameter: llm_model.base_model.model.model.layers.17.mlp.gate_proj.base_layer.weight -- torch.Size([11008, 4096])🧊 Frozen parameter: llm_model.base_model.model.model.layers.17.mlp.up_proj.base_layer.weight -- torch.Size([11008, 4096])

🔥 Tuned parameter: llm_model.base_model.model.model.layers.17.mlp.gate_proj.lora_A.default.weight -- torch.Size([16, 4096])🔥 Tuned parameter: llm_model.base_model.model.model.layers.17.mlp.up_proj.lora_A.default.weight -- torch.Size([16, 4096])

🔥 Tuned parameter: llm_model.base_model.model.model.layers.17.mlp.gate_proj.lora_B.default.weight -- torch.Size([11008, 16])🔥 Tuned parameter: llm_model.base_model.model.model.layers.17.mlp.up_proj.lora_B.default.weight -- torch.Size([11008, 16])

🧊 Frozen parameter: llm_model.base_model.model.model.layers.17.mlp.up_proj.base_layer.weight -- torch.Size([11008, 4096])🧊 Frozen parameter: llm_model.base_model.model.model.layers.17.mlp.down_proj.base_layer.weight -- torch.Size([4096, 11008])

🔥 Tuned parameter: llm_model.base_model.model.model.layers.17.mlp.up_proj.lora_A.default.weight -- torch.Size([16, 4096])🔥 Tuned parameter: llm_model.base_model.model.model.layers.17.mlp.down_proj.lora_A.default.weight -- torch.Size([16, 11008])

🔥 Tuned parameter: llm_model.base_model.model.model.layers.17.mlp.up_proj.lora_B.default.weight -- torch.Size([11008, 16])🔥 Tuned parameter: llm_model.base_model.model.model.layers.17.mlp.down_proj.lora_B.default.weight -- torch.Size([4096, 16])

🧊 Frozen parameter: llm_model.base_model.model.model.layers.17.mlp.down_proj.base_layer.weight -- torch.Size([4096, 11008])🧊 Frozen parameter: llm_model.base_model.model.model.layers.17.input_layernorm.weight -- torch.Size([4096])

🔥 Tuned parameter: llm_model.base_model.model.model.layers.17.mlp.down_proj.lora_A.default.weight -- torch.Size([16, 11008])🧊 Frozen parameter: llm_model.base_model.model.model.layers.17.post_attention_layernorm.weight -- torch.Size([4096])

🔥 Tuned parameter: llm_model.base_model.model.model.layers.17.mlp.down_proj.lora_B.default.weight -- torch.Size([4096, 16])🧊 Frozen parameter: llm_model.base_model.model.model.layers.18.self_attn.q_proj.base_layer.weight -- torch.Size([4096, 4096])

🧊 Frozen parameter: llm_model.base_model.model.model.layers.17.input_layernorm.weight -- torch.Size([4096])🔥 Tuned parameter: llm_model.base_model.model.model.layers.18.self_attn.q_proj.lora_A.default.weight -- torch.Size([16, 4096])

🧊 Frozen parameter: llm_model.base_model.model.model.layers.17.post_attention_layernorm.weight -- torch.Size([4096])🔥 Tuned parameter: llm_model.base_model.model.model.layers.18.self_attn.q_proj.lora_B.default.weight -- torch.Size([4096, 16])

🧊 Frozen parameter: llm_model.base_model.model.model.layers.18.self_attn.q_proj.base_layer.weight -- torch.Size([4096, 4096])🧊 Frozen parameter: llm_model.base_model.model.model.layers.18.self_attn.k_proj.base_layer.weight -- torch.Size([4096, 4096])

🔥 Tuned parameter: llm_model.base_model.model.model.layers.18.self_attn.q_proj.lora_A.default.weight -- torch.Size([16, 4096])🔥 Tuned parameter: llm_model.base_model.model.model.layers.18.self_attn.k_proj.lora_A.default.weight -- torch.Size([16, 4096])

🔥 Tuned parameter: llm_model.base_model.model.model.layers.18.self_attn.q_proj.lora_B.default.weight -- torch.Size([4096, 16])🔥 Tuned parameter: llm_model.base_model.model.model.layers.18.self_attn.k_proj.lora_B.default.weight -- torch.Size([4096, 16])

🧊 Frozen parameter: llm_model.base_model.model.model.layers.18.self_attn.k_proj.base_layer.weight -- torch.Size([4096, 4096])🧊 Frozen parameter: llm_model.base_model.model.model.layers.18.self_attn.v_proj.base_layer.weight -- torch.Size([4096, 4096])

🔥 Tuned parameter: llm_model.base_model.model.model.layers.18.self_attn.k_proj.lora_A.default.weight -- torch.Size([16, 4096])🔥 Tuned parameter: llm_model.base_model.model.model.layers.18.self_attn.v_proj.lora_A.default.weight -- torch.Size([16, 4096])

🔥 Tuned parameter: llm_model.base_model.model.model.layers.18.self_attn.k_proj.lora_B.default.weight -- torch.Size([4096, 16])🔥 Tuned parameter: llm_model.base_model.model.model.layers.18.self_attn.v_proj.lora_B.default.weight -- torch.Size([4096, 16])

🧊 Frozen parameter: llm_model.base_model.model.model.layers.18.self_attn.v_proj.base_layer.weight -- torch.Size([4096, 4096])🧊 Frozen parameter: llm_model.base_model.model.model.layers.18.self_attn.o_proj.base_layer.weight -- torch.Size([4096, 4096])

🔥 Tuned parameter: llm_model.base_model.model.model.layers.18.self_attn.v_proj.lora_A.default.weight -- torch.Size([16, 4096])🔥 Tuned parameter: llm_model.base_model.model.model.layers.18.self_attn.o_proj.lora_A.default.weight -- torch.Size([16, 4096])

🔥 Tuned parameter: llm_model.base_model.model.model.layers.18.self_attn.v_proj.lora_B.default.weight -- torch.Size([4096, 16])🔥 Tuned parameter: llm_model.base_model.model.model.layers.18.self_attn.o_proj.lora_B.default.weight -- torch.Size([4096, 16])

🧊 Frozen parameter: llm_model.base_model.model.model.layers.18.self_attn.o_proj.base_layer.weight -- torch.Size([4096, 4096])🧊 Frozen parameter: llm_model.base_model.model.model.layers.18.mlp.gate_proj.base_layer.weight -- torch.Size([11008, 4096])

🔥 Tuned parameter: llm_model.base_model.model.model.layers.18.self_attn.o_proj.lora_A.default.weight -- torch.Size([16, 4096])🔥 Tuned parameter: llm_model.base_model.model.model.layers.18.mlp.gate_proj.lora_A.default.weight -- torch.Size([16, 4096])

🔥 Tuned parameter: llm_model.base_model.model.model.layers.18.self_attn.o_proj.lora_B.default.weight -- torch.Size([4096, 16])🔥 Tuned parameter: llm_model.base_model.model.model.layers.18.mlp.gate_proj.lora_B.default.weight -- torch.Size([11008, 16])

🧊 Frozen parameter: llm_model.base_model.model.model.layers.18.mlp.gate_proj.base_layer.weight -- torch.Size([11008, 4096])🧊 Frozen parameter: llm_model.base_model.model.model.layers.18.mlp.up_proj.base_layer.weight -- torch.Size([11008, 4096])

🔥 Tuned parameter: llm_model.base_model.model.model.layers.18.mlp.gate_proj.lora_A.default.weight -- torch.Size([16, 4096])🔥 Tuned parameter: llm_model.base_model.model.model.layers.18.mlp.up_proj.lora_A.default.weight -- torch.Size([16, 4096])

🔥 Tuned parameter: llm_model.base_model.model.model.layers.18.mlp.gate_proj.lora_B.default.weight -- torch.Size([11008, 16])🔥 Tuned parameter: llm_model.base_model.model.model.layers.18.mlp.up_proj.lora_B.default.weight -- torch.Size([11008, 16])

🧊 Frozen parameter: llm_model.base_model.model.model.layers.18.mlp.up_proj.base_layer.weight -- torch.Size([11008, 4096])🧊 Frozen parameter: llm_model.base_model.model.model.layers.18.mlp.down_proj.base_layer.weight -- torch.Size([4096, 11008])

🔥 Tuned parameter: llm_model.base_model.model.model.layers.18.mlp.up_proj.lora_A.default.weight -- torch.Size([16, 4096])🔥 Tuned parameter: llm_model.base_model.model.model.layers.18.mlp.down_proj.lora_A.default.weight -- torch.Size([16, 11008])

🔥 Tuned parameter: llm_model.base_model.model.model.layers.18.mlp.up_proj.lora_B.default.weight -- torch.Size([11008, 16])🔥 Tuned parameter: llm_model.base_model.model.model.layers.18.mlp.down_proj.lora_B.default.weight -- torch.Size([4096, 16])

🧊 Frozen parameter: llm_model.base_model.model.model.layers.18.mlp.down_proj.base_layer.weight -- torch.Size([4096, 11008])🧊 Frozen parameter: llm_model.base_model.model.model.layers.18.input_layernorm.weight -- torch.Size([4096])

🔥 Tuned parameter: llm_model.base_model.model.model.layers.18.mlp.down_proj.lora_A.default.weight -- torch.Size([16, 11008])🧊 Frozen parameter: llm_model.base_model.model.model.layers.18.post_attention_layernorm.weight -- torch.Size([4096])

🔥 Tuned parameter: llm_model.base_model.model.model.layers.18.mlp.down_proj.lora_B.default.weight -- torch.Size([4096, 16])🧊 Frozen parameter: llm_model.base_model.model.model.layers.19.self_attn.q_proj.base_layer.weight -- torch.Size([4096, 4096])

🧊 Frozen parameter: llm_model.base_model.model.model.layers.18.input_layernorm.weight -- torch.Size([4096])🔥 Tuned parameter: llm_model.base_model.model.model.layers.19.self_attn.q_proj.lora_A.default.weight -- torch.Size([16, 4096])

🧊 Frozen parameter: llm_model.base_model.model.model.layers.18.post_attention_layernorm.weight -- torch.Size([4096])🔥 Tuned parameter: llm_model.base_model.model.model.layers.19.self_attn.q_proj.lora_B.default.weight -- torch.Size([4096, 16])

🧊 Frozen parameter: llm_model.base_model.model.model.layers.19.self_attn.q_proj.base_layer.weight -- torch.Size([4096, 4096])🧊 Frozen parameter: llm_model.base_model.model.model.layers.19.self_attn.k_proj.base_layer.weight -- torch.Size([4096, 4096])

🔥 Tuned parameter: llm_model.base_model.model.model.layers.19.self_attn.q_proj.lora_A.default.weight -- torch.Size([16, 4096])🔥 Tuned parameter: llm_model.base_model.model.model.layers.19.self_attn.k_proj.lora_A.default.weight -- torch.Size([16, 4096])

🔥 Tuned parameter: llm_model.base_model.model.model.layers.19.self_attn.q_proj.lora_B.default.weight -- torch.Size([4096, 16])🔥 Tuned parameter: llm_model.base_model.model.model.layers.19.self_attn.k_proj.lora_B.default.weight -- torch.Size([4096, 16])

🧊 Frozen parameter: llm_model.base_model.model.model.layers.19.self_attn.k_proj.base_layer.weight -- torch.Size([4096, 4096])
🧊 Frozen parameter: llm_model.base_model.model.model.layers.19.self_attn.v_proj.base_layer.weight -- torch.Size([4096, 4096])🔥 Tuned parameter: llm_model.base_model.model.model.layers.19.self_attn.k_proj.lora_A.default.weight -- torch.Size([16, 4096])

🔥 Tuned parameter: llm_model.base_model.model.model.layers.19.self_attn.v_proj.lora_A.default.weight -- torch.Size([16, 4096])🔥 Tuned parameter: llm_model.base_model.model.model.layers.19.self_attn.k_proj.lora_B.default.weight -- torch.Size([4096, 16])

🔥 Tuned parameter: llm_model.base_model.model.model.layers.19.self_attn.v_proj.lora_B.default.weight -- torch.Size([4096, 16])🧊 Frozen parameter: llm_model.base_model.model.model.layers.19.self_attn.v_proj.base_layer.weight -- torch.Size([4096, 4096])

🧊 Frozen parameter: llm_model.base_model.model.model.layers.19.self_attn.o_proj.base_layer.weight -- torch.Size([4096, 4096])🔥 Tuned parameter: llm_model.base_model.model.model.layers.19.self_attn.v_proj.lora_A.default.weight -- torch.Size([16, 4096])

🔥 Tuned parameter: llm_model.base_model.model.model.layers.19.self_attn.o_proj.lora_A.default.weight -- torch.Size([16, 4096])🔥 Tuned parameter: llm_model.base_model.model.model.layers.19.self_attn.v_proj.lora_B.default.weight -- torch.Size([4096, 16])

🔥 Tuned parameter: llm_model.base_model.model.model.layers.19.self_attn.o_proj.lora_B.default.weight -- torch.Size([4096, 16])
🧊 Frozen parameter: llm_model.base_model.model.model.layers.19.self_attn.o_proj.base_layer.weight -- torch.Size([4096, 4096])
🧊 Frozen parameter: llm_model.base_model.model.model.layers.19.mlp.gate_proj.base_layer.weight -- torch.Size([11008, 4096])🔥 Tuned parameter: llm_model.base_model.model.model.layers.19.self_attn.o_proj.lora_A.default.weight -- torch.Size([16, 4096])

🔥 Tuned parameter: llm_model.base_model.model.model.layers.19.mlp.gate_proj.lora_A.default.weight -- torch.Size([16, 4096])🔥 Tuned parameter: llm_model.base_model.model.model.layers.19.self_attn.o_proj.lora_B.default.weight -- torch.Size([4096, 16])

🔥 Tuned parameter: llm_model.base_model.model.model.layers.19.mlp.gate_proj.lora_B.default.weight -- torch.Size([11008, 16])
🧊 Frozen parameter: llm_model.base_model.model.model.layers.19.mlp.gate_proj.base_layer.weight -- torch.Size([11008, 4096])🧊 Frozen parameter: llm_model.base_model.model.model.layers.19.mlp.up_proj.base_layer.weight -- torch.Size([11008, 4096])

🔥 Tuned parameter: llm_model.base_model.model.model.layers.19.mlp.gate_proj.lora_A.default.weight -- torch.Size([16, 4096])🔥 Tuned parameter: llm_model.base_model.model.model.layers.19.mlp.up_proj.lora_A.default.weight -- torch.Size([16, 4096])

🔥 Tuned parameter: llm_model.base_model.model.model.layers.19.mlp.gate_proj.lora_B.default.weight -- torch.Size([11008, 16])🔥 Tuned parameter: llm_model.base_model.model.model.layers.19.mlp.up_proj.lora_B.default.weight -- torch.Size([11008, 16])

🧊 Frozen parameter: llm_model.base_model.model.model.layers.19.mlp.up_proj.base_layer.weight -- torch.Size([11008, 4096])🧊 Frozen parameter: llm_model.base_model.model.model.layers.19.mlp.down_proj.base_layer.weight -- torch.Size([4096, 11008])

🔥 Tuned parameter: llm_model.base_model.model.model.layers.19.mlp.up_proj.lora_A.default.weight -- torch.Size([16, 4096])🔥 Tuned parameter: llm_model.base_model.model.model.layers.19.mlp.down_proj.lora_A.default.weight -- torch.Size([16, 11008])

🔥 Tuned parameter: llm_model.base_model.model.model.layers.19.mlp.up_proj.lora_B.default.weight -- torch.Size([11008, 16])🔥 Tuned parameter: llm_model.base_model.model.model.layers.19.mlp.down_proj.lora_B.default.weight -- torch.Size([4096, 16])

🧊 Frozen parameter: llm_model.base_model.model.model.layers.19.mlp.down_proj.base_layer.weight -- torch.Size([4096, 11008])🧊 Frozen parameter: llm_model.base_model.model.model.layers.19.input_layernorm.weight -- torch.Size([4096])

🔥 Tuned parameter: llm_model.base_model.model.model.layers.19.mlp.down_proj.lora_A.default.weight -- torch.Size([16, 11008])🧊 Frozen parameter: llm_model.base_model.model.model.layers.19.post_attention_layernorm.weight -- torch.Size([4096])

🔥 Tuned parameter: llm_model.base_model.model.model.layers.19.mlp.down_proj.lora_B.default.weight -- torch.Size([4096, 16])🧊 Frozen parameter: llm_model.base_model.model.model.layers.20.self_attn.q_proj.base_layer.weight -- torch.Size([4096, 4096])

🧊 Frozen parameter: llm_model.base_model.model.model.layers.19.input_layernorm.weight -- torch.Size([4096])🔥 Tuned parameter: llm_model.base_model.model.model.layers.20.self_attn.q_proj.lora_A.default.weight -- torch.Size([16, 4096])

🧊 Frozen parameter: llm_model.base_model.model.model.layers.19.post_attention_layernorm.weight -- torch.Size([4096])🔥 Tuned parameter: llm_model.base_model.model.model.layers.20.self_attn.q_proj.lora_B.default.weight -- torch.Size([4096, 16])

🧊 Frozen parameter: llm_model.base_model.model.model.layers.20.self_attn.q_proj.base_layer.weight -- torch.Size([4096, 4096])🧊 Frozen parameter: llm_model.base_model.model.model.layers.20.self_attn.k_proj.base_layer.weight -- torch.Size([4096, 4096])

🔥 Tuned parameter: llm_model.base_model.model.model.layers.20.self_attn.q_proj.lora_A.default.weight -- torch.Size([16, 4096])🔥 Tuned parameter: llm_model.base_model.model.model.layers.20.self_attn.k_proj.lora_A.default.weight -- torch.Size([16, 4096])

🔥 Tuned parameter: llm_model.base_model.model.model.layers.20.self_attn.q_proj.lora_B.default.weight -- torch.Size([4096, 16])🔥 Tuned parameter: llm_model.base_model.model.model.layers.20.self_attn.k_proj.lora_B.default.weight -- torch.Size([4096, 16])

🧊 Frozen parameter: llm_model.base_model.model.model.layers.20.self_attn.k_proj.base_layer.weight -- torch.Size([4096, 4096])🧊 Frozen parameter: llm_model.base_model.model.model.layers.20.self_attn.v_proj.base_layer.weight -- torch.Size([4096, 4096])

🔥 Tuned parameter: llm_model.base_model.model.model.layers.20.self_attn.k_proj.lora_A.default.weight -- torch.Size([16, 4096])🔥 Tuned parameter: llm_model.base_model.model.model.layers.20.self_attn.v_proj.lora_A.default.weight -- torch.Size([16, 4096])

🔥 Tuned parameter: llm_model.base_model.model.model.layers.20.self_attn.k_proj.lora_B.default.weight -- torch.Size([4096, 16])🔥 Tuned parameter: llm_model.base_model.model.model.layers.20.self_attn.v_proj.lora_B.default.weight -- torch.Size([4096, 16])

🧊 Frozen parameter: llm_model.base_model.model.model.layers.20.self_attn.v_proj.base_layer.weight -- torch.Size([4096, 4096])🧊 Frozen parameter: llm_model.base_model.model.model.layers.20.self_attn.o_proj.base_layer.weight -- torch.Size([4096, 4096])

🔥 Tuned parameter: llm_model.base_model.model.model.layers.20.self_attn.v_proj.lora_A.default.weight -- torch.Size([16, 4096])🔥 Tuned parameter: llm_model.base_model.model.model.layers.20.self_attn.o_proj.lora_A.default.weight -- torch.Size([16, 4096])

🔥 Tuned parameter: llm_model.base_model.model.model.layers.20.self_attn.v_proj.lora_B.default.weight -- torch.Size([4096, 16])🔥 Tuned parameter: llm_model.base_model.model.model.layers.20.self_attn.o_proj.lora_B.default.weight -- torch.Size([4096, 16])

🧊 Frozen parameter: llm_model.base_model.model.model.layers.20.self_attn.o_proj.base_layer.weight -- torch.Size([4096, 4096])🧊 Frozen parameter: llm_model.base_model.model.model.layers.20.mlp.gate_proj.base_layer.weight -- torch.Size([11008, 4096])

🔥 Tuned parameter: llm_model.base_model.model.model.layers.20.self_attn.o_proj.lora_A.default.weight -- torch.Size([16, 4096])🔥 Tuned parameter: llm_model.base_model.model.model.layers.20.mlp.gate_proj.lora_A.default.weight -- torch.Size([16, 4096])

🔥 Tuned parameter: llm_model.base_model.model.model.layers.20.self_attn.o_proj.lora_B.default.weight -- torch.Size([4096, 16])🔥 Tuned parameter: llm_model.base_model.model.model.layers.20.mlp.gate_proj.lora_B.default.weight -- torch.Size([11008, 16])

🧊 Frozen parameter: llm_model.base_model.model.model.layers.20.mlp.gate_proj.base_layer.weight -- torch.Size([11008, 4096])🧊 Frozen parameter: llm_model.base_model.model.model.layers.20.mlp.up_proj.base_layer.weight -- torch.Size([11008, 4096])

🔥 Tuned parameter: llm_model.base_model.model.model.layers.20.mlp.gate_proj.lora_A.default.weight -- torch.Size([16, 4096])🔥 Tuned parameter: llm_model.base_model.model.model.layers.20.mlp.up_proj.lora_A.default.weight -- torch.Size([16, 4096])

🔥 Tuned parameter: llm_model.base_model.model.model.layers.20.mlp.gate_proj.lora_B.default.weight -- torch.Size([11008, 16])🔥 Tuned parameter: llm_model.base_model.model.model.layers.20.mlp.up_proj.lora_B.default.weight -- torch.Size([11008, 16])

🧊 Frozen parameter: llm_model.base_model.model.model.layers.20.mlp.up_proj.base_layer.weight -- torch.Size([11008, 4096])🧊 Frozen parameter: llm_model.base_model.model.model.layers.20.mlp.down_proj.base_layer.weight -- torch.Size([4096, 11008])

🔥 Tuned parameter: llm_model.base_model.model.model.layers.20.mlp.up_proj.lora_A.default.weight -- torch.Size([16, 4096])🔥 Tuned parameter: llm_model.base_model.model.model.layers.20.mlp.down_proj.lora_A.default.weight -- torch.Size([16, 11008])

🔥 Tuned parameter: llm_model.base_model.model.model.layers.20.mlp.up_proj.lora_B.default.weight -- torch.Size([11008, 16])🔥 Tuned parameter: llm_model.base_model.model.model.layers.20.mlp.down_proj.lora_B.default.weight -- torch.Size([4096, 16])

🧊 Frozen parameter: llm_model.base_model.model.model.layers.20.mlp.down_proj.base_layer.weight -- torch.Size([4096, 11008])🧊 Frozen parameter: llm_model.base_model.model.model.layers.20.input_layernorm.weight -- torch.Size([4096])

🔥 Tuned parameter: llm_model.base_model.model.model.layers.20.mlp.down_proj.lora_A.default.weight -- torch.Size([16, 11008])🧊 Frozen parameter: llm_model.base_model.model.model.layers.20.post_attention_layernorm.weight -- torch.Size([4096])

🔥 Tuned parameter: llm_model.base_model.model.model.layers.20.mlp.down_proj.lora_B.default.weight -- torch.Size([4096, 16])🧊 Frozen parameter: llm_model.base_model.model.model.layers.21.self_attn.q_proj.base_layer.weight -- torch.Size([4096, 4096])

🧊 Frozen parameter: llm_model.base_model.model.model.layers.20.input_layernorm.weight -- torch.Size([4096])🔥 Tuned parameter: llm_model.base_model.model.model.layers.21.self_attn.q_proj.lora_A.default.weight -- torch.Size([16, 4096])

🧊 Frozen parameter: llm_model.base_model.model.model.layers.20.post_attention_layernorm.weight -- torch.Size([4096])🔥 Tuned parameter: llm_model.base_model.model.model.layers.21.self_attn.q_proj.lora_B.default.weight -- torch.Size([4096, 16])

🧊 Frozen parameter: llm_model.base_model.model.model.layers.21.self_attn.q_proj.base_layer.weight -- torch.Size([4096, 4096])🧊 Frozen parameter: llm_model.base_model.model.model.layers.21.self_attn.k_proj.base_layer.weight -- torch.Size([4096, 4096])

🔥 Tuned parameter: llm_model.base_model.model.model.layers.21.self_attn.q_proj.lora_A.default.weight -- torch.Size([16, 4096])🔥 Tuned parameter: llm_model.base_model.model.model.layers.21.self_attn.k_proj.lora_A.default.weight -- torch.Size([16, 4096])

🔥 Tuned parameter: llm_model.base_model.model.model.layers.21.self_attn.q_proj.lora_B.default.weight -- torch.Size([4096, 16])🔥 Tuned parameter: llm_model.base_model.model.model.layers.21.self_attn.k_proj.lora_B.default.weight -- torch.Size([4096, 16])

🧊 Frozen parameter: llm_model.base_model.model.model.layers.21.self_attn.k_proj.base_layer.weight -- torch.Size([4096, 4096])🧊 Frozen parameter: llm_model.base_model.model.model.layers.21.self_attn.v_proj.base_layer.weight -- torch.Size([4096, 4096])

🔥 Tuned parameter: llm_model.base_model.model.model.layers.21.self_attn.k_proj.lora_A.default.weight -- torch.Size([16, 4096])🔥 Tuned parameter: llm_model.base_model.model.model.layers.21.self_attn.v_proj.lora_A.default.weight -- torch.Size([16, 4096])

🔥 Tuned parameter: llm_model.base_model.model.model.layers.21.self_attn.k_proj.lora_B.default.weight -- torch.Size([4096, 16])🔥 Tuned parameter: llm_model.base_model.model.model.layers.21.self_attn.v_proj.lora_B.default.weight -- torch.Size([4096, 16])

🧊 Frozen parameter: llm_model.base_model.model.model.layers.21.self_attn.v_proj.base_layer.weight -- torch.Size([4096, 4096])🧊 Frozen parameter: llm_model.base_model.model.model.layers.21.self_attn.o_proj.base_layer.weight -- torch.Size([4096, 4096])

🔥 Tuned parameter: llm_model.base_model.model.model.layers.21.self_attn.v_proj.lora_A.default.weight -- torch.Size([16, 4096])🔥 Tuned parameter: llm_model.base_model.model.model.layers.21.self_attn.o_proj.lora_A.default.weight -- torch.Size([16, 4096])

🔥 Tuned parameter: llm_model.base_model.model.model.layers.21.self_attn.v_proj.lora_B.default.weight -- torch.Size([4096, 16])🔥 Tuned parameter: llm_model.base_model.model.model.layers.21.self_attn.o_proj.lora_B.default.weight -- torch.Size([4096, 16])

🧊 Frozen parameter: llm_model.base_model.model.model.layers.21.self_attn.o_proj.base_layer.weight -- torch.Size([4096, 4096])🧊 Frozen parameter: llm_model.base_model.model.model.layers.21.mlp.gate_proj.base_layer.weight -- torch.Size([11008, 4096])

🔥 Tuned parameter: llm_model.base_model.model.model.layers.21.self_attn.o_proj.lora_A.default.weight -- torch.Size([16, 4096])🔥 Tuned parameter: llm_model.base_model.model.model.layers.21.mlp.gate_proj.lora_A.default.weight -- torch.Size([16, 4096])

🔥 Tuned parameter: llm_model.base_model.model.model.layers.21.self_attn.o_proj.lora_B.default.weight -- torch.Size([4096, 16])🔥 Tuned parameter: llm_model.base_model.model.model.layers.21.mlp.gate_proj.lora_B.default.weight -- torch.Size([11008, 16])

🧊 Frozen parameter: llm_model.base_model.model.model.layers.21.mlp.gate_proj.base_layer.weight -- torch.Size([11008, 4096])🧊 Frozen parameter: llm_model.base_model.model.model.layers.21.mlp.up_proj.base_layer.weight -- torch.Size([11008, 4096])

🔥 Tuned parameter: llm_model.base_model.model.model.layers.21.mlp.gate_proj.lora_A.default.weight -- torch.Size([16, 4096])🔥 Tuned parameter: llm_model.base_model.model.model.layers.21.mlp.up_proj.lora_A.default.weight -- torch.Size([16, 4096])

🔥 Tuned parameter: llm_model.base_model.model.model.layers.21.mlp.gate_proj.lora_B.default.weight -- torch.Size([11008, 16])🔥 Tuned parameter: llm_model.base_model.model.model.layers.21.mlp.up_proj.lora_B.default.weight -- torch.Size([11008, 16])

🧊 Frozen parameter: llm_model.base_model.model.model.layers.21.mlp.up_proj.base_layer.weight -- torch.Size([11008, 4096])🧊 Frozen parameter: llm_model.base_model.model.model.layers.21.mlp.down_proj.base_layer.weight -- torch.Size([4096, 11008])

🔥 Tuned parameter: llm_model.base_model.model.model.layers.21.mlp.up_proj.lora_A.default.weight -- torch.Size([16, 4096])🔥 Tuned parameter: llm_model.base_model.model.model.layers.21.mlp.down_proj.lora_A.default.weight -- torch.Size([16, 11008])

🔥 Tuned parameter: llm_model.base_model.model.model.layers.21.mlp.up_proj.lora_B.default.weight -- torch.Size([11008, 16])🔥 Tuned parameter: llm_model.base_model.model.model.layers.21.mlp.down_proj.lora_B.default.weight -- torch.Size([4096, 16])

🧊 Frozen parameter: llm_model.base_model.model.model.layers.21.mlp.down_proj.base_layer.weight -- torch.Size([4096, 11008])🧊 Frozen parameter: llm_model.base_model.model.model.layers.21.input_layernorm.weight -- torch.Size([4096])

🔥 Tuned parameter: llm_model.base_model.model.model.layers.21.mlp.down_proj.lora_A.default.weight -- torch.Size([16, 11008])🧊 Frozen parameter: llm_model.base_model.model.model.layers.21.post_attention_layernorm.weight -- torch.Size([4096])

🔥 Tuned parameter: llm_model.base_model.model.model.layers.21.mlp.down_proj.lora_B.default.weight -- torch.Size([4096, 16])🧊 Frozen parameter: llm_model.base_model.model.model.layers.22.self_attn.q_proj.base_layer.weight -- torch.Size([4096, 4096])

🧊 Frozen parameter: llm_model.base_model.model.model.layers.21.input_layernorm.weight -- torch.Size([4096])🔥 Tuned parameter: llm_model.base_model.model.model.layers.22.self_attn.q_proj.lora_A.default.weight -- torch.Size([16, 4096])

🧊 Frozen parameter: llm_model.base_model.model.model.layers.21.post_attention_layernorm.weight -- torch.Size([4096])🔥 Tuned parameter: llm_model.base_model.model.model.layers.22.self_attn.q_proj.lora_B.default.weight -- torch.Size([4096, 16])

🧊 Frozen parameter: llm_model.base_model.model.model.layers.22.self_attn.q_proj.base_layer.weight -- torch.Size([4096, 4096])🧊 Frozen parameter: llm_model.base_model.model.model.layers.22.self_attn.k_proj.base_layer.weight -- torch.Size([4096, 4096])

🔥 Tuned parameter: llm_model.base_model.model.model.layers.22.self_attn.q_proj.lora_A.default.weight -- torch.Size([16, 4096])🔥 Tuned parameter: llm_model.base_model.model.model.layers.22.self_attn.k_proj.lora_A.default.weight -- torch.Size([16, 4096])

🔥 Tuned parameter: llm_model.base_model.model.model.layers.22.self_attn.q_proj.lora_B.default.weight -- torch.Size([4096, 16])🔥 Tuned parameter: llm_model.base_model.model.model.layers.22.self_attn.k_proj.lora_B.default.weight -- torch.Size([4096, 16])

🧊 Frozen parameter: llm_model.base_model.model.model.layers.22.self_attn.k_proj.base_layer.weight -- torch.Size([4096, 4096])🧊 Frozen parameter: llm_model.base_model.model.model.layers.22.self_attn.v_proj.base_layer.weight -- torch.Size([4096, 4096])

🔥 Tuned parameter: llm_model.base_model.model.model.layers.22.self_attn.k_proj.lora_A.default.weight -- torch.Size([16, 4096])🔥 Tuned parameter: llm_model.base_model.model.model.layers.22.self_attn.v_proj.lora_A.default.weight -- torch.Size([16, 4096])

🔥 Tuned parameter: llm_model.base_model.model.model.layers.22.self_attn.k_proj.lora_B.default.weight -- torch.Size([4096, 16])🔥 Tuned parameter: llm_model.base_model.model.model.layers.22.self_attn.v_proj.lora_B.default.weight -- torch.Size([4096, 16])

🧊 Frozen parameter: llm_model.base_model.model.model.layers.22.self_attn.v_proj.base_layer.weight -- torch.Size([4096, 4096])🧊 Frozen parameter: llm_model.base_model.model.model.layers.22.self_attn.o_proj.base_layer.weight -- torch.Size([4096, 4096])

🔥 Tuned parameter: llm_model.base_model.model.model.layers.22.self_attn.v_proj.lora_A.default.weight -- torch.Size([16, 4096])🔥 Tuned parameter: llm_model.base_model.model.model.layers.22.self_attn.o_proj.lora_A.default.weight -- torch.Size([16, 4096])

🔥 Tuned parameter: llm_model.base_model.model.model.layers.22.self_attn.v_proj.lora_B.default.weight -- torch.Size([4096, 16])🔥 Tuned parameter: llm_model.base_model.model.model.layers.22.self_attn.o_proj.lora_B.default.weight -- torch.Size([4096, 16])

🧊 Frozen parameter: llm_model.base_model.model.model.layers.22.self_attn.o_proj.base_layer.weight -- torch.Size([4096, 4096])🧊 Frozen parameter: llm_model.base_model.model.model.layers.22.mlp.gate_proj.base_layer.weight -- torch.Size([11008, 4096])

🔥 Tuned parameter: llm_model.base_model.model.model.layers.22.self_attn.o_proj.lora_A.default.weight -- torch.Size([16, 4096])🔥 Tuned parameter: llm_model.base_model.model.model.layers.22.mlp.gate_proj.lora_A.default.weight -- torch.Size([16, 4096])

🔥 Tuned parameter: llm_model.base_model.model.model.layers.22.self_attn.o_proj.lora_B.default.weight -- torch.Size([4096, 16])🔥 Tuned parameter: llm_model.base_model.model.model.layers.22.mlp.gate_proj.lora_B.default.weight -- torch.Size([11008, 16])

🧊 Frozen parameter: llm_model.base_model.model.model.layers.22.mlp.gate_proj.base_layer.weight -- torch.Size([11008, 4096])🧊 Frozen parameter: llm_model.base_model.model.model.layers.22.mlp.up_proj.base_layer.weight -- torch.Size([11008, 4096])

🔥 Tuned parameter: llm_model.base_model.model.model.layers.22.mlp.gate_proj.lora_A.default.weight -- torch.Size([16, 4096])🔥 Tuned parameter: llm_model.base_model.model.model.layers.22.mlp.up_proj.lora_A.default.weight -- torch.Size([16, 4096])

🔥 Tuned parameter: llm_model.base_model.model.model.layers.22.mlp.gate_proj.lora_B.default.weight -- torch.Size([11008, 16])🔥 Tuned parameter: llm_model.base_model.model.model.layers.22.mlp.up_proj.lora_B.default.weight -- torch.Size([11008, 16])

🧊 Frozen parameter: llm_model.base_model.model.model.layers.22.mlp.up_proj.base_layer.weight -- torch.Size([11008, 4096])🧊 Frozen parameter: llm_model.base_model.model.model.layers.22.mlp.down_proj.base_layer.weight -- torch.Size([4096, 11008])

🔥 Tuned parameter: llm_model.base_model.model.model.layers.22.mlp.up_proj.lora_A.default.weight -- torch.Size([16, 4096])🔥 Tuned parameter: llm_model.base_model.model.model.layers.22.mlp.down_proj.lora_A.default.weight -- torch.Size([16, 11008])

🔥 Tuned parameter: llm_model.base_model.model.model.layers.22.mlp.up_proj.lora_B.default.weight -- torch.Size([11008, 16])🔥 Tuned parameter: llm_model.base_model.model.model.layers.22.mlp.down_proj.lora_B.default.weight -- torch.Size([4096, 16])

🧊 Frozen parameter: llm_model.base_model.model.model.layers.22.mlp.down_proj.base_layer.weight -- torch.Size([4096, 11008])🧊 Frozen parameter: llm_model.base_model.model.model.layers.22.input_layernorm.weight -- torch.Size([4096])

🔥 Tuned parameter: llm_model.base_model.model.model.layers.22.mlp.down_proj.lora_A.default.weight -- torch.Size([16, 11008])🧊 Frozen parameter: llm_model.base_model.model.model.layers.22.post_attention_layernorm.weight -- torch.Size([4096])

🔥 Tuned parameter: llm_model.base_model.model.model.layers.22.mlp.down_proj.lora_B.default.weight -- torch.Size([4096, 16])🧊 Frozen parameter: llm_model.base_model.model.model.layers.23.self_attn.q_proj.base_layer.weight -- torch.Size([4096, 4096])

🧊 Frozen parameter: llm_model.base_model.model.model.layers.22.input_layernorm.weight -- torch.Size([4096])🔥 Tuned parameter: llm_model.base_model.model.model.layers.23.self_attn.q_proj.lora_A.default.weight -- torch.Size([16, 4096])

🧊 Frozen parameter: llm_model.base_model.model.model.layers.22.post_attention_layernorm.weight -- torch.Size([4096])🔥 Tuned parameter: llm_model.base_model.model.model.layers.23.self_attn.q_proj.lora_B.default.weight -- torch.Size([4096, 16])

🧊 Frozen parameter: llm_model.base_model.model.model.layers.23.self_attn.q_proj.base_layer.weight -- torch.Size([4096, 4096])🧊 Frozen parameter: llm_model.base_model.model.model.layers.23.self_attn.k_proj.base_layer.weight -- torch.Size([4096, 4096])

🔥 Tuned parameter: llm_model.base_model.model.model.layers.23.self_attn.q_proj.lora_A.default.weight -- torch.Size([16, 4096])🔥 Tuned parameter: llm_model.base_model.model.model.layers.23.self_attn.k_proj.lora_A.default.weight -- torch.Size([16, 4096])

🔥 Tuned parameter: llm_model.base_model.model.model.layers.23.self_attn.q_proj.lora_B.default.weight -- torch.Size([4096, 16])🔥 Tuned parameter: llm_model.base_model.model.model.layers.23.self_attn.k_proj.lora_B.default.weight -- torch.Size([4096, 16])

🧊 Frozen parameter: llm_model.base_model.model.model.layers.23.self_attn.k_proj.base_layer.weight -- torch.Size([4096, 4096])🧊 Frozen parameter: llm_model.base_model.model.model.layers.23.self_attn.v_proj.base_layer.weight -- torch.Size([4096, 4096])

🔥 Tuned parameter: llm_model.base_model.model.model.layers.23.self_attn.k_proj.lora_A.default.weight -- torch.Size([16, 4096])🔥 Tuned parameter: llm_model.base_model.model.model.layers.23.self_attn.v_proj.lora_A.default.weight -- torch.Size([16, 4096])

🔥 Tuned parameter: llm_model.base_model.model.model.layers.23.self_attn.k_proj.lora_B.default.weight -- torch.Size([4096, 16])🔥 Tuned parameter: llm_model.base_model.model.model.layers.23.self_attn.v_proj.lora_B.default.weight -- torch.Size([4096, 16])

🧊 Frozen parameter: llm_model.base_model.model.model.layers.23.self_attn.v_proj.base_layer.weight -- torch.Size([4096, 4096])🧊 Frozen parameter: llm_model.base_model.model.model.layers.23.self_attn.o_proj.base_layer.weight -- torch.Size([4096, 4096])

🔥 Tuned parameter: llm_model.base_model.model.model.layers.23.self_attn.v_proj.lora_A.default.weight -- torch.Size([16, 4096])🔥 Tuned parameter: llm_model.base_model.model.model.layers.23.self_attn.o_proj.lora_A.default.weight -- torch.Size([16, 4096])

🔥 Tuned parameter: llm_model.base_model.model.model.layers.23.self_attn.v_proj.lora_B.default.weight -- torch.Size([4096, 16])🔥 Tuned parameter: llm_model.base_model.model.model.layers.23.self_attn.o_proj.lora_B.default.weight -- torch.Size([4096, 16])

🧊 Frozen parameter: llm_model.base_model.model.model.layers.23.self_attn.o_proj.base_layer.weight -- torch.Size([4096, 4096])🧊 Frozen parameter: llm_model.base_model.model.model.layers.23.mlp.gate_proj.base_layer.weight -- torch.Size([11008, 4096])

🔥 Tuned parameter: llm_model.base_model.model.model.layers.23.self_attn.o_proj.lora_A.default.weight -- torch.Size([16, 4096])🔥 Tuned parameter: llm_model.base_model.model.model.layers.23.mlp.gate_proj.lora_A.default.weight -- torch.Size([16, 4096])

🔥 Tuned parameter: llm_model.base_model.model.model.layers.23.self_attn.o_proj.lora_B.default.weight -- torch.Size([4096, 16])🔥 Tuned parameter: llm_model.base_model.model.model.layers.23.mlp.gate_proj.lora_B.default.weight -- torch.Size([11008, 16])

🧊 Frozen parameter: llm_model.base_model.model.model.layers.23.mlp.gate_proj.base_layer.weight -- torch.Size([11008, 4096])🧊 Frozen parameter: llm_model.base_model.model.model.layers.23.mlp.up_proj.base_layer.weight -- torch.Size([11008, 4096])

🔥 Tuned parameter: llm_model.base_model.model.model.layers.23.mlp.gate_proj.lora_A.default.weight -- torch.Size([16, 4096])🔥 Tuned parameter: llm_model.base_model.model.model.layers.23.mlp.up_proj.lora_A.default.weight -- torch.Size([16, 4096])

🔥 Tuned parameter: llm_model.base_model.model.model.layers.23.mlp.gate_proj.lora_B.default.weight -- torch.Size([11008, 16])🔥 Tuned parameter: llm_model.base_model.model.model.layers.23.mlp.up_proj.lora_B.default.weight -- torch.Size([11008, 16])

🧊 Frozen parameter: llm_model.base_model.model.model.layers.23.mlp.up_proj.base_layer.weight -- torch.Size([11008, 4096])🧊 Frozen parameter: llm_model.base_model.model.model.layers.23.mlp.down_proj.base_layer.weight -- torch.Size([4096, 11008])

🔥 Tuned parameter: llm_model.base_model.model.model.layers.23.mlp.up_proj.lora_A.default.weight -- torch.Size([16, 4096])🔥 Tuned parameter: llm_model.base_model.model.model.layers.23.mlp.down_proj.lora_A.default.weight -- torch.Size([16, 11008])

🔥 Tuned parameter: llm_model.base_model.model.model.layers.23.mlp.up_proj.lora_B.default.weight -- torch.Size([11008, 16])🔥 Tuned parameter: llm_model.base_model.model.model.layers.23.mlp.down_proj.lora_B.default.weight -- torch.Size([4096, 16])

🧊 Frozen parameter: llm_model.base_model.model.model.layers.23.mlp.down_proj.base_layer.weight -- torch.Size([4096, 11008])🧊 Frozen parameter: llm_model.base_model.model.model.layers.23.input_layernorm.weight -- torch.Size([4096])

🔥 Tuned parameter: llm_model.base_model.model.model.layers.23.mlp.down_proj.lora_A.default.weight -- torch.Size([16, 11008])🧊 Frozen parameter: llm_model.base_model.model.model.layers.23.post_attention_layernorm.weight -- torch.Size([4096])

🔥 Tuned parameter: llm_model.base_model.model.model.layers.23.mlp.down_proj.lora_B.default.weight -- torch.Size([4096, 16])🧊 Frozen parameter: llm_model.base_model.model.model.layers.24.self_attn.q_proj.base_layer.weight -- torch.Size([4096, 4096])

🧊 Frozen parameter: llm_model.base_model.model.model.layers.23.input_layernorm.weight -- torch.Size([4096])🔥 Tuned parameter: llm_model.base_model.model.model.layers.24.self_attn.q_proj.lora_A.default.weight -- torch.Size([16, 4096])

🧊 Frozen parameter: llm_model.base_model.model.model.layers.23.post_attention_layernorm.weight -- torch.Size([4096])🔥 Tuned parameter: llm_model.base_model.model.model.layers.24.self_attn.q_proj.lora_B.default.weight -- torch.Size([4096, 16])

🧊 Frozen parameter: llm_model.base_model.model.model.layers.24.self_attn.q_proj.base_layer.weight -- torch.Size([4096, 4096])🧊 Frozen parameter: llm_model.base_model.model.model.layers.24.self_attn.k_proj.base_layer.weight -- torch.Size([4096, 4096])

🔥 Tuned parameter: llm_model.base_model.model.model.layers.24.self_attn.q_proj.lora_A.default.weight -- torch.Size([16, 4096])🔥 Tuned parameter: llm_model.base_model.model.model.layers.24.self_attn.k_proj.lora_A.default.weight -- torch.Size([16, 4096])

🔥 Tuned parameter: llm_model.base_model.model.model.layers.24.self_attn.q_proj.lora_B.default.weight -- torch.Size([4096, 16])🔥 Tuned parameter: llm_model.base_model.model.model.layers.24.self_attn.k_proj.lora_B.default.weight -- torch.Size([4096, 16])

🧊 Frozen parameter: llm_model.base_model.model.model.layers.24.self_attn.k_proj.base_layer.weight -- torch.Size([4096, 4096])🧊 Frozen parameter: llm_model.base_model.model.model.layers.24.self_attn.v_proj.base_layer.weight -- torch.Size([4096, 4096])

🔥 Tuned parameter: llm_model.base_model.model.model.layers.24.self_attn.k_proj.lora_A.default.weight -- torch.Size([16, 4096])🔥 Tuned parameter: llm_model.base_model.model.model.layers.24.self_attn.v_proj.lora_A.default.weight -- torch.Size([16, 4096])

🔥 Tuned parameter: llm_model.base_model.model.model.layers.24.self_attn.k_proj.lora_B.default.weight -- torch.Size([4096, 16])🔥 Tuned parameter: llm_model.base_model.model.model.layers.24.self_attn.v_proj.lora_B.default.weight -- torch.Size([4096, 16])

🧊 Frozen parameter: llm_model.base_model.model.model.layers.24.self_attn.v_proj.base_layer.weight -- torch.Size([4096, 4096])🧊 Frozen parameter: llm_model.base_model.model.model.layers.24.self_attn.o_proj.base_layer.weight -- torch.Size([4096, 4096])

🔥 Tuned parameter: llm_model.base_model.model.model.layers.24.self_attn.v_proj.lora_A.default.weight -- torch.Size([16, 4096])🔥 Tuned parameter: llm_model.base_model.model.model.layers.24.self_attn.o_proj.lora_A.default.weight -- torch.Size([16, 4096])

🔥 Tuned parameter: llm_model.base_model.model.model.layers.24.self_attn.v_proj.lora_B.default.weight -- torch.Size([4096, 16])🔥 Tuned parameter: llm_model.base_model.model.model.layers.24.self_attn.o_proj.lora_B.default.weight -- torch.Size([4096, 16])

🧊 Frozen parameter: llm_model.base_model.model.model.layers.24.self_attn.o_proj.base_layer.weight -- torch.Size([4096, 4096])🧊 Frozen parameter: llm_model.base_model.model.model.layers.24.mlp.gate_proj.base_layer.weight -- torch.Size([11008, 4096])

🔥 Tuned parameter: llm_model.base_model.model.model.layers.24.self_attn.o_proj.lora_A.default.weight -- torch.Size([16, 4096])🔥 Tuned parameter: llm_model.base_model.model.model.layers.24.mlp.gate_proj.lora_A.default.weight -- torch.Size([16, 4096])

🔥 Tuned parameter: llm_model.base_model.model.model.layers.24.self_attn.o_proj.lora_B.default.weight -- torch.Size([4096, 16])🔥 Tuned parameter: llm_model.base_model.model.model.layers.24.mlp.gate_proj.lora_B.default.weight -- torch.Size([11008, 16])

🧊 Frozen parameter: llm_model.base_model.model.model.layers.24.mlp.gate_proj.base_layer.weight -- torch.Size([11008, 4096])🧊 Frozen parameter: llm_model.base_model.model.model.layers.24.mlp.up_proj.base_layer.weight -- torch.Size([11008, 4096])

🔥 Tuned parameter: llm_model.base_model.model.model.layers.24.mlp.gate_proj.lora_A.default.weight -- torch.Size([16, 4096])🔥 Tuned parameter: llm_model.base_model.model.model.layers.24.mlp.up_proj.lora_A.default.weight -- torch.Size([16, 4096])

🔥 Tuned parameter: llm_model.base_model.model.model.layers.24.mlp.gate_proj.lora_B.default.weight -- torch.Size([11008, 16])🔥 Tuned parameter: llm_model.base_model.model.model.layers.24.mlp.up_proj.lora_B.default.weight -- torch.Size([11008, 16])

🧊 Frozen parameter: llm_model.base_model.model.model.layers.24.mlp.up_proj.base_layer.weight -- torch.Size([11008, 4096])🧊 Frozen parameter: llm_model.base_model.model.model.layers.24.mlp.down_proj.base_layer.weight -- torch.Size([4096, 11008])

🔥 Tuned parameter: llm_model.base_model.model.model.layers.24.mlp.up_proj.lora_A.default.weight -- torch.Size([16, 4096])🔥 Tuned parameter: llm_model.base_model.model.model.layers.24.mlp.down_proj.lora_A.default.weight -- torch.Size([16, 11008])

🔥 Tuned parameter: llm_model.base_model.model.model.layers.24.mlp.up_proj.lora_B.default.weight -- torch.Size([11008, 16])🔥 Tuned parameter: llm_model.base_model.model.model.layers.24.mlp.down_proj.lora_B.default.weight -- torch.Size([4096, 16])

🧊 Frozen parameter: llm_model.base_model.model.model.layers.24.mlp.down_proj.base_layer.weight -- torch.Size([4096, 11008])
🧊 Frozen parameter: llm_model.base_model.model.model.layers.24.input_layernorm.weight -- torch.Size([4096])🔥 Tuned parameter: llm_model.base_model.model.model.layers.24.mlp.down_proj.lora_A.default.weight -- torch.Size([16, 11008])

🧊 Frozen parameter: llm_model.base_model.model.model.layers.24.post_attention_layernorm.weight -- torch.Size([4096])🔥 Tuned parameter: llm_model.base_model.model.model.layers.24.mlp.down_proj.lora_B.default.weight -- torch.Size([4096, 16])

🧊 Frozen parameter: llm_model.base_model.model.model.layers.25.self_attn.q_proj.base_layer.weight -- torch.Size([4096, 4096])🧊 Frozen parameter: llm_model.base_model.model.model.layers.24.input_layernorm.weight -- torch.Size([4096])

🔥 Tuned parameter: llm_model.base_model.model.model.layers.25.self_attn.q_proj.lora_A.default.weight -- torch.Size([16, 4096])🧊 Frozen parameter: llm_model.base_model.model.model.layers.24.post_attention_layernorm.weight -- torch.Size([4096])

🔥 Tuned parameter: llm_model.base_model.model.model.layers.25.self_attn.q_proj.lora_B.default.weight -- torch.Size([4096, 16])🧊 Frozen parameter: llm_model.base_model.model.model.layers.25.self_attn.q_proj.base_layer.weight -- torch.Size([4096, 4096])

🧊 Frozen parameter: llm_model.base_model.model.model.layers.25.self_attn.k_proj.base_layer.weight -- torch.Size([4096, 4096])🔥 Tuned parameter: llm_model.base_model.model.model.layers.25.self_attn.q_proj.lora_A.default.weight -- torch.Size([16, 4096])

🔥 Tuned parameter: llm_model.base_model.model.model.layers.25.self_attn.k_proj.lora_A.default.weight -- torch.Size([16, 4096])🔥 Tuned parameter: llm_model.base_model.model.model.layers.25.self_attn.q_proj.lora_B.default.weight -- torch.Size([4096, 16])

🔥 Tuned parameter: llm_model.base_model.model.model.layers.25.self_attn.k_proj.lora_B.default.weight -- torch.Size([4096, 16])🧊 Frozen parameter: llm_model.base_model.model.model.layers.25.self_attn.k_proj.base_layer.weight -- torch.Size([4096, 4096])

🧊 Frozen parameter: llm_model.base_model.model.model.layers.25.self_attn.v_proj.base_layer.weight -- torch.Size([4096, 4096])🔥 Tuned parameter: llm_model.base_model.model.model.layers.25.self_attn.k_proj.lora_A.default.weight -- torch.Size([16, 4096])

🔥 Tuned parameter: llm_model.base_model.model.model.layers.25.self_attn.v_proj.lora_A.default.weight -- torch.Size([16, 4096])🔥 Tuned parameter: llm_model.base_model.model.model.layers.25.self_attn.k_proj.lora_B.default.weight -- torch.Size([4096, 16])

🔥 Tuned parameter: llm_model.base_model.model.model.layers.25.self_attn.v_proj.lora_B.default.weight -- torch.Size([4096, 16])🧊 Frozen parameter: llm_model.base_model.model.model.layers.25.self_attn.v_proj.base_layer.weight -- torch.Size([4096, 4096])

🧊 Frozen parameter: llm_model.base_model.model.model.layers.25.self_attn.o_proj.base_layer.weight -- torch.Size([4096, 4096])🔥 Tuned parameter: llm_model.base_model.model.model.layers.25.self_attn.v_proj.lora_A.default.weight -- torch.Size([16, 4096])

🔥 Tuned parameter: llm_model.base_model.model.model.layers.25.self_attn.o_proj.lora_A.default.weight -- torch.Size([16, 4096])🔥 Tuned parameter: llm_model.base_model.model.model.layers.25.self_attn.v_proj.lora_B.default.weight -- torch.Size([4096, 16])

🔥 Tuned parameter: llm_model.base_model.model.model.layers.25.self_attn.o_proj.lora_B.default.weight -- torch.Size([4096, 16])🧊 Frozen parameter: llm_model.base_model.model.model.layers.25.self_attn.o_proj.base_layer.weight -- torch.Size([4096, 4096])

🧊 Frozen parameter: llm_model.base_model.model.model.layers.25.mlp.gate_proj.base_layer.weight -- torch.Size([11008, 4096])🔥 Tuned parameter: llm_model.base_model.model.model.layers.25.self_attn.o_proj.lora_A.default.weight -- torch.Size([16, 4096])

🔥 Tuned parameter: llm_model.base_model.model.model.layers.25.mlp.gate_proj.lora_A.default.weight -- torch.Size([16, 4096])🔥 Tuned parameter: llm_model.base_model.model.model.layers.25.self_attn.o_proj.lora_B.default.weight -- torch.Size([4096, 16])

🔥 Tuned parameter: llm_model.base_model.model.model.layers.25.mlp.gate_proj.lora_B.default.weight -- torch.Size([11008, 16])
🧊 Frozen parameter: llm_model.base_model.model.model.layers.25.mlp.gate_proj.base_layer.weight -- torch.Size([11008, 4096])🧊 Frozen parameter: llm_model.base_model.model.model.layers.25.mlp.up_proj.base_layer.weight -- torch.Size([11008, 4096])

🔥 Tuned parameter: llm_model.base_model.model.model.layers.25.mlp.gate_proj.lora_A.default.weight -- torch.Size([16, 4096])🔥 Tuned parameter: llm_model.base_model.model.model.layers.25.mlp.up_proj.lora_A.default.weight -- torch.Size([16, 4096])

🔥 Tuned parameter: llm_model.base_model.model.model.layers.25.mlp.gate_proj.lora_B.default.weight -- torch.Size([11008, 16])🔥 Tuned parameter: llm_model.base_model.model.model.layers.25.mlp.up_proj.lora_B.default.weight -- torch.Size([11008, 16])

🧊 Frozen parameter: llm_model.base_model.model.model.layers.25.mlp.up_proj.base_layer.weight -- torch.Size([11008, 4096])🧊 Frozen parameter: llm_model.base_model.model.model.layers.25.mlp.down_proj.base_layer.weight -- torch.Size([4096, 11008])

🔥 Tuned parameter: llm_model.base_model.model.model.layers.25.mlp.up_proj.lora_A.default.weight -- torch.Size([16, 4096])🔥 Tuned parameter: llm_model.base_model.model.model.layers.25.mlp.down_proj.lora_A.default.weight -- torch.Size([16, 11008])

🔥 Tuned parameter: llm_model.base_model.model.model.layers.25.mlp.up_proj.lora_B.default.weight -- torch.Size([11008, 16])🔥 Tuned parameter: llm_model.base_model.model.model.layers.25.mlp.down_proj.lora_B.default.weight -- torch.Size([4096, 16])

🧊 Frozen parameter: llm_model.base_model.model.model.layers.25.mlp.down_proj.base_layer.weight -- torch.Size([4096, 11008])🧊 Frozen parameter: llm_model.base_model.model.model.layers.25.input_layernorm.weight -- torch.Size([4096])

🔥 Tuned parameter: llm_model.base_model.model.model.layers.25.mlp.down_proj.lora_A.default.weight -- torch.Size([16, 11008])🧊 Frozen parameter: llm_model.base_model.model.model.layers.25.post_attention_layernorm.weight -- torch.Size([4096])

🔥 Tuned parameter: llm_model.base_model.model.model.layers.25.mlp.down_proj.lora_B.default.weight -- torch.Size([4096, 16])🧊 Frozen parameter: llm_model.base_model.model.model.layers.26.self_attn.q_proj.base_layer.weight -- torch.Size([4096, 4096])

🧊 Frozen parameter: llm_model.base_model.model.model.layers.25.input_layernorm.weight -- torch.Size([4096])🔥 Tuned parameter: llm_model.base_model.model.model.layers.26.self_attn.q_proj.lora_A.default.weight -- torch.Size([16, 4096])

🧊 Frozen parameter: llm_model.base_model.model.model.layers.25.post_attention_layernorm.weight -- torch.Size([4096])🔥 Tuned parameter: llm_model.base_model.model.model.layers.26.self_attn.q_proj.lora_B.default.weight -- torch.Size([4096, 16])

🧊 Frozen parameter: llm_model.base_model.model.model.layers.26.self_attn.q_proj.base_layer.weight -- torch.Size([4096, 4096])🧊 Frozen parameter: llm_model.base_model.model.model.layers.26.self_attn.k_proj.base_layer.weight -- torch.Size([4096, 4096])

🔥 Tuned parameter: llm_model.base_model.model.model.layers.26.self_attn.q_proj.lora_A.default.weight -- torch.Size([16, 4096])🔥 Tuned parameter: llm_model.base_model.model.model.layers.26.self_attn.k_proj.lora_A.default.weight -- torch.Size([16, 4096])

🔥 Tuned parameter: llm_model.base_model.model.model.layers.26.self_attn.q_proj.lora_B.default.weight -- torch.Size([4096, 16])🔥 Tuned parameter: llm_model.base_model.model.model.layers.26.self_attn.k_proj.lora_B.default.weight -- torch.Size([4096, 16])

🧊 Frozen parameter: llm_model.base_model.model.model.layers.26.self_attn.k_proj.base_layer.weight -- torch.Size([4096, 4096])🧊 Frozen parameter: llm_model.base_model.model.model.layers.26.self_attn.v_proj.base_layer.weight -- torch.Size([4096, 4096])

🔥 Tuned parameter: llm_model.base_model.model.model.layers.26.self_attn.k_proj.lora_A.default.weight -- torch.Size([16, 4096])🔥 Tuned parameter: llm_model.base_model.model.model.layers.26.self_attn.v_proj.lora_A.default.weight -- torch.Size([16, 4096])

🔥 Tuned parameter: llm_model.base_model.model.model.layers.26.self_attn.k_proj.lora_B.default.weight -- torch.Size([4096, 16])🔥 Tuned parameter: llm_model.base_model.model.model.layers.26.self_attn.v_proj.lora_B.default.weight -- torch.Size([4096, 16])

🧊 Frozen parameter: llm_model.base_model.model.model.layers.26.self_attn.v_proj.base_layer.weight -- torch.Size([4096, 4096])🧊 Frozen parameter: llm_model.base_model.model.model.layers.26.self_attn.o_proj.base_layer.weight -- torch.Size([4096, 4096])

🔥 Tuned parameter: llm_model.base_model.model.model.layers.26.self_attn.v_proj.lora_A.default.weight -- torch.Size([16, 4096])🔥 Tuned parameter: llm_model.base_model.model.model.layers.26.self_attn.o_proj.lora_A.default.weight -- torch.Size([16, 4096])

🔥 Tuned parameter: llm_model.base_model.model.model.layers.26.self_attn.v_proj.lora_B.default.weight -- torch.Size([4096, 16])🔥 Tuned parameter: llm_model.base_model.model.model.layers.26.self_attn.o_proj.lora_B.default.weight -- torch.Size([4096, 16])

🧊 Frozen parameter: llm_model.base_model.model.model.layers.26.self_attn.o_proj.base_layer.weight -- torch.Size([4096, 4096])🧊 Frozen parameter: llm_model.base_model.model.model.layers.26.mlp.gate_proj.base_layer.weight -- torch.Size([11008, 4096])

🔥 Tuned parameter: llm_model.base_model.model.model.layers.26.self_attn.o_proj.lora_A.default.weight -- torch.Size([16, 4096])🔥 Tuned parameter: llm_model.base_model.model.model.layers.26.mlp.gate_proj.lora_A.default.weight -- torch.Size([16, 4096])

🔥 Tuned parameter: llm_model.base_model.model.model.layers.26.self_attn.o_proj.lora_B.default.weight -- torch.Size([4096, 16])🔥 Tuned parameter: llm_model.base_model.model.model.layers.26.mlp.gate_proj.lora_B.default.weight -- torch.Size([11008, 16])

🧊 Frozen parameter: llm_model.base_model.model.model.layers.26.mlp.gate_proj.base_layer.weight -- torch.Size([11008, 4096])🧊 Frozen parameter: llm_model.base_model.model.model.layers.26.mlp.up_proj.base_layer.weight -- torch.Size([11008, 4096])

🔥 Tuned parameter: llm_model.base_model.model.model.layers.26.mlp.gate_proj.lora_A.default.weight -- torch.Size([16, 4096])🔥 Tuned parameter: llm_model.base_model.model.model.layers.26.mlp.up_proj.lora_A.default.weight -- torch.Size([16, 4096])

🔥 Tuned parameter: llm_model.base_model.model.model.layers.26.mlp.gate_proj.lora_B.default.weight -- torch.Size([11008, 16])🔥 Tuned parameter: llm_model.base_model.model.model.layers.26.mlp.up_proj.lora_B.default.weight -- torch.Size([11008, 16])

🧊 Frozen parameter: llm_model.base_model.model.model.layers.26.mlp.up_proj.base_layer.weight -- torch.Size([11008, 4096])🧊 Frozen parameter: llm_model.base_model.model.model.layers.26.mlp.down_proj.base_layer.weight -- torch.Size([4096, 11008])

🔥 Tuned parameter: llm_model.base_model.model.model.layers.26.mlp.up_proj.lora_A.default.weight -- torch.Size([16, 4096])🔥 Tuned parameter: llm_model.base_model.model.model.layers.26.mlp.down_proj.lora_A.default.weight -- torch.Size([16, 11008])

🔥 Tuned parameter: llm_model.base_model.model.model.layers.26.mlp.up_proj.lora_B.default.weight -- torch.Size([11008, 16])🔥 Tuned parameter: llm_model.base_model.model.model.layers.26.mlp.down_proj.lora_B.default.weight -- torch.Size([4096, 16])

🧊 Frozen parameter: llm_model.base_model.model.model.layers.26.mlp.down_proj.base_layer.weight -- torch.Size([4096, 11008])🧊 Frozen parameter: llm_model.base_model.model.model.layers.26.input_layernorm.weight -- torch.Size([4096])

🔥 Tuned parameter: llm_model.base_model.model.model.layers.26.mlp.down_proj.lora_A.default.weight -- torch.Size([16, 11008])🧊 Frozen parameter: llm_model.base_model.model.model.layers.26.post_attention_layernorm.weight -- torch.Size([4096])

🔥 Tuned parameter: llm_model.base_model.model.model.layers.26.mlp.down_proj.lora_B.default.weight -- torch.Size([4096, 16])🧊 Frozen parameter: llm_model.base_model.model.model.layers.27.self_attn.q_proj.base_layer.weight -- torch.Size([4096, 4096])

🧊 Frozen parameter: llm_model.base_model.model.model.layers.26.input_layernorm.weight -- torch.Size([4096])🔥 Tuned parameter: llm_model.base_model.model.model.layers.27.self_attn.q_proj.lora_A.default.weight -- torch.Size([16, 4096])

🧊 Frozen parameter: llm_model.base_model.model.model.layers.26.post_attention_layernorm.weight -- torch.Size([4096])🔥 Tuned parameter: llm_model.base_model.model.model.layers.27.self_attn.q_proj.lora_B.default.weight -- torch.Size([4096, 16])

🧊 Frozen parameter: llm_model.base_model.model.model.layers.27.self_attn.q_proj.base_layer.weight -- torch.Size([4096, 4096])🧊 Frozen parameter: llm_model.base_model.model.model.layers.27.self_attn.k_proj.base_layer.weight -- torch.Size([4096, 4096])

🔥 Tuned parameter: llm_model.base_model.model.model.layers.27.self_attn.q_proj.lora_A.default.weight -- torch.Size([16, 4096])🔥 Tuned parameter: llm_model.base_model.model.model.layers.27.self_attn.k_proj.lora_A.default.weight -- torch.Size([16, 4096])

🔥 Tuned parameter: llm_model.base_model.model.model.layers.27.self_attn.q_proj.lora_B.default.weight -- torch.Size([4096, 16])🔥 Tuned parameter: llm_model.base_model.model.model.layers.27.self_attn.k_proj.lora_B.default.weight -- torch.Size([4096, 16])

🧊 Frozen parameter: llm_model.base_model.model.model.layers.27.self_attn.k_proj.base_layer.weight -- torch.Size([4096, 4096])🧊 Frozen parameter: llm_model.base_model.model.model.layers.27.self_attn.v_proj.base_layer.weight -- torch.Size([4096, 4096])

🔥 Tuned parameter: llm_model.base_model.model.model.layers.27.self_attn.k_proj.lora_A.default.weight -- torch.Size([16, 4096])🔥 Tuned parameter: llm_model.base_model.model.model.layers.27.self_attn.v_proj.lora_A.default.weight -- torch.Size([16, 4096])

🔥 Tuned parameter: llm_model.base_model.model.model.layers.27.self_attn.k_proj.lora_B.default.weight -- torch.Size([4096, 16])🔥 Tuned parameter: llm_model.base_model.model.model.layers.27.self_attn.v_proj.lora_B.default.weight -- torch.Size([4096, 16])

🧊 Frozen parameter: llm_model.base_model.model.model.layers.27.self_attn.v_proj.base_layer.weight -- torch.Size([4096, 4096])🧊 Frozen parameter: llm_model.base_model.model.model.layers.27.self_attn.o_proj.base_layer.weight -- torch.Size([4096, 4096])

🔥 Tuned parameter: llm_model.base_model.model.model.layers.27.self_attn.v_proj.lora_A.default.weight -- torch.Size([16, 4096])🔥 Tuned parameter: llm_model.base_model.model.model.layers.27.self_attn.o_proj.lora_A.default.weight -- torch.Size([16, 4096])

🔥 Tuned parameter: llm_model.base_model.model.model.layers.27.self_attn.v_proj.lora_B.default.weight -- torch.Size([4096, 16])🔥 Tuned parameter: llm_model.base_model.model.model.layers.27.self_attn.o_proj.lora_B.default.weight -- torch.Size([4096, 16])

🧊 Frozen parameter: llm_model.base_model.model.model.layers.27.self_attn.o_proj.base_layer.weight -- torch.Size([4096, 4096])🧊 Frozen parameter: llm_model.base_model.model.model.layers.27.mlp.gate_proj.base_layer.weight -- torch.Size([11008, 4096])

🔥 Tuned parameter: llm_model.base_model.model.model.layers.27.self_attn.o_proj.lora_A.default.weight -- torch.Size([16, 4096])🔥 Tuned parameter: llm_model.base_model.model.model.layers.27.mlp.gate_proj.lora_A.default.weight -- torch.Size([16, 4096])

🔥 Tuned parameter: llm_model.base_model.model.model.layers.27.self_attn.o_proj.lora_B.default.weight -- torch.Size([4096, 16])🔥 Tuned parameter: llm_model.base_model.model.model.layers.27.mlp.gate_proj.lora_B.default.weight -- torch.Size([11008, 16])

🧊 Frozen parameter: llm_model.base_model.model.model.layers.27.mlp.gate_proj.base_layer.weight -- torch.Size([11008, 4096])🧊 Frozen parameter: llm_model.base_model.model.model.layers.27.mlp.up_proj.base_layer.weight -- torch.Size([11008, 4096])

🔥 Tuned parameter: llm_model.base_model.model.model.layers.27.mlp.gate_proj.lora_A.default.weight -- torch.Size([16, 4096])🔥 Tuned parameter: llm_model.base_model.model.model.layers.27.mlp.up_proj.lora_A.default.weight -- torch.Size([16, 4096])

🔥 Tuned parameter: llm_model.base_model.model.model.layers.27.mlp.gate_proj.lora_B.default.weight -- torch.Size([11008, 16])🔥 Tuned parameter: llm_model.base_model.model.model.layers.27.mlp.up_proj.lora_B.default.weight -- torch.Size([11008, 16])

🧊 Frozen parameter: llm_model.base_model.model.model.layers.27.mlp.up_proj.base_layer.weight -- torch.Size([11008, 4096])🧊 Frozen parameter: llm_model.base_model.model.model.layers.27.mlp.down_proj.base_layer.weight -- torch.Size([4096, 11008])

🔥 Tuned parameter: llm_model.base_model.model.model.layers.27.mlp.up_proj.lora_A.default.weight -- torch.Size([16, 4096])🔥 Tuned parameter: llm_model.base_model.model.model.layers.27.mlp.down_proj.lora_A.default.weight -- torch.Size([16, 11008])

🔥 Tuned parameter: llm_model.base_model.model.model.layers.27.mlp.up_proj.lora_B.default.weight -- torch.Size([11008, 16])🔥 Tuned parameter: llm_model.base_model.model.model.layers.27.mlp.down_proj.lora_B.default.weight -- torch.Size([4096, 16])

🧊 Frozen parameter: llm_model.base_model.model.model.layers.27.mlp.down_proj.base_layer.weight -- torch.Size([4096, 11008])🧊 Frozen parameter: llm_model.base_model.model.model.layers.27.input_layernorm.weight -- torch.Size([4096])

🔥 Tuned parameter: llm_model.base_model.model.model.layers.27.mlp.down_proj.lora_A.default.weight -- torch.Size([16, 11008])🧊 Frozen parameter: llm_model.base_model.model.model.layers.27.post_attention_layernorm.weight -- torch.Size([4096])

🔥 Tuned parameter: llm_model.base_model.model.model.layers.27.mlp.down_proj.lora_B.default.weight -- torch.Size([4096, 16])🧊 Frozen parameter: llm_model.base_model.model.model.layers.28.self_attn.q_proj.base_layer.weight -- torch.Size([4096, 4096])

🧊 Frozen parameter: llm_model.base_model.model.model.layers.27.input_layernorm.weight -- torch.Size([4096])🔥 Tuned parameter: llm_model.base_model.model.model.layers.28.self_attn.q_proj.lora_A.default.weight -- torch.Size([16, 4096])

🧊 Frozen parameter: llm_model.base_model.model.model.layers.27.post_attention_layernorm.weight -- torch.Size([4096])🔥 Tuned parameter: llm_model.base_model.model.model.layers.28.self_attn.q_proj.lora_B.default.weight -- torch.Size([4096, 16])

🧊 Frozen parameter: llm_model.base_model.model.model.layers.28.self_attn.q_proj.base_layer.weight -- torch.Size([4096, 4096])🧊 Frozen parameter: llm_model.base_model.model.model.layers.28.self_attn.k_proj.base_layer.weight -- torch.Size([4096, 4096])

🔥 Tuned parameter: llm_model.base_model.model.model.layers.28.self_attn.q_proj.lora_A.default.weight -- torch.Size([16, 4096])🔥 Tuned parameter: llm_model.base_model.model.model.layers.28.self_attn.k_proj.lora_A.default.weight -- torch.Size([16, 4096])

🔥 Tuned parameter: llm_model.base_model.model.model.layers.28.self_attn.q_proj.lora_B.default.weight -- torch.Size([4096, 16])🔥 Tuned parameter: llm_model.base_model.model.model.layers.28.self_attn.k_proj.lora_B.default.weight -- torch.Size([4096, 16])

🧊 Frozen parameter: llm_model.base_model.model.model.layers.28.self_attn.k_proj.base_layer.weight -- torch.Size([4096, 4096])🧊 Frozen parameter: llm_model.base_model.model.model.layers.28.self_attn.v_proj.base_layer.weight -- torch.Size([4096, 4096])

🔥 Tuned parameter: llm_model.base_model.model.model.layers.28.self_attn.k_proj.lora_A.default.weight -- torch.Size([16, 4096])🔥 Tuned parameter: llm_model.base_model.model.model.layers.28.self_attn.v_proj.lora_A.default.weight -- torch.Size([16, 4096])

🔥 Tuned parameter: llm_model.base_model.model.model.layers.28.self_attn.k_proj.lora_B.default.weight -- torch.Size([4096, 16])🔥 Tuned parameter: llm_model.base_model.model.model.layers.28.self_attn.v_proj.lora_B.default.weight -- torch.Size([4096, 16])

🧊 Frozen parameter: llm_model.base_model.model.model.layers.28.self_attn.v_proj.base_layer.weight -- torch.Size([4096, 4096])🧊 Frozen parameter: llm_model.base_model.model.model.layers.28.self_attn.o_proj.base_layer.weight -- torch.Size([4096, 4096])

🔥 Tuned parameter: llm_model.base_model.model.model.layers.28.self_attn.v_proj.lora_A.default.weight -- torch.Size([16, 4096])🔥 Tuned parameter: llm_model.base_model.model.model.layers.28.self_attn.o_proj.lora_A.default.weight -- torch.Size([16, 4096])

🔥 Tuned parameter: llm_model.base_model.model.model.layers.28.self_attn.v_proj.lora_B.default.weight -- torch.Size([4096, 16])🔥 Tuned parameter: llm_model.base_model.model.model.layers.28.self_attn.o_proj.lora_B.default.weight -- torch.Size([4096, 16])

🧊 Frozen parameter: llm_model.base_model.model.model.layers.28.self_attn.o_proj.base_layer.weight -- torch.Size([4096, 4096])🧊 Frozen parameter: llm_model.base_model.model.model.layers.28.mlp.gate_proj.base_layer.weight -- torch.Size([11008, 4096])

🔥 Tuned parameter: llm_model.base_model.model.model.layers.28.self_attn.o_proj.lora_A.default.weight -- torch.Size([16, 4096])🔥 Tuned parameter: llm_model.base_model.model.model.layers.28.mlp.gate_proj.lora_A.default.weight -- torch.Size([16, 4096])

🔥 Tuned parameter: llm_model.base_model.model.model.layers.28.self_attn.o_proj.lora_B.default.weight -- torch.Size([4096, 16])🔥 Tuned parameter: llm_model.base_model.model.model.layers.28.mlp.gate_proj.lora_B.default.weight -- torch.Size([11008, 16])

🧊 Frozen parameter: llm_model.base_model.model.model.layers.28.mlp.gate_proj.base_layer.weight -- torch.Size([11008, 4096])🧊 Frozen parameter: llm_model.base_model.model.model.layers.28.mlp.up_proj.base_layer.weight -- torch.Size([11008, 4096])

🔥 Tuned parameter: llm_model.base_model.model.model.layers.28.mlp.gate_proj.lora_A.default.weight -- torch.Size([16, 4096])🔥 Tuned parameter: llm_model.base_model.model.model.layers.28.mlp.up_proj.lora_A.default.weight -- torch.Size([16, 4096])

🔥 Tuned parameter: llm_model.base_model.model.model.layers.28.mlp.gate_proj.lora_B.default.weight -- torch.Size([11008, 16])🔥 Tuned parameter: llm_model.base_model.model.model.layers.28.mlp.up_proj.lora_B.default.weight -- torch.Size([11008, 16])

🧊 Frozen parameter: llm_model.base_model.model.model.layers.28.mlp.up_proj.base_layer.weight -- torch.Size([11008, 4096])🧊 Frozen parameter: llm_model.base_model.model.model.layers.28.mlp.down_proj.base_layer.weight -- torch.Size([4096, 11008])

🔥 Tuned parameter: llm_model.base_model.model.model.layers.28.mlp.up_proj.lora_A.default.weight -- torch.Size([16, 4096])🔥 Tuned parameter: llm_model.base_model.model.model.layers.28.mlp.down_proj.lora_A.default.weight -- torch.Size([16, 11008])

🔥 Tuned parameter: llm_model.base_model.model.model.layers.28.mlp.up_proj.lora_B.default.weight -- torch.Size([11008, 16])🔥 Tuned parameter: llm_model.base_model.model.model.layers.28.mlp.down_proj.lora_B.default.weight -- torch.Size([4096, 16])

🧊 Frozen parameter: llm_model.base_model.model.model.layers.28.mlp.down_proj.base_layer.weight -- torch.Size([4096, 11008])🧊 Frozen parameter: llm_model.base_model.model.model.layers.28.input_layernorm.weight -- torch.Size([4096])

🔥 Tuned parameter: llm_model.base_model.model.model.layers.28.mlp.down_proj.lora_A.default.weight -- torch.Size([16, 11008])🧊 Frozen parameter: llm_model.base_model.model.model.layers.28.post_attention_layernorm.weight -- torch.Size([4096])

🔥 Tuned parameter: llm_model.base_model.model.model.layers.28.mlp.down_proj.lora_B.default.weight -- torch.Size([4096, 16])🧊 Frozen parameter: llm_model.base_model.model.model.layers.29.self_attn.q_proj.base_layer.weight -- torch.Size([4096, 4096])

🧊 Frozen parameter: llm_model.base_model.model.model.layers.28.input_layernorm.weight -- torch.Size([4096])🔥 Tuned parameter: llm_model.base_model.model.model.layers.29.self_attn.q_proj.lora_A.default.weight -- torch.Size([16, 4096])

🧊 Frozen parameter: llm_model.base_model.model.model.layers.28.post_attention_layernorm.weight -- torch.Size([4096])🔥 Tuned parameter: llm_model.base_model.model.model.layers.29.self_attn.q_proj.lora_B.default.weight -- torch.Size([4096, 16])

🧊 Frozen parameter: llm_model.base_model.model.model.layers.29.self_attn.q_proj.base_layer.weight -- torch.Size([4096, 4096])🧊 Frozen parameter: llm_model.base_model.model.model.layers.29.self_attn.k_proj.base_layer.weight -- torch.Size([4096, 4096])

🔥 Tuned parameter: llm_model.base_model.model.model.layers.29.self_attn.q_proj.lora_A.default.weight -- torch.Size([16, 4096])🔥 Tuned parameter: llm_model.base_model.model.model.layers.29.self_attn.k_proj.lora_A.default.weight -- torch.Size([16, 4096])

🔥 Tuned parameter: llm_model.base_model.model.model.layers.29.self_attn.q_proj.lora_B.default.weight -- torch.Size([4096, 16])🔥 Tuned parameter: llm_model.base_model.model.model.layers.29.self_attn.k_proj.lora_B.default.weight -- torch.Size([4096, 16])

🧊 Frozen parameter: llm_model.base_model.model.model.layers.29.self_attn.k_proj.base_layer.weight -- torch.Size([4096, 4096])🧊 Frozen parameter: llm_model.base_model.model.model.layers.29.self_attn.v_proj.base_layer.weight -- torch.Size([4096, 4096])

🔥 Tuned parameter: llm_model.base_model.model.model.layers.29.self_attn.k_proj.lora_A.default.weight -- torch.Size([16, 4096])🔥 Tuned parameter: llm_model.base_model.model.model.layers.29.self_attn.v_proj.lora_A.default.weight -- torch.Size([16, 4096])

🔥 Tuned parameter: llm_model.base_model.model.model.layers.29.self_attn.k_proj.lora_B.default.weight -- torch.Size([4096, 16])🔥 Tuned parameter: llm_model.base_model.model.model.layers.29.self_attn.v_proj.lora_B.default.weight -- torch.Size([4096, 16])

🧊 Frozen parameter: llm_model.base_model.model.model.layers.29.self_attn.v_proj.base_layer.weight -- torch.Size([4096, 4096])🧊 Frozen parameter: llm_model.base_model.model.model.layers.29.self_attn.o_proj.base_layer.weight -- torch.Size([4096, 4096])

🔥 Tuned parameter: llm_model.base_model.model.model.layers.29.self_attn.v_proj.lora_A.default.weight -- torch.Size([16, 4096])🔥 Tuned parameter: llm_model.base_model.model.model.layers.29.self_attn.o_proj.lora_A.default.weight -- torch.Size([16, 4096])

🔥 Tuned parameter: llm_model.base_model.model.model.layers.29.self_attn.v_proj.lora_B.default.weight -- torch.Size([4096, 16])🔥 Tuned parameter: llm_model.base_model.model.model.layers.29.self_attn.o_proj.lora_B.default.weight -- torch.Size([4096, 16])

🧊 Frozen parameter: llm_model.base_model.model.model.layers.29.self_attn.o_proj.base_layer.weight -- torch.Size([4096, 4096])🧊 Frozen parameter: llm_model.base_model.model.model.layers.29.mlp.gate_proj.base_layer.weight -- torch.Size([11008, 4096])

🔥 Tuned parameter: llm_model.base_model.model.model.layers.29.self_attn.o_proj.lora_A.default.weight -- torch.Size([16, 4096])🔥 Tuned parameter: llm_model.base_model.model.model.layers.29.mlp.gate_proj.lora_A.default.weight -- torch.Size([16, 4096])

🔥 Tuned parameter: llm_model.base_model.model.model.layers.29.self_attn.o_proj.lora_B.default.weight -- torch.Size([4096, 16])🔥 Tuned parameter: llm_model.base_model.model.model.layers.29.mlp.gate_proj.lora_B.default.weight -- torch.Size([11008, 16])

🧊 Frozen parameter: llm_model.base_model.model.model.layers.29.mlp.gate_proj.base_layer.weight -- torch.Size([11008, 4096])🧊 Frozen parameter: llm_model.base_model.model.model.layers.29.mlp.up_proj.base_layer.weight -- torch.Size([11008, 4096])

🔥 Tuned parameter: llm_model.base_model.model.model.layers.29.mlp.gate_proj.lora_A.default.weight -- torch.Size([16, 4096])🔥 Tuned parameter: llm_model.base_model.model.model.layers.29.mlp.up_proj.lora_A.default.weight -- torch.Size([16, 4096])

🔥 Tuned parameter: llm_model.base_model.model.model.layers.29.mlp.gate_proj.lora_B.default.weight -- torch.Size([11008, 16])🔥 Tuned parameter: llm_model.base_model.model.model.layers.29.mlp.up_proj.lora_B.default.weight -- torch.Size([11008, 16])

🧊 Frozen parameter: llm_model.base_model.model.model.layers.29.mlp.up_proj.base_layer.weight -- torch.Size([11008, 4096])🧊 Frozen parameter: llm_model.base_model.model.model.layers.29.mlp.down_proj.base_layer.weight -- torch.Size([4096, 11008])

🔥 Tuned parameter: llm_model.base_model.model.model.layers.29.mlp.up_proj.lora_A.default.weight -- torch.Size([16, 4096])🔥 Tuned parameter: llm_model.base_model.model.model.layers.29.mlp.down_proj.lora_A.default.weight -- torch.Size([16, 11008])

🔥 Tuned parameter: llm_model.base_model.model.model.layers.29.mlp.up_proj.lora_B.default.weight -- torch.Size([11008, 16])🔥 Tuned parameter: llm_model.base_model.model.model.layers.29.mlp.down_proj.lora_B.default.weight -- torch.Size([4096, 16])

🧊 Frozen parameter: llm_model.base_model.model.model.layers.29.mlp.down_proj.base_layer.weight -- torch.Size([4096, 11008])🧊 Frozen parameter: llm_model.base_model.model.model.layers.29.input_layernorm.weight -- torch.Size([4096])

🔥 Tuned parameter: llm_model.base_model.model.model.layers.29.mlp.down_proj.lora_A.default.weight -- torch.Size([16, 11008])🧊 Frozen parameter: llm_model.base_model.model.model.layers.29.post_attention_layernorm.weight -- torch.Size([4096])

🔥 Tuned parameter: llm_model.base_model.model.model.layers.29.mlp.down_proj.lora_B.default.weight -- torch.Size([4096, 16])🧊 Frozen parameter: llm_model.base_model.model.model.layers.30.self_attn.q_proj.base_layer.weight -- torch.Size([4096, 4096])

🧊 Frozen parameter: llm_model.base_model.model.model.layers.29.input_layernorm.weight -- torch.Size([4096])🔥 Tuned parameter: llm_model.base_model.model.model.layers.30.self_attn.q_proj.lora_A.default.weight -- torch.Size([16, 4096])

🧊 Frozen parameter: llm_model.base_model.model.model.layers.29.post_attention_layernorm.weight -- torch.Size([4096])🔥 Tuned parameter: llm_model.base_model.model.model.layers.30.self_attn.q_proj.lora_B.default.weight -- torch.Size([4096, 16])

🧊 Frozen parameter: llm_model.base_model.model.model.layers.30.self_attn.q_proj.base_layer.weight -- torch.Size([4096, 4096])🧊 Frozen parameter: llm_model.base_model.model.model.layers.30.self_attn.k_proj.base_layer.weight -- torch.Size([4096, 4096])

🔥 Tuned parameter: llm_model.base_model.model.model.layers.30.self_attn.q_proj.lora_A.default.weight -- torch.Size([16, 4096])🔥 Tuned parameter: llm_model.base_model.model.model.layers.30.self_attn.k_proj.lora_A.default.weight -- torch.Size([16, 4096])

🔥 Tuned parameter: llm_model.base_model.model.model.layers.30.self_attn.q_proj.lora_B.default.weight -- torch.Size([4096, 16])🔥 Tuned parameter: llm_model.base_model.model.model.layers.30.self_attn.k_proj.lora_B.default.weight -- torch.Size([4096, 16])

🧊 Frozen parameter: llm_model.base_model.model.model.layers.30.self_attn.k_proj.base_layer.weight -- torch.Size([4096, 4096])🧊 Frozen parameter: llm_model.base_model.model.model.layers.30.self_attn.v_proj.base_layer.weight -- torch.Size([4096, 4096])

🔥 Tuned parameter: llm_model.base_model.model.model.layers.30.self_attn.k_proj.lora_A.default.weight -- torch.Size([16, 4096])🔥 Tuned parameter: llm_model.base_model.model.model.layers.30.self_attn.v_proj.lora_A.default.weight -- torch.Size([16, 4096])

🔥 Tuned parameter: llm_model.base_model.model.model.layers.30.self_attn.k_proj.lora_B.default.weight -- torch.Size([4096, 16])🔥 Tuned parameter: llm_model.base_model.model.model.layers.30.self_attn.v_proj.lora_B.default.weight -- torch.Size([4096, 16])

🧊 Frozen parameter: llm_model.base_model.model.model.layers.30.self_attn.v_proj.base_layer.weight -- torch.Size([4096, 4096])🧊 Frozen parameter: llm_model.base_model.model.model.layers.30.self_attn.o_proj.base_layer.weight -- torch.Size([4096, 4096])

🔥 Tuned parameter: llm_model.base_model.model.model.layers.30.self_attn.v_proj.lora_A.default.weight -- torch.Size([16, 4096])🔥 Tuned parameter: llm_model.base_model.model.model.layers.30.self_attn.o_proj.lora_A.default.weight -- torch.Size([16, 4096])

🔥 Tuned parameter: llm_model.base_model.model.model.layers.30.self_attn.v_proj.lora_B.default.weight -- torch.Size([4096, 16])🔥 Tuned parameter: llm_model.base_model.model.model.layers.30.self_attn.o_proj.lora_B.default.weight -- torch.Size([4096, 16])

🧊 Frozen parameter: llm_model.base_model.model.model.layers.30.self_attn.o_proj.base_layer.weight -- torch.Size([4096, 4096])🧊 Frozen parameter: llm_model.base_model.model.model.layers.30.mlp.gate_proj.base_layer.weight -- torch.Size([11008, 4096])

🔥 Tuned parameter: llm_model.base_model.model.model.layers.30.self_attn.o_proj.lora_A.default.weight -- torch.Size([16, 4096])🔥 Tuned parameter: llm_model.base_model.model.model.layers.30.mlp.gate_proj.lora_A.default.weight -- torch.Size([16, 4096])

🔥 Tuned parameter: llm_model.base_model.model.model.layers.30.self_attn.o_proj.lora_B.default.weight -- torch.Size([4096, 16])🔥 Tuned parameter: llm_model.base_model.model.model.layers.30.mlp.gate_proj.lora_B.default.weight -- torch.Size([11008, 16])

🧊 Frozen parameter: llm_model.base_model.model.model.layers.30.mlp.gate_proj.base_layer.weight -- torch.Size([11008, 4096])🧊 Frozen parameter: llm_model.base_model.model.model.layers.30.mlp.up_proj.base_layer.weight -- torch.Size([11008, 4096])

🔥 Tuned parameter: llm_model.base_model.model.model.layers.30.mlp.gate_proj.lora_A.default.weight -- torch.Size([16, 4096])🔥 Tuned parameter: llm_model.base_model.model.model.layers.30.mlp.up_proj.lora_A.default.weight -- torch.Size([16, 4096])

🔥 Tuned parameter: llm_model.base_model.model.model.layers.30.mlp.gate_proj.lora_B.default.weight -- torch.Size([11008, 16])🔥 Tuned parameter: llm_model.base_model.model.model.layers.30.mlp.up_proj.lora_B.default.weight -- torch.Size([11008, 16])

🧊 Frozen parameter: llm_model.base_model.model.model.layers.30.mlp.up_proj.base_layer.weight -- torch.Size([11008, 4096])🧊 Frozen parameter: llm_model.base_model.model.model.layers.30.mlp.down_proj.base_layer.weight -- torch.Size([4096, 11008])

🔥 Tuned parameter: llm_model.base_model.model.model.layers.30.mlp.up_proj.lora_A.default.weight -- torch.Size([16, 4096])🔥 Tuned parameter: llm_model.base_model.model.model.layers.30.mlp.down_proj.lora_A.default.weight -- torch.Size([16, 11008])

🔥 Tuned parameter: llm_model.base_model.model.model.layers.30.mlp.up_proj.lora_B.default.weight -- torch.Size([11008, 16])🔥 Tuned parameter: llm_model.base_model.model.model.layers.30.mlp.down_proj.lora_B.default.weight -- torch.Size([4096, 16])

🧊 Frozen parameter: llm_model.base_model.model.model.layers.30.mlp.down_proj.base_layer.weight -- torch.Size([4096, 11008])🧊 Frozen parameter: llm_model.base_model.model.model.layers.30.input_layernorm.weight -- torch.Size([4096])

🔥 Tuned parameter: llm_model.base_model.model.model.layers.30.mlp.down_proj.lora_A.default.weight -- torch.Size([16, 11008])🧊 Frozen parameter: llm_model.base_model.model.model.layers.30.post_attention_layernorm.weight -- torch.Size([4096])

🔥 Tuned parameter: llm_model.base_model.model.model.layers.30.mlp.down_proj.lora_B.default.weight -- torch.Size([4096, 16])🧊 Frozen parameter: llm_model.base_model.model.model.layers.31.self_attn.q_proj.base_layer.weight -- torch.Size([4096, 4096])

🧊 Frozen parameter: llm_model.base_model.model.model.layers.30.input_layernorm.weight -- torch.Size([4096])🔥 Tuned parameter: llm_model.base_model.model.model.layers.31.self_attn.q_proj.lora_A.default.weight -- torch.Size([16, 4096])

🧊 Frozen parameter: llm_model.base_model.model.model.layers.30.post_attention_layernorm.weight -- torch.Size([4096])🔥 Tuned parameter: llm_model.base_model.model.model.layers.31.self_attn.q_proj.lora_B.default.weight -- torch.Size([4096, 16])

🧊 Frozen parameter: llm_model.base_model.model.model.layers.31.self_attn.q_proj.base_layer.weight -- torch.Size([4096, 4096])🧊 Frozen parameter: llm_model.base_model.model.model.layers.31.self_attn.k_proj.base_layer.weight -- torch.Size([4096, 4096])

🔥 Tuned parameter: llm_model.base_model.model.model.layers.31.self_attn.q_proj.lora_A.default.weight -- torch.Size([16, 4096])🔥 Tuned parameter: llm_model.base_model.model.model.layers.31.self_attn.k_proj.lora_A.default.weight -- torch.Size([16, 4096])

🔥 Tuned parameter: llm_model.base_model.model.model.layers.31.self_attn.q_proj.lora_B.default.weight -- torch.Size([4096, 16])🔥 Tuned parameter: llm_model.base_model.model.model.layers.31.self_attn.k_proj.lora_B.default.weight -- torch.Size([4096, 16])

🧊 Frozen parameter: llm_model.base_model.model.model.layers.31.self_attn.k_proj.base_layer.weight -- torch.Size([4096, 4096])🧊 Frozen parameter: llm_model.base_model.model.model.layers.31.self_attn.v_proj.base_layer.weight -- torch.Size([4096, 4096])

🔥 Tuned parameter: llm_model.base_model.model.model.layers.31.self_attn.k_proj.lora_A.default.weight -- torch.Size([16, 4096])🔥 Tuned parameter: llm_model.base_model.model.model.layers.31.self_attn.v_proj.lora_A.default.weight -- torch.Size([16, 4096])

🔥 Tuned parameter: llm_model.base_model.model.model.layers.31.self_attn.k_proj.lora_B.default.weight -- torch.Size([4096, 16])🔥 Tuned parameter: llm_model.base_model.model.model.layers.31.self_attn.v_proj.lora_B.default.weight -- torch.Size([4096, 16])

🧊 Frozen parameter: llm_model.base_model.model.model.layers.31.self_attn.v_proj.base_layer.weight -- torch.Size([4096, 4096])🧊 Frozen parameter: llm_model.base_model.model.model.layers.31.self_attn.o_proj.base_layer.weight -- torch.Size([4096, 4096])

🔥 Tuned parameter: llm_model.base_model.model.model.layers.31.self_attn.v_proj.lora_A.default.weight -- torch.Size([16, 4096])🔥 Tuned parameter: llm_model.base_model.model.model.layers.31.self_attn.o_proj.lora_A.default.weight -- torch.Size([16, 4096])

🔥 Tuned parameter: llm_model.base_model.model.model.layers.31.self_attn.v_proj.lora_B.default.weight -- torch.Size([4096, 16])🔥 Tuned parameter: llm_model.base_model.model.model.layers.31.self_attn.o_proj.lora_B.default.weight -- torch.Size([4096, 16])

🧊 Frozen parameter: llm_model.base_model.model.model.layers.31.self_attn.o_proj.base_layer.weight -- torch.Size([4096, 4096])🧊 Frozen parameter: llm_model.base_model.model.model.layers.31.mlp.gate_proj.base_layer.weight -- torch.Size([11008, 4096])

🔥 Tuned parameter: llm_model.base_model.model.model.layers.31.self_attn.o_proj.lora_A.default.weight -- torch.Size([16, 4096])🔥 Tuned parameter: llm_model.base_model.model.model.layers.31.mlp.gate_proj.lora_A.default.weight -- torch.Size([16, 4096])

🔥 Tuned parameter: llm_model.base_model.model.model.layers.31.self_attn.o_proj.lora_B.default.weight -- torch.Size([4096, 16])🔥 Tuned parameter: llm_model.base_model.model.model.layers.31.mlp.gate_proj.lora_B.default.weight -- torch.Size([11008, 16])

🧊 Frozen parameter: llm_model.base_model.model.model.layers.31.mlp.gate_proj.base_layer.weight -- torch.Size([11008, 4096])🧊 Frozen parameter: llm_model.base_model.model.model.layers.31.mlp.up_proj.base_layer.weight -- torch.Size([11008, 4096])

🔥 Tuned parameter: llm_model.base_model.model.model.layers.31.mlp.gate_proj.lora_A.default.weight -- torch.Size([16, 4096])🔥 Tuned parameter: llm_model.base_model.model.model.layers.31.mlp.up_proj.lora_A.default.weight -- torch.Size([16, 4096])

🔥 Tuned parameter: llm_model.base_model.model.model.layers.31.mlp.gate_proj.lora_B.default.weight -- torch.Size([11008, 16])🔥 Tuned parameter: llm_model.base_model.model.model.layers.31.mlp.up_proj.lora_B.default.weight -- torch.Size([11008, 16])

🧊 Frozen parameter: llm_model.base_model.model.model.layers.31.mlp.up_proj.base_layer.weight -- torch.Size([11008, 4096])🧊 Frozen parameter: llm_model.base_model.model.model.layers.31.mlp.down_proj.base_layer.weight -- torch.Size([4096, 11008])

🔥 Tuned parameter: llm_model.base_model.model.model.layers.31.mlp.up_proj.lora_A.default.weight -- torch.Size([16, 4096])🔥 Tuned parameter: llm_model.base_model.model.model.layers.31.mlp.down_proj.lora_A.default.weight -- torch.Size([16, 11008])

🔥 Tuned parameter: llm_model.base_model.model.model.layers.31.mlp.up_proj.lora_B.default.weight -- torch.Size([11008, 16])🔥 Tuned parameter: llm_model.base_model.model.model.layers.31.mlp.down_proj.lora_B.default.weight -- torch.Size([4096, 16])

🧊 Frozen parameter: llm_model.base_model.model.model.layers.31.mlp.down_proj.base_layer.weight -- torch.Size([4096, 11008])🧊 Frozen parameter: llm_model.base_model.model.model.layers.31.input_layernorm.weight -- torch.Size([4096])

🔥 Tuned parameter: llm_model.base_model.model.model.layers.31.mlp.down_proj.lora_A.default.weight -- torch.Size([16, 11008])🧊 Frozen parameter: llm_model.base_model.model.model.layers.31.post_attention_layernorm.weight -- torch.Size([4096])

🔥 Tuned parameter: llm_model.base_model.model.model.layers.31.mlp.down_proj.lora_B.default.weight -- torch.Size([4096, 16])🧊 Frozen parameter: llm_model.base_model.model.model.norm.weight -- torch.Size([4096])

🧊 Frozen parameter: llm_model.base_model.model.model.layers.31.input_layernorm.weight -- torch.Size([4096])🧊 Frozen parameter: llm_model.base_model.model.lm_head.weight -- torch.Size([32001, 4096])

🧊 Frozen parameter: llm_model.base_model.model.model.layers.31.post_attention_layernorm.weight -- torch.Size([4096])🔥 Tuned parameter: llm_proj.weight -- torch.Size([4096, 256])

🧊 Frozen parameter: llm_model.base_model.model.model.norm.weight -- torch.Size([4096])🔥 Tuned parameter: llm_proj.bias -- torch.Size([4096])

🧊 Frozen parameter: llm_model.base_model.model.lm_head.weight -- torch.Size([32001, 4096])🔥 Tuned parameter: image_encoder.qformer_query -- torch.Size([1, 32, 768])

🔥 Tuned parameter: llm_proj.weight -- torch.Size([4096, 256])🔥 Tuned parameter: image_encoder.vision_model.embeddings.class_embedding -- torch.Size([1, 1, 1408])

🔥 Tuned parameter: llm_proj.bias -- torch.Size([4096])🔥 Tuned parameter: image_encoder.vision_model.embeddings.position_embedding -- torch.Size([1, 257, 1408])

🔥 Tuned parameter: image_encoder.qformer_query -- torch.Size([1, 32, 768])🔥 Tuned parameter: image_encoder.vision_model.embeddings.patch_embedding.weight -- torch.Size([1408, 3, 14, 14])

🔥 Tuned parameter: image_encoder.vision_model.embeddings.class_embedding -- torch.Size([1, 1, 1408])🔥 Tuned parameter: image_encoder.vision_model.embeddings.patch_embedding.bias -- torch.Size([1408])

🔥 Tuned parameter: image_encoder.vision_model.embeddings.position_embedding -- torch.Size([1, 257, 1408])🔥 Tuned parameter: image_encoder.vision_model.encoder.layers.0.self_attn.qkv.weight -- torch.Size([4224, 1408])

🔥 Tuned parameter: image_encoder.vision_model.embeddings.patch_embedding.weight -- torch.Size([1408, 3, 14, 14])🔥 Tuned parameter: image_encoder.vision_model.encoder.layers.0.self_attn.qkv.bias -- torch.Size([4224])

🔥 Tuned parameter: image_encoder.vision_model.embeddings.patch_embedding.bias -- torch.Size([1408])🔥 Tuned parameter: image_encoder.vision_model.encoder.layers.0.self_attn.projection.weight -- torch.Size([1408, 1408])

🔥 Tuned parameter: image_encoder.vision_model.encoder.layers.0.self_attn.projection.bias -- torch.Size([1408])🔥 Tuned parameter: image_encoder.vision_model.encoder.layers.0.self_attn.qkv.weight -- torch.Size([4224, 1408])

🔥 Tuned parameter: image_encoder.vision_model.encoder.layers.0.layer_norm1.weight -- torch.Size([1408])🔥 Tuned parameter: image_encoder.vision_model.encoder.layers.0.self_attn.qkv.bias -- torch.Size([4224])

🔥 Tuned parameter: image_encoder.vision_model.encoder.layers.0.layer_norm1.bias -- torch.Size([1408])🔥 Tuned parameter: image_encoder.vision_model.encoder.layers.0.self_attn.projection.weight -- torch.Size([1408, 1408])

🔥 Tuned parameter: image_encoder.vision_model.encoder.layers.0.mlp.fc1.weight -- torch.Size([6144, 1408])🔥 Tuned parameter: image_encoder.vision_model.encoder.layers.0.self_attn.projection.bias -- torch.Size([1408])

🔥 Tuned parameter: image_encoder.vision_model.encoder.layers.0.mlp.fc1.bias -- torch.Size([6144])🔥 Tuned parameter: image_encoder.vision_model.encoder.layers.0.layer_norm1.weight -- torch.Size([1408])

🔥 Tuned parameter: image_encoder.vision_model.encoder.layers.0.mlp.fc2.weight -- torch.Size([1408, 6144])🔥 Tuned parameter: image_encoder.vision_model.encoder.layers.0.layer_norm1.bias -- torch.Size([1408])

🔥 Tuned parameter: image_encoder.vision_model.encoder.layers.0.mlp.fc2.bias -- torch.Size([1408])🔥 Tuned parameter: image_encoder.vision_model.encoder.layers.0.mlp.fc1.weight -- torch.Size([6144, 1408])

🔥 Tuned parameter: image_encoder.vision_model.encoder.layers.0.layer_norm2.weight -- torch.Size([1408])🔥 Tuned parameter: image_encoder.vision_model.encoder.layers.0.mlp.fc1.bias -- torch.Size([6144])

🔥 Tuned parameter: image_encoder.vision_model.encoder.layers.0.layer_norm2.bias -- torch.Size([1408])🔥 Tuned parameter: image_encoder.vision_model.encoder.layers.0.mlp.fc2.weight -- torch.Size([1408, 6144])

🔥 Tuned parameter: image_encoder.vision_model.encoder.layers.1.self_attn.qkv.weight -- torch.Size([4224, 1408])🔥 Tuned parameter: image_encoder.vision_model.encoder.layers.0.mlp.fc2.bias -- torch.Size([1408])

🔥 Tuned parameter: image_encoder.vision_model.encoder.layers.1.self_attn.qkv.bias -- torch.Size([4224])🔥 Tuned parameter: image_encoder.vision_model.encoder.layers.0.layer_norm2.weight -- torch.Size([1408])

🔥 Tuned parameter: image_encoder.vision_model.encoder.layers.1.self_attn.projection.weight -- torch.Size([1408, 1408])🔥 Tuned parameter: image_encoder.vision_model.encoder.layers.0.layer_norm2.bias -- torch.Size([1408])

🔥 Tuned parameter: image_encoder.vision_model.encoder.layers.1.self_attn.projection.bias -- torch.Size([1408])
🔥 Tuned parameter: image_encoder.vision_model.encoder.layers.1.self_attn.qkv.weight -- torch.Size([4224, 1408])🔥 Tuned parameter: image_encoder.vision_model.encoder.layers.1.layer_norm1.weight -- torch.Size([1408])

🔥 Tuned parameter: image_encoder.vision_model.encoder.layers.1.self_attn.qkv.bias -- torch.Size([4224])🔥 Tuned parameter: image_encoder.vision_model.encoder.layers.1.layer_norm1.bias -- torch.Size([1408])

🔥 Tuned parameter: image_encoder.vision_model.encoder.layers.1.self_attn.projection.weight -- torch.Size([1408, 1408])🔥 Tuned parameter: image_encoder.vision_model.encoder.layers.1.mlp.fc1.weight -- torch.Size([6144, 1408])

🔥 Tuned parameter: image_encoder.vision_model.encoder.layers.1.self_attn.projection.bias -- torch.Size([1408])🔥 Tuned parameter: image_encoder.vision_model.encoder.layers.1.mlp.fc1.bias -- torch.Size([6144])

🔥 Tuned parameter: image_encoder.vision_model.encoder.layers.1.layer_norm1.weight -- torch.Size([1408])🔥 Tuned parameter: image_encoder.vision_model.encoder.layers.1.mlp.fc2.weight -- torch.Size([1408, 6144])

🔥 Tuned parameter: image_encoder.vision_model.encoder.layers.1.layer_norm1.bias -- torch.Size([1408])🔥 Tuned parameter: image_encoder.vision_model.encoder.layers.1.mlp.fc2.bias -- torch.Size([1408])

🔥 Tuned parameter: image_encoder.vision_model.encoder.layers.1.mlp.fc1.weight -- torch.Size([6144, 1408])🔥 Tuned parameter: image_encoder.vision_model.encoder.layers.1.layer_norm2.weight -- torch.Size([1408])

🔥 Tuned parameter: image_encoder.vision_model.encoder.layers.1.mlp.fc1.bias -- torch.Size([6144])🔥 Tuned parameter: image_encoder.vision_model.encoder.layers.1.layer_norm2.bias -- torch.Size([1408])

🔥 Tuned parameter: image_encoder.vision_model.encoder.layers.1.mlp.fc2.weight -- torch.Size([1408, 6144])🔥 Tuned parameter: image_encoder.vision_model.encoder.layers.2.self_attn.qkv.weight -- torch.Size([4224, 1408])

🔥 Tuned parameter: image_encoder.vision_model.encoder.layers.1.mlp.fc2.bias -- torch.Size([1408])🔥 Tuned parameter: image_encoder.vision_model.encoder.layers.2.self_attn.qkv.bias -- torch.Size([4224])

🔥 Tuned parameter: image_encoder.vision_model.encoder.layers.1.layer_norm2.weight -- torch.Size([1408])🔥 Tuned parameter: image_encoder.vision_model.encoder.layers.2.self_attn.projection.weight -- torch.Size([1408, 1408])

🔥 Tuned parameter: image_encoder.vision_model.encoder.layers.1.layer_norm2.bias -- torch.Size([1408])🔥 Tuned parameter: image_encoder.vision_model.encoder.layers.2.self_attn.projection.bias -- torch.Size([1408])

🔥 Tuned parameter: image_encoder.vision_model.encoder.layers.2.self_attn.qkv.weight -- torch.Size([4224, 1408])🔥 Tuned parameter: image_encoder.vision_model.encoder.layers.2.layer_norm1.weight -- torch.Size([1408])

🔥 Tuned parameter: image_encoder.vision_model.encoder.layers.2.self_attn.qkv.bias -- torch.Size([4224])🔥 Tuned parameter: image_encoder.vision_model.encoder.layers.2.layer_norm1.bias -- torch.Size([1408])

🔥 Tuned parameter: image_encoder.vision_model.encoder.layers.2.self_attn.projection.weight -- torch.Size([1408, 1408])🔥 Tuned parameter: image_encoder.vision_model.encoder.layers.2.mlp.fc1.weight -- torch.Size([6144, 1408])

🔥 Tuned parameter: image_encoder.vision_model.encoder.layers.2.self_attn.projection.bias -- torch.Size([1408])🔥 Tuned parameter: image_encoder.vision_model.encoder.layers.2.mlp.fc1.bias -- torch.Size([6144])

🔥 Tuned parameter: image_encoder.vision_model.encoder.layers.2.layer_norm1.weight -- torch.Size([1408])🔥 Tuned parameter: image_encoder.vision_model.encoder.layers.2.mlp.fc2.weight -- torch.Size([1408, 6144])

🔥 Tuned parameter: image_encoder.vision_model.encoder.layers.2.layer_norm1.bias -- torch.Size([1408])🔥 Tuned parameter: image_encoder.vision_model.encoder.layers.2.mlp.fc2.bias -- torch.Size([1408])

🔥 Tuned parameter: image_encoder.vision_model.encoder.layers.2.mlp.fc1.weight -- torch.Size([6144, 1408])🔥 Tuned parameter: image_encoder.vision_model.encoder.layers.2.layer_norm2.weight -- torch.Size([1408])

🔥 Tuned parameter: image_encoder.vision_model.encoder.layers.2.mlp.fc1.bias -- torch.Size([6144])🔥 Tuned parameter: image_encoder.vision_model.encoder.layers.2.layer_norm2.bias -- torch.Size([1408])

🔥 Tuned parameter: image_encoder.vision_model.encoder.layers.2.mlp.fc2.weight -- torch.Size([1408, 6144])🔥 Tuned parameter: image_encoder.vision_model.encoder.layers.3.self_attn.qkv.weight -- torch.Size([4224, 1408])

🔥 Tuned parameter: image_encoder.vision_model.encoder.layers.2.mlp.fc2.bias -- torch.Size([1408])🔥 Tuned parameter: image_encoder.vision_model.encoder.layers.3.self_attn.qkv.bias -- torch.Size([4224])

🔥 Tuned parameter: image_encoder.vision_model.encoder.layers.2.layer_norm2.weight -- torch.Size([1408])🔥 Tuned parameter: image_encoder.vision_model.encoder.layers.3.self_attn.projection.weight -- torch.Size([1408, 1408])

🔥 Tuned parameter: image_encoder.vision_model.encoder.layers.2.layer_norm2.bias -- torch.Size([1408])🔥 Tuned parameter: image_encoder.vision_model.encoder.layers.3.self_attn.projection.bias -- torch.Size([1408])

🔥 Tuned parameter: image_encoder.vision_model.encoder.layers.3.self_attn.qkv.weight -- torch.Size([4224, 1408])🔥 Tuned parameter: image_encoder.vision_model.encoder.layers.3.layer_norm1.weight -- torch.Size([1408])

🔥 Tuned parameter: image_encoder.vision_model.encoder.layers.3.self_attn.qkv.bias -- torch.Size([4224])🔥 Tuned parameter: image_encoder.vision_model.encoder.layers.3.layer_norm1.bias -- torch.Size([1408])

🔥 Tuned parameter: image_encoder.vision_model.encoder.layers.3.self_attn.projection.weight -- torch.Size([1408, 1408])🔥 Tuned parameter: image_encoder.vision_model.encoder.layers.3.mlp.fc1.weight -- torch.Size([6144, 1408])

🔥 Tuned parameter: image_encoder.vision_model.encoder.layers.3.self_attn.projection.bias -- torch.Size([1408])🔥 Tuned parameter: image_encoder.vision_model.encoder.layers.3.mlp.fc1.bias -- torch.Size([6144])

🔥 Tuned parameter: image_encoder.vision_model.encoder.layers.3.layer_norm1.weight -- torch.Size([1408])🔥 Tuned parameter: image_encoder.vision_model.encoder.layers.3.mlp.fc2.weight -- torch.Size([1408, 6144])

🔥 Tuned parameter: image_encoder.vision_model.encoder.layers.3.layer_norm1.bias -- torch.Size([1408])🔥 Tuned parameter: image_encoder.vision_model.encoder.layers.3.mlp.fc2.bias -- torch.Size([1408])

🔥 Tuned parameter: image_encoder.vision_model.encoder.layers.3.mlp.fc1.weight -- torch.Size([6144, 1408])🔥 Tuned parameter: image_encoder.vision_model.encoder.layers.3.layer_norm2.weight -- torch.Size([1408])

🔥 Tuned parameter: image_encoder.vision_model.encoder.layers.3.mlp.fc1.bias -- torch.Size([6144])🔥 Tuned parameter: image_encoder.vision_model.encoder.layers.3.layer_norm2.bias -- torch.Size([1408])

🔥 Tuned parameter: image_encoder.vision_model.encoder.layers.3.mlp.fc2.weight -- torch.Size([1408, 6144])🔥 Tuned parameter: image_encoder.vision_model.encoder.layers.4.self_attn.qkv.weight -- torch.Size([4224, 1408])

🔥 Tuned parameter: image_encoder.vision_model.encoder.layers.3.mlp.fc2.bias -- torch.Size([1408])🔥 Tuned parameter: image_encoder.vision_model.encoder.layers.4.self_attn.qkv.bias -- torch.Size([4224])

🔥 Tuned parameter: image_encoder.vision_model.encoder.layers.3.layer_norm2.weight -- torch.Size([1408])🔥 Tuned parameter: image_encoder.vision_model.encoder.layers.4.self_attn.projection.weight -- torch.Size([1408, 1408])

🔥 Tuned parameter: image_encoder.vision_model.encoder.layers.3.layer_norm2.bias -- torch.Size([1408])🔥 Tuned parameter: image_encoder.vision_model.encoder.layers.4.self_attn.projection.bias -- torch.Size([1408])

🔥 Tuned parameter: image_encoder.vision_model.encoder.layers.4.self_attn.qkv.weight -- torch.Size([4224, 1408])🔥 Tuned parameter: image_encoder.vision_model.encoder.layers.4.layer_norm1.weight -- torch.Size([1408])

🔥 Tuned parameter: image_encoder.vision_model.encoder.layers.4.self_attn.qkv.bias -- torch.Size([4224])🔥 Tuned parameter: image_encoder.vision_model.encoder.layers.4.layer_norm1.bias -- torch.Size([1408])

🔥 Tuned parameter: image_encoder.vision_model.encoder.layers.4.self_attn.projection.weight -- torch.Size([1408, 1408])🔥 Tuned parameter: image_encoder.vision_model.encoder.layers.4.mlp.fc1.weight -- torch.Size([6144, 1408])

🔥 Tuned parameter: image_encoder.vision_model.encoder.layers.4.self_attn.projection.bias -- torch.Size([1408])🔥 Tuned parameter: image_encoder.vision_model.encoder.layers.4.mlp.fc1.bias -- torch.Size([6144])

🔥 Tuned parameter: image_encoder.vision_model.encoder.layers.4.layer_norm1.weight -- torch.Size([1408])🔥 Tuned parameter: image_encoder.vision_model.encoder.layers.4.mlp.fc2.weight -- torch.Size([1408, 6144])

🔥 Tuned parameter: image_encoder.vision_model.encoder.layers.4.layer_norm1.bias -- torch.Size([1408])🔥 Tuned parameter: image_encoder.vision_model.encoder.layers.4.mlp.fc2.bias -- torch.Size([1408])

🔥 Tuned parameter: image_encoder.vision_model.encoder.layers.4.mlp.fc1.weight -- torch.Size([6144, 1408])🔥 Tuned parameter: image_encoder.vision_model.encoder.layers.4.layer_norm2.weight -- torch.Size([1408])

🔥 Tuned parameter: image_encoder.vision_model.encoder.layers.4.mlp.fc1.bias -- torch.Size([6144])🔥 Tuned parameter: image_encoder.vision_model.encoder.layers.4.layer_norm2.bias -- torch.Size([1408])

🔥 Tuned parameter: image_encoder.vision_model.encoder.layers.4.mlp.fc2.weight -- torch.Size([1408, 6144])🔥 Tuned parameter: image_encoder.vision_model.encoder.layers.5.self_attn.qkv.weight -- torch.Size([4224, 1408])

🔥 Tuned parameter: image_encoder.vision_model.encoder.layers.4.mlp.fc2.bias -- torch.Size([1408])🔥 Tuned parameter: image_encoder.vision_model.encoder.layers.5.self_attn.qkv.bias -- torch.Size([4224])

🔥 Tuned parameter: image_encoder.vision_model.encoder.layers.4.layer_norm2.weight -- torch.Size([1408])🔥 Tuned parameter: image_encoder.vision_model.encoder.layers.5.self_attn.projection.weight -- torch.Size([1408, 1408])

🔥 Tuned parameter: image_encoder.vision_model.encoder.layers.4.layer_norm2.bias -- torch.Size([1408])🔥 Tuned parameter: image_encoder.vision_model.encoder.layers.5.self_attn.projection.bias -- torch.Size([1408])

🔥 Tuned parameter: image_encoder.vision_model.encoder.layers.5.self_attn.qkv.weight -- torch.Size([4224, 1408])🔥 Tuned parameter: image_encoder.vision_model.encoder.layers.5.layer_norm1.weight -- torch.Size([1408])

🔥 Tuned parameter: image_encoder.vision_model.encoder.layers.5.self_attn.qkv.bias -- torch.Size([4224])🔥 Tuned parameter: image_encoder.vision_model.encoder.layers.5.layer_norm1.bias -- torch.Size([1408])

🔥 Tuned parameter: image_encoder.vision_model.encoder.layers.5.self_attn.projection.weight -- torch.Size([1408, 1408])🔥 Tuned parameter: image_encoder.vision_model.encoder.layers.5.mlp.fc1.weight -- torch.Size([6144, 1408])

🔥 Tuned parameter: image_encoder.vision_model.encoder.layers.5.self_attn.projection.bias -- torch.Size([1408])🔥 Tuned parameter: image_encoder.vision_model.encoder.layers.5.mlp.fc1.bias -- torch.Size([6144])

🔥 Tuned parameter: image_encoder.vision_model.encoder.layers.5.layer_norm1.weight -- torch.Size([1408])🔥 Tuned parameter: image_encoder.vision_model.encoder.layers.5.mlp.fc2.weight -- torch.Size([1408, 6144])

🔥 Tuned parameter: image_encoder.vision_model.encoder.layers.5.layer_norm1.bias -- torch.Size([1408])🔥 Tuned parameter: image_encoder.vision_model.encoder.layers.5.mlp.fc2.bias -- torch.Size([1408])

🔥 Tuned parameter: image_encoder.vision_model.encoder.layers.5.mlp.fc1.weight -- torch.Size([6144, 1408])🔥 Tuned parameter: image_encoder.vision_model.encoder.layers.5.layer_norm2.weight -- torch.Size([1408])

🔥 Tuned parameter: image_encoder.vision_model.encoder.layers.5.mlp.fc1.bias -- torch.Size([6144])🔥 Tuned parameter: image_encoder.vision_model.encoder.layers.5.layer_norm2.bias -- torch.Size([1408])

🔥 Tuned parameter: image_encoder.vision_model.encoder.layers.5.mlp.fc2.weight -- torch.Size([1408, 6144])🔥 Tuned parameter: image_encoder.vision_model.encoder.layers.6.self_attn.qkv.weight -- torch.Size([4224, 1408])

🔥 Tuned parameter: image_encoder.vision_model.encoder.layers.5.mlp.fc2.bias -- torch.Size([1408])🔥 Tuned parameter: image_encoder.vision_model.encoder.layers.6.self_attn.qkv.bias -- torch.Size([4224])

🔥 Tuned parameter: image_encoder.vision_model.encoder.layers.5.layer_norm2.weight -- torch.Size([1408])🔥 Tuned parameter: image_encoder.vision_model.encoder.layers.6.self_attn.projection.weight -- torch.Size([1408, 1408])

🔥 Tuned parameter: image_encoder.vision_model.encoder.layers.5.layer_norm2.bias -- torch.Size([1408])🔥 Tuned parameter: image_encoder.vision_model.encoder.layers.6.self_attn.projection.bias -- torch.Size([1408])

🔥 Tuned parameter: image_encoder.vision_model.encoder.layers.6.self_attn.qkv.weight -- torch.Size([4224, 1408])🔥 Tuned parameter: image_encoder.vision_model.encoder.layers.6.layer_norm1.weight -- torch.Size([1408])

🔥 Tuned parameter: image_encoder.vision_model.encoder.layers.6.self_attn.qkv.bias -- torch.Size([4224])🔥 Tuned parameter: image_encoder.vision_model.encoder.layers.6.layer_norm1.bias -- torch.Size([1408])

🔥 Tuned parameter: image_encoder.vision_model.encoder.layers.6.self_attn.projection.weight -- torch.Size([1408, 1408])🔥 Tuned parameter: image_encoder.vision_model.encoder.layers.6.mlp.fc1.weight -- torch.Size([6144, 1408])

🔥 Tuned parameter: image_encoder.vision_model.encoder.layers.6.self_attn.projection.bias -- torch.Size([1408])🔥 Tuned parameter: image_encoder.vision_model.encoder.layers.6.mlp.fc1.bias -- torch.Size([6144])

🔥 Tuned parameter: image_encoder.vision_model.encoder.layers.6.layer_norm1.weight -- torch.Size([1408])🔥 Tuned parameter: image_encoder.vision_model.encoder.layers.6.mlp.fc2.weight -- torch.Size([1408, 6144])

🔥 Tuned parameter: image_encoder.vision_model.encoder.layers.6.layer_norm1.bias -- torch.Size([1408])🔥 Tuned parameter: image_encoder.vision_model.encoder.layers.6.mlp.fc2.bias -- torch.Size([1408])

🔥 Tuned parameter: image_encoder.vision_model.encoder.layers.6.mlp.fc1.weight -- torch.Size([6144, 1408])🔥 Tuned parameter: image_encoder.vision_model.encoder.layers.6.layer_norm2.weight -- torch.Size([1408])

🔥 Tuned parameter: image_encoder.vision_model.encoder.layers.6.mlp.fc1.bias -- torch.Size([6144])🔥 Tuned parameter: image_encoder.vision_model.encoder.layers.6.layer_norm2.bias -- torch.Size([1408])

🔥 Tuned parameter: image_encoder.vision_model.encoder.layers.6.mlp.fc2.weight -- torch.Size([1408, 6144])🔥 Tuned parameter: image_encoder.vision_model.encoder.layers.7.self_attn.qkv.weight -- torch.Size([4224, 1408])

🔥 Tuned parameter: image_encoder.vision_model.encoder.layers.6.mlp.fc2.bias -- torch.Size([1408])🔥 Tuned parameter: image_encoder.vision_model.encoder.layers.7.self_attn.qkv.bias -- torch.Size([4224])

🔥 Tuned parameter: image_encoder.vision_model.encoder.layers.6.layer_norm2.weight -- torch.Size([1408])🔥 Tuned parameter: image_encoder.vision_model.encoder.layers.7.self_attn.projection.weight -- torch.Size([1408, 1408])

🔥 Tuned parameter: image_encoder.vision_model.encoder.layers.6.layer_norm2.bias -- torch.Size([1408])🔥 Tuned parameter: image_encoder.vision_model.encoder.layers.7.self_attn.projection.bias -- torch.Size([1408])

🔥 Tuned parameter: image_encoder.vision_model.encoder.layers.7.self_attn.qkv.weight -- torch.Size([4224, 1408])🔥 Tuned parameter: image_encoder.vision_model.encoder.layers.7.layer_norm1.weight -- torch.Size([1408])

🔥 Tuned parameter: image_encoder.vision_model.encoder.layers.7.self_attn.qkv.bias -- torch.Size([4224])🔥 Tuned parameter: image_encoder.vision_model.encoder.layers.7.layer_norm1.bias -- torch.Size([1408])

🔥 Tuned parameter: image_encoder.vision_model.encoder.layers.7.self_attn.projection.weight -- torch.Size([1408, 1408])🔥 Tuned parameter: image_encoder.vision_model.encoder.layers.7.mlp.fc1.weight -- torch.Size([6144, 1408])

🔥 Tuned parameter: image_encoder.vision_model.encoder.layers.7.self_attn.projection.bias -- torch.Size([1408])🔥 Tuned parameter: image_encoder.vision_model.encoder.layers.7.mlp.fc1.bias -- torch.Size([6144])

🔥 Tuned parameter: image_encoder.vision_model.encoder.layers.7.layer_norm1.weight -- torch.Size([1408])🔥 Tuned parameter: image_encoder.vision_model.encoder.layers.7.mlp.fc2.weight -- torch.Size([1408, 6144])

🔥 Tuned parameter: image_encoder.vision_model.encoder.layers.7.layer_norm1.bias -- torch.Size([1408])🔥 Tuned parameter: image_encoder.vision_model.encoder.layers.7.mlp.fc2.bias -- torch.Size([1408])

🔥 Tuned parameter: image_encoder.vision_model.encoder.layers.7.mlp.fc1.weight -- torch.Size([6144, 1408])🔥 Tuned parameter: image_encoder.vision_model.encoder.layers.7.layer_norm2.weight -- torch.Size([1408])

🔥 Tuned parameter: image_encoder.vision_model.encoder.layers.7.mlp.fc1.bias -- torch.Size([6144])🔥 Tuned parameter: image_encoder.vision_model.encoder.layers.7.layer_norm2.bias -- torch.Size([1408])

🔥 Tuned parameter: image_encoder.vision_model.encoder.layers.7.mlp.fc2.weight -- torch.Size([1408, 6144])
🔥 Tuned parameter: image_encoder.vision_model.encoder.layers.8.self_attn.qkv.weight -- torch.Size([4224, 1408])🔥 Tuned parameter: image_encoder.vision_model.encoder.layers.7.mlp.fc2.bias -- torch.Size([1408])

🔥 Tuned parameter: image_encoder.vision_model.encoder.layers.8.self_attn.qkv.bias -- torch.Size([4224])🔥 Tuned parameter: image_encoder.vision_model.encoder.layers.7.layer_norm2.weight -- torch.Size([1408])

🔥 Tuned parameter: image_encoder.vision_model.encoder.layers.8.self_attn.projection.weight -- torch.Size([1408, 1408])🔥 Tuned parameter: image_encoder.vision_model.encoder.layers.7.layer_norm2.bias -- torch.Size([1408])

🔥 Tuned parameter: image_encoder.vision_model.encoder.layers.8.self_attn.projection.bias -- torch.Size([1408])
🔥 Tuned parameter: image_encoder.vision_model.encoder.layers.8.self_attn.qkv.weight -- torch.Size([4224, 1408])🔥 Tuned parameter: image_encoder.vision_model.encoder.layers.8.layer_norm1.weight -- torch.Size([1408])

🔥 Tuned parameter: image_encoder.vision_model.encoder.layers.8.self_attn.qkv.bias -- torch.Size([4224])🔥 Tuned parameter: image_encoder.vision_model.encoder.layers.8.layer_norm1.bias -- torch.Size([1408])

🔥 Tuned parameter: image_encoder.vision_model.encoder.layers.8.self_attn.projection.weight -- torch.Size([1408, 1408])🔥 Tuned parameter: image_encoder.vision_model.encoder.layers.8.mlp.fc1.weight -- torch.Size([6144, 1408])

🔥 Tuned parameter: image_encoder.vision_model.encoder.layers.8.self_attn.projection.bias -- torch.Size([1408])🔥 Tuned parameter: image_encoder.vision_model.encoder.layers.8.mlp.fc1.bias -- torch.Size([6144])

🔥 Tuned parameter: image_encoder.vision_model.encoder.layers.8.layer_norm1.weight -- torch.Size([1408])🔥 Tuned parameter: image_encoder.vision_model.encoder.layers.8.mlp.fc2.weight -- torch.Size([1408, 6144])

🔥 Tuned parameter: image_encoder.vision_model.encoder.layers.8.layer_norm1.bias -- torch.Size([1408])🔥 Tuned parameter: image_encoder.vision_model.encoder.layers.8.mlp.fc2.bias -- torch.Size([1408])

🔥 Tuned parameter: image_encoder.vision_model.encoder.layers.8.mlp.fc1.weight -- torch.Size([6144, 1408])🔥 Tuned parameter: image_encoder.vision_model.encoder.layers.8.layer_norm2.weight -- torch.Size([1408])

🔥 Tuned parameter: image_encoder.vision_model.encoder.layers.8.mlp.fc1.bias -- torch.Size([6144])🔥 Tuned parameter: image_encoder.vision_model.encoder.layers.8.layer_norm2.bias -- torch.Size([1408])

🔥 Tuned parameter: image_encoder.vision_model.encoder.layers.8.mlp.fc2.weight -- torch.Size([1408, 6144])🔥 Tuned parameter: image_encoder.vision_model.encoder.layers.9.self_attn.qkv.weight -- torch.Size([4224, 1408])

🔥 Tuned parameter: image_encoder.vision_model.encoder.layers.8.mlp.fc2.bias -- torch.Size([1408])🔥 Tuned parameter: image_encoder.vision_model.encoder.layers.9.self_attn.qkv.bias -- torch.Size([4224])

🔥 Tuned parameter: image_encoder.vision_model.encoder.layers.8.layer_norm2.weight -- torch.Size([1408])🔥 Tuned parameter: image_encoder.vision_model.encoder.layers.9.self_attn.projection.weight -- torch.Size([1408, 1408])

🔥 Tuned parameter: image_encoder.vision_model.encoder.layers.8.layer_norm2.bias -- torch.Size([1408])🔥 Tuned parameter: image_encoder.vision_model.encoder.layers.9.self_attn.projection.bias -- torch.Size([1408])

🔥 Tuned parameter: image_encoder.vision_model.encoder.layers.9.self_attn.qkv.weight -- torch.Size([4224, 1408])🔥 Tuned parameter: image_encoder.vision_model.encoder.layers.9.layer_norm1.weight -- torch.Size([1408])

🔥 Tuned parameter: image_encoder.vision_model.encoder.layers.9.self_attn.qkv.bias -- torch.Size([4224])🔥 Tuned parameter: image_encoder.vision_model.encoder.layers.9.layer_norm1.bias -- torch.Size([1408])

🔥 Tuned parameter: image_encoder.vision_model.encoder.layers.9.self_attn.projection.weight -- torch.Size([1408, 1408])🔥 Tuned parameter: image_encoder.vision_model.encoder.layers.9.mlp.fc1.weight -- torch.Size([6144, 1408])

🔥 Tuned parameter: image_encoder.vision_model.encoder.layers.9.self_attn.projection.bias -- torch.Size([1408])🔥 Tuned parameter: image_encoder.vision_model.encoder.layers.9.mlp.fc1.bias -- torch.Size([6144])

🔥 Tuned parameter: image_encoder.vision_model.encoder.layers.9.layer_norm1.weight -- torch.Size([1408])🔥 Tuned parameter: image_encoder.vision_model.encoder.layers.9.mlp.fc2.weight -- torch.Size([1408, 6144])

🔥 Tuned parameter: image_encoder.vision_model.encoder.layers.9.layer_norm1.bias -- torch.Size([1408])🔥 Tuned parameter: image_encoder.vision_model.encoder.layers.9.mlp.fc2.bias -- torch.Size([1408])

🔥 Tuned parameter: image_encoder.vision_model.encoder.layers.9.mlp.fc1.weight -- torch.Size([6144, 1408])🔥 Tuned parameter: image_encoder.vision_model.encoder.layers.9.layer_norm2.weight -- torch.Size([1408])

🔥 Tuned parameter: image_encoder.vision_model.encoder.layers.9.mlp.fc1.bias -- torch.Size([6144])🔥 Tuned parameter: image_encoder.vision_model.encoder.layers.9.layer_norm2.bias -- torch.Size([1408])

🔥 Tuned parameter: image_encoder.vision_model.encoder.layers.9.mlp.fc2.weight -- torch.Size([1408, 6144])🔥 Tuned parameter: image_encoder.vision_model.encoder.layers.10.self_attn.qkv.weight -- torch.Size([4224, 1408])

🔥 Tuned parameter: image_encoder.vision_model.encoder.layers.9.mlp.fc2.bias -- torch.Size([1408])🔥 Tuned parameter: image_encoder.vision_model.encoder.layers.10.self_attn.qkv.bias -- torch.Size([4224])

🔥 Tuned parameter: image_encoder.vision_model.encoder.layers.9.layer_norm2.weight -- torch.Size([1408])🔥 Tuned parameter: image_encoder.vision_model.encoder.layers.10.self_attn.projection.weight -- torch.Size([1408, 1408])

🔥 Tuned parameter: image_encoder.vision_model.encoder.layers.9.layer_norm2.bias -- torch.Size([1408])🔥 Tuned parameter: image_encoder.vision_model.encoder.layers.10.self_attn.projection.bias -- torch.Size([1408])

🔥 Tuned parameter: image_encoder.vision_model.encoder.layers.10.self_attn.qkv.weight -- torch.Size([4224, 1408])🔥 Tuned parameter: image_encoder.vision_model.encoder.layers.10.layer_norm1.weight -- torch.Size([1408])

🔥 Tuned parameter: image_encoder.vision_model.encoder.layers.10.self_attn.qkv.bias -- torch.Size([4224])🔥 Tuned parameter: image_encoder.vision_model.encoder.layers.10.layer_norm1.bias -- torch.Size([1408])

🔥 Tuned parameter: image_encoder.vision_model.encoder.layers.10.self_attn.projection.weight -- torch.Size([1408, 1408])🔥 Tuned parameter: image_encoder.vision_model.encoder.layers.10.mlp.fc1.weight -- torch.Size([6144, 1408])

🔥 Tuned parameter: image_encoder.vision_model.encoder.layers.10.self_attn.projection.bias -- torch.Size([1408])🔥 Tuned parameter: image_encoder.vision_model.encoder.layers.10.mlp.fc1.bias -- torch.Size([6144])

🔥 Tuned parameter: image_encoder.vision_model.encoder.layers.10.layer_norm1.weight -- torch.Size([1408])🔥 Tuned parameter: image_encoder.vision_model.encoder.layers.10.mlp.fc2.weight -- torch.Size([1408, 6144])

🔥 Tuned parameter: image_encoder.vision_model.encoder.layers.10.layer_norm1.bias -- torch.Size([1408])🔥 Tuned parameter: image_encoder.vision_model.encoder.layers.10.mlp.fc2.bias -- torch.Size([1408])

🔥 Tuned parameter: image_encoder.vision_model.encoder.layers.10.mlp.fc1.weight -- torch.Size([6144, 1408])🔥 Tuned parameter: image_encoder.vision_model.encoder.layers.10.layer_norm2.weight -- torch.Size([1408])

🔥 Tuned parameter: image_encoder.vision_model.encoder.layers.10.mlp.fc1.bias -- torch.Size([6144])🔥 Tuned parameter: image_encoder.vision_model.encoder.layers.10.layer_norm2.bias -- torch.Size([1408])

🔥 Tuned parameter: image_encoder.vision_model.encoder.layers.10.mlp.fc2.weight -- torch.Size([1408, 6144])🔥 Tuned parameter: image_encoder.vision_model.encoder.layers.11.self_attn.qkv.weight -- torch.Size([4224, 1408])

🔥 Tuned parameter: image_encoder.vision_model.encoder.layers.10.mlp.fc2.bias -- torch.Size([1408])🔥 Tuned parameter: image_encoder.vision_model.encoder.layers.11.self_attn.qkv.bias -- torch.Size([4224])

🔥 Tuned parameter: image_encoder.vision_model.encoder.layers.10.layer_norm2.weight -- torch.Size([1408])🔥 Tuned parameter: image_encoder.vision_model.encoder.layers.11.self_attn.projection.weight -- torch.Size([1408, 1408])

🔥 Tuned parameter: image_encoder.vision_model.encoder.layers.10.layer_norm2.bias -- torch.Size([1408])🔥 Tuned parameter: image_encoder.vision_model.encoder.layers.11.self_attn.projection.bias -- torch.Size([1408])

🔥 Tuned parameter: image_encoder.vision_model.encoder.layers.11.self_attn.qkv.weight -- torch.Size([4224, 1408])🔥 Tuned parameter: image_encoder.vision_model.encoder.layers.11.layer_norm1.weight -- torch.Size([1408])

🔥 Tuned parameter: image_encoder.vision_model.encoder.layers.11.self_attn.qkv.bias -- torch.Size([4224])🔥 Tuned parameter: image_encoder.vision_model.encoder.layers.11.layer_norm1.bias -- torch.Size([1408])

🔥 Tuned parameter: image_encoder.vision_model.encoder.layers.11.self_attn.projection.weight -- torch.Size([1408, 1408])🔥 Tuned parameter: image_encoder.vision_model.encoder.layers.11.mlp.fc1.weight -- torch.Size([6144, 1408])

🔥 Tuned parameter: image_encoder.vision_model.encoder.layers.11.self_attn.projection.bias -- torch.Size([1408])🔥 Tuned parameter: image_encoder.vision_model.encoder.layers.11.mlp.fc1.bias -- torch.Size([6144])

🔥 Tuned parameter: image_encoder.vision_model.encoder.layers.11.layer_norm1.weight -- torch.Size([1408])🔥 Tuned parameter: image_encoder.vision_model.encoder.layers.11.mlp.fc2.weight -- torch.Size([1408, 6144])

🔥 Tuned parameter: image_encoder.vision_model.encoder.layers.11.layer_norm1.bias -- torch.Size([1408])🔥 Tuned parameter: image_encoder.vision_model.encoder.layers.11.mlp.fc2.bias -- torch.Size([1408])

🔥 Tuned parameter: image_encoder.vision_model.encoder.layers.11.mlp.fc1.weight -- torch.Size([6144, 1408])🔥 Tuned parameter: image_encoder.vision_model.encoder.layers.11.layer_norm2.weight -- torch.Size([1408])

🔥 Tuned parameter: image_encoder.vision_model.encoder.layers.11.mlp.fc1.bias -- torch.Size([6144])🔥 Tuned parameter: image_encoder.vision_model.encoder.layers.11.layer_norm2.bias -- torch.Size([1408])

🔥 Tuned parameter: image_encoder.vision_model.encoder.layers.11.mlp.fc2.weight -- torch.Size([1408, 6144])🔥 Tuned parameter: image_encoder.vision_model.encoder.layers.12.self_attn.qkv.weight -- torch.Size([4224, 1408])

🔥 Tuned parameter: image_encoder.vision_model.encoder.layers.11.mlp.fc2.bias -- torch.Size([1408])🔥 Tuned parameter: image_encoder.vision_model.encoder.layers.12.self_attn.qkv.bias -- torch.Size([4224])

🔥 Tuned parameter: image_encoder.vision_model.encoder.layers.11.layer_norm2.weight -- torch.Size([1408])🔥 Tuned parameter: image_encoder.vision_model.encoder.layers.12.self_attn.projection.weight -- torch.Size([1408, 1408])

🔥 Tuned parameter: image_encoder.vision_model.encoder.layers.11.layer_norm2.bias -- torch.Size([1408])🔥 Tuned parameter: image_encoder.vision_model.encoder.layers.12.self_attn.projection.bias -- torch.Size([1408])

🔥 Tuned parameter: image_encoder.vision_model.encoder.layers.12.self_attn.qkv.weight -- torch.Size([4224, 1408])🔥 Tuned parameter: image_encoder.vision_model.encoder.layers.12.layer_norm1.weight -- torch.Size([1408])

🔥 Tuned parameter: image_encoder.vision_model.encoder.layers.12.self_attn.qkv.bias -- torch.Size([4224])🔥 Tuned parameter: image_encoder.vision_model.encoder.layers.12.layer_norm1.bias -- torch.Size([1408])

🔥 Tuned parameter: image_encoder.vision_model.encoder.layers.12.self_attn.projection.weight -- torch.Size([1408, 1408])🔥 Tuned parameter: image_encoder.vision_model.encoder.layers.12.mlp.fc1.weight -- torch.Size([6144, 1408])

🔥 Tuned parameter: image_encoder.vision_model.encoder.layers.12.self_attn.projection.bias -- torch.Size([1408])🔥 Tuned parameter: image_encoder.vision_model.encoder.layers.12.mlp.fc1.bias -- torch.Size([6144])

🔥 Tuned parameter: image_encoder.vision_model.encoder.layers.12.layer_norm1.weight -- torch.Size([1408])🔥 Tuned parameter: image_encoder.vision_model.encoder.layers.12.mlp.fc2.weight -- torch.Size([1408, 6144])

🔥 Tuned parameter: image_encoder.vision_model.encoder.layers.12.layer_norm1.bias -- torch.Size([1408])🔥 Tuned parameter: image_encoder.vision_model.encoder.layers.12.mlp.fc2.bias -- torch.Size([1408])

🔥 Tuned parameter: image_encoder.vision_model.encoder.layers.12.mlp.fc1.weight -- torch.Size([6144, 1408])🔥 Tuned parameter: image_encoder.vision_model.encoder.layers.12.layer_norm2.weight -- torch.Size([1408])

🔥 Tuned parameter: image_encoder.vision_model.encoder.layers.12.mlp.fc1.bias -- torch.Size([6144])🔥 Tuned parameter: image_encoder.vision_model.encoder.layers.12.layer_norm2.bias -- torch.Size([1408])

🔥 Tuned parameter: image_encoder.vision_model.encoder.layers.12.mlp.fc2.weight -- torch.Size([1408, 6144])🔥 Tuned parameter: image_encoder.vision_model.encoder.layers.13.self_attn.qkv.weight -- torch.Size([4224, 1408])

🔥 Tuned parameter: image_encoder.vision_model.encoder.layers.12.mlp.fc2.bias -- torch.Size([1408])🔥 Tuned parameter: image_encoder.vision_model.encoder.layers.13.self_attn.qkv.bias -- torch.Size([4224])

🔥 Tuned parameter: image_encoder.vision_model.encoder.layers.12.layer_norm2.weight -- torch.Size([1408])🔥 Tuned parameter: image_encoder.vision_model.encoder.layers.13.self_attn.projection.weight -- torch.Size([1408, 1408])

🔥 Tuned parameter: image_encoder.vision_model.encoder.layers.12.layer_norm2.bias -- torch.Size([1408])🔥 Tuned parameter: image_encoder.vision_model.encoder.layers.13.self_attn.projection.bias -- torch.Size([1408])

🔥 Tuned parameter: image_encoder.vision_model.encoder.layers.13.self_attn.qkv.weight -- torch.Size([4224, 1408])🔥 Tuned parameter: image_encoder.vision_model.encoder.layers.13.layer_norm1.weight -- torch.Size([1408])

🔥 Tuned parameter: image_encoder.vision_model.encoder.layers.13.self_attn.qkv.bias -- torch.Size([4224])🔥 Tuned parameter: image_encoder.vision_model.encoder.layers.13.layer_norm1.bias -- torch.Size([1408])

🔥 Tuned parameter: image_encoder.vision_model.encoder.layers.13.self_attn.projection.weight -- torch.Size([1408, 1408])🔥 Tuned parameter: image_encoder.vision_model.encoder.layers.13.mlp.fc1.weight -- torch.Size([6144, 1408])

🔥 Tuned parameter: image_encoder.vision_model.encoder.layers.13.self_attn.projection.bias -- torch.Size([1408])🔥 Tuned parameter: image_encoder.vision_model.encoder.layers.13.mlp.fc1.bias -- torch.Size([6144])

🔥 Tuned parameter: image_encoder.vision_model.encoder.layers.13.layer_norm1.weight -- torch.Size([1408])🔥 Tuned parameter: image_encoder.vision_model.encoder.layers.13.mlp.fc2.weight -- torch.Size([1408, 6144])

🔥 Tuned parameter: image_encoder.vision_model.encoder.layers.13.layer_norm1.bias -- torch.Size([1408])🔥 Tuned parameter: image_encoder.vision_model.encoder.layers.13.mlp.fc2.bias -- torch.Size([1408])

🔥 Tuned parameter: image_encoder.vision_model.encoder.layers.13.mlp.fc1.weight -- torch.Size([6144, 1408])🔥 Tuned parameter: image_encoder.vision_model.encoder.layers.13.layer_norm2.weight -- torch.Size([1408])

🔥 Tuned parameter: image_encoder.vision_model.encoder.layers.13.mlp.fc1.bias -- torch.Size([6144])🔥 Tuned parameter: image_encoder.vision_model.encoder.layers.13.layer_norm2.bias -- torch.Size([1408])

🔥 Tuned parameter: image_encoder.vision_model.encoder.layers.13.mlp.fc2.weight -- torch.Size([1408, 6144])🔥 Tuned parameter: image_encoder.vision_model.encoder.layers.14.self_attn.qkv.weight -- torch.Size([4224, 1408])

🔥 Tuned parameter: image_encoder.vision_model.encoder.layers.13.mlp.fc2.bias -- torch.Size([1408])🔥 Tuned parameter: image_encoder.vision_model.encoder.layers.14.self_attn.qkv.bias -- torch.Size([4224])

🔥 Tuned parameter: image_encoder.vision_model.encoder.layers.13.layer_norm2.weight -- torch.Size([1408])🔥 Tuned parameter: image_encoder.vision_model.encoder.layers.14.self_attn.projection.weight -- torch.Size([1408, 1408])

🔥 Tuned parameter: image_encoder.vision_model.encoder.layers.13.layer_norm2.bias -- torch.Size([1408])🔥 Tuned parameter: image_encoder.vision_model.encoder.layers.14.self_attn.projection.bias -- torch.Size([1408])

🔥 Tuned parameter: image_encoder.vision_model.encoder.layers.14.self_attn.qkv.weight -- torch.Size([4224, 1408])🔥 Tuned parameter: image_encoder.vision_model.encoder.layers.14.layer_norm1.weight -- torch.Size([1408])

🔥 Tuned parameter: image_encoder.vision_model.encoder.layers.14.self_attn.qkv.bias -- torch.Size([4224])🔥 Tuned parameter: image_encoder.vision_model.encoder.layers.14.layer_norm1.bias -- torch.Size([1408])

🔥 Tuned parameter: image_encoder.vision_model.encoder.layers.14.self_attn.projection.weight -- torch.Size([1408, 1408])🔥 Tuned parameter: image_encoder.vision_model.encoder.layers.14.mlp.fc1.weight -- torch.Size([6144, 1408])

🔥 Tuned parameter: image_encoder.vision_model.encoder.layers.14.self_attn.projection.bias -- torch.Size([1408])🔥 Tuned parameter: image_encoder.vision_model.encoder.layers.14.mlp.fc1.bias -- torch.Size([6144])

🔥 Tuned parameter: image_encoder.vision_model.encoder.layers.14.layer_norm1.weight -- torch.Size([1408])🔥 Tuned parameter: image_encoder.vision_model.encoder.layers.14.mlp.fc2.weight -- torch.Size([1408, 6144])

🔥 Tuned parameter: image_encoder.vision_model.encoder.layers.14.layer_norm1.bias -- torch.Size([1408])🔥 Tuned parameter: image_encoder.vision_model.encoder.layers.14.mlp.fc2.bias -- torch.Size([1408])

🔥 Tuned parameter: image_encoder.vision_model.encoder.layers.14.mlp.fc1.weight -- torch.Size([6144, 1408])🔥 Tuned parameter: image_encoder.vision_model.encoder.layers.14.layer_norm2.weight -- torch.Size([1408])

🔥 Tuned parameter: image_encoder.vision_model.encoder.layers.14.mlp.fc1.bias -- torch.Size([6144])🔥 Tuned parameter: image_encoder.vision_model.encoder.layers.14.layer_norm2.bias -- torch.Size([1408])

🔥 Tuned parameter: image_encoder.vision_model.encoder.layers.14.mlp.fc2.weight -- torch.Size([1408, 6144])🔥 Tuned parameter: image_encoder.vision_model.encoder.layers.15.self_attn.qkv.weight -- torch.Size([4224, 1408])

🔥 Tuned parameter: image_encoder.vision_model.encoder.layers.14.mlp.fc2.bias -- torch.Size([1408])🔥 Tuned parameter: image_encoder.vision_model.encoder.layers.15.self_attn.qkv.bias -- torch.Size([4224])

🔥 Tuned parameter: image_encoder.vision_model.encoder.layers.14.layer_norm2.weight -- torch.Size([1408])🔥 Tuned parameter: image_encoder.vision_model.encoder.layers.15.self_attn.projection.weight -- torch.Size([1408, 1408])

🔥 Tuned parameter: image_encoder.vision_model.encoder.layers.14.layer_norm2.bias -- torch.Size([1408])🔥 Tuned parameter: image_encoder.vision_model.encoder.layers.15.self_attn.projection.bias -- torch.Size([1408])

🔥 Tuned parameter: image_encoder.vision_model.encoder.layers.15.self_attn.qkv.weight -- torch.Size([4224, 1408])🔥 Tuned parameter: image_encoder.vision_model.encoder.layers.15.layer_norm1.weight -- torch.Size([1408])

🔥 Tuned parameter: image_encoder.vision_model.encoder.layers.15.self_attn.qkv.bias -- torch.Size([4224])🔥 Tuned parameter: image_encoder.vision_model.encoder.layers.15.layer_norm1.bias -- torch.Size([1408])

🔥 Tuned parameter: image_encoder.vision_model.encoder.layers.15.self_attn.projection.weight -- torch.Size([1408, 1408])🔥 Tuned parameter: image_encoder.vision_model.encoder.layers.15.mlp.fc1.weight -- torch.Size([6144, 1408])

🔥 Tuned parameter: image_encoder.vision_model.encoder.layers.15.self_attn.projection.bias -- torch.Size([1408])🔥 Tuned parameter: image_encoder.vision_model.encoder.layers.15.mlp.fc1.bias -- torch.Size([6144])

🔥 Tuned parameter: image_encoder.vision_model.encoder.layers.15.layer_norm1.weight -- torch.Size([1408])🔥 Tuned parameter: image_encoder.vision_model.encoder.layers.15.mlp.fc2.weight -- torch.Size([1408, 6144])

🔥 Tuned parameter: image_encoder.vision_model.encoder.layers.15.layer_norm1.bias -- torch.Size([1408])🔥 Tuned parameter: image_encoder.vision_model.encoder.layers.15.mlp.fc2.bias -- torch.Size([1408])

🔥 Tuned parameter: image_encoder.vision_model.encoder.layers.15.mlp.fc1.weight -- torch.Size([6144, 1408])🔥 Tuned parameter: image_encoder.vision_model.encoder.layers.15.layer_norm2.weight -- torch.Size([1408])

🔥 Tuned parameter: image_encoder.vision_model.encoder.layers.15.mlp.fc1.bias -- torch.Size([6144])🔥 Tuned parameter: image_encoder.vision_model.encoder.layers.15.layer_norm2.bias -- torch.Size([1408])

🔥 Tuned parameter: image_encoder.vision_model.encoder.layers.15.mlp.fc2.weight -- torch.Size([1408, 6144])🔥 Tuned parameter: image_encoder.vision_model.encoder.layers.16.self_attn.qkv.weight -- torch.Size([4224, 1408])

🔥 Tuned parameter: image_encoder.vision_model.encoder.layers.15.mlp.fc2.bias -- torch.Size([1408])🔥 Tuned parameter: image_encoder.vision_model.encoder.layers.16.self_attn.qkv.bias -- torch.Size([4224])

🔥 Tuned parameter: image_encoder.vision_model.encoder.layers.15.layer_norm2.weight -- torch.Size([1408])🔥 Tuned parameter: image_encoder.vision_model.encoder.layers.16.self_attn.projection.weight -- torch.Size([1408, 1408])

🔥 Tuned parameter: image_encoder.vision_model.encoder.layers.15.layer_norm2.bias -- torch.Size([1408])🔥 Tuned parameter: image_encoder.vision_model.encoder.layers.16.self_attn.projection.bias -- torch.Size([1408])

🔥 Tuned parameter: image_encoder.vision_model.encoder.layers.16.self_attn.qkv.weight -- torch.Size([4224, 1408])🔥 Tuned parameter: image_encoder.vision_model.encoder.layers.16.layer_norm1.weight -- torch.Size([1408])

🔥 Tuned parameter: image_encoder.vision_model.encoder.layers.16.self_attn.qkv.bias -- torch.Size([4224])🔥 Tuned parameter: image_encoder.vision_model.encoder.layers.16.layer_norm1.bias -- torch.Size([1408])

🔥 Tuned parameter: image_encoder.vision_model.encoder.layers.16.self_attn.projection.weight -- torch.Size([1408, 1408])🔥 Tuned parameter: image_encoder.vision_model.encoder.layers.16.mlp.fc1.weight -- torch.Size([6144, 1408])

🔥 Tuned parameter: image_encoder.vision_model.encoder.layers.16.self_attn.projection.bias -- torch.Size([1408])🔥 Tuned parameter: image_encoder.vision_model.encoder.layers.16.mlp.fc1.bias -- torch.Size([6144])

🔥 Tuned parameter: image_encoder.vision_model.encoder.layers.16.layer_norm1.weight -- torch.Size([1408])🔥 Tuned parameter: image_encoder.vision_model.encoder.layers.16.mlp.fc2.weight -- torch.Size([1408, 6144])

🔥 Tuned parameter: image_encoder.vision_model.encoder.layers.16.layer_norm1.bias -- torch.Size([1408])🔥 Tuned parameter: image_encoder.vision_model.encoder.layers.16.mlp.fc2.bias -- torch.Size([1408])

🔥 Tuned parameter: image_encoder.vision_model.encoder.layers.16.mlp.fc1.weight -- torch.Size([6144, 1408])🔥 Tuned parameter: image_encoder.vision_model.encoder.layers.16.layer_norm2.weight -- torch.Size([1408])

🔥 Tuned parameter: image_encoder.vision_model.encoder.layers.16.mlp.fc1.bias -- torch.Size([6144])🔥 Tuned parameter: image_encoder.vision_model.encoder.layers.16.layer_norm2.bias -- torch.Size([1408])

🔥 Tuned parameter: image_encoder.vision_model.encoder.layers.16.mlp.fc2.weight -- torch.Size([1408, 6144])🔥 Tuned parameter: image_encoder.vision_model.encoder.layers.17.self_attn.qkv.weight -- torch.Size([4224, 1408])

🔥 Tuned parameter: image_encoder.vision_model.encoder.layers.16.mlp.fc2.bias -- torch.Size([1408])🔥 Tuned parameter: image_encoder.vision_model.encoder.layers.17.self_attn.qkv.bias -- torch.Size([4224])

🔥 Tuned parameter: image_encoder.vision_model.encoder.layers.16.layer_norm2.weight -- torch.Size([1408])🔥 Tuned parameter: image_encoder.vision_model.encoder.layers.17.self_attn.projection.weight -- torch.Size([1408, 1408])

🔥 Tuned parameter: image_encoder.vision_model.encoder.layers.16.layer_norm2.bias -- torch.Size([1408])🔥 Tuned parameter: image_encoder.vision_model.encoder.layers.17.self_attn.projection.bias -- torch.Size([1408])

🔥 Tuned parameter: image_encoder.vision_model.encoder.layers.17.self_attn.qkv.weight -- torch.Size([4224, 1408])🔥 Tuned parameter: image_encoder.vision_model.encoder.layers.17.layer_norm1.weight -- torch.Size([1408])

🔥 Tuned parameter: image_encoder.vision_model.encoder.layers.17.self_attn.qkv.bias -- torch.Size([4224])🔥 Tuned parameter: image_encoder.vision_model.encoder.layers.17.layer_norm1.bias -- torch.Size([1408])

🔥 Tuned parameter: image_encoder.vision_model.encoder.layers.17.self_attn.projection.weight -- torch.Size([1408, 1408])🔥 Tuned parameter: image_encoder.vision_model.encoder.layers.17.mlp.fc1.weight -- torch.Size([6144, 1408])

🔥 Tuned parameter: image_encoder.vision_model.encoder.layers.17.self_attn.projection.bias -- torch.Size([1408])🔥 Tuned parameter: image_encoder.vision_model.encoder.layers.17.mlp.fc1.bias -- torch.Size([6144])

🔥 Tuned parameter: image_encoder.vision_model.encoder.layers.17.layer_norm1.weight -- torch.Size([1408])🔥 Tuned parameter: image_encoder.vision_model.encoder.layers.17.mlp.fc2.weight -- torch.Size([1408, 6144])

🔥 Tuned parameter: image_encoder.vision_model.encoder.layers.17.layer_norm1.bias -- torch.Size([1408])🔥 Tuned parameter: image_encoder.vision_model.encoder.layers.17.mlp.fc2.bias -- torch.Size([1408])

🔥 Tuned parameter: image_encoder.vision_model.encoder.layers.17.mlp.fc1.weight -- torch.Size([6144, 1408])🔥 Tuned parameter: image_encoder.vision_model.encoder.layers.17.layer_norm2.weight -- torch.Size([1408])

🔥 Tuned parameter: image_encoder.vision_model.encoder.layers.17.mlp.fc1.bias -- torch.Size([6144])🔥 Tuned parameter: image_encoder.vision_model.encoder.layers.17.layer_norm2.bias -- torch.Size([1408])

🔥 Tuned parameter: image_encoder.vision_model.encoder.layers.17.mlp.fc2.weight -- torch.Size([1408, 6144])🔥 Tuned parameter: image_encoder.vision_model.encoder.layers.18.self_attn.qkv.weight -- torch.Size([4224, 1408])

🔥 Tuned parameter: image_encoder.vision_model.encoder.layers.17.mlp.fc2.bias -- torch.Size([1408])🔥 Tuned parameter: image_encoder.vision_model.encoder.layers.18.self_attn.qkv.bias -- torch.Size([4224])

🔥 Tuned parameter: image_encoder.vision_model.encoder.layers.17.layer_norm2.weight -- torch.Size([1408])🔥 Tuned parameter: image_encoder.vision_model.encoder.layers.18.self_attn.projection.weight -- torch.Size([1408, 1408])

🔥 Tuned parameter: image_encoder.vision_model.encoder.layers.17.layer_norm2.bias -- torch.Size([1408])🔥 Tuned parameter: image_encoder.vision_model.encoder.layers.18.self_attn.projection.bias -- torch.Size([1408])

🔥 Tuned parameter: image_encoder.vision_model.encoder.layers.18.self_attn.qkv.weight -- torch.Size([4224, 1408])🔥 Tuned parameter: image_encoder.vision_model.encoder.layers.18.layer_norm1.weight -- torch.Size([1408])

🔥 Tuned parameter: image_encoder.vision_model.encoder.layers.18.self_attn.qkv.bias -- torch.Size([4224])🔥 Tuned parameter: image_encoder.vision_model.encoder.layers.18.layer_norm1.bias -- torch.Size([1408])

🔥 Tuned parameter: image_encoder.vision_model.encoder.layers.18.self_attn.projection.weight -- torch.Size([1408, 1408])🔥 Tuned parameter: image_encoder.vision_model.encoder.layers.18.mlp.fc1.weight -- torch.Size([6144, 1408])

🔥 Tuned parameter: image_encoder.vision_model.encoder.layers.18.self_attn.projection.bias -- torch.Size([1408])🔥 Tuned parameter: image_encoder.vision_model.encoder.layers.18.mlp.fc1.bias -- torch.Size([6144])

🔥 Tuned parameter: image_encoder.vision_model.encoder.layers.18.layer_norm1.weight -- torch.Size([1408])🔥 Tuned parameter: image_encoder.vision_model.encoder.layers.18.mlp.fc2.weight -- torch.Size([1408, 6144])

🔥 Tuned parameter: image_encoder.vision_model.encoder.layers.18.layer_norm1.bias -- torch.Size([1408])🔥 Tuned parameter: image_encoder.vision_model.encoder.layers.18.mlp.fc2.bias -- torch.Size([1408])

🔥 Tuned parameter: image_encoder.vision_model.encoder.layers.18.mlp.fc1.weight -- torch.Size([6144, 1408])🔥 Tuned parameter: image_encoder.vision_model.encoder.layers.18.layer_norm2.weight -- torch.Size([1408])

🔥 Tuned parameter: image_encoder.vision_model.encoder.layers.18.mlp.fc1.bias -- torch.Size([6144])🔥 Tuned parameter: image_encoder.vision_model.encoder.layers.18.layer_norm2.bias -- torch.Size([1408])

🔥 Tuned parameter: image_encoder.vision_model.encoder.layers.18.mlp.fc2.weight -- torch.Size([1408, 6144])🔥 Tuned parameter: image_encoder.vision_model.encoder.layers.19.self_attn.qkv.weight -- torch.Size([4224, 1408])

🔥 Tuned parameter: image_encoder.vision_model.encoder.layers.18.mlp.fc2.bias -- torch.Size([1408])🔥 Tuned parameter: image_encoder.vision_model.encoder.layers.19.self_attn.qkv.bias -- torch.Size([4224])

🔥 Tuned parameter: image_encoder.vision_model.encoder.layers.18.layer_norm2.weight -- torch.Size([1408])🔥 Tuned parameter: image_encoder.vision_model.encoder.layers.19.self_attn.projection.weight -- torch.Size([1408, 1408])

🔥 Tuned parameter: image_encoder.vision_model.encoder.layers.18.layer_norm2.bias -- torch.Size([1408])🔥 Tuned parameter: image_encoder.vision_model.encoder.layers.19.self_attn.projection.bias -- torch.Size([1408])

🔥 Tuned parameter: image_encoder.vision_model.encoder.layers.19.self_attn.qkv.weight -- torch.Size([4224, 1408])🔥 Tuned parameter: image_encoder.vision_model.encoder.layers.19.layer_norm1.weight -- torch.Size([1408])

🔥 Tuned parameter: image_encoder.vision_model.encoder.layers.19.self_attn.qkv.bias -- torch.Size([4224])🔥 Tuned parameter: image_encoder.vision_model.encoder.layers.19.layer_norm1.bias -- torch.Size([1408])

🔥 Tuned parameter: image_encoder.vision_model.encoder.layers.19.self_attn.projection.weight -- torch.Size([1408, 1408])🔥 Tuned parameter: image_encoder.vision_model.encoder.layers.19.mlp.fc1.weight -- torch.Size([6144, 1408])

🔥 Tuned parameter: image_encoder.vision_model.encoder.layers.19.self_attn.projection.bias -- torch.Size([1408])🔥 Tuned parameter: image_encoder.vision_model.encoder.layers.19.mlp.fc1.bias -- torch.Size([6144])

🔥 Tuned parameter: image_encoder.vision_model.encoder.layers.19.layer_norm1.weight -- torch.Size([1408])🔥 Tuned parameter: image_encoder.vision_model.encoder.layers.19.mlp.fc2.weight -- torch.Size([1408, 6144])

🔥 Tuned parameter: image_encoder.vision_model.encoder.layers.19.layer_norm1.bias -- torch.Size([1408])🔥 Tuned parameter: image_encoder.vision_model.encoder.layers.19.mlp.fc2.bias -- torch.Size([1408])

🔥 Tuned parameter: image_encoder.vision_model.encoder.layers.19.mlp.fc1.weight -- torch.Size([6144, 1408])🔥 Tuned parameter: image_encoder.vision_model.encoder.layers.19.layer_norm2.weight -- torch.Size([1408])

🔥 Tuned parameter: image_encoder.vision_model.encoder.layers.19.mlp.fc1.bias -- torch.Size([6144])🔥 Tuned parameter: image_encoder.vision_model.encoder.layers.19.layer_norm2.bias -- torch.Size([1408])

🔥 Tuned parameter: image_encoder.vision_model.encoder.layers.19.mlp.fc2.weight -- torch.Size([1408, 6144])🔥 Tuned parameter: image_encoder.vision_model.encoder.layers.20.self_attn.qkv.weight -- torch.Size([4224, 1408])

🔥 Tuned parameter: image_encoder.vision_model.encoder.layers.19.mlp.fc2.bias -- torch.Size([1408])🔥 Tuned parameter: image_encoder.vision_model.encoder.layers.20.self_attn.qkv.bias -- torch.Size([4224])

🔥 Tuned parameter: image_encoder.vision_model.encoder.layers.19.layer_norm2.weight -- torch.Size([1408])🔥 Tuned parameter: image_encoder.vision_model.encoder.layers.20.self_attn.projection.weight -- torch.Size([1408, 1408])

🔥 Tuned parameter: image_encoder.vision_model.encoder.layers.19.layer_norm2.bias -- torch.Size([1408])🔥 Tuned parameter: image_encoder.vision_model.encoder.layers.20.self_attn.projection.bias -- torch.Size([1408])

🔥 Tuned parameter: image_encoder.vision_model.encoder.layers.20.self_attn.qkv.weight -- torch.Size([4224, 1408])🔥 Tuned parameter: image_encoder.vision_model.encoder.layers.20.layer_norm1.weight -- torch.Size([1408])

🔥 Tuned parameter: image_encoder.vision_model.encoder.layers.20.self_attn.qkv.bias -- torch.Size([4224])🔥 Tuned parameter: image_encoder.vision_model.encoder.layers.20.layer_norm1.bias -- torch.Size([1408])

🔥 Tuned parameter: image_encoder.vision_model.encoder.layers.20.self_attn.projection.weight -- torch.Size([1408, 1408])🔥 Tuned parameter: image_encoder.vision_model.encoder.layers.20.mlp.fc1.weight -- torch.Size([6144, 1408])

🔥 Tuned parameter: image_encoder.vision_model.encoder.layers.20.self_attn.projection.bias -- torch.Size([1408])🔥 Tuned parameter: image_encoder.vision_model.encoder.layers.20.mlp.fc1.bias -- torch.Size([6144])

🔥 Tuned parameter: image_encoder.vision_model.encoder.layers.20.layer_norm1.weight -- torch.Size([1408])🔥 Tuned parameter: image_encoder.vision_model.encoder.layers.20.mlp.fc2.weight -- torch.Size([1408, 6144])

🔥 Tuned parameter: image_encoder.vision_model.encoder.layers.20.layer_norm1.bias -- torch.Size([1408])🔥 Tuned parameter: image_encoder.vision_model.encoder.layers.20.mlp.fc2.bias -- torch.Size([1408])

🔥 Tuned parameter: image_encoder.vision_model.encoder.layers.20.mlp.fc1.weight -- torch.Size([6144, 1408])🔥 Tuned parameter: image_encoder.vision_model.encoder.layers.20.layer_norm2.weight -- torch.Size([1408])

🔥 Tuned parameter: image_encoder.vision_model.encoder.layers.20.mlp.fc1.bias -- torch.Size([6144])🔥 Tuned parameter: image_encoder.vision_model.encoder.layers.20.layer_norm2.bias -- torch.Size([1408])

🔥 Tuned parameter: image_encoder.vision_model.encoder.layers.20.mlp.fc2.weight -- torch.Size([1408, 6144])🔥 Tuned parameter: image_encoder.vision_model.encoder.layers.21.self_attn.qkv.weight -- torch.Size([4224, 1408])

🔥 Tuned parameter: image_encoder.vision_model.encoder.layers.20.mlp.fc2.bias -- torch.Size([1408])🔥 Tuned parameter: image_encoder.vision_model.encoder.layers.21.self_attn.qkv.bias -- torch.Size([4224])

🔥 Tuned parameter: image_encoder.vision_model.encoder.layers.20.layer_norm2.weight -- torch.Size([1408])🔥 Tuned parameter: image_encoder.vision_model.encoder.layers.21.self_attn.projection.weight -- torch.Size([1408, 1408])

🔥 Tuned parameter: image_encoder.vision_model.encoder.layers.20.layer_norm2.bias -- torch.Size([1408])🔥 Tuned parameter: image_encoder.vision_model.encoder.layers.21.self_attn.projection.bias -- torch.Size([1408])

🔥 Tuned parameter: image_encoder.vision_model.encoder.layers.21.self_attn.qkv.weight -- torch.Size([4224, 1408])🔥 Tuned parameter: image_encoder.vision_model.encoder.layers.21.layer_norm1.weight -- torch.Size([1408])

🔥 Tuned parameter: image_encoder.vision_model.encoder.layers.21.self_attn.qkv.bias -- torch.Size([4224])🔥 Tuned parameter: image_encoder.vision_model.encoder.layers.21.layer_norm1.bias -- torch.Size([1408])

🔥 Tuned parameter: image_encoder.vision_model.encoder.layers.21.self_attn.projection.weight -- torch.Size([1408, 1408])🔥 Tuned parameter: image_encoder.vision_model.encoder.layers.21.mlp.fc1.weight -- torch.Size([6144, 1408])

🔥 Tuned parameter: image_encoder.vision_model.encoder.layers.21.self_attn.projection.bias -- torch.Size([1408])🔥 Tuned parameter: image_encoder.vision_model.encoder.layers.21.mlp.fc1.bias -- torch.Size([6144])

🔥 Tuned parameter: image_encoder.vision_model.encoder.layers.21.layer_norm1.weight -- torch.Size([1408])🔥 Tuned parameter: image_encoder.vision_model.encoder.layers.21.mlp.fc2.weight -- torch.Size([1408, 6144])

🔥 Tuned parameter: image_encoder.vision_model.encoder.layers.21.layer_norm1.bias -- torch.Size([1408])🔥 Tuned parameter: image_encoder.vision_model.encoder.layers.21.mlp.fc2.bias -- torch.Size([1408])

🔥 Tuned parameter: image_encoder.vision_model.encoder.layers.21.mlp.fc1.weight -- torch.Size([6144, 1408])🔥 Tuned parameter: image_encoder.vision_model.encoder.layers.21.layer_norm2.weight -- torch.Size([1408])

🔥 Tuned parameter: image_encoder.vision_model.encoder.layers.21.mlp.fc1.bias -- torch.Size([6144])🔥 Tuned parameter: image_encoder.vision_model.encoder.layers.21.layer_norm2.bias -- torch.Size([1408])

🔥 Tuned parameter: image_encoder.vision_model.encoder.layers.21.mlp.fc2.weight -- torch.Size([1408, 6144])🔥 Tuned parameter: image_encoder.vision_model.encoder.layers.22.self_attn.qkv.weight -- torch.Size([4224, 1408])

🔥 Tuned parameter: image_encoder.vision_model.encoder.layers.21.mlp.fc2.bias -- torch.Size([1408])🔥 Tuned parameter: image_encoder.vision_model.encoder.layers.22.self_attn.qkv.bias -- torch.Size([4224])

🔥 Tuned parameter: image_encoder.vision_model.encoder.layers.21.layer_norm2.weight -- torch.Size([1408])🔥 Tuned parameter: image_encoder.vision_model.encoder.layers.22.self_attn.projection.weight -- torch.Size([1408, 1408])

🔥 Tuned parameter: image_encoder.vision_model.encoder.layers.21.layer_norm2.bias -- torch.Size([1408])🔥 Tuned parameter: image_encoder.vision_model.encoder.layers.22.self_attn.projection.bias -- torch.Size([1408])

🔥 Tuned parameter: image_encoder.vision_model.encoder.layers.22.self_attn.qkv.weight -- torch.Size([4224, 1408])🔥 Tuned parameter: image_encoder.vision_model.encoder.layers.22.layer_norm1.weight -- torch.Size([1408])

🔥 Tuned parameter: image_encoder.vision_model.encoder.layers.22.self_attn.qkv.bias -- torch.Size([4224])🔥 Tuned parameter: image_encoder.vision_model.encoder.layers.22.layer_norm1.bias -- torch.Size([1408])

🔥 Tuned parameter: image_encoder.vision_model.encoder.layers.22.self_attn.projection.weight -- torch.Size([1408, 1408])🔥 Tuned parameter: image_encoder.vision_model.encoder.layers.22.mlp.fc1.weight -- torch.Size([6144, 1408])

🔥 Tuned parameter: image_encoder.vision_model.encoder.layers.22.self_attn.projection.bias -- torch.Size([1408])🔥 Tuned parameter: image_encoder.vision_model.encoder.layers.22.mlp.fc1.bias -- torch.Size([6144])

🔥 Tuned parameter: image_encoder.vision_model.encoder.layers.22.layer_norm1.weight -- torch.Size([1408])🔥 Tuned parameter: image_encoder.vision_model.encoder.layers.22.mlp.fc2.weight -- torch.Size([1408, 6144])

🔥 Tuned parameter: image_encoder.vision_model.encoder.layers.22.layer_norm1.bias -- torch.Size([1408])🔥 Tuned parameter: image_encoder.vision_model.encoder.layers.22.mlp.fc2.bias -- torch.Size([1408])

🔥 Tuned parameter: image_encoder.vision_model.encoder.layers.22.mlp.fc1.weight -- torch.Size([6144, 1408])🔥 Tuned parameter: image_encoder.vision_model.encoder.layers.22.layer_norm2.weight -- torch.Size([1408])

🔥 Tuned parameter: image_encoder.vision_model.encoder.layers.22.mlp.fc1.bias -- torch.Size([6144])🔥 Tuned parameter: image_encoder.vision_model.encoder.layers.22.layer_norm2.bias -- torch.Size([1408])

🔥 Tuned parameter: image_encoder.vision_model.encoder.layers.22.mlp.fc2.weight -- torch.Size([1408, 6144])
🔥 Tuned parameter: image_encoder.vision_model.encoder.layers.23.self_attn.qkv.weight -- torch.Size([4224, 1408])🔥 Tuned parameter: image_encoder.vision_model.encoder.layers.22.mlp.fc2.bias -- torch.Size([1408])

🔥 Tuned parameter: image_encoder.vision_model.encoder.layers.23.self_attn.qkv.bias -- torch.Size([4224])🔥 Tuned parameter: image_encoder.vision_model.encoder.layers.22.layer_norm2.weight -- torch.Size([1408])

🔥 Tuned parameter: image_encoder.vision_model.encoder.layers.23.self_attn.projection.weight -- torch.Size([1408, 1408])🔥 Tuned parameter: image_encoder.vision_model.encoder.layers.22.layer_norm2.bias -- torch.Size([1408])

🔥 Tuned parameter: image_encoder.vision_model.encoder.layers.23.self_attn.projection.bias -- torch.Size([1408])🔥 Tuned parameter: image_encoder.vision_model.encoder.layers.23.self_attn.qkv.weight -- torch.Size([4224, 1408])

🔥 Tuned parameter: image_encoder.vision_model.encoder.layers.23.layer_norm1.weight -- torch.Size([1408])🔥 Tuned parameter: image_encoder.vision_model.encoder.layers.23.self_attn.qkv.bias -- torch.Size([4224])

🔥 Tuned parameter: image_encoder.vision_model.encoder.layers.23.layer_norm1.bias -- torch.Size([1408])🔥 Tuned parameter: image_encoder.vision_model.encoder.layers.23.self_attn.projection.weight -- torch.Size([1408, 1408])

🔥 Tuned parameter: image_encoder.vision_model.encoder.layers.23.mlp.fc1.weight -- torch.Size([6144, 1408])🔥 Tuned parameter: image_encoder.vision_model.encoder.layers.23.self_attn.projection.bias -- torch.Size([1408])

🔥 Tuned parameter: image_encoder.vision_model.encoder.layers.23.mlp.fc1.bias -- torch.Size([6144])🔥 Tuned parameter: image_encoder.vision_model.encoder.layers.23.layer_norm1.weight -- torch.Size([1408])

🔥 Tuned parameter: image_encoder.vision_model.encoder.layers.23.mlp.fc2.weight -- torch.Size([1408, 6144])🔥 Tuned parameter: image_encoder.vision_model.encoder.layers.23.layer_norm1.bias -- torch.Size([1408])

🔥 Tuned parameter: image_encoder.vision_model.encoder.layers.23.mlp.fc2.bias -- torch.Size([1408])🔥 Tuned parameter: image_encoder.vision_model.encoder.layers.23.mlp.fc1.weight -- torch.Size([6144, 1408])

🔥 Tuned parameter: image_encoder.vision_model.encoder.layers.23.layer_norm2.weight -- torch.Size([1408])🔥 Tuned parameter: image_encoder.vision_model.encoder.layers.23.mlp.fc1.bias -- torch.Size([6144])

🔥 Tuned parameter: image_encoder.vision_model.encoder.layers.23.layer_norm2.bias -- torch.Size([1408])🔥 Tuned parameter: image_encoder.vision_model.encoder.layers.23.mlp.fc2.weight -- torch.Size([1408, 6144])

🔥 Tuned parameter: image_encoder.vision_model.encoder.layers.24.self_attn.qkv.weight -- torch.Size([4224, 1408])🔥 Tuned parameter: image_encoder.vision_model.encoder.layers.23.mlp.fc2.bias -- torch.Size([1408])

🔥 Tuned parameter: image_encoder.vision_model.encoder.layers.24.self_attn.qkv.bias -- torch.Size([4224])🔥 Tuned parameter: image_encoder.vision_model.encoder.layers.23.layer_norm2.weight -- torch.Size([1408])

🔥 Tuned parameter: image_encoder.vision_model.encoder.layers.24.self_attn.projection.weight -- torch.Size([1408, 1408])🔥 Tuned parameter: image_encoder.vision_model.encoder.layers.23.layer_norm2.bias -- torch.Size([1408])

🔥 Tuned parameter: image_encoder.vision_model.encoder.layers.24.self_attn.projection.bias -- torch.Size([1408])🔥 Tuned parameter: image_encoder.vision_model.encoder.layers.24.self_attn.qkv.weight -- torch.Size([4224, 1408])

🔥 Tuned parameter: image_encoder.vision_model.encoder.layers.24.layer_norm1.weight -- torch.Size([1408])🔥 Tuned parameter: image_encoder.vision_model.encoder.layers.24.self_attn.qkv.bias -- torch.Size([4224])

🔥 Tuned parameter: image_encoder.vision_model.encoder.layers.24.layer_norm1.bias -- torch.Size([1408])🔥 Tuned parameter: image_encoder.vision_model.encoder.layers.24.self_attn.projection.weight -- torch.Size([1408, 1408])

🔥 Tuned parameter: image_encoder.vision_model.encoder.layers.24.mlp.fc1.weight -- torch.Size([6144, 1408])🔥 Tuned parameter: image_encoder.vision_model.encoder.layers.24.self_attn.projection.bias -- torch.Size([1408])

🔥 Tuned parameter: image_encoder.vision_model.encoder.layers.24.mlp.fc1.bias -- torch.Size([6144])🔥 Tuned parameter: image_encoder.vision_model.encoder.layers.24.layer_norm1.weight -- torch.Size([1408])

🔥 Tuned parameter: image_encoder.vision_model.encoder.layers.24.mlp.fc2.weight -- torch.Size([1408, 6144])🔥 Tuned parameter: image_encoder.vision_model.encoder.layers.24.layer_norm1.bias -- torch.Size([1408])

🔥 Tuned parameter: image_encoder.vision_model.encoder.layers.24.mlp.fc2.bias -- torch.Size([1408])🔥 Tuned parameter: image_encoder.vision_model.encoder.layers.24.mlp.fc1.weight -- torch.Size([6144, 1408])

🔥 Tuned parameter: image_encoder.vision_model.encoder.layers.24.layer_norm2.weight -- torch.Size([1408])🔥 Tuned parameter: image_encoder.vision_model.encoder.layers.24.mlp.fc1.bias -- torch.Size([6144])

🔥 Tuned parameter: image_encoder.vision_model.encoder.layers.24.layer_norm2.bias -- torch.Size([1408])🔥 Tuned parameter: image_encoder.vision_model.encoder.layers.24.mlp.fc2.weight -- torch.Size([1408, 6144])

🔥 Tuned parameter: image_encoder.vision_model.encoder.layers.25.self_attn.qkv.weight -- torch.Size([4224, 1408])🔥 Tuned parameter: image_encoder.vision_model.encoder.layers.24.mlp.fc2.bias -- torch.Size([1408])

🔥 Tuned parameter: image_encoder.vision_model.encoder.layers.25.self_attn.qkv.bias -- torch.Size([4224])🔥 Tuned parameter: image_encoder.vision_model.encoder.layers.24.layer_norm2.weight -- torch.Size([1408])

🔥 Tuned parameter: image_encoder.vision_model.encoder.layers.25.self_attn.projection.weight -- torch.Size([1408, 1408])🔥 Tuned parameter: image_encoder.vision_model.encoder.layers.24.layer_norm2.bias -- torch.Size([1408])

🔥 Tuned parameter: image_encoder.vision_model.encoder.layers.25.self_attn.projection.bias -- torch.Size([1408])🔥 Tuned parameter: image_encoder.vision_model.encoder.layers.25.self_attn.qkv.weight -- torch.Size([4224, 1408])

🔥 Tuned parameter: image_encoder.vision_model.encoder.layers.25.layer_norm1.weight -- torch.Size([1408])🔥 Tuned parameter: image_encoder.vision_model.encoder.layers.25.self_attn.qkv.bias -- torch.Size([4224])

🔥 Tuned parameter: image_encoder.vision_model.encoder.layers.25.layer_norm1.bias -- torch.Size([1408])🔥 Tuned parameter: image_encoder.vision_model.encoder.layers.25.self_attn.projection.weight -- torch.Size([1408, 1408])

🔥 Tuned parameter: image_encoder.vision_model.encoder.layers.25.mlp.fc1.weight -- torch.Size([6144, 1408])🔥 Tuned parameter: image_encoder.vision_model.encoder.layers.25.self_attn.projection.bias -- torch.Size([1408])

🔥 Tuned parameter: image_encoder.vision_model.encoder.layers.25.mlp.fc1.bias -- torch.Size([6144])🔥 Tuned parameter: image_encoder.vision_model.encoder.layers.25.layer_norm1.weight -- torch.Size([1408])

🔥 Tuned parameter: image_encoder.vision_model.encoder.layers.25.mlp.fc2.weight -- torch.Size([1408, 6144])🔥 Tuned parameter: image_encoder.vision_model.encoder.layers.25.layer_norm1.bias -- torch.Size([1408])

🔥 Tuned parameter: image_encoder.vision_model.encoder.layers.25.mlp.fc2.bias -- torch.Size([1408])🔥 Tuned parameter: image_encoder.vision_model.encoder.layers.25.mlp.fc1.weight -- torch.Size([6144, 1408])

🔥 Tuned parameter: image_encoder.vision_model.encoder.layers.25.layer_norm2.weight -- torch.Size([1408])🔥 Tuned parameter: image_encoder.vision_model.encoder.layers.25.mlp.fc1.bias -- torch.Size([6144])

🔥 Tuned parameter: image_encoder.vision_model.encoder.layers.25.layer_norm2.bias -- torch.Size([1408])🔥 Tuned parameter: image_encoder.vision_model.encoder.layers.25.mlp.fc2.weight -- torch.Size([1408, 6144])

🔥 Tuned parameter: image_encoder.vision_model.encoder.layers.26.self_attn.qkv.weight -- torch.Size([4224, 1408])🔥 Tuned parameter: image_encoder.vision_model.encoder.layers.25.mlp.fc2.bias -- torch.Size([1408])

🔥 Tuned parameter: image_encoder.vision_model.encoder.layers.26.self_attn.qkv.bias -- torch.Size([4224])🔥 Tuned parameter: image_encoder.vision_model.encoder.layers.25.layer_norm2.weight -- torch.Size([1408])

🔥 Tuned parameter: image_encoder.vision_model.encoder.layers.26.self_attn.projection.weight -- torch.Size([1408, 1408])🔥 Tuned parameter: image_encoder.vision_model.encoder.layers.25.layer_norm2.bias -- torch.Size([1408])

🔥 Tuned parameter: image_encoder.vision_model.encoder.layers.26.self_attn.projection.bias -- torch.Size([1408])🔥 Tuned parameter: image_encoder.vision_model.encoder.layers.26.self_attn.qkv.weight -- torch.Size([4224, 1408])

🔥 Tuned parameter: image_encoder.vision_model.encoder.layers.26.layer_norm1.weight -- torch.Size([1408])🔥 Tuned parameter: image_encoder.vision_model.encoder.layers.26.self_attn.qkv.bias -- torch.Size([4224])

🔥 Tuned parameter: image_encoder.vision_model.encoder.layers.26.layer_norm1.bias -- torch.Size([1408])🔥 Tuned parameter: image_encoder.vision_model.encoder.layers.26.self_attn.projection.weight -- torch.Size([1408, 1408])

🔥 Tuned parameter: image_encoder.vision_model.encoder.layers.26.mlp.fc1.weight -- torch.Size([6144, 1408])🔥 Tuned parameter: image_encoder.vision_model.encoder.layers.26.self_attn.projection.bias -- torch.Size([1408])

🔥 Tuned parameter: image_encoder.vision_model.encoder.layers.26.mlp.fc1.bias -- torch.Size([6144])🔥 Tuned parameter: image_encoder.vision_model.encoder.layers.26.layer_norm1.weight -- torch.Size([1408])

🔥 Tuned parameter: image_encoder.vision_model.encoder.layers.26.mlp.fc2.weight -- torch.Size([1408, 6144])🔥 Tuned parameter: image_encoder.vision_model.encoder.layers.26.layer_norm1.bias -- torch.Size([1408])

🔥 Tuned parameter: image_encoder.vision_model.encoder.layers.26.mlp.fc2.bias -- torch.Size([1408])🔥 Tuned parameter: image_encoder.vision_model.encoder.layers.26.mlp.fc1.weight -- torch.Size([6144, 1408])

🔥 Tuned parameter: image_encoder.vision_model.encoder.layers.26.layer_norm2.weight -- torch.Size([1408])🔥 Tuned parameter: image_encoder.vision_model.encoder.layers.26.mlp.fc1.bias -- torch.Size([6144])

🔥 Tuned parameter: image_encoder.vision_model.encoder.layers.26.layer_norm2.bias -- torch.Size([1408])🔥 Tuned parameter: image_encoder.vision_model.encoder.layers.26.mlp.fc2.weight -- torch.Size([1408, 6144])

🔥 Tuned parameter: image_encoder.vision_model.encoder.layers.27.self_attn.qkv.weight -- torch.Size([4224, 1408])🔥 Tuned parameter: image_encoder.vision_model.encoder.layers.26.mlp.fc2.bias -- torch.Size([1408])

🔥 Tuned parameter: image_encoder.vision_model.encoder.layers.27.self_attn.qkv.bias -- torch.Size([4224])🔥 Tuned parameter: image_encoder.vision_model.encoder.layers.26.layer_norm2.weight -- torch.Size([1408])

🔥 Tuned parameter: image_encoder.vision_model.encoder.layers.27.self_attn.projection.weight -- torch.Size([1408, 1408])🔥 Tuned parameter: image_encoder.vision_model.encoder.layers.26.layer_norm2.bias -- torch.Size([1408])

🔥 Tuned parameter: image_encoder.vision_model.encoder.layers.27.self_attn.projection.bias -- torch.Size([1408])🔥 Tuned parameter: image_encoder.vision_model.encoder.layers.27.self_attn.qkv.weight -- torch.Size([4224, 1408])

🔥 Tuned parameter: image_encoder.vision_model.encoder.layers.27.layer_norm1.weight -- torch.Size([1408])🔥 Tuned parameter: image_encoder.vision_model.encoder.layers.27.self_attn.qkv.bias -- torch.Size([4224])

🔥 Tuned parameter: image_encoder.vision_model.encoder.layers.27.layer_norm1.bias -- torch.Size([1408])🔥 Tuned parameter: image_encoder.vision_model.encoder.layers.27.self_attn.projection.weight -- torch.Size([1408, 1408])

🔥 Tuned parameter: image_encoder.vision_model.encoder.layers.27.mlp.fc1.weight -- torch.Size([6144, 1408])🔥 Tuned parameter: image_encoder.vision_model.encoder.layers.27.self_attn.projection.bias -- torch.Size([1408])

🔥 Tuned parameter: image_encoder.vision_model.encoder.layers.27.mlp.fc1.bias -- torch.Size([6144])🔥 Tuned parameter: image_encoder.vision_model.encoder.layers.27.layer_norm1.weight -- torch.Size([1408])

🔥 Tuned parameter: image_encoder.vision_model.encoder.layers.27.mlp.fc2.weight -- torch.Size([1408, 6144])🔥 Tuned parameter: image_encoder.vision_model.encoder.layers.27.layer_norm1.bias -- torch.Size([1408])

🔥 Tuned parameter: image_encoder.vision_model.encoder.layers.27.mlp.fc2.bias -- torch.Size([1408])🔥 Tuned parameter: image_encoder.vision_model.encoder.layers.27.mlp.fc1.weight -- torch.Size([6144, 1408])

🔥 Tuned parameter: image_encoder.vision_model.encoder.layers.27.layer_norm2.weight -- torch.Size([1408])🔥 Tuned parameter: image_encoder.vision_model.encoder.layers.27.mlp.fc1.bias -- torch.Size([6144])

🔥 Tuned parameter: image_encoder.vision_model.encoder.layers.27.layer_norm2.bias -- torch.Size([1408])🔥 Tuned parameter: image_encoder.vision_model.encoder.layers.27.mlp.fc2.weight -- torch.Size([1408, 6144])

🔥 Tuned parameter: image_encoder.vision_model.encoder.layers.28.self_attn.qkv.weight -- torch.Size([4224, 1408])🔥 Tuned parameter: image_encoder.vision_model.encoder.layers.27.mlp.fc2.bias -- torch.Size([1408])

🔥 Tuned parameter: image_encoder.vision_model.encoder.layers.28.self_attn.qkv.bias -- torch.Size([4224])🔥 Tuned parameter: image_encoder.vision_model.encoder.layers.27.layer_norm2.weight -- torch.Size([1408])

🔥 Tuned parameter: image_encoder.vision_model.encoder.layers.28.self_attn.projection.weight -- torch.Size([1408, 1408])🔥 Tuned parameter: image_encoder.vision_model.encoder.layers.27.layer_norm2.bias -- torch.Size([1408])

🔥 Tuned parameter: image_encoder.vision_model.encoder.layers.28.self_attn.projection.bias -- torch.Size([1408])🔥 Tuned parameter: image_encoder.vision_model.encoder.layers.28.self_attn.qkv.weight -- torch.Size([4224, 1408])

🔥 Tuned parameter: image_encoder.vision_model.encoder.layers.28.layer_norm1.weight -- torch.Size([1408])🔥 Tuned parameter: image_encoder.vision_model.encoder.layers.28.self_attn.qkv.bias -- torch.Size([4224])

🔥 Tuned parameter: image_encoder.vision_model.encoder.layers.28.layer_norm1.bias -- torch.Size([1408])🔥 Tuned parameter: image_encoder.vision_model.encoder.layers.28.self_attn.projection.weight -- torch.Size([1408, 1408])

🔥 Tuned parameter: image_encoder.vision_model.encoder.layers.28.mlp.fc1.weight -- torch.Size([6144, 1408])🔥 Tuned parameter: image_encoder.vision_model.encoder.layers.28.self_attn.projection.bias -- torch.Size([1408])

🔥 Tuned parameter: image_encoder.vision_model.encoder.layers.28.mlp.fc1.bias -- torch.Size([6144])🔥 Tuned parameter: image_encoder.vision_model.encoder.layers.28.layer_norm1.weight -- torch.Size([1408])

🔥 Tuned parameter: image_encoder.vision_model.encoder.layers.28.mlp.fc2.weight -- torch.Size([1408, 6144])🔥 Tuned parameter: image_encoder.vision_model.encoder.layers.28.layer_norm1.bias -- torch.Size([1408])

🔥 Tuned parameter: image_encoder.vision_model.encoder.layers.28.mlp.fc2.bias -- torch.Size([1408])🔥 Tuned parameter: image_encoder.vision_model.encoder.layers.28.mlp.fc1.weight -- torch.Size([6144, 1408])

🔥 Tuned parameter: image_encoder.vision_model.encoder.layers.28.layer_norm2.weight -- torch.Size([1408])🔥 Tuned parameter: image_encoder.vision_model.encoder.layers.28.mlp.fc1.bias -- torch.Size([6144])

🔥 Tuned parameter: image_encoder.vision_model.encoder.layers.28.layer_norm2.bias -- torch.Size([1408])🔥 Tuned parameter: image_encoder.vision_model.encoder.layers.28.mlp.fc2.weight -- torch.Size([1408, 6144])

🔥 Tuned parameter: image_encoder.vision_model.encoder.layers.29.self_attn.qkv.weight -- torch.Size([4224, 1408])🔥 Tuned parameter: image_encoder.vision_model.encoder.layers.28.mlp.fc2.bias -- torch.Size([1408])

🔥 Tuned parameter: image_encoder.vision_model.encoder.layers.29.self_attn.qkv.bias -- torch.Size([4224])🔥 Tuned parameter: image_encoder.vision_model.encoder.layers.28.layer_norm2.weight -- torch.Size([1408])

🔥 Tuned parameter: image_encoder.vision_model.encoder.layers.29.self_attn.projection.weight -- torch.Size([1408, 1408])🔥 Tuned parameter: image_encoder.vision_model.encoder.layers.28.layer_norm2.bias -- torch.Size([1408])

🔥 Tuned parameter: image_encoder.vision_model.encoder.layers.29.self_attn.projection.bias -- torch.Size([1408])🔥 Tuned parameter: image_encoder.vision_model.encoder.layers.29.self_attn.qkv.weight -- torch.Size([4224, 1408])

🔥 Tuned parameter: image_encoder.vision_model.encoder.layers.29.layer_norm1.weight -- torch.Size([1408])🔥 Tuned parameter: image_encoder.vision_model.encoder.layers.29.self_attn.qkv.bias -- torch.Size([4224])

🔥 Tuned parameter: image_encoder.vision_model.encoder.layers.29.layer_norm1.bias -- torch.Size([1408])🔥 Tuned parameter: image_encoder.vision_model.encoder.layers.29.self_attn.projection.weight -- torch.Size([1408, 1408])

🔥 Tuned parameter: image_encoder.vision_model.encoder.layers.29.mlp.fc1.weight -- torch.Size([6144, 1408])🔥 Tuned parameter: image_encoder.vision_model.encoder.layers.29.self_attn.projection.bias -- torch.Size([1408])

🔥 Tuned parameter: image_encoder.vision_model.encoder.layers.29.mlp.fc1.bias -- torch.Size([6144])🔥 Tuned parameter: image_encoder.vision_model.encoder.layers.29.layer_norm1.weight -- torch.Size([1408])

🔥 Tuned parameter: image_encoder.vision_model.encoder.layers.29.mlp.fc2.weight -- torch.Size([1408, 6144])🔥 Tuned parameter: image_encoder.vision_model.encoder.layers.29.layer_norm1.bias -- torch.Size([1408])

🔥 Tuned parameter: image_encoder.vision_model.encoder.layers.29.mlp.fc2.bias -- torch.Size([1408])🔥 Tuned parameter: image_encoder.vision_model.encoder.layers.29.mlp.fc1.weight -- torch.Size([6144, 1408])

🔥 Tuned parameter: image_encoder.vision_model.encoder.layers.29.layer_norm2.weight -- torch.Size([1408])🔥 Tuned parameter: image_encoder.vision_model.encoder.layers.29.mlp.fc1.bias -- torch.Size([6144])

🔥 Tuned parameter: image_encoder.vision_model.encoder.layers.29.layer_norm2.bias -- torch.Size([1408])🔥 Tuned parameter: image_encoder.vision_model.encoder.layers.29.mlp.fc2.weight -- torch.Size([1408, 6144])

🔥 Tuned parameter: image_encoder.vision_model.encoder.layers.30.self_attn.qkv.weight -- torch.Size([4224, 1408])🔥 Tuned parameter: image_encoder.vision_model.encoder.layers.29.mlp.fc2.bias -- torch.Size([1408])

🔥 Tuned parameter: image_encoder.vision_model.encoder.layers.30.self_attn.qkv.bias -- torch.Size([4224])🔥 Tuned parameter: image_encoder.vision_model.encoder.layers.29.layer_norm2.weight -- torch.Size([1408])

🔥 Tuned parameter: image_encoder.vision_model.encoder.layers.30.self_attn.projection.weight -- torch.Size([1408, 1408])🔥 Tuned parameter: image_encoder.vision_model.encoder.layers.29.layer_norm2.bias -- torch.Size([1408])

🔥 Tuned parameter: image_encoder.vision_model.encoder.layers.30.self_attn.projection.bias -- torch.Size([1408])🔥 Tuned parameter: image_encoder.vision_model.encoder.layers.30.self_attn.qkv.weight -- torch.Size([4224, 1408])

🔥 Tuned parameter: image_encoder.vision_model.encoder.layers.30.layer_norm1.weight -- torch.Size([1408])🔥 Tuned parameter: image_encoder.vision_model.encoder.layers.30.self_attn.qkv.bias -- torch.Size([4224])

🔥 Tuned parameter: image_encoder.vision_model.encoder.layers.30.layer_norm1.bias -- torch.Size([1408])🔥 Tuned parameter: image_encoder.vision_model.encoder.layers.30.self_attn.projection.weight -- torch.Size([1408, 1408])

🔥 Tuned parameter: image_encoder.vision_model.encoder.layers.30.mlp.fc1.weight -- torch.Size([6144, 1408])🔥 Tuned parameter: image_encoder.vision_model.encoder.layers.30.self_attn.projection.bias -- torch.Size([1408])

🔥 Tuned parameter: image_encoder.vision_model.encoder.layers.30.layer_norm1.weight -- torch.Size([1408])🔥 Tuned parameter: image_encoder.vision_model.encoder.layers.30.mlp.fc1.bias -- torch.Size([6144])

🔥 Tuned parameter: image_encoder.vision_model.encoder.layers.30.layer_norm1.bias -- torch.Size([1408])🔥 Tuned parameter: image_encoder.vision_model.encoder.layers.30.mlp.fc2.weight -- torch.Size([1408, 6144])

🔥 Tuned parameter: image_encoder.vision_model.encoder.layers.30.mlp.fc1.weight -- torch.Size([6144, 1408])🔥 Tuned parameter: image_encoder.vision_model.encoder.layers.30.mlp.fc2.bias -- torch.Size([1408])

🔥 Tuned parameter: image_encoder.vision_model.encoder.layers.30.layer_norm2.weight -- torch.Size([1408])🔥 Tuned parameter: image_encoder.vision_model.encoder.layers.30.mlp.fc1.bias -- torch.Size([6144])

🔥 Tuned parameter: image_encoder.vision_model.encoder.layers.30.layer_norm2.bias -- torch.Size([1408])🔥 Tuned parameter: image_encoder.vision_model.encoder.layers.30.mlp.fc2.weight -- torch.Size([1408, 6144])

🔥 Tuned parameter: image_encoder.vision_model.encoder.layers.31.self_attn.qkv.weight -- torch.Size([4224, 1408])🔥 Tuned parameter: image_encoder.vision_model.encoder.layers.30.mlp.fc2.bias -- torch.Size([1408])

🔥 Tuned parameter: image_encoder.vision_model.encoder.layers.31.self_attn.qkv.bias -- torch.Size([4224])🔥 Tuned parameter: image_encoder.vision_model.encoder.layers.30.layer_norm2.weight -- torch.Size([1408])

🔥 Tuned parameter: image_encoder.vision_model.encoder.layers.31.self_attn.projection.weight -- torch.Size([1408, 1408])🔥 Tuned parameter: image_encoder.vision_model.encoder.layers.30.layer_norm2.bias -- torch.Size([1408])

🔥 Tuned parameter: image_encoder.vision_model.encoder.layers.31.self_attn.projection.bias -- torch.Size([1408])🔥 Tuned parameter: image_encoder.vision_model.encoder.layers.31.self_attn.qkv.weight -- torch.Size([4224, 1408])

🔥 Tuned parameter: image_encoder.vision_model.encoder.layers.31.layer_norm1.weight -- torch.Size([1408])🔥 Tuned parameter: image_encoder.vision_model.encoder.layers.31.self_attn.qkv.bias -- torch.Size([4224])

🔥 Tuned parameter: image_encoder.vision_model.encoder.layers.31.layer_norm1.bias -- torch.Size([1408])🔥 Tuned parameter: image_encoder.vision_model.encoder.layers.31.self_attn.projection.weight -- torch.Size([1408, 1408])

🔥 Tuned parameter: image_encoder.vision_model.encoder.layers.31.mlp.fc1.weight -- torch.Size([6144, 1408])🔥 Tuned parameter: image_encoder.vision_model.encoder.layers.31.self_attn.projection.bias -- torch.Size([1408])

🔥 Tuned parameter: image_encoder.vision_model.encoder.layers.31.mlp.fc1.bias -- torch.Size([6144])🔥 Tuned parameter: image_encoder.vision_model.encoder.layers.31.layer_norm1.weight -- torch.Size([1408])

🔥 Tuned parameter: image_encoder.vision_model.encoder.layers.31.mlp.fc2.weight -- torch.Size([1408, 6144])🔥 Tuned parameter: image_encoder.vision_model.encoder.layers.31.layer_norm1.bias -- torch.Size([1408])

🔥 Tuned parameter: image_encoder.vision_model.encoder.layers.31.mlp.fc2.bias -- torch.Size([1408])🔥 Tuned parameter: image_encoder.vision_model.encoder.layers.31.mlp.fc1.weight -- torch.Size([6144, 1408])

🔥 Tuned parameter: image_encoder.vision_model.encoder.layers.31.layer_norm2.weight -- torch.Size([1408])🔥 Tuned parameter: image_encoder.vision_model.encoder.layers.31.mlp.fc1.bias -- torch.Size([6144])

🔥 Tuned parameter: image_encoder.vision_model.encoder.layers.31.layer_norm2.bias -- torch.Size([1408])🔥 Tuned parameter: image_encoder.vision_model.encoder.layers.31.mlp.fc2.weight -- torch.Size([1408, 6144])

🔥 Tuned parameter: image_encoder.vision_model.encoder.layers.32.self_attn.qkv.weight -- torch.Size([4224, 1408])🔥 Tuned parameter: image_encoder.vision_model.encoder.layers.31.mlp.fc2.bias -- torch.Size([1408])

🔥 Tuned parameter: image_encoder.vision_model.encoder.layers.32.self_attn.qkv.bias -- torch.Size([4224])🔥 Tuned parameter: image_encoder.vision_model.encoder.layers.31.layer_norm2.weight -- torch.Size([1408])

🔥 Tuned parameter: image_encoder.vision_model.encoder.layers.32.self_attn.projection.weight -- torch.Size([1408, 1408])🔥 Tuned parameter: image_encoder.vision_model.encoder.layers.31.layer_norm2.bias -- torch.Size([1408])

🔥 Tuned parameter: image_encoder.vision_model.encoder.layers.32.self_attn.projection.bias -- torch.Size([1408])🔥 Tuned parameter: image_encoder.vision_model.encoder.layers.32.self_attn.qkv.weight -- torch.Size([4224, 1408])

🔥 Tuned parameter: image_encoder.vision_model.encoder.layers.32.layer_norm1.weight -- torch.Size([1408])🔥 Tuned parameter: image_encoder.vision_model.encoder.layers.32.self_attn.qkv.bias -- torch.Size([4224])

🔥 Tuned parameter: image_encoder.vision_model.encoder.layers.32.layer_norm1.bias -- torch.Size([1408])🔥 Tuned parameter: image_encoder.vision_model.encoder.layers.32.self_attn.projection.weight -- torch.Size([1408, 1408])

🔥 Tuned parameter: image_encoder.vision_model.encoder.layers.32.mlp.fc1.weight -- torch.Size([6144, 1408])🔥 Tuned parameter: image_encoder.vision_model.encoder.layers.32.self_attn.projection.bias -- torch.Size([1408])

🔥 Tuned parameter: image_encoder.vision_model.encoder.layers.32.mlp.fc1.bias -- torch.Size([6144])🔥 Tuned parameter: image_encoder.vision_model.encoder.layers.32.layer_norm1.weight -- torch.Size([1408])

🔥 Tuned parameter: image_encoder.vision_model.encoder.layers.32.mlp.fc2.weight -- torch.Size([1408, 6144])🔥 Tuned parameter: image_encoder.vision_model.encoder.layers.32.layer_norm1.bias -- torch.Size([1408])

🔥 Tuned parameter: image_encoder.vision_model.encoder.layers.32.mlp.fc2.bias -- torch.Size([1408])🔥 Tuned parameter: image_encoder.vision_model.encoder.layers.32.mlp.fc1.weight -- torch.Size([6144, 1408])

🔥 Tuned parameter: image_encoder.vision_model.encoder.layers.32.layer_norm2.weight -- torch.Size([1408])🔥 Tuned parameter: image_encoder.vision_model.encoder.layers.32.mlp.fc1.bias -- torch.Size([6144])

🔥 Tuned parameter: image_encoder.vision_model.encoder.layers.32.layer_norm2.bias -- torch.Size([1408])🔥 Tuned parameter: image_encoder.vision_model.encoder.layers.32.mlp.fc2.weight -- torch.Size([1408, 6144])

🔥 Tuned parameter: image_encoder.vision_model.encoder.layers.33.self_attn.qkv.weight -- torch.Size([4224, 1408])🔥 Tuned parameter: image_encoder.vision_model.encoder.layers.32.mlp.fc2.bias -- torch.Size([1408])

🔥 Tuned parameter: image_encoder.vision_model.encoder.layers.33.self_attn.qkv.bias -- torch.Size([4224])🔥 Tuned parameter: image_encoder.vision_model.encoder.layers.32.layer_norm2.weight -- torch.Size([1408])

🔥 Tuned parameter: image_encoder.vision_model.encoder.layers.33.self_attn.projection.weight -- torch.Size([1408, 1408])🔥 Tuned parameter: image_encoder.vision_model.encoder.layers.32.layer_norm2.bias -- torch.Size([1408])

🔥 Tuned parameter: image_encoder.vision_model.encoder.layers.33.self_attn.projection.bias -- torch.Size([1408])🔥 Tuned parameter: image_encoder.vision_model.encoder.layers.33.self_attn.qkv.weight -- torch.Size([4224, 1408])

🔥 Tuned parameter: image_encoder.vision_model.encoder.layers.33.layer_norm1.weight -- torch.Size([1408])🔥 Tuned parameter: image_encoder.vision_model.encoder.layers.33.self_attn.qkv.bias -- torch.Size([4224])

🔥 Tuned parameter: image_encoder.vision_model.encoder.layers.33.layer_norm1.bias -- torch.Size([1408])🔥 Tuned parameter: image_encoder.vision_model.encoder.layers.33.self_attn.projection.weight -- torch.Size([1408, 1408])

🔥 Tuned parameter: image_encoder.vision_model.encoder.layers.33.mlp.fc1.weight -- torch.Size([6144, 1408])🔥 Tuned parameter: image_encoder.vision_model.encoder.layers.33.self_attn.projection.bias -- torch.Size([1408])

🔥 Tuned parameter: image_encoder.vision_model.encoder.layers.33.mlp.fc1.bias -- torch.Size([6144])🔥 Tuned parameter: image_encoder.vision_model.encoder.layers.33.layer_norm1.weight -- torch.Size([1408])

🔥 Tuned parameter: image_encoder.vision_model.encoder.layers.33.mlp.fc2.weight -- torch.Size([1408, 6144])🔥 Tuned parameter: image_encoder.vision_model.encoder.layers.33.layer_norm1.bias -- torch.Size([1408])

🔥 Tuned parameter: image_encoder.vision_model.encoder.layers.33.mlp.fc2.bias -- torch.Size([1408])🔥 Tuned parameter: image_encoder.vision_model.encoder.layers.33.mlp.fc1.weight -- torch.Size([6144, 1408])

🔥 Tuned parameter: image_encoder.vision_model.encoder.layers.33.layer_norm2.weight -- torch.Size([1408])🔥 Tuned parameter: image_encoder.vision_model.encoder.layers.33.mlp.fc1.bias -- torch.Size([6144])

🔥 Tuned parameter: image_encoder.vision_model.encoder.layers.33.layer_norm2.bias -- torch.Size([1408])🔥 Tuned parameter: image_encoder.vision_model.encoder.layers.33.mlp.fc2.weight -- torch.Size([1408, 6144])

🔥 Tuned parameter: image_encoder.vision_model.encoder.layers.34.self_attn.qkv.weight -- torch.Size([4224, 1408])🔥 Tuned parameter: image_encoder.vision_model.encoder.layers.33.mlp.fc2.bias -- torch.Size([1408])

🔥 Tuned parameter: image_encoder.vision_model.encoder.layers.34.self_attn.qkv.bias -- torch.Size([4224])🔥 Tuned parameter: image_encoder.vision_model.encoder.layers.33.layer_norm2.weight -- torch.Size([1408])

🔥 Tuned parameter: image_encoder.vision_model.encoder.layers.34.self_attn.projection.weight -- torch.Size([1408, 1408])🔥 Tuned parameter: image_encoder.vision_model.encoder.layers.33.layer_norm2.bias -- torch.Size([1408])

🔥 Tuned parameter: image_encoder.vision_model.encoder.layers.34.self_attn.projection.bias -- torch.Size([1408])🔥 Tuned parameter: image_encoder.vision_model.encoder.layers.34.self_attn.qkv.weight -- torch.Size([4224, 1408])

🔥 Tuned parameter: image_encoder.vision_model.encoder.layers.34.layer_norm1.weight -- torch.Size([1408])🔥 Tuned parameter: image_encoder.vision_model.encoder.layers.34.self_attn.qkv.bias -- torch.Size([4224])

🔥 Tuned parameter: image_encoder.vision_model.encoder.layers.34.layer_norm1.bias -- torch.Size([1408])🔥 Tuned parameter: image_encoder.vision_model.encoder.layers.34.self_attn.projection.weight -- torch.Size([1408, 1408])

🔥 Tuned parameter: image_encoder.vision_model.encoder.layers.34.mlp.fc1.weight -- torch.Size([6144, 1408])🔥 Tuned parameter: image_encoder.vision_model.encoder.layers.34.self_attn.projection.bias -- torch.Size([1408])

🔥 Tuned parameter: image_encoder.vision_model.encoder.layers.34.mlp.fc1.bias -- torch.Size([6144])🔥 Tuned parameter: image_encoder.vision_model.encoder.layers.34.layer_norm1.weight -- torch.Size([1408])

🔥 Tuned parameter: image_encoder.vision_model.encoder.layers.34.mlp.fc2.weight -- torch.Size([1408, 6144])🔥 Tuned parameter: image_encoder.vision_model.encoder.layers.34.layer_norm1.bias -- torch.Size([1408])

🔥 Tuned parameter: image_encoder.vision_model.encoder.layers.34.mlp.fc2.bias -- torch.Size([1408])🔥 Tuned parameter: image_encoder.vision_model.encoder.layers.34.mlp.fc1.weight -- torch.Size([6144, 1408])

🔥 Tuned parameter: image_encoder.vision_model.encoder.layers.34.layer_norm2.weight -- torch.Size([1408])🔥 Tuned parameter: image_encoder.vision_model.encoder.layers.34.mlp.fc1.bias -- torch.Size([6144])

🔥 Tuned parameter: image_encoder.vision_model.encoder.layers.34.layer_norm2.bias -- torch.Size([1408])🔥 Tuned parameter: image_encoder.vision_model.encoder.layers.34.mlp.fc2.weight -- torch.Size([1408, 6144])

🔥 Tuned parameter: image_encoder.vision_model.encoder.layers.35.self_attn.qkv.weight -- torch.Size([4224, 1408])🔥 Tuned parameter: image_encoder.vision_model.encoder.layers.34.mlp.fc2.bias -- torch.Size([1408])

🔥 Tuned parameter: image_encoder.vision_model.encoder.layers.35.self_attn.qkv.bias -- torch.Size([4224])🔥 Tuned parameter: image_encoder.vision_model.encoder.layers.34.layer_norm2.weight -- torch.Size([1408])

🔥 Tuned parameter: image_encoder.vision_model.encoder.layers.35.self_attn.projection.weight -- torch.Size([1408, 1408])🔥 Tuned parameter: image_encoder.vision_model.encoder.layers.34.layer_norm2.bias -- torch.Size([1408])

🔥 Tuned parameter: image_encoder.vision_model.encoder.layers.35.self_attn.projection.bias -- torch.Size([1408])🔥 Tuned parameter: image_encoder.vision_model.encoder.layers.35.self_attn.qkv.weight -- torch.Size([4224, 1408])

🔥 Tuned parameter: image_encoder.vision_model.encoder.layers.35.layer_norm1.weight -- torch.Size([1408])🔥 Tuned parameter: image_encoder.vision_model.encoder.layers.35.self_attn.qkv.bias -- torch.Size([4224])

🔥 Tuned parameter: image_encoder.vision_model.encoder.layers.35.layer_norm1.bias -- torch.Size([1408])🔥 Tuned parameter: image_encoder.vision_model.encoder.layers.35.self_attn.projection.weight -- torch.Size([1408, 1408])

🔥 Tuned parameter: image_encoder.vision_model.encoder.layers.35.mlp.fc1.weight -- torch.Size([6144, 1408])🔥 Tuned parameter: image_encoder.vision_model.encoder.layers.35.self_attn.projection.bias -- torch.Size([1408])

🔥 Tuned parameter: image_encoder.vision_model.encoder.layers.35.mlp.fc1.bias -- torch.Size([6144])🔥 Tuned parameter: image_encoder.vision_model.encoder.layers.35.layer_norm1.weight -- torch.Size([1408])

🔥 Tuned parameter: image_encoder.vision_model.encoder.layers.35.mlp.fc2.weight -- torch.Size([1408, 6144])🔥 Tuned parameter: image_encoder.vision_model.encoder.layers.35.layer_norm1.bias -- torch.Size([1408])

🔥 Tuned parameter: image_encoder.vision_model.encoder.layers.35.mlp.fc2.bias -- torch.Size([1408])🔥 Tuned parameter: image_encoder.vision_model.encoder.layers.35.mlp.fc1.weight -- torch.Size([6144, 1408])

🔥 Tuned parameter: image_encoder.vision_model.encoder.layers.35.layer_norm2.weight -- torch.Size([1408])🔥 Tuned parameter: image_encoder.vision_model.encoder.layers.35.mlp.fc1.bias -- torch.Size([6144])

🔥 Tuned parameter: image_encoder.vision_model.encoder.layers.35.layer_norm2.bias -- torch.Size([1408])🔥 Tuned parameter: image_encoder.vision_model.encoder.layers.35.mlp.fc2.weight -- torch.Size([1408, 6144])

🔥 Tuned parameter: image_encoder.vision_model.encoder.layers.36.self_attn.qkv.weight -- torch.Size([4224, 1408])🔥 Tuned parameter: image_encoder.vision_model.encoder.layers.35.mlp.fc2.bias -- torch.Size([1408])

🔥 Tuned parameter: image_encoder.vision_model.encoder.layers.36.self_attn.qkv.bias -- torch.Size([4224])🔥 Tuned parameter: image_encoder.vision_model.encoder.layers.35.layer_norm2.weight -- torch.Size([1408])

🔥 Tuned parameter: image_encoder.vision_model.encoder.layers.36.self_attn.projection.weight -- torch.Size([1408, 1408])🔥 Tuned parameter: image_encoder.vision_model.encoder.layers.35.layer_norm2.bias -- torch.Size([1408])

🔥 Tuned parameter: image_encoder.vision_model.encoder.layers.36.self_attn.projection.bias -- torch.Size([1408])🔥 Tuned parameter: image_encoder.vision_model.encoder.layers.36.self_attn.qkv.weight -- torch.Size([4224, 1408])

🔥 Tuned parameter: image_encoder.vision_model.encoder.layers.36.layer_norm1.weight -- torch.Size([1408])🔥 Tuned parameter: image_encoder.vision_model.encoder.layers.36.self_attn.qkv.bias -- torch.Size([4224])

🔥 Tuned parameter: image_encoder.vision_model.encoder.layers.36.layer_norm1.bias -- torch.Size([1408])🔥 Tuned parameter: image_encoder.vision_model.encoder.layers.36.self_attn.projection.weight -- torch.Size([1408, 1408])

🔥 Tuned parameter: image_encoder.vision_model.encoder.layers.36.mlp.fc1.weight -- torch.Size([6144, 1408])🔥 Tuned parameter: image_encoder.vision_model.encoder.layers.36.self_attn.projection.bias -- torch.Size([1408])

🔥 Tuned parameter: image_encoder.vision_model.encoder.layers.36.mlp.fc1.bias -- torch.Size([6144])🔥 Tuned parameter: image_encoder.vision_model.encoder.layers.36.layer_norm1.weight -- torch.Size([1408])

🔥 Tuned parameter: image_encoder.vision_model.encoder.layers.36.mlp.fc2.weight -- torch.Size([1408, 6144])🔥 Tuned parameter: image_encoder.vision_model.encoder.layers.36.layer_norm1.bias -- torch.Size([1408])

🔥 Tuned parameter: image_encoder.vision_model.encoder.layers.36.mlp.fc2.bias -- torch.Size([1408])🔥 Tuned parameter: image_encoder.vision_model.encoder.layers.36.mlp.fc1.weight -- torch.Size([6144, 1408])

🔥 Tuned parameter: image_encoder.vision_model.encoder.layers.36.layer_norm2.weight -- torch.Size([1408])🔥 Tuned parameter: image_encoder.vision_model.encoder.layers.36.mlp.fc1.bias -- torch.Size([6144])

🔥 Tuned parameter: image_encoder.vision_model.encoder.layers.36.layer_norm2.bias -- torch.Size([1408])🔥 Tuned parameter: image_encoder.vision_model.encoder.layers.36.mlp.fc2.weight -- torch.Size([1408, 6144])

🔥 Tuned parameter: image_encoder.vision_model.encoder.layers.37.self_attn.qkv.weight -- torch.Size([4224, 1408])🔥 Tuned parameter: image_encoder.vision_model.encoder.layers.36.mlp.fc2.bias -- torch.Size([1408])

🔥 Tuned parameter: image_encoder.vision_model.encoder.layers.37.self_attn.qkv.bias -- torch.Size([4224])🔥 Tuned parameter: image_encoder.vision_model.encoder.layers.36.layer_norm2.weight -- torch.Size([1408])

🔥 Tuned parameter: image_encoder.vision_model.encoder.layers.37.self_attn.projection.weight -- torch.Size([1408, 1408])🔥 Tuned parameter: image_encoder.vision_model.encoder.layers.36.layer_norm2.bias -- torch.Size([1408])

🔥 Tuned parameter: image_encoder.vision_model.encoder.layers.37.self_attn.projection.bias -- torch.Size([1408])🔥 Tuned parameter: image_encoder.vision_model.encoder.layers.37.self_attn.qkv.weight -- torch.Size([4224, 1408])

🔥 Tuned parameter: image_encoder.vision_model.encoder.layers.37.layer_norm1.weight -- torch.Size([1408])🔥 Tuned parameter: image_encoder.vision_model.encoder.layers.37.self_attn.qkv.bias -- torch.Size([4224])

🔥 Tuned parameter: image_encoder.vision_model.encoder.layers.37.layer_norm1.bias -- torch.Size([1408])🔥 Tuned parameter: image_encoder.vision_model.encoder.layers.37.self_attn.projection.weight -- torch.Size([1408, 1408])

🔥 Tuned parameter: image_encoder.vision_model.encoder.layers.37.mlp.fc1.weight -- torch.Size([6144, 1408])🔥 Tuned parameter: image_encoder.vision_model.encoder.layers.37.self_attn.projection.bias -- torch.Size([1408])

🔥 Tuned parameter: image_encoder.vision_model.encoder.layers.37.mlp.fc1.bias -- torch.Size([6144])🔥 Tuned parameter: image_encoder.vision_model.encoder.layers.37.layer_norm1.weight -- torch.Size([1408])

🔥 Tuned parameter: image_encoder.vision_model.encoder.layers.37.mlp.fc2.weight -- torch.Size([1408, 6144])🔥 Tuned parameter: image_encoder.vision_model.encoder.layers.37.layer_norm1.bias -- torch.Size([1408])

🔥 Tuned parameter: image_encoder.vision_model.encoder.layers.37.mlp.fc2.bias -- torch.Size([1408])🔥 Tuned parameter: image_encoder.vision_model.encoder.layers.37.mlp.fc1.weight -- torch.Size([6144, 1408])

🔥 Tuned parameter: image_encoder.vision_model.encoder.layers.37.layer_norm2.weight -- torch.Size([1408])🔥 Tuned parameter: image_encoder.vision_model.encoder.layers.37.mlp.fc1.bias -- torch.Size([6144])

🔥 Tuned parameter: image_encoder.vision_model.encoder.layers.37.layer_norm2.bias -- torch.Size([1408])🔥 Tuned parameter: image_encoder.vision_model.encoder.layers.37.mlp.fc2.weight -- torch.Size([1408, 6144])

🔥 Tuned parameter: image_encoder.vision_model.encoder.layers.38.self_attn.qkv.weight -- torch.Size([4224, 1408])🔥 Tuned parameter: image_encoder.vision_model.encoder.layers.37.mlp.fc2.bias -- torch.Size([1408])

🔥 Tuned parameter: image_encoder.vision_model.encoder.layers.38.self_attn.qkv.bias -- torch.Size([4224])🔥 Tuned parameter: image_encoder.vision_model.encoder.layers.37.layer_norm2.weight -- torch.Size([1408])

🔥 Tuned parameter: image_encoder.vision_model.encoder.layers.38.self_attn.projection.weight -- torch.Size([1408, 1408])🔥 Tuned parameter: image_encoder.vision_model.encoder.layers.37.layer_norm2.bias -- torch.Size([1408])

🔥 Tuned parameter: image_encoder.vision_model.encoder.layers.38.self_attn.projection.bias -- torch.Size([1408])🔥 Tuned parameter: image_encoder.vision_model.encoder.layers.38.self_attn.qkv.weight -- torch.Size([4224, 1408])

🔥 Tuned parameter: image_encoder.vision_model.encoder.layers.38.layer_norm1.weight -- torch.Size([1408])🔥 Tuned parameter: image_encoder.vision_model.encoder.layers.38.self_attn.qkv.bias -- torch.Size([4224])

🔥 Tuned parameter: image_encoder.vision_model.encoder.layers.38.layer_norm1.bias -- torch.Size([1408])🔥 Tuned parameter: image_encoder.vision_model.encoder.layers.38.self_attn.projection.weight -- torch.Size([1408, 1408])

🔥 Tuned parameter: image_encoder.vision_model.encoder.layers.38.mlp.fc1.weight -- torch.Size([6144, 1408])🔥 Tuned parameter: image_encoder.vision_model.encoder.layers.38.self_attn.projection.bias -- torch.Size([1408])

🔥 Tuned parameter: image_encoder.vision_model.encoder.layers.38.mlp.fc1.bias -- torch.Size([6144])🔥 Tuned parameter: image_encoder.vision_model.encoder.layers.38.layer_norm1.weight -- torch.Size([1408])

🔥 Tuned parameter: image_encoder.vision_model.encoder.layers.38.mlp.fc2.weight -- torch.Size([1408, 6144])🔥 Tuned parameter: image_encoder.vision_model.encoder.layers.38.layer_norm1.bias -- torch.Size([1408])

🔥 Tuned parameter: image_encoder.vision_model.encoder.layers.38.mlp.fc2.bias -- torch.Size([1408])🔥 Tuned parameter: image_encoder.vision_model.encoder.layers.38.mlp.fc1.weight -- torch.Size([6144, 1408])

🔥 Tuned parameter: image_encoder.vision_model.encoder.layers.38.layer_norm2.weight -- torch.Size([1408])🔥 Tuned parameter: image_encoder.vision_model.encoder.layers.38.mlp.fc1.bias -- torch.Size([6144])

🔥 Tuned parameter: image_encoder.vision_model.encoder.layers.38.layer_norm2.bias -- torch.Size([1408])🔥 Tuned parameter: image_encoder.vision_model.encoder.layers.38.mlp.fc2.weight -- torch.Size([1408, 6144])

🔥 Tuned parameter: image_encoder.vision_model.post_layernorm.weight -- torch.Size([1408])🔥 Tuned parameter: image_encoder.vision_model.encoder.layers.38.mlp.fc2.bias -- torch.Size([1408])

🔥 Tuned parameter: image_encoder.vision_model.post_layernorm.bias -- torch.Size([1408])🔥 Tuned parameter: image_encoder.vision_model.encoder.layers.38.layer_norm2.weight -- torch.Size([1408])

🔥 Tuned parameter: image_encoder.qformer.layernorm.weight -- torch.Size([768])🔥 Tuned parameter: image_encoder.vision_model.encoder.layers.38.layer_norm2.bias -- torch.Size([1408])

🔥 Tuned parameter: image_encoder.qformer.layernorm.bias -- torch.Size([768])🔥 Tuned parameter: image_encoder.vision_model.post_layernorm.weight -- torch.Size([1408])

🔥 Tuned parameter: image_encoder.qformer.encoder.layer.0.attention.attention.query.weight -- torch.Size([768, 768])🔥 Tuned parameter: image_encoder.vision_model.post_layernorm.bias -- torch.Size([1408])

🔥 Tuned parameter: image_encoder.qformer.encoder.layer.0.attention.attention.query.bias -- torch.Size([768])🔥 Tuned parameter: image_encoder.qformer.layernorm.weight -- torch.Size([768])

🔥 Tuned parameter: image_encoder.qformer.encoder.layer.0.attention.attention.key.weight -- torch.Size([768, 768])🔥 Tuned parameter: image_encoder.qformer.layernorm.bias -- torch.Size([768])

🔥 Tuned parameter: image_encoder.qformer.encoder.layer.0.attention.attention.key.bias -- torch.Size([768])
🔥 Tuned parameter: image_encoder.qformer.encoder.layer.0.attention.attention.query.weight -- torch.Size([768, 768])🔥 Tuned parameter: image_encoder.qformer.encoder.layer.0.attention.attention.value.weight -- torch.Size([768, 768])

🔥 Tuned parameter: image_encoder.qformer.encoder.layer.0.attention.attention.query.bias -- torch.Size([768])🔥 Tuned parameter: image_encoder.qformer.encoder.layer.0.attention.attention.value.bias -- torch.Size([768])

🔥 Tuned parameter: image_encoder.qformer.encoder.layer.0.attention.attention.key.weight -- torch.Size([768, 768])🔥 Tuned parameter: image_encoder.qformer.encoder.layer.0.attention.output.dense.weight -- torch.Size([768, 768])

🔥 Tuned parameter: image_encoder.qformer.encoder.layer.0.attention.attention.key.bias -- torch.Size([768])🔥 Tuned parameter: image_encoder.qformer.encoder.layer.0.attention.output.dense.bias -- torch.Size([768])

🔥 Tuned parameter: image_encoder.qformer.encoder.layer.0.attention.attention.value.weight -- torch.Size([768, 768])🔥 Tuned parameter: image_encoder.qformer.encoder.layer.0.attention.output.LayerNorm.weight -- torch.Size([768])

🔥 Tuned parameter: image_encoder.qformer.encoder.layer.0.attention.attention.value.bias -- torch.Size([768])🔥 Tuned parameter: image_encoder.qformer.encoder.layer.0.attention.output.LayerNorm.bias -- torch.Size([768])

🔥 Tuned parameter: image_encoder.qformer.encoder.layer.0.attention.output.dense.weight -- torch.Size([768, 768])
🔥 Tuned parameter: image_encoder.qformer.encoder.layer.0.crossattention.attention.query.weight -- torch.Size([768, 768])🔥 Tuned parameter: image_encoder.qformer.encoder.layer.0.attention.output.dense.bias -- torch.Size([768])

🔥 Tuned parameter: image_encoder.qformer.encoder.layer.0.crossattention.attention.query.bias -- torch.Size([768])🔥 Tuned parameter: image_encoder.qformer.encoder.layer.0.attention.output.LayerNorm.weight -- torch.Size([768])

🔥 Tuned parameter: image_encoder.qformer.encoder.layer.0.crossattention.attention.key.weight -- torch.Size([768, 1408])🔥 Tuned parameter: image_encoder.qformer.encoder.layer.0.attention.output.LayerNorm.bias -- torch.Size([768])

🔥 Tuned parameter: image_encoder.qformer.encoder.layer.0.crossattention.attention.key.bias -- torch.Size([768])🔥 Tuned parameter: image_encoder.qformer.encoder.layer.0.crossattention.attention.query.weight -- torch.Size([768, 768])

🔥 Tuned parameter: image_encoder.qformer.encoder.layer.0.crossattention.attention.value.weight -- torch.Size([768, 1408])🔥 Tuned parameter: image_encoder.qformer.encoder.layer.0.crossattention.attention.query.bias -- torch.Size([768])

🔥 Tuned parameter: image_encoder.qformer.encoder.layer.0.crossattention.attention.value.bias -- torch.Size([768])🔥 Tuned parameter: image_encoder.qformer.encoder.layer.0.crossattention.attention.key.weight -- torch.Size([768, 1408])

🔥 Tuned parameter: image_encoder.qformer.encoder.layer.0.crossattention.output.dense.weight -- torch.Size([768, 768])🔥 Tuned parameter: image_encoder.qformer.encoder.layer.0.crossattention.attention.key.bias -- torch.Size([768])

🔥 Tuned parameter: image_encoder.qformer.encoder.layer.0.crossattention.output.dense.bias -- torch.Size([768])🔥 Tuned parameter: image_encoder.qformer.encoder.layer.0.crossattention.attention.value.weight -- torch.Size([768, 1408])

🔥 Tuned parameter: image_encoder.qformer.encoder.layer.0.crossattention.output.LayerNorm.weight -- torch.Size([768])🔥 Tuned parameter: image_encoder.qformer.encoder.layer.0.crossattention.attention.value.bias -- torch.Size([768])

🔥 Tuned parameter: image_encoder.qformer.encoder.layer.0.crossattention.output.LayerNorm.bias -- torch.Size([768])🔥 Tuned parameter: image_encoder.qformer.encoder.layer.0.crossattention.output.dense.weight -- torch.Size([768, 768])

🔥 Tuned parameter: image_encoder.qformer.encoder.layer.0.intermediate_query.dense.weight -- torch.Size([3072, 768])🔥 Tuned parameter: image_encoder.qformer.encoder.layer.0.crossattention.output.dense.bias -- torch.Size([768])

🔥 Tuned parameter: image_encoder.qformer.encoder.layer.0.intermediate_query.dense.bias -- torch.Size([3072])🔥 Tuned parameter: image_encoder.qformer.encoder.layer.0.crossattention.output.LayerNorm.weight -- torch.Size([768])

🔥 Tuned parameter: image_encoder.qformer.encoder.layer.0.output_query.dense.weight -- torch.Size([768, 3072])🔥 Tuned parameter: image_encoder.qformer.encoder.layer.0.crossattention.output.LayerNorm.bias -- torch.Size([768])

🔥 Tuned parameter: image_encoder.qformer.encoder.layer.0.output_query.dense.bias -- torch.Size([768])🔥 Tuned parameter: image_encoder.qformer.encoder.layer.0.intermediate_query.dense.weight -- torch.Size([3072, 768])

🔥 Tuned parameter: image_encoder.qformer.encoder.layer.0.output_query.LayerNorm.weight -- torch.Size([768])🔥 Tuned parameter: image_encoder.qformer.encoder.layer.0.intermediate_query.dense.bias -- torch.Size([3072])

🔥 Tuned parameter: image_encoder.qformer.encoder.layer.0.output_query.LayerNorm.bias -- torch.Size([768])🔥 Tuned parameter: image_encoder.qformer.encoder.layer.0.output_query.dense.weight -- torch.Size([768, 3072])

🔥 Tuned parameter: image_encoder.qformer.encoder.layer.1.attention.attention.query.weight -- torch.Size([768, 768])🔥 Tuned parameter: image_encoder.qformer.encoder.layer.0.output_query.dense.bias -- torch.Size([768])

🔥 Tuned parameter: image_encoder.qformer.encoder.layer.1.attention.attention.query.bias -- torch.Size([768])🔥 Tuned parameter: image_encoder.qformer.encoder.layer.0.output_query.LayerNorm.weight -- torch.Size([768])

🔥 Tuned parameter: image_encoder.qformer.encoder.layer.1.attention.attention.key.weight -- torch.Size([768, 768])🔥 Tuned parameter: image_encoder.qformer.encoder.layer.0.output_query.LayerNorm.bias -- torch.Size([768])

🔥 Tuned parameter: image_encoder.qformer.encoder.layer.1.attention.attention.key.bias -- torch.Size([768])
🔥 Tuned parameter: image_encoder.qformer.encoder.layer.1.attention.attention.query.weight -- torch.Size([768, 768])🔥 Tuned parameter: image_encoder.qformer.encoder.layer.1.attention.attention.value.weight -- torch.Size([768, 768])

🔥 Tuned parameter: image_encoder.qformer.encoder.layer.1.attention.attention.query.bias -- torch.Size([768])🔥 Tuned parameter: image_encoder.qformer.encoder.layer.1.attention.attention.value.bias -- torch.Size([768])

🔥 Tuned parameter: image_encoder.qformer.encoder.layer.1.attention.attention.key.weight -- torch.Size([768, 768])🔥 Tuned parameter: image_encoder.qformer.encoder.layer.1.attention.output.dense.weight -- torch.Size([768, 768])

🔥 Tuned parameter: image_encoder.qformer.encoder.layer.1.attention.attention.key.bias -- torch.Size([768])🔥 Tuned parameter: image_encoder.qformer.encoder.layer.1.attention.output.dense.bias -- torch.Size([768])

🔥 Tuned parameter: image_encoder.qformer.encoder.layer.1.attention.attention.value.weight -- torch.Size([768, 768])🔥 Tuned parameter: image_encoder.qformer.encoder.layer.1.attention.output.LayerNorm.weight -- torch.Size([768])

🔥 Tuned parameter: image_encoder.qformer.encoder.layer.1.attention.attention.value.bias -- torch.Size([768])🔥 Tuned parameter: image_encoder.qformer.encoder.layer.1.attention.output.LayerNorm.bias -- torch.Size([768])

🔥 Tuned parameter: image_encoder.qformer.encoder.layer.1.attention.output.dense.weight -- torch.Size([768, 768])🔥 Tuned parameter: image_encoder.qformer.encoder.layer.1.intermediate_query.dense.weight -- torch.Size([3072, 768])

🔥 Tuned parameter: image_encoder.qformer.encoder.layer.1.attention.output.dense.bias -- torch.Size([768])🔥 Tuned parameter: image_encoder.qformer.encoder.layer.1.intermediate_query.dense.bias -- torch.Size([3072])

🔥 Tuned parameter: image_encoder.qformer.encoder.layer.1.attention.output.LayerNorm.weight -- torch.Size([768])
🔥 Tuned parameter: image_encoder.qformer.encoder.layer.1.output_query.dense.weight -- torch.Size([768, 3072])🔥 Tuned parameter: image_encoder.qformer.encoder.layer.1.attention.output.LayerNorm.bias -- torch.Size([768])

🔥 Tuned parameter: image_encoder.qformer.encoder.layer.1.output_query.dense.bias -- torch.Size([768])🔥 Tuned parameter: image_encoder.qformer.encoder.layer.1.intermediate_query.dense.weight -- torch.Size([3072, 768])

🔥 Tuned parameter: image_encoder.qformer.encoder.layer.1.output_query.LayerNorm.weight -- torch.Size([768])🔥 Tuned parameter: image_encoder.qformer.encoder.layer.1.intermediate_query.dense.bias -- torch.Size([3072])

🔥 Tuned parameter: image_encoder.qformer.encoder.layer.1.output_query.LayerNorm.bias -- torch.Size([768])🔥 Tuned parameter: image_encoder.qformer.encoder.layer.1.output_query.dense.weight -- torch.Size([768, 3072])

🔥 Tuned parameter: image_encoder.qformer.encoder.layer.2.attention.attention.query.weight -- torch.Size([768, 768])🔥 Tuned parameter: image_encoder.qformer.encoder.layer.1.output_query.dense.bias -- torch.Size([768])

🔥 Tuned parameter: image_encoder.qformer.encoder.layer.2.attention.attention.query.bias -- torch.Size([768])🔥 Tuned parameter: image_encoder.qformer.encoder.layer.1.output_query.LayerNorm.weight -- torch.Size([768])

🔥 Tuned parameter: image_encoder.qformer.encoder.layer.2.attention.attention.key.weight -- torch.Size([768, 768])🔥 Tuned parameter: image_encoder.qformer.encoder.layer.1.output_query.LayerNorm.bias -- torch.Size([768])

🔥 Tuned parameter: image_encoder.qformer.encoder.layer.2.attention.attention.key.bias -- torch.Size([768])
🔥 Tuned parameter: image_encoder.qformer.encoder.layer.2.attention.attention.query.weight -- torch.Size([768, 768])🔥 Tuned parameter: image_encoder.qformer.encoder.layer.2.attention.attention.value.weight -- torch.Size([768, 768])

🔥 Tuned parameter: image_encoder.qformer.encoder.layer.2.attention.attention.query.bias -- torch.Size([768])🔥 Tuned parameter: image_encoder.qformer.encoder.layer.2.attention.attention.value.bias -- torch.Size([768])

🔥 Tuned parameter: image_encoder.qformer.encoder.layer.2.attention.attention.key.weight -- torch.Size([768, 768])🔥 Tuned parameter: image_encoder.qformer.encoder.layer.2.attention.output.dense.weight -- torch.Size([768, 768])

🔥 Tuned parameter: image_encoder.qformer.encoder.layer.2.attention.attention.key.bias -- torch.Size([768])🔥 Tuned parameter: image_encoder.qformer.encoder.layer.2.attention.output.dense.bias -- torch.Size([768])

🔥 Tuned parameter: image_encoder.qformer.encoder.layer.2.attention.attention.value.weight -- torch.Size([768, 768])🔥 Tuned parameter: image_encoder.qformer.encoder.layer.2.attention.output.LayerNorm.weight -- torch.Size([768])

🔥 Tuned parameter: image_encoder.qformer.encoder.layer.2.attention.attention.value.bias -- torch.Size([768])🔥 Tuned parameter: image_encoder.qformer.encoder.layer.2.attention.output.LayerNorm.bias -- torch.Size([768])

🔥 Tuned parameter: image_encoder.qformer.encoder.layer.2.attention.output.dense.weight -- torch.Size([768, 768])🔥 Tuned parameter: image_encoder.qformer.encoder.layer.2.crossattention.attention.query.weight -- torch.Size([768, 768])

🔥 Tuned parameter: image_encoder.qformer.encoder.layer.2.attention.output.dense.bias -- torch.Size([768])🔥 Tuned parameter: image_encoder.qformer.encoder.layer.2.crossattention.attention.query.bias -- torch.Size([768])

🔥 Tuned parameter: image_encoder.qformer.encoder.layer.2.attention.output.LayerNorm.weight -- torch.Size([768])🔥 Tuned parameter: image_encoder.qformer.encoder.layer.2.crossattention.attention.key.weight -- torch.Size([768, 1408])

🔥 Tuned parameter: image_encoder.qformer.encoder.layer.2.attention.output.LayerNorm.bias -- torch.Size([768])🔥 Tuned parameter: image_encoder.qformer.encoder.layer.2.crossattention.attention.key.bias -- torch.Size([768])

🔥 Tuned parameter: image_encoder.qformer.encoder.layer.2.crossattention.attention.query.weight -- torch.Size([768, 768])🔥 Tuned parameter: image_encoder.qformer.encoder.layer.2.crossattention.attention.value.weight -- torch.Size([768, 1408])

🔥 Tuned parameter: image_encoder.qformer.encoder.layer.2.crossattention.attention.query.bias -- torch.Size([768])🔥 Tuned parameter: image_encoder.qformer.encoder.layer.2.crossattention.attention.value.bias -- torch.Size([768])

🔥 Tuned parameter: image_encoder.qformer.encoder.layer.2.crossattention.attention.key.weight -- torch.Size([768, 1408])🔥 Tuned parameter: image_encoder.qformer.encoder.layer.2.crossattention.output.dense.weight -- torch.Size([768, 768])

🔥 Tuned parameter: image_encoder.qformer.encoder.layer.2.crossattention.attention.key.bias -- torch.Size([768])🔥 Tuned parameter: image_encoder.qformer.encoder.layer.2.crossattention.output.dense.bias -- torch.Size([768])

🔥 Tuned parameter: image_encoder.qformer.encoder.layer.2.crossattention.attention.value.weight -- torch.Size([768, 1408])🔥 Tuned parameter: image_encoder.qformer.encoder.layer.2.crossattention.output.LayerNorm.weight -- torch.Size([768])

🔥 Tuned parameter: image_encoder.qformer.encoder.layer.2.crossattention.attention.value.bias -- torch.Size([768])🔥 Tuned parameter: image_encoder.qformer.encoder.layer.2.crossattention.output.LayerNorm.bias -- torch.Size([768])

🔥 Tuned parameter: image_encoder.qformer.encoder.layer.2.crossattention.output.dense.weight -- torch.Size([768, 768])🔥 Tuned parameter: image_encoder.qformer.encoder.layer.2.intermediate_query.dense.weight -- torch.Size([3072, 768])

🔥 Tuned parameter: image_encoder.qformer.encoder.layer.2.crossattention.output.dense.bias -- torch.Size([768])🔥 Tuned parameter: image_encoder.qformer.encoder.layer.2.intermediate_query.dense.bias -- torch.Size([3072])

🔥 Tuned parameter: image_encoder.qformer.encoder.layer.2.crossattention.output.LayerNorm.weight -- torch.Size([768])🔥 Tuned parameter: image_encoder.qformer.encoder.layer.2.output_query.dense.weight -- torch.Size([768, 3072])

🔥 Tuned parameter: image_encoder.qformer.encoder.layer.2.crossattention.output.LayerNorm.bias -- torch.Size([768])🔥 Tuned parameter: image_encoder.qformer.encoder.layer.2.output_query.dense.bias -- torch.Size([768])

🔥 Tuned parameter: image_encoder.qformer.encoder.layer.2.intermediate_query.dense.weight -- torch.Size([3072, 768])🔥 Tuned parameter: image_encoder.qformer.encoder.layer.2.output_query.LayerNorm.weight -- torch.Size([768])

🔥 Tuned parameter: image_encoder.qformer.encoder.layer.2.intermediate_query.dense.bias -- torch.Size([3072])🔥 Tuned parameter: image_encoder.qformer.encoder.layer.2.output_query.LayerNorm.bias -- torch.Size([768])

🔥 Tuned parameter: image_encoder.qformer.encoder.layer.2.output_query.dense.weight -- torch.Size([768, 3072])🔥 Tuned parameter: image_encoder.qformer.encoder.layer.3.attention.attention.query.weight -- torch.Size([768, 768])

🔥 Tuned parameter: image_encoder.qformer.encoder.layer.2.output_query.dense.bias -- torch.Size([768])🔥 Tuned parameter: image_encoder.qformer.encoder.layer.3.attention.attention.query.bias -- torch.Size([768])

🔥 Tuned parameter: image_encoder.qformer.encoder.layer.2.output_query.LayerNorm.weight -- torch.Size([768])🔥 Tuned parameter: image_encoder.qformer.encoder.layer.3.attention.attention.key.weight -- torch.Size([768, 768])

🔥 Tuned parameter: image_encoder.qformer.encoder.layer.2.output_query.LayerNorm.bias -- torch.Size([768])🔥 Tuned parameter: image_encoder.qformer.encoder.layer.3.attention.attention.key.bias -- torch.Size([768])

🔥 Tuned parameter: image_encoder.qformer.encoder.layer.3.attention.attention.query.weight -- torch.Size([768, 768])🔥 Tuned parameter: image_encoder.qformer.encoder.layer.3.attention.attention.value.weight -- torch.Size([768, 768])

🔥 Tuned parameter: image_encoder.qformer.encoder.layer.3.attention.attention.query.bias -- torch.Size([768])🔥 Tuned parameter: image_encoder.qformer.encoder.layer.3.attention.attention.value.bias -- torch.Size([768])

🔥 Tuned parameter: image_encoder.qformer.encoder.layer.3.attention.attention.key.weight -- torch.Size([768, 768])🔥 Tuned parameter: image_encoder.qformer.encoder.layer.3.attention.output.dense.weight -- torch.Size([768, 768])

🔥 Tuned parameter: image_encoder.qformer.encoder.layer.3.attention.attention.key.bias -- torch.Size([768])🔥 Tuned parameter: image_encoder.qformer.encoder.layer.3.attention.output.dense.bias -- torch.Size([768])

🔥 Tuned parameter: image_encoder.qformer.encoder.layer.3.attention.attention.value.weight -- torch.Size([768, 768])🔥 Tuned parameter: image_encoder.qformer.encoder.layer.3.attention.output.LayerNorm.weight -- torch.Size([768])

🔥 Tuned parameter: image_encoder.qformer.encoder.layer.3.attention.attention.value.bias -- torch.Size([768])🔥 Tuned parameter: image_encoder.qformer.encoder.layer.3.attention.output.LayerNorm.bias -- torch.Size([768])

🔥 Tuned parameter: image_encoder.qformer.encoder.layer.3.attention.output.dense.weight -- torch.Size([768, 768])🔥 Tuned parameter: image_encoder.qformer.encoder.layer.3.intermediate_query.dense.weight -- torch.Size([3072, 768])

🔥 Tuned parameter: image_encoder.qformer.encoder.layer.3.attention.output.dense.bias -- torch.Size([768])🔥 Tuned parameter: image_encoder.qformer.encoder.layer.3.intermediate_query.dense.bias -- torch.Size([3072])

🔥 Tuned parameter: image_encoder.qformer.encoder.layer.3.attention.output.LayerNorm.weight -- torch.Size([768])🔥 Tuned parameter: image_encoder.qformer.encoder.layer.3.output_query.dense.weight -- torch.Size([768, 3072])

🔥 Tuned parameter: image_encoder.qformer.encoder.layer.3.attention.output.LayerNorm.bias -- torch.Size([768])🔥 Tuned parameter: image_encoder.qformer.encoder.layer.3.output_query.dense.bias -- torch.Size([768])

🔥 Tuned parameter: image_encoder.qformer.encoder.layer.3.intermediate_query.dense.weight -- torch.Size([3072, 768])🔥 Tuned parameter: image_encoder.qformer.encoder.layer.3.output_query.LayerNorm.weight -- torch.Size([768])

🔥 Tuned parameter: image_encoder.qformer.encoder.layer.3.intermediate_query.dense.bias -- torch.Size([3072])🔥 Tuned parameter: image_encoder.qformer.encoder.layer.3.output_query.LayerNorm.bias -- torch.Size([768])

🔥 Tuned parameter: image_encoder.qformer.encoder.layer.3.output_query.dense.weight -- torch.Size([768, 3072])🔥 Tuned parameter: image_encoder.qformer.encoder.layer.4.attention.attention.query.weight -- torch.Size([768, 768])

🔥 Tuned parameter: image_encoder.qformer.encoder.layer.3.output_query.dense.bias -- torch.Size([768])🔥 Tuned parameter: image_encoder.qformer.encoder.layer.4.attention.attention.query.bias -- torch.Size([768])

🔥 Tuned parameter: image_encoder.qformer.encoder.layer.3.output_query.LayerNorm.weight -- torch.Size([768])🔥 Tuned parameter: image_encoder.qformer.encoder.layer.4.attention.attention.key.weight -- torch.Size([768, 768])

🔥 Tuned parameter: image_encoder.qformer.encoder.layer.3.output_query.LayerNorm.bias -- torch.Size([768])🔥 Tuned parameter: image_encoder.qformer.encoder.layer.4.attention.attention.key.bias -- torch.Size([768])

🔥 Tuned parameter: image_encoder.qformer.encoder.layer.4.attention.attention.query.weight -- torch.Size([768, 768])🔥 Tuned parameter: image_encoder.qformer.encoder.layer.4.attention.attention.value.weight -- torch.Size([768, 768])

🔥 Tuned parameter: image_encoder.qformer.encoder.layer.4.attention.attention.query.bias -- torch.Size([768])🔥 Tuned parameter: image_encoder.qformer.encoder.layer.4.attention.attention.value.bias -- torch.Size([768])

🔥 Tuned parameter: image_encoder.qformer.encoder.layer.4.attention.attention.key.weight -- torch.Size([768, 768])🔥 Tuned parameter: image_encoder.qformer.encoder.layer.4.attention.output.dense.weight -- torch.Size([768, 768])

🔥 Tuned parameter: image_encoder.qformer.encoder.layer.4.attention.attention.key.bias -- torch.Size([768])🔥 Tuned parameter: image_encoder.qformer.encoder.layer.4.attention.output.dense.bias -- torch.Size([768])

🔥 Tuned parameter: image_encoder.qformer.encoder.layer.4.attention.attention.value.weight -- torch.Size([768, 768])🔥 Tuned parameter: image_encoder.qformer.encoder.layer.4.attention.output.LayerNorm.weight -- torch.Size([768])

🔥 Tuned parameter: image_encoder.qformer.encoder.layer.4.attention.attention.value.bias -- torch.Size([768])🔥 Tuned parameter: image_encoder.qformer.encoder.layer.4.attention.output.LayerNorm.bias -- torch.Size([768])

🔥 Tuned parameter: image_encoder.qformer.encoder.layer.4.attention.output.dense.weight -- torch.Size([768, 768])🔥 Tuned parameter: image_encoder.qformer.encoder.layer.4.crossattention.attention.query.weight -- torch.Size([768, 768])

🔥 Tuned parameter: image_encoder.qformer.encoder.layer.4.attention.output.dense.bias -- torch.Size([768])🔥 Tuned parameter: image_encoder.qformer.encoder.layer.4.crossattention.attention.query.bias -- torch.Size([768])

🔥 Tuned parameter: image_encoder.qformer.encoder.layer.4.attention.output.LayerNorm.weight -- torch.Size([768])🔥 Tuned parameter: image_encoder.qformer.encoder.layer.4.crossattention.attention.key.weight -- torch.Size([768, 1408])

🔥 Tuned parameter: image_encoder.qformer.encoder.layer.4.attention.output.LayerNorm.bias -- torch.Size([768])🔥 Tuned parameter: image_encoder.qformer.encoder.layer.4.crossattention.attention.key.bias -- torch.Size([768])

🔥 Tuned parameter: image_encoder.qformer.encoder.layer.4.crossattention.attention.query.weight -- torch.Size([768, 768])🔥 Tuned parameter: image_encoder.qformer.encoder.layer.4.crossattention.attention.value.weight -- torch.Size([768, 1408])

🔥 Tuned parameter: image_encoder.qformer.encoder.layer.4.crossattention.attention.query.bias -- torch.Size([768])🔥 Tuned parameter: image_encoder.qformer.encoder.layer.4.crossattention.attention.value.bias -- torch.Size([768])

🔥 Tuned parameter: image_encoder.qformer.encoder.layer.4.crossattention.attention.key.weight -- torch.Size([768, 1408])🔥 Tuned parameter: image_encoder.qformer.encoder.layer.4.crossattention.output.dense.weight -- torch.Size([768, 768])

🔥 Tuned parameter: image_encoder.qformer.encoder.layer.4.crossattention.attention.key.bias -- torch.Size([768])🔥 Tuned parameter: image_encoder.qformer.encoder.layer.4.crossattention.output.dense.bias -- torch.Size([768])

🔥 Tuned parameter: image_encoder.qformer.encoder.layer.4.crossattention.attention.value.weight -- torch.Size([768, 1408])🔥 Tuned parameter: image_encoder.qformer.encoder.layer.4.crossattention.output.LayerNorm.weight -- torch.Size([768])

🔥 Tuned parameter: image_encoder.qformer.encoder.layer.4.crossattention.attention.value.bias -- torch.Size([768])🔥 Tuned parameter: image_encoder.qformer.encoder.layer.4.crossattention.output.LayerNorm.bias -- torch.Size([768])

🔥 Tuned parameter: image_encoder.qformer.encoder.layer.4.crossattention.output.dense.weight -- torch.Size([768, 768])🔥 Tuned parameter: image_encoder.qformer.encoder.layer.4.intermediate_query.dense.weight -- torch.Size([3072, 768])

🔥 Tuned parameter: image_encoder.qformer.encoder.layer.4.crossattention.output.dense.bias -- torch.Size([768])🔥 Tuned parameter: image_encoder.qformer.encoder.layer.4.intermediate_query.dense.bias -- torch.Size([3072])

🔥 Tuned parameter: image_encoder.qformer.encoder.layer.4.crossattention.output.LayerNorm.weight -- torch.Size([768])🔥 Tuned parameter: image_encoder.qformer.encoder.layer.4.output_query.dense.weight -- torch.Size([768, 3072])

🔥 Tuned parameter: image_encoder.qformer.encoder.layer.4.crossattention.output.LayerNorm.bias -- torch.Size([768])🔥 Tuned parameter: image_encoder.qformer.encoder.layer.4.output_query.dense.bias -- torch.Size([768])

🔥 Tuned parameter: image_encoder.qformer.encoder.layer.4.intermediate_query.dense.weight -- torch.Size([3072, 768])🔥 Tuned parameter: image_encoder.qformer.encoder.layer.4.output_query.LayerNorm.weight -- torch.Size([768])

🔥 Tuned parameter: image_encoder.qformer.encoder.layer.4.intermediate_query.dense.bias -- torch.Size([3072])🔥 Tuned parameter: image_encoder.qformer.encoder.layer.4.output_query.LayerNorm.bias -- torch.Size([768])

🔥 Tuned parameter: image_encoder.qformer.encoder.layer.4.output_query.dense.weight -- torch.Size([768, 3072])🔥 Tuned parameter: image_encoder.qformer.encoder.layer.5.attention.attention.query.weight -- torch.Size([768, 768])

🔥 Tuned parameter: image_encoder.qformer.encoder.layer.4.output_query.dense.bias -- torch.Size([768])🔥 Tuned parameter: image_encoder.qformer.encoder.layer.5.attention.attention.query.bias -- torch.Size([768])

🔥 Tuned parameter: image_encoder.qformer.encoder.layer.4.output_query.LayerNorm.weight -- torch.Size([768])🔥 Tuned parameter: image_encoder.qformer.encoder.layer.5.attention.attention.key.weight -- torch.Size([768, 768])

🔥 Tuned parameter: image_encoder.qformer.encoder.layer.4.output_query.LayerNorm.bias -- torch.Size([768])🔥 Tuned parameter: image_encoder.qformer.encoder.layer.5.attention.attention.key.bias -- torch.Size([768])

🔥 Tuned parameter: image_encoder.qformer.encoder.layer.5.attention.attention.query.weight -- torch.Size([768, 768])🔥 Tuned parameter: image_encoder.qformer.encoder.layer.5.attention.attention.value.weight -- torch.Size([768, 768])

🔥 Tuned parameter: image_encoder.qformer.encoder.layer.5.attention.attention.query.bias -- torch.Size([768])🔥 Tuned parameter: image_encoder.qformer.encoder.layer.5.attention.attention.value.bias -- torch.Size([768])

🔥 Tuned parameter: image_encoder.qformer.encoder.layer.5.attention.attention.key.weight -- torch.Size([768, 768])🔥 Tuned parameter: image_encoder.qformer.encoder.layer.5.attention.output.dense.weight -- torch.Size([768, 768])

🔥 Tuned parameter: image_encoder.qformer.encoder.layer.5.attention.attention.key.bias -- torch.Size([768])🔥 Tuned parameter: image_encoder.qformer.encoder.layer.5.attention.output.dense.bias -- torch.Size([768])

🔥 Tuned parameter: image_encoder.qformer.encoder.layer.5.attention.attention.value.weight -- torch.Size([768, 768])🔥 Tuned parameter: image_encoder.qformer.encoder.layer.5.attention.output.LayerNorm.weight -- torch.Size([768])

🔥 Tuned parameter: image_encoder.qformer.encoder.layer.5.attention.attention.value.bias -- torch.Size([768])🔥 Tuned parameter: image_encoder.qformer.encoder.layer.5.attention.output.LayerNorm.bias -- torch.Size([768])

🔥 Tuned parameter: image_encoder.qformer.encoder.layer.5.attention.output.dense.weight -- torch.Size([768, 768])🔥 Tuned parameter: image_encoder.qformer.encoder.layer.5.intermediate_query.dense.weight -- torch.Size([3072, 768])

🔥 Tuned parameter: image_encoder.qformer.encoder.layer.5.attention.output.dense.bias -- torch.Size([768])🔥 Tuned parameter: image_encoder.qformer.encoder.layer.5.intermediate_query.dense.bias -- torch.Size([3072])

🔥 Tuned parameter: image_encoder.qformer.encoder.layer.5.attention.output.LayerNorm.weight -- torch.Size([768])🔥 Tuned parameter: image_encoder.qformer.encoder.layer.5.output_query.dense.weight -- torch.Size([768, 3072])

🔥 Tuned parameter: image_encoder.qformer.encoder.layer.5.attention.output.LayerNorm.bias -- torch.Size([768])🔥 Tuned parameter: image_encoder.qformer.encoder.layer.5.output_query.dense.bias -- torch.Size([768])

🔥 Tuned parameter: image_encoder.qformer.encoder.layer.5.intermediate_query.dense.weight -- torch.Size([3072, 768])🔥 Tuned parameter: image_encoder.qformer.encoder.layer.5.output_query.LayerNorm.weight -- torch.Size([768])

🔥 Tuned parameter: image_encoder.qformer.encoder.layer.5.intermediate_query.dense.bias -- torch.Size([3072])🔥 Tuned parameter: image_encoder.qformer.encoder.layer.5.output_query.LayerNorm.bias -- torch.Size([768])

🔥 Tuned parameter: image_encoder.qformer.encoder.layer.5.output_query.dense.weight -- torch.Size([768, 3072])🔥 Tuned parameter: image_encoder.qformer.encoder.layer.6.attention.attention.query.weight -- torch.Size([768, 768])

🔥 Tuned parameter: image_encoder.qformer.encoder.layer.5.output_query.dense.bias -- torch.Size([768])🔥 Tuned parameter: image_encoder.qformer.encoder.layer.6.attention.attention.query.bias -- torch.Size([768])

🔥 Tuned parameter: image_encoder.qformer.encoder.layer.5.output_query.LayerNorm.weight -- torch.Size([768])🔥 Tuned parameter: image_encoder.qformer.encoder.layer.6.attention.attention.key.weight -- torch.Size([768, 768])

🔥 Tuned parameter: image_encoder.qformer.encoder.layer.5.output_query.LayerNorm.bias -- torch.Size([768])🔥 Tuned parameter: image_encoder.qformer.encoder.layer.6.attention.attention.key.bias -- torch.Size([768])

🔥 Tuned parameter: image_encoder.qformer.encoder.layer.6.attention.attention.query.weight -- torch.Size([768, 768])🔥 Tuned parameter: image_encoder.qformer.encoder.layer.6.attention.attention.value.weight -- torch.Size([768, 768])

🔥 Tuned parameter: image_encoder.qformer.encoder.layer.6.attention.attention.query.bias -- torch.Size([768])🔥 Tuned parameter: image_encoder.qformer.encoder.layer.6.attention.attention.value.bias -- torch.Size([768])

🔥 Tuned parameter: image_encoder.qformer.encoder.layer.6.attention.attention.key.weight -- torch.Size([768, 768])🔥 Tuned parameter: image_encoder.qformer.encoder.layer.6.attention.output.dense.weight -- torch.Size([768, 768])

🔥 Tuned parameter: image_encoder.qformer.encoder.layer.6.attention.attention.key.bias -- torch.Size([768])🔥 Tuned parameter: image_encoder.qformer.encoder.layer.6.attention.output.dense.bias -- torch.Size([768])

🔥 Tuned parameter: image_encoder.qformer.encoder.layer.6.attention.attention.value.weight -- torch.Size([768, 768])🔥 Tuned parameter: image_encoder.qformer.encoder.layer.6.attention.output.LayerNorm.weight -- torch.Size([768])

🔥 Tuned parameter: image_encoder.qformer.encoder.layer.6.attention.attention.value.bias -- torch.Size([768])🔥 Tuned parameter: image_encoder.qformer.encoder.layer.6.attention.output.LayerNorm.bias -- torch.Size([768])

🔥 Tuned parameter: image_encoder.qformer.encoder.layer.6.attention.output.dense.weight -- torch.Size([768, 768])🔥 Tuned parameter: image_encoder.qformer.encoder.layer.6.crossattention.attention.query.weight -- torch.Size([768, 768])

🔥 Tuned parameter: image_encoder.qformer.encoder.layer.6.attention.output.dense.bias -- torch.Size([768])🔥 Tuned parameter: image_encoder.qformer.encoder.layer.6.crossattention.attention.query.bias -- torch.Size([768])

🔥 Tuned parameter: image_encoder.qformer.encoder.layer.6.attention.output.LayerNorm.weight -- torch.Size([768])🔥 Tuned parameter: image_encoder.qformer.encoder.layer.6.crossattention.attention.key.weight -- torch.Size([768, 1408])

🔥 Tuned parameter: image_encoder.qformer.encoder.layer.6.attention.output.LayerNorm.bias -- torch.Size([768])🔥 Tuned parameter: image_encoder.qformer.encoder.layer.6.crossattention.attention.key.bias -- torch.Size([768])

🔥 Tuned parameter: image_encoder.qformer.encoder.layer.6.crossattention.attention.query.weight -- torch.Size([768, 768])🔥 Tuned parameter: image_encoder.qformer.encoder.layer.6.crossattention.attention.value.weight -- torch.Size([768, 1408])

🔥 Tuned parameter: image_encoder.qformer.encoder.layer.6.crossattention.attention.query.bias -- torch.Size([768])🔥 Tuned parameter: image_encoder.qformer.encoder.layer.6.crossattention.attention.value.bias -- torch.Size([768])

🔥 Tuned parameter: image_encoder.qformer.encoder.layer.6.crossattention.attention.key.weight -- torch.Size([768, 1408])🔥 Tuned parameter: image_encoder.qformer.encoder.layer.6.crossattention.output.dense.weight -- torch.Size([768, 768])

🔥 Tuned parameter: image_encoder.qformer.encoder.layer.6.crossattention.attention.key.bias -- torch.Size([768])🔥 Tuned parameter: image_encoder.qformer.encoder.layer.6.crossattention.output.dense.bias -- torch.Size([768])

🔥 Tuned parameter: image_encoder.qformer.encoder.layer.6.crossattention.attention.value.weight -- torch.Size([768, 1408])🔥 Tuned parameter: image_encoder.qformer.encoder.layer.6.crossattention.output.LayerNorm.weight -- torch.Size([768])

🔥 Tuned parameter: image_encoder.qformer.encoder.layer.6.crossattention.attention.value.bias -- torch.Size([768])🔥 Tuned parameter: image_encoder.qformer.encoder.layer.6.crossattention.output.LayerNorm.bias -- torch.Size([768])

🔥 Tuned parameter: image_encoder.qformer.encoder.layer.6.crossattention.output.dense.weight -- torch.Size([768, 768])🔥 Tuned parameter: image_encoder.qformer.encoder.layer.6.intermediate_query.dense.weight -- torch.Size([3072, 768])

🔥 Tuned parameter: image_encoder.qformer.encoder.layer.6.crossattention.output.dense.bias -- torch.Size([768])🔥 Tuned parameter: image_encoder.qformer.encoder.layer.6.intermediate_query.dense.bias -- torch.Size([3072])

🔥 Tuned parameter: image_encoder.qformer.encoder.layer.6.crossattention.output.LayerNorm.weight -- torch.Size([768])🔥 Tuned parameter: image_encoder.qformer.encoder.layer.6.output_query.dense.weight -- torch.Size([768, 3072])

🔥 Tuned parameter: image_encoder.qformer.encoder.layer.6.crossattention.output.LayerNorm.bias -- torch.Size([768])🔥 Tuned parameter: image_encoder.qformer.encoder.layer.6.output_query.dense.bias -- torch.Size([768])

🔥 Tuned parameter: image_encoder.qformer.encoder.layer.6.intermediate_query.dense.weight -- torch.Size([3072, 768])🔥 Tuned parameter: image_encoder.qformer.encoder.layer.6.output_query.LayerNorm.weight -- torch.Size([768])

🔥 Tuned parameter: image_encoder.qformer.encoder.layer.6.intermediate_query.dense.bias -- torch.Size([3072])🔥 Tuned parameter: image_encoder.qformer.encoder.layer.6.output_query.LayerNorm.bias -- torch.Size([768])

🔥 Tuned parameter: image_encoder.qformer.encoder.layer.6.output_query.dense.weight -- torch.Size([768, 3072])🔥 Tuned parameter: image_encoder.qformer.encoder.layer.7.attention.attention.query.weight -- torch.Size([768, 768])

🔥 Tuned parameter: image_encoder.qformer.encoder.layer.6.output_query.dense.bias -- torch.Size([768])🔥 Tuned parameter: image_encoder.qformer.encoder.layer.7.attention.attention.query.bias -- torch.Size([768])

🔥 Tuned parameter: image_encoder.qformer.encoder.layer.6.output_query.LayerNorm.weight -- torch.Size([768])🔥 Tuned parameter: image_encoder.qformer.encoder.layer.7.attention.attention.key.weight -- torch.Size([768, 768])

🔥 Tuned parameter: image_encoder.qformer.encoder.layer.6.output_query.LayerNorm.bias -- torch.Size([768])🔥 Tuned parameter: image_encoder.qformer.encoder.layer.7.attention.attention.key.bias -- torch.Size([768])

🔥 Tuned parameter: image_encoder.qformer.encoder.layer.7.attention.attention.query.weight -- torch.Size([768, 768])🔥 Tuned parameter: image_encoder.qformer.encoder.layer.7.attention.attention.value.weight -- torch.Size([768, 768])

🔥 Tuned parameter: image_encoder.qformer.encoder.layer.7.attention.attention.query.bias -- torch.Size([768])🔥 Tuned parameter: image_encoder.qformer.encoder.layer.7.attention.attention.value.bias -- torch.Size([768])

🔥 Tuned parameter: image_encoder.qformer.encoder.layer.7.attention.attention.key.weight -- torch.Size([768, 768])🔥 Tuned parameter: image_encoder.qformer.encoder.layer.7.attention.output.dense.weight -- torch.Size([768, 768])

🔥 Tuned parameter: image_encoder.qformer.encoder.layer.7.attention.attention.key.bias -- torch.Size([768])🔥 Tuned parameter: image_encoder.qformer.encoder.layer.7.attention.output.dense.bias -- torch.Size([768])

🔥 Tuned parameter: image_encoder.qformer.encoder.layer.7.attention.attention.value.weight -- torch.Size([768, 768])🔥 Tuned parameter: image_encoder.qformer.encoder.layer.7.attention.output.LayerNorm.weight -- torch.Size([768])

🔥 Tuned parameter: image_encoder.qformer.encoder.layer.7.attention.attention.value.bias -- torch.Size([768])🔥 Tuned parameter: image_encoder.qformer.encoder.layer.7.attention.output.LayerNorm.bias -- torch.Size([768])

🔥 Tuned parameter: image_encoder.qformer.encoder.layer.7.attention.output.dense.weight -- torch.Size([768, 768])🔥 Tuned parameter: image_encoder.qformer.encoder.layer.7.intermediate_query.dense.weight -- torch.Size([3072, 768])

🔥 Tuned parameter: image_encoder.qformer.encoder.layer.7.attention.output.dense.bias -- torch.Size([768])🔥 Tuned parameter: image_encoder.qformer.encoder.layer.7.intermediate_query.dense.bias -- torch.Size([3072])

🔥 Tuned parameter: image_encoder.qformer.encoder.layer.7.attention.output.LayerNorm.weight -- torch.Size([768])🔥 Tuned parameter: image_encoder.qformer.encoder.layer.7.output_query.dense.weight -- torch.Size([768, 3072])

🔥 Tuned parameter: image_encoder.qformer.encoder.layer.7.attention.output.LayerNorm.bias -- torch.Size([768])🔥 Tuned parameter: image_encoder.qformer.encoder.layer.7.output_query.dense.bias -- torch.Size([768])

🔥 Tuned parameter: image_encoder.qformer.encoder.layer.7.intermediate_query.dense.weight -- torch.Size([3072, 768])🔥 Tuned parameter: image_encoder.qformer.encoder.layer.7.output_query.LayerNorm.weight -- torch.Size([768])

🔥 Tuned parameter: image_encoder.qformer.encoder.layer.7.intermediate_query.dense.bias -- torch.Size([3072])🔥 Tuned parameter: image_encoder.qformer.encoder.layer.7.output_query.LayerNorm.bias -- torch.Size([768])

🔥 Tuned parameter: image_encoder.qformer.encoder.layer.7.output_query.dense.weight -- torch.Size([768, 3072])🔥 Tuned parameter: image_encoder.qformer.encoder.layer.8.attention.attention.query.weight -- torch.Size([768, 768])

🔥 Tuned parameter: image_encoder.qformer.encoder.layer.7.output_query.dense.bias -- torch.Size([768])🔥 Tuned parameter: image_encoder.qformer.encoder.layer.8.attention.attention.query.bias -- torch.Size([768])

🔥 Tuned parameter: image_encoder.qformer.encoder.layer.7.output_query.LayerNorm.weight -- torch.Size([768])🔥 Tuned parameter: image_encoder.qformer.encoder.layer.8.attention.attention.key.weight -- torch.Size([768, 768])

🔥 Tuned parameter: image_encoder.qformer.encoder.layer.7.output_query.LayerNorm.bias -- torch.Size([768])🔥 Tuned parameter: image_encoder.qformer.encoder.layer.8.attention.attention.key.bias -- torch.Size([768])

🔥 Tuned parameter: image_encoder.qformer.encoder.layer.8.attention.attention.query.weight -- torch.Size([768, 768])🔥 Tuned parameter: image_encoder.qformer.encoder.layer.8.attention.attention.value.weight -- torch.Size([768, 768])

🔥 Tuned parameter: image_encoder.qformer.encoder.layer.8.attention.attention.query.bias -- torch.Size([768])🔥 Tuned parameter: image_encoder.qformer.encoder.layer.8.attention.attention.value.bias -- torch.Size([768])

🔥 Tuned parameter: image_encoder.qformer.encoder.layer.8.attention.attention.key.weight -- torch.Size([768, 768])🔥 Tuned parameter: image_encoder.qformer.encoder.layer.8.attention.output.dense.weight -- torch.Size([768, 768])

🔥 Tuned parameter: image_encoder.qformer.encoder.layer.8.attention.attention.key.bias -- torch.Size([768])🔥 Tuned parameter: image_encoder.qformer.encoder.layer.8.attention.output.dense.bias -- torch.Size([768])

🔥 Tuned parameter: image_encoder.qformer.encoder.layer.8.attention.attention.value.weight -- torch.Size([768, 768])🔥 Tuned parameter: image_encoder.qformer.encoder.layer.8.attention.output.LayerNorm.weight -- torch.Size([768])

🔥 Tuned parameter: image_encoder.qformer.encoder.layer.8.attention.attention.value.bias -- torch.Size([768])🔥 Tuned parameter: image_encoder.qformer.encoder.layer.8.attention.output.LayerNorm.bias -- torch.Size([768])

🔥 Tuned parameter: image_encoder.qformer.encoder.layer.8.attention.output.dense.weight -- torch.Size([768, 768])🔥 Tuned parameter: image_encoder.qformer.encoder.layer.8.crossattention.attention.query.weight -- torch.Size([768, 768])

🔥 Tuned parameter: image_encoder.qformer.encoder.layer.8.attention.output.dense.bias -- torch.Size([768])🔥 Tuned parameter: image_encoder.qformer.encoder.layer.8.crossattention.attention.query.bias -- torch.Size([768])

🔥 Tuned parameter: image_encoder.qformer.encoder.layer.8.attention.output.LayerNorm.weight -- torch.Size([768])🔥 Tuned parameter: image_encoder.qformer.encoder.layer.8.crossattention.attention.key.weight -- torch.Size([768, 1408])

🔥 Tuned parameter: image_encoder.qformer.encoder.layer.8.attention.output.LayerNorm.bias -- torch.Size([768])🔥 Tuned parameter: image_encoder.qformer.encoder.layer.8.crossattention.attention.key.bias -- torch.Size([768])

🔥 Tuned parameter: image_encoder.qformer.encoder.layer.8.crossattention.attention.query.weight -- torch.Size([768, 768])🔥 Tuned parameter: image_encoder.qformer.encoder.layer.8.crossattention.attention.value.weight -- torch.Size([768, 1408])

🔥 Tuned parameter: image_encoder.qformer.encoder.layer.8.crossattention.attention.query.bias -- torch.Size([768])🔥 Tuned parameter: image_encoder.qformer.encoder.layer.8.crossattention.attention.value.bias -- torch.Size([768])

🔥 Tuned parameter: image_encoder.qformer.encoder.layer.8.crossattention.attention.key.weight -- torch.Size([768, 1408])🔥 Tuned parameter: image_encoder.qformer.encoder.layer.8.crossattention.output.dense.weight -- torch.Size([768, 768])

🔥 Tuned parameter: image_encoder.qformer.encoder.layer.8.crossattention.attention.key.bias -- torch.Size([768])🔥 Tuned parameter: image_encoder.qformer.encoder.layer.8.crossattention.output.dense.bias -- torch.Size([768])

🔥 Tuned parameter: image_encoder.qformer.encoder.layer.8.crossattention.attention.value.weight -- torch.Size([768, 1408])🔥 Tuned parameter: image_encoder.qformer.encoder.layer.8.crossattention.output.LayerNorm.weight -- torch.Size([768])

🔥 Tuned parameter: image_encoder.qformer.encoder.layer.8.crossattention.attention.value.bias -- torch.Size([768])🔥 Tuned parameter: image_encoder.qformer.encoder.layer.8.crossattention.output.LayerNorm.bias -- torch.Size([768])

🔥 Tuned parameter: image_encoder.qformer.encoder.layer.8.crossattention.output.dense.weight -- torch.Size([768, 768])🔥 Tuned parameter: image_encoder.qformer.encoder.layer.8.intermediate_query.dense.weight -- torch.Size([3072, 768])

🔥 Tuned parameter: image_encoder.qformer.encoder.layer.8.crossattention.output.dense.bias -- torch.Size([768])🔥 Tuned parameter: image_encoder.qformer.encoder.layer.8.intermediate_query.dense.bias -- torch.Size([3072])

🔥 Tuned parameter: image_encoder.qformer.encoder.layer.8.crossattention.output.LayerNorm.weight -- torch.Size([768])🔥 Tuned parameter: image_encoder.qformer.encoder.layer.8.output_query.dense.weight -- torch.Size([768, 3072])

🔥 Tuned parameter: image_encoder.qformer.encoder.layer.8.crossattention.output.LayerNorm.bias -- torch.Size([768])🔥 Tuned parameter: image_encoder.qformer.encoder.layer.8.output_query.dense.bias -- torch.Size([768])

🔥 Tuned parameter: image_encoder.qformer.encoder.layer.8.intermediate_query.dense.weight -- torch.Size([3072, 768])🔥 Tuned parameter: image_encoder.qformer.encoder.layer.8.output_query.LayerNorm.weight -- torch.Size([768])

🔥 Tuned parameter: image_encoder.qformer.encoder.layer.8.intermediate_query.dense.bias -- torch.Size([3072])🔥 Tuned parameter: image_encoder.qformer.encoder.layer.8.output_query.LayerNorm.bias -- torch.Size([768])

🔥 Tuned parameter: image_encoder.qformer.encoder.layer.8.output_query.dense.weight -- torch.Size([768, 3072])🔥 Tuned parameter: image_encoder.qformer.encoder.layer.9.attention.attention.query.weight -- torch.Size([768, 768])

🔥 Tuned parameter: image_encoder.qformer.encoder.layer.8.output_query.dense.bias -- torch.Size([768])🔥 Tuned parameter: image_encoder.qformer.encoder.layer.9.attention.attention.query.bias -- torch.Size([768])

🔥 Tuned parameter: image_encoder.qformer.encoder.layer.8.output_query.LayerNorm.weight -- torch.Size([768])🔥 Tuned parameter: image_encoder.qformer.encoder.layer.9.attention.attention.key.weight -- torch.Size([768, 768])

🔥 Tuned parameter: image_encoder.qformer.encoder.layer.8.output_query.LayerNorm.bias -- torch.Size([768])🔥 Tuned parameter: image_encoder.qformer.encoder.layer.9.attention.attention.key.bias -- torch.Size([768])

🔥 Tuned parameter: image_encoder.qformer.encoder.layer.9.attention.attention.query.weight -- torch.Size([768, 768])🔥 Tuned parameter: image_encoder.qformer.encoder.layer.9.attention.attention.value.weight -- torch.Size([768, 768])

🔥 Tuned parameter: image_encoder.qformer.encoder.layer.9.attention.attention.query.bias -- torch.Size([768])🔥 Tuned parameter: image_encoder.qformer.encoder.layer.9.attention.attention.value.bias -- torch.Size([768])

🔥 Tuned parameter: image_encoder.qformer.encoder.layer.9.attention.attention.key.weight -- torch.Size([768, 768])🔥 Tuned parameter: image_encoder.qformer.encoder.layer.9.attention.output.dense.weight -- torch.Size([768, 768])

🔥 Tuned parameter: image_encoder.qformer.encoder.layer.9.attention.attention.key.bias -- torch.Size([768])🔥 Tuned parameter: image_encoder.qformer.encoder.layer.9.attention.output.dense.bias -- torch.Size([768])

🔥 Tuned parameter: image_encoder.qformer.encoder.layer.9.attention.attention.value.weight -- torch.Size([768, 768])🔥 Tuned parameter: image_encoder.qformer.encoder.layer.9.attention.output.LayerNorm.weight -- torch.Size([768])

🔥 Tuned parameter: image_encoder.qformer.encoder.layer.9.attention.attention.value.bias -- torch.Size([768])🔥 Tuned parameter: image_encoder.qformer.encoder.layer.9.attention.output.LayerNorm.bias -- torch.Size([768])

🔥 Tuned parameter: image_encoder.qformer.encoder.layer.9.attention.output.dense.weight -- torch.Size([768, 768])🔥 Tuned parameter: image_encoder.qformer.encoder.layer.9.intermediate_query.dense.weight -- torch.Size([3072, 768])

🔥 Tuned parameter: image_encoder.qformer.encoder.layer.9.attention.output.dense.bias -- torch.Size([768])🔥 Tuned parameter: image_encoder.qformer.encoder.layer.9.intermediate_query.dense.bias -- torch.Size([3072])

🔥 Tuned parameter: image_encoder.qformer.encoder.layer.9.attention.output.LayerNorm.weight -- torch.Size([768])🔥 Tuned parameter: image_encoder.qformer.encoder.layer.9.output_query.dense.weight -- torch.Size([768, 3072])

🔥 Tuned parameter: image_encoder.qformer.encoder.layer.9.attention.output.LayerNorm.bias -- torch.Size([768])🔥 Tuned parameter: image_encoder.qformer.encoder.layer.9.output_query.dense.bias -- torch.Size([768])

🔥 Tuned parameter: image_encoder.qformer.encoder.layer.9.intermediate_query.dense.weight -- torch.Size([3072, 768])🔥 Tuned parameter: image_encoder.qformer.encoder.layer.9.output_query.LayerNorm.weight -- torch.Size([768])

🔥 Tuned parameter: image_encoder.qformer.encoder.layer.9.intermediate_query.dense.bias -- torch.Size([3072])🔥 Tuned parameter: image_encoder.qformer.encoder.layer.9.output_query.LayerNorm.bias -- torch.Size([768])

🔥 Tuned parameter: image_encoder.qformer.encoder.layer.9.output_query.dense.weight -- torch.Size([768, 3072])🔥 Tuned parameter: image_encoder.qformer.encoder.layer.10.attention.attention.query.weight -- torch.Size([768, 768])

🔥 Tuned parameter: image_encoder.qformer.encoder.layer.9.output_query.dense.bias -- torch.Size([768])🔥 Tuned parameter: image_encoder.qformer.encoder.layer.10.attention.attention.query.bias -- torch.Size([768])

🔥 Tuned parameter: image_encoder.qformer.encoder.layer.9.output_query.LayerNorm.weight -- torch.Size([768])🔥 Tuned parameter: image_encoder.qformer.encoder.layer.10.attention.attention.key.weight -- torch.Size([768, 768])

🔥 Tuned parameter: image_encoder.qformer.encoder.layer.9.output_query.LayerNorm.bias -- torch.Size([768])🔥 Tuned parameter: image_encoder.qformer.encoder.layer.10.attention.attention.key.bias -- torch.Size([768])

🔥 Tuned parameter: image_encoder.qformer.encoder.layer.10.attention.attention.query.weight -- torch.Size([768, 768])🔥 Tuned parameter: image_encoder.qformer.encoder.layer.10.attention.attention.value.weight -- torch.Size([768, 768])

🔥 Tuned parameter: image_encoder.qformer.encoder.layer.10.attention.attention.query.bias -- torch.Size([768])🔥 Tuned parameter: image_encoder.qformer.encoder.layer.10.attention.attention.value.bias -- torch.Size([768])

🔥 Tuned parameter: image_encoder.qformer.encoder.layer.10.attention.attention.key.weight -- torch.Size([768, 768])🔥 Tuned parameter: image_encoder.qformer.encoder.layer.10.attention.output.dense.weight -- torch.Size([768, 768])

🔥 Tuned parameter: image_encoder.qformer.encoder.layer.10.attention.attention.key.bias -- torch.Size([768])🔥 Tuned parameter: image_encoder.qformer.encoder.layer.10.attention.output.dense.bias -- torch.Size([768])

🔥 Tuned parameter: image_encoder.qformer.encoder.layer.10.attention.attention.value.weight -- torch.Size([768, 768])🔥 Tuned parameter: image_encoder.qformer.encoder.layer.10.attention.output.LayerNorm.weight -- torch.Size([768])

🔥 Tuned parameter: image_encoder.qformer.encoder.layer.10.attention.attention.value.bias -- torch.Size([768])🔥 Tuned parameter: image_encoder.qformer.encoder.layer.10.attention.output.LayerNorm.bias -- torch.Size([768])

🔥 Tuned parameter: image_encoder.qformer.encoder.layer.10.attention.output.dense.weight -- torch.Size([768, 768])🔥 Tuned parameter: image_encoder.qformer.encoder.layer.10.crossattention.attention.query.weight -- torch.Size([768, 768])

🔥 Tuned parameter: image_encoder.qformer.encoder.layer.10.attention.output.dense.bias -- torch.Size([768])🔥 Tuned parameter: image_encoder.qformer.encoder.layer.10.crossattention.attention.query.bias -- torch.Size([768])

🔥 Tuned parameter: image_encoder.qformer.encoder.layer.10.attention.output.LayerNorm.weight -- torch.Size([768])🔥 Tuned parameter: image_encoder.qformer.encoder.layer.10.crossattention.attention.key.weight -- torch.Size([768, 1408])

🔥 Tuned parameter: image_encoder.qformer.encoder.layer.10.attention.output.LayerNorm.bias -- torch.Size([768])🔥 Tuned parameter: image_encoder.qformer.encoder.layer.10.crossattention.attention.key.bias -- torch.Size([768])

🔥 Tuned parameter: image_encoder.qformer.encoder.layer.10.crossattention.attention.query.weight -- torch.Size([768, 768])🔥 Tuned parameter: image_encoder.qformer.encoder.layer.10.crossattention.attention.value.weight -- torch.Size([768, 1408])

🔥 Tuned parameter: image_encoder.qformer.encoder.layer.10.crossattention.attention.query.bias -- torch.Size([768])🔥 Tuned parameter: image_encoder.qformer.encoder.layer.10.crossattention.attention.value.bias -- torch.Size([768])

🔥 Tuned parameter: image_encoder.qformer.encoder.layer.10.crossattention.attention.key.weight -- torch.Size([768, 1408])🔥 Tuned parameter: image_encoder.qformer.encoder.layer.10.crossattention.output.dense.weight -- torch.Size([768, 768])

🔥 Tuned parameter: image_encoder.qformer.encoder.layer.10.crossattention.attention.key.bias -- torch.Size([768])🔥 Tuned parameter: image_encoder.qformer.encoder.layer.10.crossattention.output.dense.bias -- torch.Size([768])

🔥 Tuned parameter: image_encoder.qformer.encoder.layer.10.crossattention.attention.value.weight -- torch.Size([768, 1408])🔥 Tuned parameter: image_encoder.qformer.encoder.layer.10.crossattention.output.LayerNorm.weight -- torch.Size([768])

🔥 Tuned parameter: image_encoder.qformer.encoder.layer.10.crossattention.attention.value.bias -- torch.Size([768])🔥 Tuned parameter: image_encoder.qformer.encoder.layer.10.crossattention.output.LayerNorm.bias -- torch.Size([768])

🔥 Tuned parameter: image_encoder.qformer.encoder.layer.10.crossattention.output.dense.weight -- torch.Size([768, 768])🔥 Tuned parameter: image_encoder.qformer.encoder.layer.10.intermediate_query.dense.weight -- torch.Size([3072, 768])

🔥 Tuned parameter: image_encoder.qformer.encoder.layer.10.crossattention.output.dense.bias -- torch.Size([768])🔥 Tuned parameter: image_encoder.qformer.encoder.layer.10.intermediate_query.dense.bias -- torch.Size([3072])

🔥 Tuned parameter: image_encoder.qformer.encoder.layer.10.crossattention.output.LayerNorm.weight -- torch.Size([768])🔥 Tuned parameter: image_encoder.qformer.encoder.layer.10.output_query.dense.weight -- torch.Size([768, 3072])

🔥 Tuned parameter: image_encoder.qformer.encoder.layer.10.crossattention.output.LayerNorm.bias -- torch.Size([768])🔥 Tuned parameter: image_encoder.qformer.encoder.layer.10.output_query.dense.bias -- torch.Size([768])

🔥 Tuned parameter: image_encoder.qformer.encoder.layer.10.intermediate_query.dense.weight -- torch.Size([3072, 768])🔥 Tuned parameter: image_encoder.qformer.encoder.layer.10.output_query.LayerNorm.weight -- torch.Size([768])

🔥 Tuned parameter: image_encoder.qformer.encoder.layer.10.intermediate_query.dense.bias -- torch.Size([3072])🔥 Tuned parameter: image_encoder.qformer.encoder.layer.10.output_query.LayerNorm.bias -- torch.Size([768])

🔥 Tuned parameter: image_encoder.qformer.encoder.layer.10.output_query.dense.weight -- torch.Size([768, 3072])🔥 Tuned parameter: image_encoder.qformer.encoder.layer.11.attention.attention.query.weight -- torch.Size([768, 768])

🔥 Tuned parameter: image_encoder.qformer.encoder.layer.10.output_query.dense.bias -- torch.Size([768])🔥 Tuned parameter: image_encoder.qformer.encoder.layer.11.attention.attention.query.bias -- torch.Size([768])

🔥 Tuned parameter: image_encoder.qformer.encoder.layer.10.output_query.LayerNorm.weight -- torch.Size([768])🔥 Tuned parameter: image_encoder.qformer.encoder.layer.11.attention.attention.key.weight -- torch.Size([768, 768])

🔥 Tuned parameter: image_encoder.qformer.encoder.layer.10.output_query.LayerNorm.bias -- torch.Size([768])🔥 Tuned parameter: image_encoder.qformer.encoder.layer.11.attention.attention.key.bias -- torch.Size([768])

🔥 Tuned parameter: image_encoder.qformer.encoder.layer.11.attention.attention.query.weight -- torch.Size([768, 768])🔥 Tuned parameter: image_encoder.qformer.encoder.layer.11.attention.attention.value.weight -- torch.Size([768, 768])

🔥 Tuned parameter: image_encoder.qformer.encoder.layer.11.attention.attention.query.bias -- torch.Size([768])🔥 Tuned parameter: image_encoder.qformer.encoder.layer.11.attention.attention.value.bias -- torch.Size([768])

🔥 Tuned parameter: image_encoder.qformer.encoder.layer.11.attention.attention.key.weight -- torch.Size([768, 768])🔥 Tuned parameter: image_encoder.qformer.encoder.layer.11.attention.output.dense.weight -- torch.Size([768, 768])

🔥 Tuned parameter: image_encoder.qformer.encoder.layer.11.attention.attention.key.bias -- torch.Size([768])🔥 Tuned parameter: image_encoder.qformer.encoder.layer.11.attention.output.dense.bias -- torch.Size([768])

🔥 Tuned parameter: image_encoder.qformer.encoder.layer.11.attention.attention.value.weight -- torch.Size([768, 768])🔥 Tuned parameter: image_encoder.qformer.encoder.layer.11.attention.output.LayerNorm.weight -- torch.Size([768])

🔥 Tuned parameter: image_encoder.qformer.encoder.layer.11.attention.attention.value.bias -- torch.Size([768])🔥 Tuned parameter: image_encoder.qformer.encoder.layer.11.attention.output.LayerNorm.bias -- torch.Size([768])

🔥 Tuned parameter: image_encoder.qformer.encoder.layer.11.attention.output.dense.weight -- torch.Size([768, 768])🔥 Tuned parameter: image_encoder.qformer.encoder.layer.11.intermediate_query.dense.weight -- torch.Size([3072, 768])

🔥 Tuned parameter: image_encoder.qformer.encoder.layer.11.attention.output.dense.bias -- torch.Size([768])🔥 Tuned parameter: image_encoder.qformer.encoder.layer.11.intermediate_query.dense.bias -- torch.Size([3072])

🔥 Tuned parameter: image_encoder.qformer.encoder.layer.11.attention.output.LayerNorm.weight -- torch.Size([768])🔥 Tuned parameter: image_encoder.qformer.encoder.layer.11.output_query.dense.weight -- torch.Size([768, 3072])

🔥 Tuned parameter: image_encoder.qformer.encoder.layer.11.attention.output.LayerNorm.bias -- torch.Size([768])🔥 Tuned parameter: image_encoder.qformer.encoder.layer.11.output_query.dense.bias -- torch.Size([768])

🔥 Tuned parameter: image_encoder.qformer.encoder.layer.11.intermediate_query.dense.weight -- torch.Size([3072, 768])🔥 Tuned parameter: image_encoder.qformer.encoder.layer.11.output_query.LayerNorm.weight -- torch.Size([768])

🔥 Tuned parameter: image_encoder.qformer.encoder.layer.11.intermediate_query.dense.bias -- torch.Size([3072])🔥 Tuned parameter: image_encoder.qformer.encoder.layer.11.output_query.LayerNorm.bias -- torch.Size([768])

🔥 Tuned parameter: image_encoder.qformer.encoder.layer.11.output_query.dense.weight -- torch.Size([768, 3072])🔥 Tuned parameter: llm_proj_img.weight -- torch.Size([4096, 768])

🔥 Tuned parameter: image_encoder.qformer.encoder.layer.11.output_query.dense.bias -- torch.Size([768])🔥 Tuned parameter: llm_proj_img.bias -- torch.Size([4096])

🔥 Tuned parameter: image_encoder.qformer.encoder.layer.11.output_query.LayerNorm.weight -- torch.Size([768])🧊 Frozen parameter: clip_model.positional_embedding -- torch.Size([77, 512])

🔥 Tuned parameter: image_encoder.qformer.encoder.layer.11.output_query.LayerNorm.bias -- torch.Size([768])🧊 Frozen parameter: clip_model.text_projection -- torch.Size([512, 1024])

🔥 Tuned parameter: llm_proj_img.weight -- torch.Size([4096, 768])🧊 Frozen parameter: clip_model.logit_scale -- torch.Size([])

🔥 Tuned parameter: llm_proj_img.bias -- torch.Size([4096])🧊 Frozen parameter: clip_model.visual.conv1.weight -- torch.Size([32, 3, 3, 3])

🧊 Frozen parameter: clip_model.positional_embedding -- torch.Size([77, 512])🧊 Frozen parameter: clip_model.visual.bn1.weight -- torch.Size([32])

🧊 Frozen parameter: clip_model.text_projection -- torch.Size([512, 1024])🧊 Frozen parameter: clip_model.visual.bn1.bias -- torch.Size([32])

🧊 Frozen parameter: clip_model.logit_scale -- torch.Size([])🧊 Frozen parameter: clip_model.visual.conv2.weight -- torch.Size([32, 32, 3, 3])

🧊 Frozen parameter: clip_model.visual.conv1.weight -- torch.Size([32, 3, 3, 3])🧊 Frozen parameter: clip_model.visual.bn2.weight -- torch.Size([32])

🧊 Frozen parameter: clip_model.visual.bn1.weight -- torch.Size([32])🧊 Frozen parameter: clip_model.visual.bn2.bias -- torch.Size([32])

🧊 Frozen parameter: clip_model.visual.bn1.bias -- torch.Size([32])🧊 Frozen parameter: clip_model.visual.conv3.weight -- torch.Size([64, 32, 3, 3])

🧊 Frozen parameter: clip_model.visual.conv2.weight -- torch.Size([32, 32, 3, 3])🧊 Frozen parameter: clip_model.visual.bn3.weight -- torch.Size([64])

🧊 Frozen parameter: clip_model.visual.bn2.weight -- torch.Size([32])🧊 Frozen parameter: clip_model.visual.bn3.bias -- torch.Size([64])

🧊 Frozen parameter: clip_model.visual.bn2.bias -- torch.Size([32])
🧊 Frozen parameter: clip_model.visual.layer1.0.conv1.weight -- torch.Size([64, 64, 1, 1])🧊 Frozen parameter: clip_model.visual.conv3.weight -- torch.Size([64, 32, 3, 3])

🧊 Frozen parameter: clip_model.visual.layer1.0.bn1.weight -- torch.Size([64])🧊 Frozen parameter: clip_model.visual.bn3.weight -- torch.Size([64])

🧊 Frozen parameter: clip_model.visual.layer1.0.bn1.bias -- torch.Size([64])🧊 Frozen parameter: clip_model.visual.bn3.bias -- torch.Size([64])

🧊 Frozen parameter: clip_model.visual.layer1.0.conv2.weight -- torch.Size([64, 64, 3, 3])🧊 Frozen parameter: clip_model.visual.layer1.0.conv1.weight -- torch.Size([64, 64, 1, 1])

🧊 Frozen parameter: clip_model.visual.layer1.0.bn2.weight -- torch.Size([64])🧊 Frozen parameter: clip_model.visual.layer1.0.bn1.weight -- torch.Size([64])

🧊 Frozen parameter: clip_model.visual.layer1.0.bn2.bias -- torch.Size([64])🧊 Frozen parameter: clip_model.visual.layer1.0.bn1.bias -- torch.Size([64])

🧊 Frozen parameter: clip_model.visual.layer1.0.conv3.weight -- torch.Size([256, 64, 1, 1])🧊 Frozen parameter: clip_model.visual.layer1.0.conv2.weight -- torch.Size([64, 64, 3, 3])

🧊 Frozen parameter: clip_model.visual.layer1.0.bn3.weight -- torch.Size([256])🧊 Frozen parameter: clip_model.visual.layer1.0.bn2.weight -- torch.Size([64])

🧊 Frozen parameter: clip_model.visual.layer1.0.bn3.bias -- torch.Size([256])🧊 Frozen parameter: clip_model.visual.layer1.0.bn2.bias -- torch.Size([64])

🧊 Frozen parameter: clip_model.visual.layer1.0.downsample.0.weight -- torch.Size([256, 64, 1, 1])🧊 Frozen parameter: clip_model.visual.layer1.0.conv3.weight -- torch.Size([256, 64, 1, 1])

🧊 Frozen parameter: clip_model.visual.layer1.0.downsample.1.weight -- torch.Size([256])🧊 Frozen parameter: clip_model.visual.layer1.0.bn3.weight -- torch.Size([256])

🧊 Frozen parameter: clip_model.visual.layer1.0.downsample.1.bias -- torch.Size([256])🧊 Frozen parameter: clip_model.visual.layer1.0.bn3.bias -- torch.Size([256])

🧊 Frozen parameter: clip_model.visual.layer1.1.conv1.weight -- torch.Size([64, 256, 1, 1])🧊 Frozen parameter: clip_model.visual.layer1.0.downsample.0.weight -- torch.Size([256, 64, 1, 1])

🧊 Frozen parameter: clip_model.visual.layer1.1.bn1.weight -- torch.Size([64])🧊 Frozen parameter: clip_model.visual.layer1.0.downsample.1.weight -- torch.Size([256])

🧊 Frozen parameter: clip_model.visual.layer1.1.bn1.bias -- torch.Size([64])🧊 Frozen parameter: clip_model.visual.layer1.0.downsample.1.bias -- torch.Size([256])

🧊 Frozen parameter: clip_model.visual.layer1.1.conv2.weight -- torch.Size([64, 64, 3, 3])🧊 Frozen parameter: clip_model.visual.layer1.1.conv1.weight -- torch.Size([64, 256, 1, 1])

🧊 Frozen parameter: clip_model.visual.layer1.1.bn2.weight -- torch.Size([64])🧊 Frozen parameter: clip_model.visual.layer1.1.bn1.weight -- torch.Size([64])

🧊 Frozen parameter: clip_model.visual.layer1.1.bn2.bias -- torch.Size([64])🧊 Frozen parameter: clip_model.visual.layer1.1.bn1.bias -- torch.Size([64])

🧊 Frozen parameter: clip_model.visual.layer1.1.conv3.weight -- torch.Size([256, 64, 1, 1])🧊 Frozen parameter: clip_model.visual.layer1.1.conv2.weight -- torch.Size([64, 64, 3, 3])

🧊 Frozen parameter: clip_model.visual.layer1.1.bn3.weight -- torch.Size([256])🧊 Frozen parameter: clip_model.visual.layer1.1.bn2.weight -- torch.Size([64])

🧊 Frozen parameter: clip_model.visual.layer1.1.bn3.bias -- torch.Size([256])🧊 Frozen parameter: clip_model.visual.layer1.1.bn2.bias -- torch.Size([64])

🧊 Frozen parameter: clip_model.visual.layer1.2.conv1.weight -- torch.Size([64, 256, 1, 1])🧊 Frozen parameter: clip_model.visual.layer1.1.conv3.weight -- torch.Size([256, 64, 1, 1])

🧊 Frozen parameter: clip_model.visual.layer1.2.bn1.weight -- torch.Size([64])🧊 Frozen parameter: clip_model.visual.layer1.1.bn3.weight -- torch.Size([256])

🧊 Frozen parameter: clip_model.visual.layer1.2.bn1.bias -- torch.Size([64])🧊 Frozen parameter: clip_model.visual.layer1.1.bn3.bias -- torch.Size([256])

🧊 Frozen parameter: clip_model.visual.layer1.2.conv2.weight -- torch.Size([64, 64, 3, 3])🧊 Frozen parameter: clip_model.visual.layer1.2.conv1.weight -- torch.Size([64, 256, 1, 1])

🧊 Frozen parameter: clip_model.visual.layer1.2.bn2.weight -- torch.Size([64])🧊 Frozen parameter: clip_model.visual.layer1.2.bn1.weight -- torch.Size([64])

🧊 Frozen parameter: clip_model.visual.layer1.2.bn2.bias -- torch.Size([64])🧊 Frozen parameter: clip_model.visual.layer1.2.bn1.bias -- torch.Size([64])

🧊 Frozen parameter: clip_model.visual.layer1.2.conv3.weight -- torch.Size([256, 64, 1, 1])🧊 Frozen parameter: clip_model.visual.layer1.2.conv2.weight -- torch.Size([64, 64, 3, 3])

🧊 Frozen parameter: clip_model.visual.layer1.2.bn3.weight -- torch.Size([256])🧊 Frozen parameter: clip_model.visual.layer1.2.bn2.weight -- torch.Size([64])

🧊 Frozen parameter: clip_model.visual.layer1.2.bn3.bias -- torch.Size([256])🧊 Frozen parameter: clip_model.visual.layer1.2.bn2.bias -- torch.Size([64])

🧊 Frozen parameter: clip_model.visual.layer2.0.conv1.weight -- torch.Size([128, 256, 1, 1])🧊 Frozen parameter: clip_model.visual.layer1.2.conv3.weight -- torch.Size([256, 64, 1, 1])

🧊 Frozen parameter: clip_model.visual.layer2.0.bn1.weight -- torch.Size([128])🧊 Frozen parameter: clip_model.visual.layer1.2.bn3.weight -- torch.Size([256])

🧊 Frozen parameter: clip_model.visual.layer2.0.bn1.bias -- torch.Size([128])
🧊 Frozen parameter: clip_model.visual.layer1.2.bn3.bias -- torch.Size([256])🧊 Frozen parameter: clip_model.visual.layer2.0.conv2.weight -- torch.Size([128, 128, 3, 3])

🧊 Frozen parameter: clip_model.visual.layer2.0.conv1.weight -- torch.Size([128, 256, 1, 1])🧊 Frozen parameter: clip_model.visual.layer2.0.bn2.weight -- torch.Size([128])

🧊 Frozen parameter: clip_model.visual.layer2.0.bn1.weight -- torch.Size([128])🧊 Frozen parameter: clip_model.visual.layer2.0.bn2.bias -- torch.Size([128])

🧊 Frozen parameter: clip_model.visual.layer2.0.bn1.bias -- torch.Size([128])🧊 Frozen parameter: clip_model.visual.layer2.0.conv3.weight -- torch.Size([512, 128, 1, 1])

🧊 Frozen parameter: clip_model.visual.layer2.0.conv2.weight -- torch.Size([128, 128, 3, 3])🧊 Frozen parameter: clip_model.visual.layer2.0.bn3.weight -- torch.Size([512])

🧊 Frozen parameter: clip_model.visual.layer2.0.bn2.weight -- torch.Size([128])🧊 Frozen parameter: clip_model.visual.layer2.0.bn3.bias -- torch.Size([512])

🧊 Frozen parameter: clip_model.visual.layer2.0.bn2.bias -- torch.Size([128])🧊 Frozen parameter: clip_model.visual.layer2.0.downsample.0.weight -- torch.Size([512, 256, 1, 1])

🧊 Frozen parameter: clip_model.visual.layer2.0.conv3.weight -- torch.Size([512, 128, 1, 1])🧊 Frozen parameter: clip_model.visual.layer2.0.downsample.1.weight -- torch.Size([512])

🧊 Frozen parameter: clip_model.visual.layer2.0.bn3.weight -- torch.Size([512])🧊 Frozen parameter: clip_model.visual.layer2.0.downsample.1.bias -- torch.Size([512])

🧊 Frozen parameter: clip_model.visual.layer2.0.bn3.bias -- torch.Size([512])🧊 Frozen parameter: clip_model.visual.layer2.1.conv1.weight -- torch.Size([128, 512, 1, 1])

🧊 Frozen parameter: clip_model.visual.layer2.0.downsample.0.weight -- torch.Size([512, 256, 1, 1])🧊 Frozen parameter: clip_model.visual.layer2.1.bn1.weight -- torch.Size([128])

🧊 Frozen parameter: clip_model.visual.layer2.0.downsample.1.weight -- torch.Size([512])🧊 Frozen parameter: clip_model.visual.layer2.1.bn1.bias -- torch.Size([128])

🧊 Frozen parameter: clip_model.visual.layer2.0.downsample.1.bias -- torch.Size([512])🧊 Frozen parameter: clip_model.visual.layer2.1.conv2.weight -- torch.Size([128, 128, 3, 3])

🧊 Frozen parameter: clip_model.visual.layer2.1.conv1.weight -- torch.Size([128, 512, 1, 1])🧊 Frozen parameter: clip_model.visual.layer2.1.bn2.weight -- torch.Size([128])

🧊 Frozen parameter: clip_model.visual.layer2.1.bn1.weight -- torch.Size([128])🧊 Frozen parameter: clip_model.visual.layer2.1.bn2.bias -- torch.Size([128])

🧊 Frozen parameter: clip_model.visual.layer2.1.bn1.bias -- torch.Size([128])🧊 Frozen parameter: clip_model.visual.layer2.1.conv3.weight -- torch.Size([512, 128, 1, 1])

🧊 Frozen parameter: clip_model.visual.layer2.1.conv2.weight -- torch.Size([128, 128, 3, 3])
🧊 Frozen parameter: clip_model.visual.layer2.1.bn3.weight -- torch.Size([512])🧊 Frozen parameter: clip_model.visual.layer2.1.bn2.weight -- torch.Size([128])

🧊 Frozen parameter: clip_model.visual.layer2.1.bn3.bias -- torch.Size([512])🧊 Frozen parameter: clip_model.visual.layer2.1.bn2.bias -- torch.Size([128])

🧊 Frozen parameter: clip_model.visual.layer2.2.conv1.weight -- torch.Size([128, 512, 1, 1])🧊 Frozen parameter: clip_model.visual.layer2.1.conv3.weight -- torch.Size([512, 128, 1, 1])

🧊 Frozen parameter: clip_model.visual.layer2.2.bn1.weight -- torch.Size([128])🧊 Frozen parameter: clip_model.visual.layer2.1.bn3.weight -- torch.Size([512])

🧊 Frozen parameter: clip_model.visual.layer2.2.bn1.bias -- torch.Size([128])🧊 Frozen parameter: clip_model.visual.layer2.1.bn3.bias -- torch.Size([512])

🧊 Frozen parameter: clip_model.visual.layer2.2.conv2.weight -- torch.Size([128, 128, 3, 3])🧊 Frozen parameter: clip_model.visual.layer2.2.conv1.weight -- torch.Size([128, 512, 1, 1])

🧊 Frozen parameter: clip_model.visual.layer2.2.bn2.weight -- torch.Size([128])🧊 Frozen parameter: clip_model.visual.layer2.2.bn1.weight -- torch.Size([128])

🧊 Frozen parameter: clip_model.visual.layer2.2.bn2.bias -- torch.Size([128])🧊 Frozen parameter: clip_model.visual.layer2.2.bn1.bias -- torch.Size([128])

🧊 Frozen parameter: clip_model.visual.layer2.2.conv3.weight -- torch.Size([512, 128, 1, 1])🧊 Frozen parameter: clip_model.visual.layer2.2.conv2.weight -- torch.Size([128, 128, 3, 3])

🧊 Frozen parameter: clip_model.visual.layer2.2.bn3.weight -- torch.Size([512])🧊 Frozen parameter: clip_model.visual.layer2.2.bn2.weight -- torch.Size([128])

🧊 Frozen parameter: clip_model.visual.layer2.2.bn3.bias -- torch.Size([512])🧊 Frozen parameter: clip_model.visual.layer2.2.bn2.bias -- torch.Size([128])

🧊 Frozen parameter: clip_model.visual.layer2.3.conv1.weight -- torch.Size([128, 512, 1, 1])🧊 Frozen parameter: clip_model.visual.layer2.2.conv3.weight -- torch.Size([512, 128, 1, 1])

🧊 Frozen parameter: clip_model.visual.layer2.3.bn1.weight -- torch.Size([128])🧊 Frozen parameter: clip_model.visual.layer2.2.bn3.weight -- torch.Size([512])

🧊 Frozen parameter: clip_model.visual.layer2.3.bn1.bias -- torch.Size([128])🧊 Frozen parameter: clip_model.visual.layer2.2.bn3.bias -- torch.Size([512])

🧊 Frozen parameter: clip_model.visual.layer2.3.conv2.weight -- torch.Size([128, 128, 3, 3])🧊 Frozen parameter: clip_model.visual.layer2.3.conv1.weight -- torch.Size([128, 512, 1, 1])

🧊 Frozen parameter: clip_model.visual.layer2.3.bn2.weight -- torch.Size([128])🧊 Frozen parameter: clip_model.visual.layer2.3.bn1.weight -- torch.Size([128])

🧊 Frozen parameter: clip_model.visual.layer2.3.bn2.bias -- torch.Size([128])🧊 Frozen parameter: clip_model.visual.layer2.3.bn1.bias -- torch.Size([128])

🧊 Frozen parameter: clip_model.visual.layer2.3.conv3.weight -- torch.Size([512, 128, 1, 1])🧊 Frozen parameter: clip_model.visual.layer2.3.conv2.weight -- torch.Size([128, 128, 3, 3])

🧊 Frozen parameter: clip_model.visual.layer2.3.bn3.weight -- torch.Size([512])🧊 Frozen parameter: clip_model.visual.layer2.3.bn2.weight -- torch.Size([128])

🧊 Frozen parameter: clip_model.visual.layer2.3.bn3.bias -- torch.Size([512])🧊 Frozen parameter: clip_model.visual.layer2.3.bn2.bias -- torch.Size([128])

🧊 Frozen parameter: clip_model.visual.layer3.0.conv1.weight -- torch.Size([256, 512, 1, 1])🧊 Frozen parameter: clip_model.visual.layer2.3.conv3.weight -- torch.Size([512, 128, 1, 1])

🧊 Frozen parameter: clip_model.visual.layer3.0.bn1.weight -- torch.Size([256])🧊 Frozen parameter: clip_model.visual.layer2.3.bn3.weight -- torch.Size([512])

🧊 Frozen parameter: clip_model.visual.layer3.0.bn1.bias -- torch.Size([256])🧊 Frozen parameter: clip_model.visual.layer2.3.bn3.bias -- torch.Size([512])

🧊 Frozen parameter: clip_model.visual.layer3.0.conv2.weight -- torch.Size([256, 256, 3, 3])🧊 Frozen parameter: clip_model.visual.layer3.0.conv1.weight -- torch.Size([256, 512, 1, 1])

🧊 Frozen parameter: clip_model.visual.layer3.0.bn2.weight -- torch.Size([256])🧊 Frozen parameter: clip_model.visual.layer3.0.bn1.weight -- torch.Size([256])

🧊 Frozen parameter: clip_model.visual.layer3.0.bn2.bias -- torch.Size([256])🧊 Frozen parameter: clip_model.visual.layer3.0.bn1.bias -- torch.Size([256])

🧊 Frozen parameter: clip_model.visual.layer3.0.conv3.weight -- torch.Size([1024, 256, 1, 1])🧊 Frozen parameter: clip_model.visual.layer3.0.conv2.weight -- torch.Size([256, 256, 3, 3])

🧊 Frozen parameter: clip_model.visual.layer3.0.bn3.weight -- torch.Size([1024])🧊 Frozen parameter: clip_model.visual.layer3.0.bn2.weight -- torch.Size([256])

🧊 Frozen parameter: clip_model.visual.layer3.0.bn3.bias -- torch.Size([1024])🧊 Frozen parameter: clip_model.visual.layer3.0.bn2.bias -- torch.Size([256])

🧊 Frozen parameter: clip_model.visual.layer3.0.downsample.0.weight -- torch.Size([1024, 512, 1, 1])🧊 Frozen parameter: clip_model.visual.layer3.0.conv3.weight -- torch.Size([1024, 256, 1, 1])

🧊 Frozen parameter: clip_model.visual.layer3.0.downsample.1.weight -- torch.Size([1024])🧊 Frozen parameter: clip_model.visual.layer3.0.bn3.weight -- torch.Size([1024])

🧊 Frozen parameter: clip_model.visual.layer3.0.downsample.1.bias -- torch.Size([1024])🧊 Frozen parameter: clip_model.visual.layer3.0.bn3.bias -- torch.Size([1024])

🧊 Frozen parameter: clip_model.visual.layer3.1.conv1.weight -- torch.Size([256, 1024, 1, 1])🧊 Frozen parameter: clip_model.visual.layer3.0.downsample.0.weight -- torch.Size([1024, 512, 1, 1])

🧊 Frozen parameter: clip_model.visual.layer3.1.bn1.weight -- torch.Size([256])🧊 Frozen parameter: clip_model.visual.layer3.0.downsample.1.weight -- torch.Size([1024])

🧊 Frozen parameter: clip_model.visual.layer3.1.bn1.bias -- torch.Size([256])🧊 Frozen parameter: clip_model.visual.layer3.0.downsample.1.bias -- torch.Size([1024])

🧊 Frozen parameter: clip_model.visual.layer3.1.conv2.weight -- torch.Size([256, 256, 3, 3])🧊 Frozen parameter: clip_model.visual.layer3.1.conv1.weight -- torch.Size([256, 1024, 1, 1])

🧊 Frozen parameter: clip_model.visual.layer3.1.bn2.weight -- torch.Size([256])🧊 Frozen parameter: clip_model.visual.layer3.1.bn1.weight -- torch.Size([256])

🧊 Frozen parameter: clip_model.visual.layer3.1.bn2.bias -- torch.Size([256])🧊 Frozen parameter: clip_model.visual.layer3.1.bn1.bias -- torch.Size([256])

🧊 Frozen parameter: clip_model.visual.layer3.1.conv3.weight -- torch.Size([1024, 256, 1, 1])🧊 Frozen parameter: clip_model.visual.layer3.1.conv2.weight -- torch.Size([256, 256, 3, 3])

🧊 Frozen parameter: clip_model.visual.layer3.1.bn3.weight -- torch.Size([1024])🧊 Frozen parameter: clip_model.visual.layer3.1.bn2.weight -- torch.Size([256])

🧊 Frozen parameter: clip_model.visual.layer3.1.bn3.bias -- torch.Size([1024])🧊 Frozen parameter: clip_model.visual.layer3.1.bn2.bias -- torch.Size([256])

🧊 Frozen parameter: clip_model.visual.layer3.2.conv1.weight -- torch.Size([256, 1024, 1, 1])🧊 Frozen parameter: clip_model.visual.layer3.1.conv3.weight -- torch.Size([1024, 256, 1, 1])

🧊 Frozen parameter: clip_model.visual.layer3.2.bn1.weight -- torch.Size([256])🧊 Frozen parameter: clip_model.visual.layer3.1.bn3.weight -- torch.Size([1024])

🧊 Frozen parameter: clip_model.visual.layer3.2.bn1.bias -- torch.Size([256])🧊 Frozen parameter: clip_model.visual.layer3.1.bn3.bias -- torch.Size([1024])

🧊 Frozen parameter: clip_model.visual.layer3.2.conv2.weight -- torch.Size([256, 256, 3, 3])🧊 Frozen parameter: clip_model.visual.layer3.2.conv1.weight -- torch.Size([256, 1024, 1, 1])

🧊 Frozen parameter: clip_model.visual.layer3.2.bn2.weight -- torch.Size([256])🧊 Frozen parameter: clip_model.visual.layer3.2.bn1.weight -- torch.Size([256])

🧊 Frozen parameter: clip_model.visual.layer3.2.bn2.bias -- torch.Size([256])🧊 Frozen parameter: clip_model.visual.layer3.2.bn1.bias -- torch.Size([256])

🧊 Frozen parameter: clip_model.visual.layer3.2.conv3.weight -- torch.Size([1024, 256, 1, 1])🧊 Frozen parameter: clip_model.visual.layer3.2.conv2.weight -- torch.Size([256, 256, 3, 3])

🧊 Frozen parameter: clip_model.visual.layer3.2.bn3.weight -- torch.Size([1024])🧊 Frozen parameter: clip_model.visual.layer3.2.bn2.weight -- torch.Size([256])

🧊 Frozen parameter: clip_model.visual.layer3.2.bn3.bias -- torch.Size([1024])🧊 Frozen parameter: clip_model.visual.layer3.2.bn2.bias -- torch.Size([256])

🧊 Frozen parameter: clip_model.visual.layer3.3.conv1.weight -- torch.Size([256, 1024, 1, 1])🧊 Frozen parameter: clip_model.visual.layer3.2.conv3.weight -- torch.Size([1024, 256, 1, 1])

🧊 Frozen parameter: clip_model.visual.layer3.3.bn1.weight -- torch.Size([256])🧊 Frozen parameter: clip_model.visual.layer3.2.bn3.weight -- torch.Size([1024])

🧊 Frozen parameter: clip_model.visual.layer3.3.bn1.bias -- torch.Size([256])🧊 Frozen parameter: clip_model.visual.layer3.2.bn3.bias -- torch.Size([1024])

🧊 Frozen parameter: clip_model.visual.layer3.3.conv2.weight -- torch.Size([256, 256, 3, 3])🧊 Frozen parameter: clip_model.visual.layer3.3.conv1.weight -- torch.Size([256, 1024, 1, 1])

🧊 Frozen parameter: clip_model.visual.layer3.3.bn2.weight -- torch.Size([256])🧊 Frozen parameter: clip_model.visual.layer3.3.bn1.weight -- torch.Size([256])

🧊 Frozen parameter: clip_model.visual.layer3.3.bn2.bias -- torch.Size([256])🧊 Frozen parameter: clip_model.visual.layer3.3.bn1.bias -- torch.Size([256])

🧊 Frozen parameter: clip_model.visual.layer3.3.conv3.weight -- torch.Size([1024, 256, 1, 1])🧊 Frozen parameter: clip_model.visual.layer3.3.conv2.weight -- torch.Size([256, 256, 3, 3])

🧊 Frozen parameter: clip_model.visual.layer3.3.bn3.weight -- torch.Size([1024])🧊 Frozen parameter: clip_model.visual.layer3.3.bn2.weight -- torch.Size([256])

🧊 Frozen parameter: clip_model.visual.layer3.3.bn3.bias -- torch.Size([1024])🧊 Frozen parameter: clip_model.visual.layer3.3.bn2.bias -- torch.Size([256])

🧊 Frozen parameter: clip_model.visual.layer3.4.conv1.weight -- torch.Size([256, 1024, 1, 1])🧊 Frozen parameter: clip_model.visual.layer3.3.conv3.weight -- torch.Size([1024, 256, 1, 1])

🧊 Frozen parameter: clip_model.visual.layer3.4.bn1.weight -- torch.Size([256])🧊 Frozen parameter: clip_model.visual.layer3.3.bn3.weight -- torch.Size([1024])

🧊 Frozen parameter: clip_model.visual.layer3.4.bn1.bias -- torch.Size([256])🧊 Frozen parameter: clip_model.visual.layer3.3.bn3.bias -- torch.Size([1024])

🧊 Frozen parameter: clip_model.visual.layer3.4.conv2.weight -- torch.Size([256, 256, 3, 3])🧊 Frozen parameter: clip_model.visual.layer3.4.conv1.weight -- torch.Size([256, 1024, 1, 1])

🧊 Frozen parameter: clip_model.visual.layer3.4.bn2.weight -- torch.Size([256])🧊 Frozen parameter: clip_model.visual.layer3.4.bn1.weight -- torch.Size([256])

🧊 Frozen parameter: clip_model.visual.layer3.4.bn2.bias -- torch.Size([256])🧊 Frozen parameter: clip_model.visual.layer3.4.bn1.bias -- torch.Size([256])

🧊 Frozen parameter: clip_model.visual.layer3.4.conv3.weight -- torch.Size([1024, 256, 1, 1])🧊 Frozen parameter: clip_model.visual.layer3.4.conv2.weight -- torch.Size([256, 256, 3, 3])

🧊 Frozen parameter: clip_model.visual.layer3.4.bn3.weight -- torch.Size([1024])🧊 Frozen parameter: clip_model.visual.layer3.4.bn2.weight -- torch.Size([256])

🧊 Frozen parameter: clip_model.visual.layer3.4.bn3.bias -- torch.Size([1024])🧊 Frozen parameter: clip_model.visual.layer3.4.bn2.bias -- torch.Size([256])

🧊 Frozen parameter: clip_model.visual.layer3.5.conv1.weight -- torch.Size([256, 1024, 1, 1])🧊 Frozen parameter: clip_model.visual.layer3.4.conv3.weight -- torch.Size([1024, 256, 1, 1])

🧊 Frozen parameter: clip_model.visual.layer3.5.bn1.weight -- torch.Size([256])🧊 Frozen parameter: clip_model.visual.layer3.4.bn3.weight -- torch.Size([1024])

🧊 Frozen parameter: clip_model.visual.layer3.5.bn1.bias -- torch.Size([256])🧊 Frozen parameter: clip_model.visual.layer3.4.bn3.bias -- torch.Size([1024])

🧊 Frozen parameter: clip_model.visual.layer3.5.conv2.weight -- torch.Size([256, 256, 3, 3])🧊 Frozen parameter: clip_model.visual.layer3.5.conv1.weight -- torch.Size([256, 1024, 1, 1])

🧊 Frozen parameter: clip_model.visual.layer3.5.bn2.weight -- torch.Size([256])🧊 Frozen parameter: clip_model.visual.layer3.5.bn1.weight -- torch.Size([256])

🧊 Frozen parameter: clip_model.visual.layer3.5.bn2.bias -- torch.Size([256])🧊 Frozen parameter: clip_model.visual.layer3.5.bn1.bias -- torch.Size([256])

🧊 Frozen parameter: clip_model.visual.layer3.5.conv3.weight -- torch.Size([1024, 256, 1, 1])🧊 Frozen parameter: clip_model.visual.layer3.5.conv2.weight -- torch.Size([256, 256, 3, 3])

🧊 Frozen parameter: clip_model.visual.layer3.5.bn3.weight -- torch.Size([1024])🧊 Frozen parameter: clip_model.visual.layer3.5.bn2.weight -- torch.Size([256])

🧊 Frozen parameter: clip_model.visual.layer3.5.bn3.bias -- torch.Size([1024])🧊 Frozen parameter: clip_model.visual.layer3.5.bn2.bias -- torch.Size([256])

🧊 Frozen parameter: clip_model.visual.layer4.0.conv1.weight -- torch.Size([512, 1024, 1, 1])🧊 Frozen parameter: clip_model.visual.layer3.5.conv3.weight -- torch.Size([1024, 256, 1, 1])

🧊 Frozen parameter: clip_model.visual.layer4.0.bn1.weight -- torch.Size([512])🧊 Frozen parameter: clip_model.visual.layer3.5.bn3.weight -- torch.Size([1024])

🧊 Frozen parameter: clip_model.visual.layer4.0.bn1.bias -- torch.Size([512])🧊 Frozen parameter: clip_model.visual.layer3.5.bn3.bias -- torch.Size([1024])

🧊 Frozen parameter: clip_model.visual.layer4.0.conv2.weight -- torch.Size([512, 512, 3, 3])🧊 Frozen parameter: clip_model.visual.layer4.0.conv1.weight -- torch.Size([512, 1024, 1, 1])

🧊 Frozen parameter: clip_model.visual.layer4.0.bn2.weight -- torch.Size([512])🧊 Frozen parameter: clip_model.visual.layer4.0.bn1.weight -- torch.Size([512])

🧊 Frozen parameter: clip_model.visual.layer4.0.bn2.bias -- torch.Size([512])🧊 Frozen parameter: clip_model.visual.layer4.0.bn1.bias -- torch.Size([512])

🧊 Frozen parameter: clip_model.visual.layer4.0.conv3.weight -- torch.Size([2048, 512, 1, 1])🧊 Frozen parameter: clip_model.visual.layer4.0.conv2.weight -- torch.Size([512, 512, 3, 3])

🧊 Frozen parameter: clip_model.visual.layer4.0.bn3.weight -- torch.Size([2048])🧊 Frozen parameter: clip_model.visual.layer4.0.bn2.weight -- torch.Size([512])

🧊 Frozen parameter: clip_model.visual.layer4.0.bn3.bias -- torch.Size([2048])🧊 Frozen parameter: clip_model.visual.layer4.0.bn2.bias -- torch.Size([512])

🧊 Frozen parameter: clip_model.visual.layer4.0.downsample.0.weight -- torch.Size([2048, 1024, 1, 1])🧊 Frozen parameter: clip_model.visual.layer4.0.conv3.weight -- torch.Size([2048, 512, 1, 1])

🧊 Frozen parameter: clip_model.visual.layer4.0.downsample.1.weight -- torch.Size([2048])🧊 Frozen parameter: clip_model.visual.layer4.0.bn3.weight -- torch.Size([2048])

🧊 Frozen parameter: clip_model.visual.layer4.0.downsample.1.bias -- torch.Size([2048])🧊 Frozen parameter: clip_model.visual.layer4.0.bn3.bias -- torch.Size([2048])

🧊 Frozen parameter: clip_model.visual.layer4.1.conv1.weight -- torch.Size([512, 2048, 1, 1])🧊 Frozen parameter: clip_model.visual.layer4.0.downsample.0.weight -- torch.Size([2048, 1024, 1, 1])

🧊 Frozen parameter: clip_model.visual.layer4.1.bn1.weight -- torch.Size([512])🧊 Frozen parameter: clip_model.visual.layer4.0.downsample.1.weight -- torch.Size([2048])

🧊 Frozen parameter: clip_model.visual.layer4.1.bn1.bias -- torch.Size([512])🧊 Frozen parameter: clip_model.visual.layer4.0.downsample.1.bias -- torch.Size([2048])

🧊 Frozen parameter: clip_model.visual.layer4.1.conv2.weight -- torch.Size([512, 512, 3, 3])🧊 Frozen parameter: clip_model.visual.layer4.1.conv1.weight -- torch.Size([512, 2048, 1, 1])

🧊 Frozen parameter: clip_model.visual.layer4.1.bn2.weight -- torch.Size([512])🧊 Frozen parameter: clip_model.visual.layer4.1.bn1.weight -- torch.Size([512])

🧊 Frozen parameter: clip_model.visual.layer4.1.bn2.bias -- torch.Size([512])🧊 Frozen parameter: clip_model.visual.layer4.1.bn1.bias -- torch.Size([512])

🧊 Frozen parameter: clip_model.visual.layer4.1.conv3.weight -- torch.Size([2048, 512, 1, 1])🧊 Frozen parameter: clip_model.visual.layer4.1.conv2.weight -- torch.Size([512, 512, 3, 3])

🧊 Frozen parameter: clip_model.visual.layer4.1.bn3.weight -- torch.Size([2048])🧊 Frozen parameter: clip_model.visual.layer4.1.bn2.weight -- torch.Size([512])

🧊 Frozen parameter: clip_model.visual.layer4.1.bn3.bias -- torch.Size([2048])🧊 Frozen parameter: clip_model.visual.layer4.1.bn2.bias -- torch.Size([512])

🧊 Frozen parameter: clip_model.visual.layer4.2.conv1.weight -- torch.Size([512, 2048, 1, 1])🧊 Frozen parameter: clip_model.visual.layer4.1.conv3.weight -- torch.Size([2048, 512, 1, 1])

🧊 Frozen parameter: clip_model.visual.layer4.2.bn1.weight -- torch.Size([512])🧊 Frozen parameter: clip_model.visual.layer4.1.bn3.weight -- torch.Size([2048])

🧊 Frozen parameter: clip_model.visual.layer4.2.bn1.bias -- torch.Size([512])🧊 Frozen parameter: clip_model.visual.layer4.1.bn3.bias -- torch.Size([2048])

🧊 Frozen parameter: clip_model.visual.layer4.2.conv2.weight -- torch.Size([512, 512, 3, 3])🧊 Frozen parameter: clip_model.visual.layer4.2.conv1.weight -- torch.Size([512, 2048, 1, 1])

🧊 Frozen parameter: clip_model.visual.layer4.2.bn2.weight -- torch.Size([512])🧊 Frozen parameter: clip_model.visual.layer4.2.bn1.weight -- torch.Size([512])

🧊 Frozen parameter: clip_model.visual.layer4.2.bn2.bias -- torch.Size([512])🧊 Frozen parameter: clip_model.visual.layer4.2.bn1.bias -- torch.Size([512])

🧊 Frozen parameter: clip_model.visual.layer4.2.conv3.weight -- torch.Size([2048, 512, 1, 1])🧊 Frozen parameter: clip_model.visual.layer4.2.conv2.weight -- torch.Size([512, 512, 3, 3])

🧊 Frozen parameter: clip_model.visual.layer4.2.bn3.weight -- torch.Size([2048])🧊 Frozen parameter: clip_model.visual.layer4.2.bn2.weight -- torch.Size([512])

🧊 Frozen parameter: clip_model.visual.layer4.2.bn3.bias -- torch.Size([2048])🧊 Frozen parameter: clip_model.visual.layer4.2.bn2.bias -- torch.Size([512])

🧊 Frozen parameter: clip_model.visual.attnpool.positional_embedding -- torch.Size([50, 2048])🧊 Frozen parameter: clip_model.visual.layer4.2.conv3.weight -- torch.Size([2048, 512, 1, 1])

🧊 Frozen parameter: clip_model.visual.attnpool.k_proj.weight -- torch.Size([2048, 2048])🧊 Frozen parameter: clip_model.visual.layer4.2.bn3.weight -- torch.Size([2048])

🧊 Frozen parameter: clip_model.visual.attnpool.k_proj.bias -- torch.Size([2048])🧊 Frozen parameter: clip_model.visual.layer4.2.bn3.bias -- torch.Size([2048])

🧊 Frozen parameter: clip_model.visual.attnpool.q_proj.weight -- torch.Size([2048, 2048])🧊 Frozen parameter: clip_model.visual.attnpool.positional_embedding -- torch.Size([50, 2048])

🧊 Frozen parameter: clip_model.visual.attnpool.q_proj.bias -- torch.Size([2048])🧊 Frozen parameter: clip_model.visual.attnpool.k_proj.weight -- torch.Size([2048, 2048])

🧊 Frozen parameter: clip_model.visual.attnpool.v_proj.weight -- torch.Size([2048, 2048])🧊 Frozen parameter: clip_model.visual.attnpool.k_proj.bias -- torch.Size([2048])

🧊 Frozen parameter: clip_model.visual.attnpool.v_proj.bias -- torch.Size([2048])🧊 Frozen parameter: clip_model.visual.attnpool.q_proj.weight -- torch.Size([2048, 2048])

🧊 Frozen parameter: clip_model.visual.attnpool.c_proj.weight -- torch.Size([1024, 2048])🧊 Frozen parameter: clip_model.visual.attnpool.q_proj.bias -- torch.Size([2048])

🧊 Frozen parameter: clip_model.visual.attnpool.c_proj.bias -- torch.Size([1024])🧊 Frozen parameter: clip_model.visual.attnpool.v_proj.weight -- torch.Size([2048, 2048])

🧊 Frozen parameter: clip_model.transformer.resblocks.0.attn.in_proj_weight -- torch.Size([1536, 512])🧊 Frozen parameter: clip_model.visual.attnpool.v_proj.bias -- torch.Size([2048])

🧊 Frozen parameter: clip_model.transformer.resblocks.0.attn.in_proj_bias -- torch.Size([1536])🧊 Frozen parameter: clip_model.visual.attnpool.c_proj.weight -- torch.Size([1024, 2048])

🧊 Frozen parameter: clip_model.transformer.resblocks.0.attn.out_proj.weight -- torch.Size([512, 512])🧊 Frozen parameter: clip_model.visual.attnpool.c_proj.bias -- torch.Size([1024])

🧊 Frozen parameter: clip_model.transformer.resblocks.0.attn.out_proj.bias -- torch.Size([512])🧊 Frozen parameter: clip_model.transformer.resblocks.0.attn.in_proj_weight -- torch.Size([1536, 512])

🧊 Frozen parameter: clip_model.transformer.resblocks.0.ln_1.weight -- torch.Size([512])🧊 Frozen parameter: clip_model.transformer.resblocks.0.attn.in_proj_bias -- torch.Size([1536])

🧊 Frozen parameter: clip_model.transformer.resblocks.0.ln_1.bias -- torch.Size([512])🧊 Frozen parameter: clip_model.transformer.resblocks.0.attn.out_proj.weight -- torch.Size([512, 512])

🧊 Frozen parameter: clip_model.transformer.resblocks.0.mlp.c_fc.weight -- torch.Size([2048, 512])🧊 Frozen parameter: clip_model.transformer.resblocks.0.attn.out_proj.bias -- torch.Size([512])

🧊 Frozen parameter: clip_model.transformer.resblocks.0.mlp.c_fc.bias -- torch.Size([2048])🧊 Frozen parameter: clip_model.transformer.resblocks.0.ln_1.weight -- torch.Size([512])

🧊 Frozen parameter: clip_model.transformer.resblocks.0.mlp.c_proj.weight -- torch.Size([512, 2048])🧊 Frozen parameter: clip_model.transformer.resblocks.0.ln_1.bias -- torch.Size([512])

🧊 Frozen parameter: clip_model.transformer.resblocks.0.mlp.c_proj.bias -- torch.Size([512])🧊 Frozen parameter: clip_model.transformer.resblocks.0.mlp.c_fc.weight -- torch.Size([2048, 512])

🧊 Frozen parameter: clip_model.transformer.resblocks.0.ln_2.weight -- torch.Size([512])🧊 Frozen parameter: clip_model.transformer.resblocks.0.mlp.c_fc.bias -- torch.Size([2048])

🧊 Frozen parameter: clip_model.transformer.resblocks.0.ln_2.bias -- torch.Size([512])🧊 Frozen parameter: clip_model.transformer.resblocks.0.mlp.c_proj.weight -- torch.Size([512, 2048])

🧊 Frozen parameter: clip_model.transformer.resblocks.1.attn.in_proj_weight -- torch.Size([1536, 512])🧊 Frozen parameter: clip_model.transformer.resblocks.0.mlp.c_proj.bias -- torch.Size([512])

🧊 Frozen parameter: clip_model.transformer.resblocks.1.attn.in_proj_bias -- torch.Size([1536])🧊 Frozen parameter: clip_model.transformer.resblocks.0.ln_2.weight -- torch.Size([512])

🧊 Frozen parameter: clip_model.transformer.resblocks.1.attn.out_proj.weight -- torch.Size([512, 512])🧊 Frozen parameter: clip_model.transformer.resblocks.0.ln_2.bias -- torch.Size([512])

🧊 Frozen parameter: clip_model.transformer.resblocks.1.attn.out_proj.bias -- torch.Size([512])🧊 Frozen parameter: clip_model.transformer.resblocks.1.attn.in_proj_weight -- torch.Size([1536, 512])

🧊 Frozen parameter: clip_model.transformer.resblocks.1.ln_1.weight -- torch.Size([512])🧊 Frozen parameter: clip_model.transformer.resblocks.1.attn.in_proj_bias -- torch.Size([1536])

🧊 Frozen parameter: clip_model.transformer.resblocks.1.ln_1.bias -- torch.Size([512])🧊 Frozen parameter: clip_model.transformer.resblocks.1.attn.out_proj.weight -- torch.Size([512, 512])

🧊 Frozen parameter: clip_model.transformer.resblocks.1.mlp.c_fc.weight -- torch.Size([2048, 512])🧊 Frozen parameter: clip_model.transformer.resblocks.1.attn.out_proj.bias -- torch.Size([512])

🧊 Frozen parameter: clip_model.transformer.resblocks.1.mlp.c_fc.bias -- torch.Size([2048])🧊 Frozen parameter: clip_model.transformer.resblocks.1.ln_1.weight -- torch.Size([512])

🧊 Frozen parameter: clip_model.transformer.resblocks.1.mlp.c_proj.weight -- torch.Size([512, 2048])🧊 Frozen parameter: clip_model.transformer.resblocks.1.ln_1.bias -- torch.Size([512])

🧊 Frozen parameter: clip_model.transformer.resblocks.1.mlp.c_proj.bias -- torch.Size([512])🧊 Frozen parameter: clip_model.transformer.resblocks.1.mlp.c_fc.weight -- torch.Size([2048, 512])

🧊 Frozen parameter: clip_model.transformer.resblocks.1.ln_2.weight -- torch.Size([512])🧊 Frozen parameter: clip_model.transformer.resblocks.1.mlp.c_fc.bias -- torch.Size([2048])

🧊 Frozen parameter: clip_model.transformer.resblocks.1.ln_2.bias -- torch.Size([512])🧊 Frozen parameter: clip_model.transformer.resblocks.1.mlp.c_proj.weight -- torch.Size([512, 2048])

🧊 Frozen parameter: clip_model.transformer.resblocks.2.attn.in_proj_weight -- torch.Size([1536, 512])🧊 Frozen parameter: clip_model.transformer.resblocks.1.mlp.c_proj.bias -- torch.Size([512])

🧊 Frozen parameter: clip_model.transformer.resblocks.2.attn.in_proj_bias -- torch.Size([1536])🧊 Frozen parameter: clip_model.transformer.resblocks.1.ln_2.weight -- torch.Size([512])

🧊 Frozen parameter: clip_model.transformer.resblocks.2.attn.out_proj.weight -- torch.Size([512, 512])🧊 Frozen parameter: clip_model.transformer.resblocks.1.ln_2.bias -- torch.Size([512])

🧊 Frozen parameter: clip_model.transformer.resblocks.2.attn.out_proj.bias -- torch.Size([512])🧊 Frozen parameter: clip_model.transformer.resblocks.2.attn.in_proj_weight -- torch.Size([1536, 512])

🧊 Frozen parameter: clip_model.transformer.resblocks.2.ln_1.weight -- torch.Size([512])🧊 Frozen parameter: clip_model.transformer.resblocks.2.attn.in_proj_bias -- torch.Size([1536])

🧊 Frozen parameter: clip_model.transformer.resblocks.2.ln_1.bias -- torch.Size([512])🧊 Frozen parameter: clip_model.transformer.resblocks.2.attn.out_proj.weight -- torch.Size([512, 512])

🧊 Frozen parameter: clip_model.transformer.resblocks.2.mlp.c_fc.weight -- torch.Size([2048, 512])🧊 Frozen parameter: clip_model.transformer.resblocks.2.attn.out_proj.bias -- torch.Size([512])

🧊 Frozen parameter: clip_model.transformer.resblocks.2.mlp.c_fc.bias -- torch.Size([2048])🧊 Frozen parameter: clip_model.transformer.resblocks.2.ln_1.weight -- torch.Size([512])

🧊 Frozen parameter: clip_model.transformer.resblocks.2.mlp.c_proj.weight -- torch.Size([512, 2048])🧊 Frozen parameter: clip_model.transformer.resblocks.2.ln_1.bias -- torch.Size([512])

🧊 Frozen parameter: clip_model.transformer.resblocks.2.mlp.c_proj.bias -- torch.Size([512])🧊 Frozen parameter: clip_model.transformer.resblocks.2.mlp.c_fc.weight -- torch.Size([2048, 512])

🧊 Frozen parameter: clip_model.transformer.resblocks.2.ln_2.weight -- torch.Size([512])🧊 Frozen parameter: clip_model.transformer.resblocks.2.mlp.c_fc.bias -- torch.Size([2048])

🧊 Frozen parameter: clip_model.transformer.resblocks.2.ln_2.bias -- torch.Size([512])🧊 Frozen parameter: clip_model.transformer.resblocks.2.mlp.c_proj.weight -- torch.Size([512, 2048])

🧊 Frozen parameter: clip_model.transformer.resblocks.3.attn.in_proj_weight -- torch.Size([1536, 512])🧊 Frozen parameter: clip_model.transformer.resblocks.2.mlp.c_proj.bias -- torch.Size([512])

🧊 Frozen parameter: clip_model.transformer.resblocks.3.attn.in_proj_bias -- torch.Size([1536])🧊 Frozen parameter: clip_model.transformer.resblocks.2.ln_2.weight -- torch.Size([512])

🧊 Frozen parameter: clip_model.transformer.resblocks.3.attn.out_proj.weight -- torch.Size([512, 512])🧊 Frozen parameter: clip_model.transformer.resblocks.2.ln_2.bias -- torch.Size([512])

🧊 Frozen parameter: clip_model.transformer.resblocks.3.attn.out_proj.bias -- torch.Size([512])🧊 Frozen parameter: clip_model.transformer.resblocks.3.attn.in_proj_weight -- torch.Size([1536, 512])

🧊 Frozen parameter: clip_model.transformer.resblocks.3.ln_1.weight -- torch.Size([512])🧊 Frozen parameter: clip_model.transformer.resblocks.3.attn.in_proj_bias -- torch.Size([1536])

🧊 Frozen parameter: clip_model.transformer.resblocks.3.ln_1.bias -- torch.Size([512])🧊 Frozen parameter: clip_model.transformer.resblocks.3.attn.out_proj.weight -- torch.Size([512, 512])

🧊 Frozen parameter: clip_model.transformer.resblocks.3.mlp.c_fc.weight -- torch.Size([2048, 512])🧊 Frozen parameter: clip_model.transformer.resblocks.3.attn.out_proj.bias -- torch.Size([512])

🧊 Frozen parameter: clip_model.transformer.resblocks.3.mlp.c_fc.bias -- torch.Size([2048])🧊 Frozen parameter: clip_model.transformer.resblocks.3.ln_1.weight -- torch.Size([512])

🧊 Frozen parameter: clip_model.transformer.resblocks.3.mlp.c_proj.weight -- torch.Size([512, 2048])🧊 Frozen parameter: clip_model.transformer.resblocks.3.ln_1.bias -- torch.Size([512])

🧊 Frozen parameter: clip_model.transformer.resblocks.3.mlp.c_proj.bias -- torch.Size([512])🧊 Frozen parameter: clip_model.transformer.resblocks.3.mlp.c_fc.weight -- torch.Size([2048, 512])

🧊 Frozen parameter: clip_model.transformer.resblocks.3.ln_2.weight -- torch.Size([512])🧊 Frozen parameter: clip_model.transformer.resblocks.3.mlp.c_fc.bias -- torch.Size([2048])

🧊 Frozen parameter: clip_model.transformer.resblocks.3.ln_2.bias -- torch.Size([512])🧊 Frozen parameter: clip_model.transformer.resblocks.3.mlp.c_proj.weight -- torch.Size([512, 2048])

🧊 Frozen parameter: clip_model.transformer.resblocks.4.attn.in_proj_weight -- torch.Size([1536, 512])🧊 Frozen parameter: clip_model.transformer.resblocks.3.mlp.c_proj.bias -- torch.Size([512])

🧊 Frozen parameter: clip_model.transformer.resblocks.4.attn.in_proj_bias -- torch.Size([1536])🧊 Frozen parameter: clip_model.transformer.resblocks.3.ln_2.weight -- torch.Size([512])

🧊 Frozen parameter: clip_model.transformer.resblocks.4.attn.out_proj.weight -- torch.Size([512, 512])🧊 Frozen parameter: clip_model.transformer.resblocks.3.ln_2.bias -- torch.Size([512])

🧊 Frozen parameter: clip_model.transformer.resblocks.4.attn.out_proj.bias -- torch.Size([512])🧊 Frozen parameter: clip_model.transformer.resblocks.4.attn.in_proj_weight -- torch.Size([1536, 512])

🧊 Frozen parameter: clip_model.transformer.resblocks.4.ln_1.weight -- torch.Size([512])🧊 Frozen parameter: clip_model.transformer.resblocks.4.attn.in_proj_bias -- torch.Size([1536])

🧊 Frozen parameter: clip_model.transformer.resblocks.4.ln_1.bias -- torch.Size([512])🧊 Frozen parameter: clip_model.transformer.resblocks.4.attn.out_proj.weight -- torch.Size([512, 512])

🧊 Frozen parameter: clip_model.transformer.resblocks.4.mlp.c_fc.weight -- torch.Size([2048, 512])🧊 Frozen parameter: clip_model.transformer.resblocks.4.attn.out_proj.bias -- torch.Size([512])

🧊 Frozen parameter: clip_model.transformer.resblocks.4.mlp.c_fc.bias -- torch.Size([2048])🧊 Frozen parameter: clip_model.transformer.resblocks.4.ln_1.weight -- torch.Size([512])

🧊 Frozen parameter: clip_model.transformer.resblocks.4.mlp.c_proj.weight -- torch.Size([512, 2048])🧊 Frozen parameter: clip_model.transformer.resblocks.4.ln_1.bias -- torch.Size([512])

🧊 Frozen parameter: clip_model.transformer.resblocks.4.mlp.c_proj.bias -- torch.Size([512])🧊 Frozen parameter: clip_model.transformer.resblocks.4.mlp.c_fc.weight -- torch.Size([2048, 512])

🧊 Frozen parameter: clip_model.transformer.resblocks.4.ln_2.weight -- torch.Size([512])🧊 Frozen parameter: clip_model.transformer.resblocks.4.mlp.c_fc.bias -- torch.Size([2048])

🧊 Frozen parameter: clip_model.transformer.resblocks.4.ln_2.bias -- torch.Size([512])🧊 Frozen parameter: clip_model.transformer.resblocks.4.mlp.c_proj.weight -- torch.Size([512, 2048])

🧊 Frozen parameter: clip_model.transformer.resblocks.5.attn.in_proj_weight -- torch.Size([1536, 512])🧊 Frozen parameter: clip_model.transformer.resblocks.4.mlp.c_proj.bias -- torch.Size([512])

🧊 Frozen parameter: clip_model.transformer.resblocks.5.attn.in_proj_bias -- torch.Size([1536])🧊 Frozen parameter: clip_model.transformer.resblocks.4.ln_2.weight -- torch.Size([512])

🧊 Frozen parameter: clip_model.transformer.resblocks.5.attn.out_proj.weight -- torch.Size([512, 512])🧊 Frozen parameter: clip_model.transformer.resblocks.4.ln_2.bias -- torch.Size([512])

🧊 Frozen parameter: clip_model.transformer.resblocks.5.attn.out_proj.bias -- torch.Size([512])🧊 Frozen parameter: clip_model.transformer.resblocks.5.attn.in_proj_weight -- torch.Size([1536, 512])

🧊 Frozen parameter: clip_model.transformer.resblocks.5.ln_1.weight -- torch.Size([512])🧊 Frozen parameter: clip_model.transformer.resblocks.5.attn.in_proj_bias -- torch.Size([1536])

🧊 Frozen parameter: clip_model.transformer.resblocks.5.ln_1.bias -- torch.Size([512])🧊 Frozen parameter: clip_model.transformer.resblocks.5.attn.out_proj.weight -- torch.Size([512, 512])

🧊 Frozen parameter: clip_model.transformer.resblocks.5.mlp.c_fc.weight -- torch.Size([2048, 512])🧊 Frozen parameter: clip_model.transformer.resblocks.5.attn.out_proj.bias -- torch.Size([512])

🧊 Frozen parameter: clip_model.transformer.resblocks.5.mlp.c_fc.bias -- torch.Size([2048])🧊 Frozen parameter: clip_model.transformer.resblocks.5.ln_1.weight -- torch.Size([512])

🧊 Frozen parameter: clip_model.transformer.resblocks.5.mlp.c_proj.weight -- torch.Size([512, 2048])🧊 Frozen parameter: clip_model.transformer.resblocks.5.ln_1.bias -- torch.Size([512])

🧊 Frozen parameter: clip_model.transformer.resblocks.5.mlp.c_proj.bias -- torch.Size([512])🧊 Frozen parameter: clip_model.transformer.resblocks.5.mlp.c_fc.weight -- torch.Size([2048, 512])

🧊 Frozen parameter: clip_model.transformer.resblocks.5.ln_2.weight -- torch.Size([512])🧊 Frozen parameter: clip_model.transformer.resblocks.5.mlp.c_fc.bias -- torch.Size([2048])

🧊 Frozen parameter: clip_model.transformer.resblocks.5.ln_2.bias -- torch.Size([512])🧊 Frozen parameter: clip_model.transformer.resblocks.5.mlp.c_proj.weight -- torch.Size([512, 2048])

🧊 Frozen parameter: clip_model.transformer.resblocks.6.attn.in_proj_weight -- torch.Size([1536, 512])🧊 Frozen parameter: clip_model.transformer.resblocks.5.mlp.c_proj.bias -- torch.Size([512])

🧊 Frozen parameter: clip_model.transformer.resblocks.6.attn.in_proj_bias -- torch.Size([1536])🧊 Frozen parameter: clip_model.transformer.resblocks.5.ln_2.weight -- torch.Size([512])

🧊 Frozen parameter: clip_model.transformer.resblocks.6.attn.out_proj.weight -- torch.Size([512, 512])🧊 Frozen parameter: clip_model.transformer.resblocks.5.ln_2.bias -- torch.Size([512])

🧊 Frozen parameter: clip_model.transformer.resblocks.6.attn.out_proj.bias -- torch.Size([512])🧊 Frozen parameter: clip_model.transformer.resblocks.6.attn.in_proj_weight -- torch.Size([1536, 512])

🧊 Frozen parameter: clip_model.transformer.resblocks.6.ln_1.weight -- torch.Size([512])🧊 Frozen parameter: clip_model.transformer.resblocks.6.attn.in_proj_bias -- torch.Size([1536])

🧊 Frozen parameter: clip_model.transformer.resblocks.6.ln_1.bias -- torch.Size([512])🧊 Frozen parameter: clip_model.transformer.resblocks.6.attn.out_proj.weight -- torch.Size([512, 512])

🧊 Frozen parameter: clip_model.transformer.resblocks.6.mlp.c_fc.weight -- torch.Size([2048, 512])🧊 Frozen parameter: clip_model.transformer.resblocks.6.attn.out_proj.bias -- torch.Size([512])

🧊 Frozen parameter: clip_model.transformer.resblocks.6.mlp.c_fc.bias -- torch.Size([2048])🧊 Frozen parameter: clip_model.transformer.resblocks.6.ln_1.weight -- torch.Size([512])

🧊 Frozen parameter: clip_model.transformer.resblocks.6.mlp.c_proj.weight -- torch.Size([512, 2048])🧊 Frozen parameter: clip_model.transformer.resblocks.6.ln_1.bias -- torch.Size([512])

🧊 Frozen parameter: clip_model.transformer.resblocks.6.mlp.c_proj.bias -- torch.Size([512])🧊 Frozen parameter: clip_model.transformer.resblocks.6.mlp.c_fc.weight -- torch.Size([2048, 512])

🧊 Frozen parameter: clip_model.transformer.resblocks.6.ln_2.weight -- torch.Size([512])🧊 Frozen parameter: clip_model.transformer.resblocks.6.mlp.c_fc.bias -- torch.Size([2048])

🧊 Frozen parameter: clip_model.transformer.resblocks.6.ln_2.bias -- torch.Size([512])🧊 Frozen parameter: clip_model.transformer.resblocks.6.mlp.c_proj.weight -- torch.Size([512, 2048])

🧊 Frozen parameter: clip_model.transformer.resblocks.7.attn.in_proj_weight -- torch.Size([1536, 512])🧊 Frozen parameter: clip_model.transformer.resblocks.6.mlp.c_proj.bias -- torch.Size([512])

🧊 Frozen parameter: clip_model.transformer.resblocks.7.attn.in_proj_bias -- torch.Size([1536])🧊 Frozen parameter: clip_model.transformer.resblocks.6.ln_2.weight -- torch.Size([512])

🧊 Frozen parameter: clip_model.transformer.resblocks.7.attn.out_proj.weight -- torch.Size([512, 512])🧊 Frozen parameter: clip_model.transformer.resblocks.6.ln_2.bias -- torch.Size([512])

🧊 Frozen parameter: clip_model.transformer.resblocks.7.attn.out_proj.bias -- torch.Size([512])🧊 Frozen parameter: clip_model.transformer.resblocks.7.attn.in_proj_weight -- torch.Size([1536, 512])

🧊 Frozen parameter: clip_model.transformer.resblocks.7.ln_1.weight -- torch.Size([512])🧊 Frozen parameter: clip_model.transformer.resblocks.7.attn.in_proj_bias -- torch.Size([1536])

🧊 Frozen parameter: clip_model.transformer.resblocks.7.ln_1.bias -- torch.Size([512])🧊 Frozen parameter: clip_model.transformer.resblocks.7.attn.out_proj.weight -- torch.Size([512, 512])

🧊 Frozen parameter: clip_model.transformer.resblocks.7.mlp.c_fc.weight -- torch.Size([2048, 512])🧊 Frozen parameter: clip_model.transformer.resblocks.7.attn.out_proj.bias -- torch.Size([512])

🧊 Frozen parameter: clip_model.transformer.resblocks.7.mlp.c_fc.bias -- torch.Size([2048])🧊 Frozen parameter: clip_model.transformer.resblocks.7.ln_1.weight -- torch.Size([512])

🧊 Frozen parameter: clip_model.transformer.resblocks.7.mlp.c_proj.weight -- torch.Size([512, 2048])🧊 Frozen parameter: clip_model.transformer.resblocks.7.ln_1.bias -- torch.Size([512])

🧊 Frozen parameter: clip_model.transformer.resblocks.7.mlp.c_proj.bias -- torch.Size([512])🧊 Frozen parameter: clip_model.transformer.resblocks.7.mlp.c_fc.weight -- torch.Size([2048, 512])

🧊 Frozen parameter: clip_model.transformer.resblocks.7.ln_2.weight -- torch.Size([512])🧊 Frozen parameter: clip_model.transformer.resblocks.7.mlp.c_fc.bias -- torch.Size([2048])

🧊 Frozen parameter: clip_model.transformer.resblocks.7.ln_2.bias -- torch.Size([512])🧊 Frozen parameter: clip_model.transformer.resblocks.7.mlp.c_proj.weight -- torch.Size([512, 2048])

🧊 Frozen parameter: clip_model.transformer.resblocks.8.attn.in_proj_weight -- torch.Size([1536, 512])🧊 Frozen parameter: clip_model.transformer.resblocks.7.mlp.c_proj.bias -- torch.Size([512])

🧊 Frozen parameter: clip_model.transformer.resblocks.8.attn.in_proj_bias -- torch.Size([1536])🧊 Frozen parameter: clip_model.transformer.resblocks.7.ln_2.weight -- torch.Size([512])

🧊 Frozen parameter: clip_model.transformer.resblocks.8.attn.out_proj.weight -- torch.Size([512, 512])🧊 Frozen parameter: clip_model.transformer.resblocks.7.ln_2.bias -- torch.Size([512])

🧊 Frozen parameter: clip_model.transformer.resblocks.8.attn.out_proj.bias -- torch.Size([512])🧊 Frozen parameter: clip_model.transformer.resblocks.8.attn.in_proj_weight -- torch.Size([1536, 512])

🧊 Frozen parameter: clip_model.transformer.resblocks.8.ln_1.weight -- torch.Size([512])🧊 Frozen parameter: clip_model.transformer.resblocks.8.attn.in_proj_bias -- torch.Size([1536])

🧊 Frozen parameter: clip_model.transformer.resblocks.8.ln_1.bias -- torch.Size([512])🧊 Frozen parameter: clip_model.transformer.resblocks.8.attn.out_proj.weight -- torch.Size([512, 512])

🧊 Frozen parameter: clip_model.transformer.resblocks.8.mlp.c_fc.weight -- torch.Size([2048, 512])🧊 Frozen parameter: clip_model.transformer.resblocks.8.attn.out_proj.bias -- torch.Size([512])

🧊 Frozen parameter: clip_model.transformer.resblocks.8.mlp.c_fc.bias -- torch.Size([2048])🧊 Frozen parameter: clip_model.transformer.resblocks.8.ln_1.weight -- torch.Size([512])

🧊 Frozen parameter: clip_model.transformer.resblocks.8.mlp.c_proj.weight -- torch.Size([512, 2048])🧊 Frozen parameter: clip_model.transformer.resblocks.8.ln_1.bias -- torch.Size([512])

🧊 Frozen parameter: clip_model.transformer.resblocks.8.mlp.c_proj.bias -- torch.Size([512])🧊 Frozen parameter: clip_model.transformer.resblocks.8.mlp.c_fc.weight -- torch.Size([2048, 512])

🧊 Frozen parameter: clip_model.transformer.resblocks.8.ln_2.weight -- torch.Size([512])🧊 Frozen parameter: clip_model.transformer.resblocks.8.mlp.c_fc.bias -- torch.Size([2048])

🧊 Frozen parameter: clip_model.transformer.resblocks.8.ln_2.bias -- torch.Size([512])🧊 Frozen parameter: clip_model.transformer.resblocks.8.mlp.c_proj.weight -- torch.Size([512, 2048])

🧊 Frozen parameter: clip_model.transformer.resblocks.9.attn.in_proj_weight -- torch.Size([1536, 512])🧊 Frozen parameter: clip_model.transformer.resblocks.8.mlp.c_proj.bias -- torch.Size([512])

🧊 Frozen parameter: clip_model.transformer.resblocks.9.attn.in_proj_bias -- torch.Size([1536])🧊 Frozen parameter: clip_model.transformer.resblocks.8.ln_2.weight -- torch.Size([512])

🧊 Frozen parameter: clip_model.transformer.resblocks.9.attn.out_proj.weight -- torch.Size([512, 512])🧊 Frozen parameter: clip_model.transformer.resblocks.8.ln_2.bias -- torch.Size([512])

🧊 Frozen parameter: clip_model.transformer.resblocks.9.attn.out_proj.bias -- torch.Size([512])🧊 Frozen parameter: clip_model.transformer.resblocks.9.attn.in_proj_weight -- torch.Size([1536, 512])

🧊 Frozen parameter: clip_model.transformer.resblocks.9.ln_1.weight -- torch.Size([512])🧊 Frozen parameter: clip_model.transformer.resblocks.9.attn.in_proj_bias -- torch.Size([1536])

🧊 Frozen parameter: clip_model.transformer.resblocks.9.ln_1.bias -- torch.Size([512])🧊 Frozen parameter: clip_model.transformer.resblocks.9.attn.out_proj.weight -- torch.Size([512, 512])

🧊 Frozen parameter: clip_model.transformer.resblocks.9.mlp.c_fc.weight -- torch.Size([2048, 512])🧊 Frozen parameter: clip_model.transformer.resblocks.9.attn.out_proj.bias -- torch.Size([512])

🧊 Frozen parameter: clip_model.transformer.resblocks.9.mlp.c_fc.bias -- torch.Size([2048])🧊 Frozen parameter: clip_model.transformer.resblocks.9.ln_1.weight -- torch.Size([512])

🧊 Frozen parameter: clip_model.transformer.resblocks.9.mlp.c_proj.weight -- torch.Size([512, 2048])🧊 Frozen parameter: clip_model.transformer.resblocks.9.ln_1.bias -- torch.Size([512])

🧊 Frozen parameter: clip_model.transformer.resblocks.9.mlp.c_proj.bias -- torch.Size([512])🧊 Frozen parameter: clip_model.transformer.resblocks.9.mlp.c_fc.weight -- torch.Size([2048, 512])

🧊 Frozen parameter: clip_model.transformer.resblocks.9.ln_2.weight -- torch.Size([512])🧊 Frozen parameter: clip_model.transformer.resblocks.9.mlp.c_fc.bias -- torch.Size([2048])

🧊 Frozen parameter: clip_model.transformer.resblocks.9.ln_2.bias -- torch.Size([512])🧊 Frozen parameter: clip_model.transformer.resblocks.9.mlp.c_proj.weight -- torch.Size([512, 2048])

🧊 Frozen parameter: clip_model.transformer.resblocks.10.attn.in_proj_weight -- torch.Size([1536, 512])🧊 Frozen parameter: clip_model.transformer.resblocks.9.mlp.c_proj.bias -- torch.Size([512])

🧊 Frozen parameter: clip_model.transformer.resblocks.10.attn.in_proj_bias -- torch.Size([1536])🧊 Frozen parameter: clip_model.transformer.resblocks.9.ln_2.weight -- torch.Size([512])

🧊 Frozen parameter: clip_model.transformer.resblocks.10.attn.out_proj.weight -- torch.Size([512, 512])🧊 Frozen parameter: clip_model.transformer.resblocks.9.ln_2.bias -- torch.Size([512])

🧊 Frozen parameter: clip_model.transformer.resblocks.10.attn.out_proj.bias -- torch.Size([512])🧊 Frozen parameter: clip_model.transformer.resblocks.10.attn.in_proj_weight -- torch.Size([1536, 512])

🧊 Frozen parameter: clip_model.transformer.resblocks.10.ln_1.weight -- torch.Size([512])🧊 Frozen parameter: clip_model.transformer.resblocks.10.attn.in_proj_bias -- torch.Size([1536])

🧊 Frozen parameter: clip_model.transformer.resblocks.10.ln_1.bias -- torch.Size([512])🧊 Frozen parameter: clip_model.transformer.resblocks.10.attn.out_proj.weight -- torch.Size([512, 512])

🧊 Frozen parameter: clip_model.transformer.resblocks.10.mlp.c_fc.weight -- torch.Size([2048, 512])🧊 Frozen parameter: clip_model.transformer.resblocks.10.attn.out_proj.bias -- torch.Size([512])

🧊 Frozen parameter: clip_model.transformer.resblocks.10.mlp.c_fc.bias -- torch.Size([2048])🧊 Frozen parameter: clip_model.transformer.resblocks.10.ln_1.weight -- torch.Size([512])

🧊 Frozen parameter: clip_model.transformer.resblocks.10.mlp.c_proj.weight -- torch.Size([512, 2048])🧊 Frozen parameter: clip_model.transformer.resblocks.10.ln_1.bias -- torch.Size([512])

🧊 Frozen parameter: clip_model.transformer.resblocks.10.mlp.c_proj.bias -- torch.Size([512])🧊 Frozen parameter: clip_model.transformer.resblocks.10.mlp.c_fc.weight -- torch.Size([2048, 512])

🧊 Frozen parameter: clip_model.transformer.resblocks.10.ln_2.weight -- torch.Size([512])🧊 Frozen parameter: clip_model.transformer.resblocks.10.mlp.c_fc.bias -- torch.Size([2048])

🧊 Frozen parameter: clip_model.transformer.resblocks.10.ln_2.bias -- torch.Size([512])🧊 Frozen parameter: clip_model.transformer.resblocks.10.mlp.c_proj.weight -- torch.Size([512, 2048])

🧊 Frozen parameter: clip_model.transformer.resblocks.11.attn.in_proj_weight -- torch.Size([1536, 512])🧊 Frozen parameter: clip_model.transformer.resblocks.10.mlp.c_proj.bias -- torch.Size([512])

🧊 Frozen parameter: clip_model.transformer.resblocks.11.attn.in_proj_bias -- torch.Size([1536])🧊 Frozen parameter: clip_model.transformer.resblocks.10.ln_2.weight -- torch.Size([512])

🧊 Frozen parameter: clip_model.transformer.resblocks.11.attn.out_proj.weight -- torch.Size([512, 512])🧊 Frozen parameter: clip_model.transformer.resblocks.10.ln_2.bias -- torch.Size([512])

🧊 Frozen parameter: clip_model.transformer.resblocks.11.attn.out_proj.bias -- torch.Size([512])🧊 Frozen parameter: clip_model.transformer.resblocks.11.attn.in_proj_weight -- torch.Size([1536, 512])

🧊 Frozen parameter: clip_model.transformer.resblocks.11.ln_1.weight -- torch.Size([512])🧊 Frozen parameter: clip_model.transformer.resblocks.11.attn.in_proj_bias -- torch.Size([1536])

🧊 Frozen parameter: clip_model.transformer.resblocks.11.ln_1.bias -- torch.Size([512])🧊 Frozen parameter: clip_model.transformer.resblocks.11.attn.out_proj.weight -- torch.Size([512, 512])

🧊 Frozen parameter: clip_model.transformer.resblocks.11.mlp.c_fc.weight -- torch.Size([2048, 512])🧊 Frozen parameter: clip_model.transformer.resblocks.11.attn.out_proj.bias -- torch.Size([512])

🧊 Frozen parameter: clip_model.transformer.resblocks.11.mlp.c_fc.bias -- torch.Size([2048])🧊 Frozen parameter: clip_model.transformer.resblocks.11.ln_1.weight -- torch.Size([512])

🧊 Frozen parameter: clip_model.transformer.resblocks.11.mlp.c_proj.weight -- torch.Size([512, 2048])🧊 Frozen parameter: clip_model.transformer.resblocks.11.ln_1.bias -- torch.Size([512])

🧊 Frozen parameter: clip_model.transformer.resblocks.11.mlp.c_proj.bias -- torch.Size([512])🧊 Frozen parameter: clip_model.transformer.resblocks.11.mlp.c_fc.weight -- torch.Size([2048, 512])

🧊 Frozen parameter: clip_model.transformer.resblocks.11.ln_2.weight -- torch.Size([512])🧊 Frozen parameter: clip_model.transformer.resblocks.11.mlp.c_fc.bias -- torch.Size([2048])

🧊 Frozen parameter: clip_model.transformer.resblocks.11.ln_2.bias -- torch.Size([512])🧊 Frozen parameter: clip_model.transformer.resblocks.11.mlp.c_proj.weight -- torch.Size([512, 2048])

🧊 Frozen parameter: clip_model.token_embedding.weight -- torch.Size([49408, 512])🧊 Frozen parameter: clip_model.transformer.resblocks.11.mlp.c_proj.bias -- torch.Size([512])

🧊 Frozen parameter: clip_model.ln_final.weight -- torch.Size([512])🧊 Frozen parameter: clip_model.transformer.resblocks.11.ln_2.weight -- torch.Size([512])

🧊 Frozen parameter: clip_model.ln_final.bias -- torch.Size([512])🧊 Frozen parameter: clip_model.transformer.resblocks.11.ln_2.bias -- torch.Size([512])

🔥 Tuned parameter: clip_proj.weight -- torch.Size([4096, 1024])🧊 Frozen parameter: clip_model.token_embedding.weight -- torch.Size([49408, 512])

🔥 Tuned parameter: clip_proj.bias -- torch.Size([4096])🧊 Frozen parameter: clip_model.ln_final.weight -- torch.Size([512])

🧊 Frozen parameter: clip_model.ln_final.bias -- torch.Size([512])
🔥 Tuned parameter: clip_proj.weight -- torch.Size([4096, 1024])
🔥 Tuned parameter: clip_proj.bias -- torch.Size([4096])
Use AdamW optimizerUse AdamW optimizer

Starting from scratch...Starting from scratch...

DEBUG: About to call build_embeds
DEBUG: build_embeds succeeded
DEBUG: bs = 2
DEBUG: About to call build_embeds
DEBUG: build_embeds succeeded
DEBUG: bs = 2
DEBUG: About to call build_embeds
DEBUG: About to call build_embeds
DEBUG: build_embeds succeeded
DEBUG: bs = 2
DEBUG: build_embeds succeeded
DEBUG: bs = 2
DEBUG: About to call build_embeds
DEBUG: About to call build_embeds
DEBUG: build_embeds succeeded
DEBUG: bs = 2
DEBUG: build_embeds succeeded
DEBUG: bs = 2
DEBUG: About to call build_embeds
DEBUG: About to call build_embeds
DEBUG: build_embeds succeeded
DEBUG: bs = 2
DEBUG: build_embeds succeeded
DEBUG: bs = 2
DEBUG: About to call build_embeds
DEBUG: build_embeds succeeded
DEBUG: bs = 2
DEBUG: About to call build_embeds
DEBUG: build_embeds succeeded
DEBUG: bs = 2
DEBUG: About to call build_embeds
DEBUG: About to call build_embeds
DEBUG: build_embeds succeeded
DEBUG: bs = 2
DEBUG: build_embeds succeeded
DEBUG: bs = 2
DEBUG: About to call build_embeds
DEBUG: About to call build_embeds
DEBUG: build_embeds succeeded
DEBUG: bs = 2
DEBUG: build_embeds succeeded
DEBUG: bs = 2
DEBUG: About to call build_embeds
DEBUG: About to call build_embeds
DEBUG: build_embeds succeeded
DEBUG: bs = 2
DEBUG: build_embeds succeeded
DEBUG: bs = 2
DEBUG: About to call build_embeds
DEBUG: About to call build_embeds
DEBUG: build_embeds succeeded
DEBUG: bs = 2
DEBUG: build_embeds succeeded
DEBUG: bs = 2
DEBUG: About to call build_embeds
DEBUG: About to call build_embeds
DEBUG: build_embeds succeeded
DEBUG: bs = 2
DEBUG: build_embeds succeeded
DEBUG: bs = 2
DEBUG: About to call build_embeds
DEBUG: About to call build_embeds
DEBUG: build_embeds succeeded
DEBUG: bs = 2
DEBUG: build_embeds succeeded
DEBUG: bs = 2
DEBUG: About to call build_embeds
DEBUG: build_embeds succeeded
DEBUG: bs = 2
DEBUG: About to call build_embeds
DEBUG: build_embeds succeeded
DEBUG: bs = 2
DEBUG: About to call build_embeds
DEBUG: build_embeds succeeded
DEBUG: bs = 2
DEBUG: About to call build_embeds
DEBUG: build_embeds succeeded
DEBUG: bs = 2
DEBUG: About to call build_embeds
DEBUG: About to call build_embeds
DEBUG: build_embeds succeeded
DEBUG: bs = 2
DEBUG: build_embeds succeeded
DEBUG: bs = 2
DEBUG: About to call build_embeds
DEBUG: About to call build_embeds
DEBUG: build_embeds succeeded
DEBUG: bs = 2
DEBUG: build_embeds succeeded
DEBUG: bs = 2
DEBUG: About to call build_embeds
DEBUG: About to call build_embeds
DEBUG: build_embeds succeeded
DEBUG: bs = 2
DEBUG: build_embeds succeeded
DEBUG: bs = 2
DEBUG: About to call build_embeds
DEBUG: About to call build_embeds
DEBUG: build_embeds succeeded
DEBUG: bs = 2
DEBUG: build_embeds succeeded
DEBUG: bs = 2
DEBUG: About to call build_embeds
DEBUG: About to call build_embeds
DEBUG: build_embeds succeeded
DEBUG: bs = 2
DEBUG: build_embeds succeeded
DEBUG: bs = 2
DEBUG: About to call build_embeds
DEBUG: About to call build_embeds
DEBUG: build_embeds succeeded
DEBUG: bs = 2
DEBUG: build_embeds succeeded
DEBUG: bs = 2
DEBUG: About to call build_embeds
DEBUG: About to call build_embeds
DEBUG: build_embeds succeeded
DEBUG: bs = 2
DEBUG: build_embeds succeeded
DEBUG: bs = 2
DEBUG: About to call build_embedsDEBUG: About to call build_embeds

DEBUG: build_embeds succeeded
DEBUG: bs = 2
DEBUG: build_embeds succeeded
DEBUG: bs = 2
DEBUG: About to call build_embeds
DEBUG: About to call build_embeds
DEBUG: build_embeds succeeded
DEBUG: bs = 2
DEBUG: build_embeds succeeded
DEBUG: bs = 2
DEBUG: About to call build_embeds
DEBUG: About to call build_embeds
DEBUG: build_embeds succeeded
DEBUG: bs = 2
DEBUG: build_embeds succeeded
DEBUG: bs = 2
DEBUG: About to call build_embeds
DEBUG: About to call build_embeds
DEBUG: build_embeds succeeded
DEBUG: bs = 2
DEBUG: build_embeds succeeded
DEBUG: bs = 2
DEBUG: About to call build_embeds
DEBUG: About to call build_embeds
DEBUG: build_embeds succeeded
DEBUG: bs = 2
DEBUG: build_embeds succeeded
DEBUG: bs = 2
DEBUG: About to call build_embeds
DEBUG: About to call build_embeds
DEBUG: build_embeds succeeded
DEBUG: bs = 2
DEBUG: build_embeds succeeded
DEBUG: bs = 2
DEBUG: About to call build_embeds
DEBUG: About to call build_embeds
DEBUG: build_embeds succeeded
DEBUG: bs = 2
DEBUG: build_embeds succeeded
DEBUG: bs = 2
DEBUG: About to call build_embeds
DEBUG: About to call build_embeds
DEBUG: build_embeds succeeded
DEBUG: bs = 2
DEBUG: build_embeds succeeded
DEBUG: bs = 2
DEBUG: About to call build_embeds
DEBUG: About to call build_embeds
DEBUG: build_embeds succeeded
DEBUG: bs = 2
DEBUG: build_embeds succeeded
DEBUG: bs = 2
DEBUG: About to call build_embeds
DEBUG: About to call build_embeds
DEBUG: build_embeds succeeded
DEBUG: bs = 2
DEBUG: build_embeds succeeded
DEBUG: bs = 2
DEBUG: About to call build_embeds
DEBUG: About to call build_embeds
DEBUG: build_embeds succeeded
DEBUG: bs = 2
DEBUG: build_embeds succeeded
DEBUG: bs = 2
DEBUG: About to call build_embeds
DEBUG: About to call build_embeds
DEBUG: build_embeds succeeded
DEBUG: bs = 2
DEBUG: build_embeds succeeded
DEBUG: bs = 2
DEBUG: About to call build_embeds
DEBUG: About to call build_embeds
DEBUG: build_embeds succeeded
DEBUG: bs = 2
DEBUG: build_embeds succeeded
DEBUG: bs = 2
DEBUG: About to call build_embeds
DEBUG: About to call build_embeds
DEBUG: build_embeds succeeded
DEBUG: bs = 2
DEBUG: build_embeds succeeded
DEBUG: bs = 2
DEBUG: About to call build_embeds
DEBUG: About to call build_embeds
DEBUG: build_embeds succeeded
DEBUG: bs = 2
DEBUG: build_embeds succeeded
DEBUG: bs = 2
DEBUG: About to call build_embeds
DEBUG: About to call build_embeds
DEBUG: build_embeds succeeded
DEBUG: bs = 2
DEBUG: build_embeds succeeded
DEBUG: bs = 2
DEBUG: About to call build_embeds
DEBUG: About to call build_embeds
DEBUG: build_embeds succeeded
DEBUG: bs = 2
DEBUG: build_embeds succeeded
DEBUG: bs = 2
DEBUG: About to call build_embeds
DEBUG: About to call build_embeds
DEBUG: build_embeds succeeded
DEBUG: bs = 2
DEBUG: build_embeds succeeded
DEBUG: bs = 2
DEBUG: About to call build_embeds
DEBUG: About to call build_embeds
DEBUG: build_embeds succeeded
DEBUG: bs = 2
DEBUG: build_embeds succeeded
DEBUG: bs = 2
DEBUG: About to call build_embeds
DEBUG: About to call build_embeds
DEBUG: build_embeds succeeded
DEBUG: bs = 2
DEBUG: build_embeds succeeded
DEBUG: bs = 2
DEBUG: About to call build_embedsDEBUG: About to call build_embeds

DEBUG: build_embeds succeeded
DEBUG: bs = 2
DEBUG: build_embeds succeeded
DEBUG: bs = 2
DEBUG: About to call build_embeds
DEBUG: About to call build_embeds
DEBUG: build_embeds succeeded
DEBUG: bs = 2
DEBUG: build_embeds succeeded
DEBUG: bs = 2
DEBUG: About to call build_embeds
DEBUG: About to call build_embeds
DEBUG: build_embeds succeeded
DEBUG: bs = 2
DEBUG: build_embeds succeeded
DEBUG: bs = 2
DEBUG: About to call build_embeds
DEBUG: About to call build_embeds
DEBUG: build_embeds succeeded
DEBUG: bs = 2
DEBUG: build_embeds succeeded
DEBUG: bs = 2
DEBUG: About to call build_embeds
DEBUG: About to call build_embeds
DEBUG: build_embeds succeeded
DEBUG: bs = 2
DEBUG: build_embeds succeeded
DEBUG: bs = 2
DEBUG: About to call build_embedsDEBUG: About to call build_embeds

DEBUG: build_embeds succeeded
DEBUG: bs = 2
DEBUG: build_embeds succeeded
DEBUG: bs = 2
DEBUG: About to call build_embeds
DEBUG: About to call build_embeds
DEBUG: build_embeds succeeded
DEBUG: bs = 2
DEBUG: build_embeds succeeded
DEBUG: bs = 2
DEBUG: About to call build_embeds
DEBUG: About to call build_embeds
DEBUG: build_embeds succeeded
DEBUG: bs = 2
DEBUG: build_embeds succeeded
DEBUG: bs = 2
DEBUG: About to call build_embeds
DEBUG: About to call build_embeds
DEBUG: build_embeds succeeded
DEBUG: bs = 2
DEBUG: build_embeds succeeded
DEBUG: bs = 2
DEBUG: About to call build_embeds
DEBUG: About to call build_embeds
DEBUG: build_embeds succeeded
DEBUG: bs = 2
DEBUG: build_embeds succeeded
DEBUG: bs = 2
DEBUG: About to call build_embeds
DEBUG: About to call build_embeds
DEBUG: build_embeds succeeded
DEBUG: bs = 2
DEBUG: build_embeds succeeded
DEBUG: bs = 2
DEBUG: About to call build_embeds
DEBUG: About to call build_embeds
DEBUG: build_embeds succeeded
DEBUG: bs = 2
DEBUG: build_embeds succeeded
DEBUG: bs = 2
DEBUG: About to call build_embeds
DEBUG: About to call build_embeds
DEBUG: build_embeds succeeded
DEBUG: bs = 2
DEBUG: build_embeds succeeded
DEBUG: bs = 2
DEBUG: About to call build_embeds
DEBUG: About to call build_embeds
DEBUG: build_embeds succeeded
DEBUG: bs = 2
DEBUG: build_embeds succeeded
DEBUG: bs = 2
DEBUG: About to call build_embeds
DEBUG: About to call build_embeds
DEBUG: build_embeds succeeded
DEBUG: bs = 2
DEBUG: build_embeds succeeded
DEBUG: bs = 2
DEBUG: About to call build_embeds
DEBUG: About to call build_embeds
DEBUG: build_embeds succeeded
DEBUG: bs = 2
DEBUG: build_embeds succeeded
DEBUG: bs = 2
DEBUG: About to call build_embeds
DEBUG: About to call build_embeds
DEBUG: build_embeds succeeded
DEBUG: bs = 2
DEBUG: build_embeds succeeded
DEBUG: bs = 2
DEBUG: About to call build_embeds
DEBUG: About to call build_embeds
DEBUG: build_embeds succeeded
DEBUG: bs = 2
DEBUG: build_embeds succeeded
DEBUG: bs = 2
DEBUG: About to call build_embeds
DEBUG: About to call build_embeds
DEBUG: build_embeds succeeded
DEBUG: bs = 2
DEBUG: build_embeds succeeded
DEBUG: bs = 2
DEBUG: About to call build_embeds
DEBUG: About to call build_embeds
DEBUG: build_embeds succeeded
DEBUG: bs = 2
DEBUG: build_embeds succeeded
DEBUG: bs = 2
DEBUG: About to call build_embeds
DEBUG: About to call build_embeds
DEBUG: build_embeds succeeded
DEBUG: bs = 2
DEBUG: build_embeds succeeded
DEBUG: bs = 2
DEBUG: About to call build_embedsDEBUG: About to call build_embeds

DEBUG: build_embeds succeeded
DEBUG: bs = 2
DEBUG: build_embeds succeeded
DEBUG: bs = 2
DEBUG: About to call build_embeds
DEBUG: About to call build_embeds
DEBUG: build_embeds succeeded
DEBUG: bs = 2
DEBUG: build_embeds succeeded
DEBUG: bs = 2
DEBUG: About to call build_embeds
DEBUG: About to call build_embeds
DEBUG: build_embeds succeeded
DEBUG: bs = 2
DEBUG: build_embeds succeeded
DEBUG: bs = 2
DEBUG: About to call build_embeds
DEBUG: About to call build_embeds
DEBUG: build_embeds succeeded
DEBUG: bs = 2
DEBUG: build_embeds succeeded
DEBUG: bs = 2
DEBUG: About to call build_embeds
DEBUG: About to call build_embeds
DEBUG: build_embeds succeeded
DEBUG: bs = 2
DEBUG: build_embeds succeeded
DEBUG: bs = 2
DEBUG: About to call build_embeds
DEBUG: About to call build_embeds
DEBUG: build_embeds succeeded
DEBUG: bs = 2
DEBUG: build_embeds succeeded
DEBUG: bs = 2
DEBUG: About to call build_embeds
DEBUG: build_embeds succeeded
DEBUG: bs = 2
DEBUG: About to call build_embeds
DEBUG: build_embeds succeeded
DEBUG: bs = 2
DEBUG: About to call build_embeds
DEBUG: About to call build_embeds
DEBUG: build_embeds succeeded
DEBUG: bs = 2
DEBUG: build_embeds succeeded
DEBUG: bs = 2
DEBUG: About to call build_embeds
DEBUG: About to call build_embeds
DEBUG: build_embeds succeeded
DEBUG: bs = 2
DEBUG: build_embeds succeeded
DEBUG: bs = 2
DEBUG: About to call build_embeds
DEBUG: About to call build_embeds
DEBUG: build_embeds succeeded
DEBUG: bs = 2
DEBUG: build_embeds succeeded
DEBUG: bs = 2
DEBUG: About to call build_embeds
DEBUG: About to call build_embeds
DEBUG: build_embeds succeeded
DEBUG: bs = 2
DEBUG: build_embeds succeeded
DEBUG: bs = 2
DEBUG: About to call build_embeds
DEBUG: About to call build_embeds
DEBUG: build_embeds succeeded
DEBUG: bs = 2
DEBUG: build_embeds succeeded
DEBUG: bs = 2
DEBUG: About to call build_embeds
DEBUG: About to call build_embeds
DEBUG: build_embeds succeeded
DEBUG: bs = 2
DEBUG: build_embeds succeeded
DEBUG: bs = 2
DEBUG: About to call build_embeds
DEBUG: About to call build_embeds
DEBUG: build_embeds succeeded
DEBUG: bs = 2
DEBUG: build_embeds succeeded
DEBUG: bs = 2
DEBUG: About to call build_embeds
DEBUG: About to call build_embeds
DEBUG: build_embeds succeeded
DEBUG: bs = 2
DEBUG: build_embeds succeeded
DEBUG: bs = 2
DEBUG: About to call build_embeds
DEBUG: About to call build_embeds
DEBUG: build_embeds succeeded
DEBUG: bs = 2
DEBUG: build_embeds succeeded
DEBUG: bs = 2
DEBUG: About to call build_embeds
DEBUG: About to call build_embeds
DEBUG: build_embeds succeeded
DEBUG: bs = 2
DEBUG: build_embeds succeeded
DEBUG: bs = 2
DEBUG: About to call build_embeds
DEBUG: About to call build_embeds
DEBUG: build_embeds succeeded
DEBUG: bs = 2
DEBUG: build_embeds succeeded
DEBUG: bs = 2
DEBUG: About to call build_embeds
DEBUG: build_embeds succeeded
DEBUG: bs = 2
DEBUG: About to call build_embeds
DEBUG: build_embeds succeeded
DEBUG: bs = 2
DEBUG: About to call build_embeds
DEBUG: About to call build_embeds
DEBUG: build_embeds succeeded
DEBUG: bs = 2
DEBUG: build_embeds succeeded
DEBUG: bs = 2
DEBUG: About to call build_embeds
DEBUG: About to call build_embeds
DEBUG: build_embeds succeeded
DEBUG: bs = 2
DEBUG: build_embeds succeeded
DEBUG: bs = 2
DEBUG: About to call build_embeds
DEBUG: About to call build_embeds
DEBUG: build_embeds succeeded
DEBUG: bs = 2
DEBUG: build_embeds succeeded
DEBUG: bs = 2
DEBUG: About to call build_embeds
DEBUG: About to call build_embeds
DEBUG: build_embeds succeeded
DEBUG: bs = 2
DEBUG: build_embeds succeeded
DEBUG: bs = 2
DEBUG: About to call build_embeds
DEBUG: About to call build_embeds
DEBUG: build_embeds succeeded
DEBUG: bs = 2
DEBUG: build_embeds succeeded
DEBUG: bs = 2
DEBUG: About to call build_embeds
DEBUG: About to call build_embeds
DEBUG: build_embeds succeeded
DEBUG: bs = 2
DEBUG: build_embeds succeeded
DEBUG: bs = 2
DEBUG: About to call build_embeds
DEBUG: About to call build_embeds
DEBUG: build_embeds succeeded
DEBUG: bs = 2
DEBUG: build_embeds succeeded
DEBUG: bs = 2
DEBUG: About to call build_embeds
DEBUG: About to call build_embeds
DEBUG: build_embeds succeeded
DEBUG: bs = 2
DEBUG: build_embeds succeeded
DEBUG: bs = 2
DEBUG: About to call build_embeds
DEBUG: About to call build_embeds
DEBUG: build_embeds succeeded
DEBUG: bs = 2
DEBUG: build_embeds succeeded
DEBUG: bs = 2
DEBUG: About to call build_embeds
DEBUG: About to call build_embeds
DEBUG: build_embeds succeeded
DEBUG: bs = 2
DEBUG: build_embeds succeeded
DEBUG: bs = 2
DEBUG: About to call build_embeds
DEBUG: About to call build_embeds
DEBUG: build_embeds succeeded
DEBUG: bs = 2
DEBUG: build_embeds succeeded
DEBUG: bs = 2
DEBUG: About to call build_embeds
DEBUG: About to call build_embeds
DEBUG: build_embeds succeeded
DEBUG: bs = 2
DEBUG: build_embeds succeeded
DEBUG: bs = 2
DEBUG: About to call build_embeds
DEBUG: About to call build_embeds
DEBUG: build_embeds succeeded
DEBUG: bs = 2
DEBUG: build_embeds succeeded
DEBUG: bs = 2
DEBUG: About to call build_embeds
DEBUG: About to call build_embeds
DEBUG: build_embeds succeeded
DEBUG: bs = 2
DEBUG: build_embeds succeeded
DEBUG: bs = 2
DEBUG: About to call build_embeds
DEBUG: About to call build_embeds
DEBUG: build_embeds succeeded
DEBUG: bs = 2
DEBUG: build_embeds succeeded
DEBUG: bs = 2
DEBUG: About to call build_embeds
DEBUG: About to call build_embeds
DEBUG: build_embeds succeeded
DEBUG: bs = 2
DEBUG: build_embeds succeeded
DEBUG: bs = 2
DEBUG: About to call build_embeds
DEBUG: About to call build_embeds
DEBUG: build_embeds succeeded
DEBUG: bs = 2
DEBUG: build_embeds succeeded
DEBUG: bs = 2
DEBUG: About to call build_embeds
DEBUG: build_embeds succeeded
DEBUG: bs = 2
DEBUG: About to call build_embeds
DEBUG: build_embeds succeeded
DEBUG: bs = 2
DEBUG: About to call build_embeds
DEBUG: About to call build_embeds
DEBUG: build_embeds succeeded
DEBUG: bs = 2
DEBUG: build_embeds succeeded
DEBUG: bs = 2
DEBUG: About to call build_embeds
DEBUG: About to call build_embeds
DEBUG: build_embeds succeeded
DEBUG: bs = 2
DEBUG: build_embeds succeeded
DEBUG: bs = 2
{'target_metric': 0.2575, 'ans1_acc_llm': 0.2575, 'cider': 2.2502187230755455, 'bleu': 0.25233142847221246, 'meteor': 0.27708416924814605, 'rouge': 0.5557032702257924}
{'target_metric': 0.2575, 'ans1_acc_llm': 0.2575, 'cider': 2.2502187230755455, 'bleu': 0.25233142847221246, 'meteor': 0.27708416924814605, 'rouge': 0.5557032702257924}
DEBUG: About to call build_embeds
DEBUG: build_embeds succeeded
DEBUG: bs = 2
DEBUG: About to call build_embeds
DEBUG: build_embeds succeeded
DEBUG: bs = 2
DEBUG: About to call build_embeds
DEBUG: About to call build_embeds
DEBUG: build_embeds succeeded
DEBUG: bs = 2
DEBUG: build_embeds succeeded
DEBUG: bs = 2
DEBUG: About to call build_embeds
DEBUG: About to call build_embeds
DEBUG: build_embeds succeeded
DEBUG: bs = 2
DEBUG: build_embeds succeeded
DEBUG: bs = 2
DEBUG: About to call build_embeds
DEBUG: About to call build_embeds
DEBUG: build_embeds succeeded
DEBUG: bs = 2
DEBUG: build_embeds succeeded
DEBUG: bs = 2
DEBUG: About to call build_embeds
DEBUG: About to call build_embeds
DEBUG: build_embeds succeeded
DEBUG: bs = 2
DEBUG: build_embeds succeeded
DEBUG: bs = 2
DEBUG: About to call build_embeds
DEBUG: About to call build_embeds
DEBUG: build_embeds succeeded
DEBUG: bs = 2
DEBUG: build_embeds succeeded
DEBUG: bs = 2
DEBUG: About to call build_embeds
DEBUG: About to call build_embeds
DEBUG: build_embeds succeeded
DEBUG: bs = 2
DEBUG: build_embeds succeeded
DEBUG: bs = 2
DEBUG: About to call build_embeds
DEBUG: About to call build_embeds
DEBUG: build_embeds succeeded
DEBUG: bs = 2
DEBUG: build_embeds succeeded
DEBUG: bs = 2
DEBUG: About to call build_embeds
DEBUG: About to call build_embeds
DEBUG: build_embeds succeeded
DEBUG: bs = 2
DEBUG: build_embeds succeeded
DEBUG: bs = 2
DEBUG: About to call build_embeds
DEBUG: About to call build_embeds
DEBUG: build_embeds succeeded
DEBUG: bs = 2
DEBUG: build_embeds succeeded
DEBUG: bs = 2
DEBUG: About to call build_embeds
DEBUG: About to call build_embeds
DEBUG: build_embeds succeeded
DEBUG: bs = 2
DEBUG: build_embeds succeeded
DEBUG: bs = 2
DEBUG: About to call build_embeds
DEBUG: build_embeds succeeded
DEBUG: bs = 2
DEBUG: About to call build_embeds
DEBUG: build_embeds succeeded
DEBUG: bs = 2
DEBUG: About to call build_embeds
DEBUG: About to call build_embeds
DEBUG: build_embeds succeeded
DEBUG: bs = 2
DEBUG: build_embeds succeeded
DEBUG: bs = 2
DEBUG: About to call build_embeds
DEBUG: About to call build_embeds
DEBUG: build_embeds succeeded
DEBUG: bs = 2
DEBUG: build_embeds succeeded
DEBUG: bs = 2
DEBUG: About to call build_embeds
DEBUG: About to call build_embeds
DEBUG: build_embeds succeeded
DEBUG: bs = 2
DEBUG: build_embeds succeeded
DEBUG: bs = 2
DEBUG: About to call build_embeds
DEBUG: About to call build_embeds
DEBUG: build_embeds succeeded
DEBUG: bs = 2
DEBUG: build_embeds succeeded
DEBUG: bs = 2
DEBUG: About to call build_embeds
DEBUG: About to call build_embeds
DEBUG: build_embeds succeeded
DEBUG: bs = 2
DEBUG: build_embeds succeeded
DEBUG: bs = 2
DEBUG: About to call build_embeds
DEBUG: About to call build_embeds
DEBUG: build_embeds succeededDEBUG: build_embeds succeeded
DEBUG: bs = 2

DEBUG: bs = 2
DEBUG: About to call build_embeds
DEBUG: About to call build_embeds
DEBUG: build_embeds succeeded
DEBUG: bs = 2
DEBUG: build_embeds succeeded
DEBUG: bs = 2
DEBUG: About to call build_embeds
DEBUG: About to call build_embeds
DEBUG: build_embeds succeeded
DEBUG: bs = 2
DEBUG: build_embeds succeeded
DEBUG: bs = 2
DEBUG: About to call build_embeds
DEBUG: About to call build_embeds
DEBUG: build_embeds succeeded
DEBUG: bs = 2
DEBUG: build_embeds succeeded
DEBUG: bs = 2
DEBUG: About to call build_embeds
DEBUG: About to call build_embeds
DEBUG: build_embeds succeeded
DEBUG: bs = 2
DEBUG: build_embeds succeeded
DEBUG: bs = 2
DEBUG: About to call build_embeds
DEBUG: About to call build_embeds
DEBUG: build_embeds succeeded
DEBUG: bs = 2
DEBUG: build_embeds succeeded
DEBUG: bs = 2
DEBUG: About to call build_embedsDEBUG: About to call build_embeds

DEBUG: build_embeds succeeded
DEBUG: bs = 2
DEBUG: build_embeds succeeded
DEBUG: bs = 2
DEBUG: About to call build_embeds
DEBUG: About to call build_embeds
DEBUG: build_embeds succeeded
DEBUG: bs = 2
DEBUG: build_embeds succeeded
DEBUG: bs = 2
DEBUG: About to call build_embeds
DEBUG: About to call build_embeds
DEBUG: build_embeds succeeded
DEBUG: bs = 2
DEBUG: build_embeds succeeded
DEBUG: bs = 2
DEBUG: About to call build_embeds
DEBUG: About to call build_embeds
DEBUG: build_embeds succeeded
DEBUG: bs = 2
DEBUG: build_embeds succeeded
DEBUG: bs = 2
DEBUG: About to call build_embeds
DEBUG: About to call build_embeds
DEBUG: build_embeds succeeded
DEBUG: bs = 2
DEBUG: build_embeds succeeded
DEBUG: bs = 2
DEBUG: About to call build_embeds
DEBUG: About to call build_embeds
DEBUG: build_embeds succeeded
DEBUG: bs = 2
DEBUG: build_embeds succeeded
DEBUG: bs = 2
DEBUG: About to call build_embeds
DEBUG: About to call build_embeds
DEBUG: build_embeds succeeded
DEBUG: bs = 2
DEBUG: build_embeds succeeded
DEBUG: bs = 2
DEBUG: About to call build_embeds
DEBUG: About to call build_embeds
DEBUG: build_embeds succeeded
DEBUG: build_embeds succeeded
DEBUG: bs = 2
DEBUG: bs = 2
DEBUG: About to call build_embedsDEBUG: About to call build_embeds

DEBUG: build_embeds succeeded
DEBUG: bs = 2
DEBUG: build_embeds succeeded
DEBUG: bs = 2
DEBUG: About to call build_embeds
DEBUG: About to call build_embeds
DEBUG: build_embeds succeeded
DEBUG: bs = 2
DEBUG: build_embeds succeeded
DEBUG: bs = 2
DEBUG: About to call build_embeds
DEBUG: About to call build_embeds
DEBUG: build_embeds succeeded
DEBUG: bs = 2
DEBUG: build_embeds succeeded
DEBUG: bs = 2
DEBUG: About to call build_embeds
DEBUG: About to call build_embeds
DEBUG: build_embeds succeeded
DEBUG: bs = 2
DEBUG: build_embeds succeeded
DEBUG: bs = 2
DEBUG: About to call build_embeds
DEBUG: About to call build_embeds
DEBUG: build_embeds succeeded
DEBUG: bs = 2
DEBUG: build_embeds succeeded
DEBUG: bs = 2
DEBUG: About to call build_embeds
DEBUG: About to call build_embeds
DEBUG: build_embeds succeeded
DEBUG: bs = 2
DEBUG: build_embeds succeeded
DEBUG: bs = 2
DEBUG: About to call build_embeds
DEBUG: About to call build_embeds
DEBUG: build_embeds succeeded
DEBUG: bs = 2
DEBUG: build_embeds succeeded
DEBUG: bs = 2
DEBUG: About to call build_embedsDEBUG: About to call build_embeds

DEBUG: build_embeds succeeded
DEBUG: bs = 2
DEBUG: build_embeds succeeded
DEBUG: bs = 2
DEBUG: About to call build_embeds
DEBUG: About to call build_embeds
DEBUG: build_embeds succeeded
DEBUG: bs = 2
DEBUG: build_embeds succeeded
DEBUG: bs = 2
DEBUG: About to call build_embeds
DEBUG: About to call build_embeds
DEBUG: build_embeds succeeded
DEBUG: bs = 2
DEBUG: build_embeds succeeded
DEBUG: bs = 2
DEBUG: About to call build_embeds
DEBUG: About to call build_embeds
DEBUG: build_embeds succeeded
DEBUG: bs = 2
DEBUG: build_embeds succeeded
DEBUG: bs = 2
DEBUG: About to call build_embeds
DEBUG: About to call build_embeds
DEBUG: build_embeds succeeded
DEBUG: bs = 2
DEBUG: build_embeds succeeded
DEBUG: bs = 2
DEBUG: About to call build_embeds
DEBUG: About to call build_embeds
DEBUG: build_embeds succeeded
DEBUG: bs = 2
DEBUG: build_embeds succeeded
DEBUG: bs = 2
DEBUG: About to call build_embeds
DEBUG: About to call build_embeds
DEBUG: build_embeds succeeded
DEBUG: bs = 2
DEBUG: build_embeds succeeded
DEBUG: bs = 2
DEBUG: About to call build_embeds
DEBUG: About to call build_embeds
DEBUG: build_embeds succeeded
DEBUG: bs = 2
DEBUG: build_embeds succeeded
DEBUG: bs = 2
DEBUG: About to call build_embeds
DEBUG: About to call build_embeds
DEBUG: build_embeds succeeded
DEBUG: bs = 2
DEBUG: build_embeds succeeded
DEBUG: bs = 2
DEBUG: About to call build_embeds
DEBUG: About to call build_embeds
DEBUG: build_embeds succeeded
DEBUG: bs = 2
DEBUG: build_embeds succeeded
DEBUG: bs = 2
DEBUG: About to call build_embeds
DEBUG: About to call build_embeds
DEBUG: build_embeds succeeded
DEBUG: bs = 2
DEBUG: build_embeds succeeded
DEBUG: bs = 2
DEBUG: About to call build_embeds
DEBUG: About to call build_embeds
DEBUG: build_embeds succeeded
DEBUG: bs = 2
DEBUG: build_embeds succeeded
DEBUG: bs = 2
DEBUG: About to call build_embeds
DEBUG: About to call build_embeds
DEBUG: build_embeds succeeded
DEBUG: bs = 2
DEBUG: build_embeds succeeded
DEBUG: bs = 2
DEBUG: About to call build_embedsDEBUG: About to call build_embeds

DEBUG: build_embeds succeeded
DEBUG: bs = 2
DEBUG: build_embeds succeeded
DEBUG: bs = 2
DEBUG: About to call build_embeds
DEBUG: About to call build_embeds
DEBUG: build_embeds succeeded
DEBUG: bs = 2
DEBUG: build_embeds succeeded
DEBUG: bs = 2
DEBUG: About to call build_embeds
DEBUG: About to call build_embeds
DEBUG: build_embeds succeeded
DEBUG: bs = 2
DEBUG: build_embeds succeeded
DEBUG: bs = 2
DEBUG: About to call build_embeds
DEBUG: About to call build_embeds
DEBUG: build_embeds succeeded
DEBUG: bs = 2
DEBUG: build_embeds succeeded
DEBUG: bs = 2
DEBUG: About to call build_embeds
DEBUG: About to call build_embeds
DEBUG: build_embeds succeeded
DEBUG: bs = 2
DEBUG: build_embeds succeeded
DEBUG: bs = 2
DEBUG: About to call build_embeds
DEBUG: About to call build_embeds
DEBUG: build_embeds succeeded
DEBUG: bs = 2
DEBUG: build_embeds succeeded
DEBUG: bs = 2
DEBUG: About to call build_embeds
DEBUG: About to call build_embeds
DEBUG: build_embeds succeeded
DEBUG: bs = 2
DEBUG: build_embeds succeeded
DEBUG: bs = 2
DEBUG: About to call build_embeds
DEBUG: About to call build_embeds
DEBUG: build_embeds succeeded
DEBUG: bs = 2
DEBUG: build_embeds succeeded
DEBUG: bs = 2
DEBUG: About to call build_embeds
DEBUG: About to call build_embeds
DEBUG: build_embeds succeeded
DEBUG: bs = 2
DEBUG: build_embeds succeeded
DEBUG: bs = 2
DEBUG: About to call build_embeds
DEBUG: About to call build_embeds
DEBUG: build_embeds succeeded
DEBUG: bs = 2
DEBUG: build_embeds succeeded
DEBUG: bs = 2
DEBUG: About to call build_embeds
DEBUG: About to call build_embeds
DEBUG: build_embeds succeeded
DEBUG: bs = 2
DEBUG: build_embeds succeeded
DEBUG: bs = 2
DEBUG: About to call build_embeds
DEBUG: About to call build_embeds
DEBUG: build_embeds succeeded
DEBUG: bs = 2
DEBUG: build_embeds succeeded
DEBUG: bs = 2
DEBUG: About to call build_embedsDEBUG: About to call build_embeds

DEBUG: build_embeds succeeded
DEBUG: bs = 2
DEBUG: build_embeds succeeded
DEBUG: bs = 2
DEBUG: About to call build_embeds
DEBUG: About to call build_embeds
DEBUG: build_embeds succeeded
DEBUG: bs = 2
DEBUG: build_embeds succeeded
DEBUG: bs = 2
DEBUG: About to call build_embeds
DEBUG: About to call build_embeds
DEBUG: build_embeds succeeded
DEBUG: bs = 2
DEBUG: build_embeds succeeded
DEBUG: bs = 2
DEBUG: About to call build_embeds
DEBUG: About to call build_embeds
DEBUG: build_embeds succeeded
DEBUG: bs = 2
DEBUG: build_embeds succeeded
DEBUG: bs = 2
DEBUG: About to call build_embedsDEBUG: About to call build_embeds

DEBUG: build_embeds succeeded
DEBUG: bs = 2
DEBUG: build_embeds succeeded
DEBUG: bs = 2
DEBUG: About to call build_embeds
DEBUG: About to call build_embeds
DEBUG: build_embeds succeeded
DEBUG: bs = 2
DEBUG: build_embeds succeeded
DEBUG: bs = 2
DEBUG: About to call build_embeds
DEBUG: About to call build_embeds
DEBUG: build_embeds succeeded
DEBUG: bs = 2
DEBUG: build_embeds succeeded
DEBUG: bs = 2
DEBUG: About to call build_embeds
DEBUG: About to call build_embeds
DEBUG: build_embeds succeeded
DEBUG: bs = 2
DEBUG: build_embeds succeeded
DEBUG: bs = 2
DEBUG: About to call build_embeds
DEBUG: About to call build_embeds
DEBUG: build_embeds succeeded
DEBUG: bs = 2
DEBUG: build_embeds succeeded
DEBUG: bs = 2
DEBUG: About to call build_embeds
DEBUG: About to call build_embeds
DEBUG: build_embeds succeeded
DEBUG: bs = 2
DEBUG: build_embeds succeeded
DEBUG: bs = 2
DEBUG: About to call build_embeds
DEBUG: About to call build_embeds
DEBUG: build_embeds succeeded
DEBUG: bs = 2
DEBUG: build_embeds succeeded
DEBUG: bs = 2
DEBUG: About to call build_embeds
DEBUG: About to call build_embeds
DEBUG: build_embeds succeeded
DEBUG: bs = 2
DEBUG: build_embeds succeeded
DEBUG: bs = 2
DEBUG: About to call build_embeds
DEBUG: About to call build_embeds
DEBUG: build_embeds succeeded
DEBUG: bs = 2
DEBUG: build_embeds succeeded
DEBUG: bs = 2
DEBUG: About to call build_embeds
DEBUG: About to call build_embeds
DEBUG: build_embeds succeeded
DEBUG: bs = 2DEBUG: build_embeds succeeded

DEBUG: bs = 2
DEBUG: About to call build_embeds
DEBUG: About to call build_embeds
DEBUG: build_embeds succeeded
DEBUG: bs = 2
DEBUG: build_embeds succeeded
DEBUG: bs = 2
DEBUG: About to call build_embeds
DEBUG: About to call build_embeds
DEBUG: build_embeds succeeded
DEBUG: bs = 2
DEBUG: build_embeds succeeded
DEBUG: bs = 2
DEBUG: About to call build_embeds
DEBUG: About to call build_embeds
DEBUG: build_embeds succeeded
DEBUG: bs = 2
DEBUG: build_embeds succeeded
DEBUG: bs = 2
DEBUG: About to call build_embeds
DEBUG: About to call build_embeds
DEBUG: build_embeds succeeded
DEBUG: bs = 2
DEBUG: build_embeds succeeded
DEBUG: bs = 2
DEBUG: About to call build_embeds
DEBUG: About to call build_embeds
DEBUG: build_embeds succeeded
DEBUG: bs = 2
DEBUG: build_embeds succeeded
DEBUG: bs = 2
DEBUG: About to call build_embedsDEBUG: About to call build_embeds

DEBUG: build_embeds succeeded
DEBUG: bs = 2
DEBUG: build_embeds succeeded
DEBUG: bs = 2
DEBUG: About to call build_embeds
DEBUG: About to call build_embeds
DEBUG: build_embeds succeeded
DEBUG: bs = 2
DEBUG: build_embeds succeeded
DEBUG: bs = 2
DEBUG: About to call build_embeds
DEBUG: About to call build_embeds
DEBUG: build_embeds succeeded
DEBUG: bs = 2
DEBUG: build_embeds succeeded
DEBUG: bs = 2
DEBUG: About to call build_embeds
DEBUG: About to call build_embeds
DEBUG: build_embeds succeeded
DEBUG: bs = 2
DEBUG: build_embeds succeeded
DEBUG: bs = 2
DEBUG: About to call build_embeds
DEBUG: About to call build_embeds
DEBUG: build_embeds succeeded
DEBUG: bs = 2
DEBUG: build_embeds succeeded
DEBUG: bs = 2
DEBUG: About to call build_embeds
DEBUG: About to call build_embeds
DEBUG: build_embeds succeeded
DEBUG: bs = 2
DEBUG: build_embeds succeeded
DEBUG: bs = 2
DEBUG: About to call build_embedsDEBUG: About to call build_embeds

DEBUG: build_embeds succeeded
DEBUG: bs = 2
DEBUG: build_embeds succeeded
DEBUG: bs = 2
DEBUG: About to call build_embeds
DEBUG: About to call build_embeds
DEBUG: build_embeds succeeded
DEBUG: bs = 2
DEBUG: build_embeds succeeded
DEBUG: bs = 2
DEBUG: About to call build_embeds
DEBUG: About to call build_embeds
DEBUG: build_embeds succeeded
DEBUG: bs = 2
DEBUG: build_embeds succeeded
DEBUG: bs = 2
DEBUG: About to call build_embeds
DEBUG: About to call build_embeds
DEBUG: build_embeds succeeded
DEBUG: bs = 2
DEBUG: build_embeds succeeded
DEBUG: bs = 2
DEBUG: About to call build_embeds
DEBUG: About to call build_embeds
DEBUG: build_embeds succeeded
DEBUG: bs = 2
DEBUG: build_embeds succeeded
DEBUG: bs = 2
DEBUG: About to call build_embeds
DEBUG: About to call build_embeds
DEBUG: build_embeds succeeded
DEBUG: bs = 2
DEBUG: build_embeds succeeded
DEBUG: bs = 2
DEBUG: About to call build_embeds
DEBUG: About to call build_embeds
DEBUG: build_embeds succeeded
DEBUG: bs = 2
DEBUG: build_embeds succeeded
DEBUG: bs = 2
DEBUG: About to call build_embeds
DEBUG: About to call build_embeds
DEBUG: build_embeds succeeded
DEBUG: bs = 2
DEBUG: build_embeds succeeded
DEBUG: bs = 2
DEBUG: About to call build_embeds
DEBUG: About to call build_embeds
DEBUG: build_embeds succeededDEBUG: build_embeds succeeded

DEBUG: bs = 2
DEBUG: bs = 2
DEBUG: About to call build_embeds
DEBUG: About to call build_embeds
DEBUG: build_embeds succeeded
DEBUG: bs = 2
DEBUG: build_embeds succeeded
DEBUG: bs = 2
DEBUG: About to call build_embeds
DEBUG: About to call build_embeds
DEBUG: build_embeds succeededDEBUG: build_embeds succeeded

DEBUG: bs = 2
DEBUG: bs = 2
DEBUG: About to call build_embeds
DEBUG: About to call build_embeds
DEBUG: build_embeds succeeded
DEBUG: bs = 2
DEBUG: build_embeds succeeded
DEBUG: bs = 2
{'target_metric': 0.315, 'ans1_acc_llm': 0.315, 'cider': 2.4314871311577035, 'bleu': 0.23825232981486075, 'meteor': 0.282669827228919, 'rouge': 0.5845842802741837}
{'target_metric': 0.315, 'ans1_acc_llm': 0.315, 'cider': 2.4314871311577035, 'bleu': 0.23825232981486075, 'meteor': 0.282669827228919, 'rouge': 0.5845842802741837}
DEBUG: About to call build_embeds
DEBUG: build_embeds succeeded
DEBUG: bs = 2
DEBUG: About to call build_embeds
DEBUG: build_embeds succeeded
DEBUG: bs = 2
DEBUG: About to call build_embeds
DEBUG: About to call build_embeds
DEBUG: build_embeds succeeded
DEBUG: bs = 2
DEBUG: build_embeds succeeded
DEBUG: bs = 2
DEBUG: About to call build_embeds
DEBUG: About to call build_embeds
DEBUG: build_embeds succeeded
DEBUG: bs = 2
DEBUG: build_embeds succeeded
DEBUG: bs = 2
DEBUG: About to call build_embeds
DEBUG: About to call build_embeds
DEBUG: build_embeds succeeded
DEBUG: bs = 2
DEBUG: build_embeds succeeded
DEBUG: bs = 2
DEBUG: About to call build_embeds
DEBUG: About to call build_embeds
DEBUG: build_embeds succeeded
DEBUG: bs = 2
DEBUG: build_embeds succeeded
DEBUG: bs = 2
DEBUG: About to call build_embeds
DEBUG: About to call build_embeds
DEBUG: build_embeds succeeded
DEBUG: bs = 2
DEBUG: build_embeds succeeded
DEBUG: bs = 2
DEBUG: About to call build_embeds
DEBUG: About to call build_embeds
DEBUG: build_embeds succeeded
DEBUG: bs = 2
DEBUG: build_embeds succeeded
DEBUG: bs = 2
DEBUG: About to call build_embeds
DEBUG: About to call build_embeds
DEBUG: build_embeds succeeded
DEBUG: bs = 2
DEBUG: build_embeds succeeded
DEBUG: bs = 2
DEBUG: About to call build_embeds
DEBUG: About to call build_embeds
DEBUG: build_embeds succeeded
DEBUG: bs = 2
DEBUG: build_embeds succeeded
DEBUG: bs = 2
DEBUG: About to call build_embeds
DEBUG: About to call build_embeds
DEBUG: build_embeds succeeded
DEBUG: bs = 2
DEBUG: build_embeds succeeded
DEBUG: bs = 2
DEBUG: About to call build_embeds
DEBUG: About to call build_embeds
DEBUG: build_embeds succeeded
DEBUG: bs = 2
DEBUG: build_embeds succeeded
DEBUG: bs = 2
DEBUG: About to call build_embeds
DEBUG: About to call build_embeds
DEBUG: build_embeds succeeded
DEBUG: bs = 2
DEBUG: build_embeds succeeded
DEBUG: bs = 2
DEBUG: About to call build_embeds
DEBUG: About to call build_embeds
DEBUG: build_embeds succeeded
DEBUG: bs = 2
DEBUG: build_embeds succeeded
DEBUG: bs = 2
DEBUG: About to call build_embeds
DEBUG: About to call build_embeds
DEBUG: build_embeds succeeded
DEBUG: bs = 2
DEBUG: build_embeds succeeded
DEBUG: bs = 2
DEBUG: About to call build_embeds
DEBUG: build_embeds succeeded
DEBUG: bs = 2
DEBUG: About to call build_embeds
DEBUG: build_embeds succeeded
DEBUG: bs = 2
DEBUG: About to call build_embeds
DEBUG: About to call build_embeds
DEBUG: build_embeds succeeded
DEBUG: bs = 2
DEBUG: build_embeds succeeded
DEBUG: bs = 2
DEBUG: About to call build_embeds
DEBUG: About to call build_embeds
DEBUG: build_embeds succeeded
DEBUG: bs = 2
DEBUG: build_embeds succeeded
DEBUG: bs = 2
DEBUG: About to call build_embeds
DEBUG: About to call build_embeds
DEBUG: build_embeds succeeded
DEBUG: bs = 2
DEBUG: build_embeds succeeded
DEBUG: bs = 2
DEBUG: About to call build_embeds
DEBUG: About to call build_embeds
DEBUG: build_embeds succeeded
DEBUG: bs = 2
DEBUG: build_embeds succeeded
DEBUG: bs = 2
DEBUG: About to call build_embeds
DEBUG: About to call build_embeds
DEBUG: build_embeds succeeded
DEBUG: bs = 2
DEBUG: build_embeds succeeded
DEBUG: bs = 2
DEBUG: About to call build_embeds
DEBUG: About to call build_embeds
DEBUG: build_embeds succeeded
DEBUG: bs = 2
DEBUG: build_embeds succeeded
DEBUG: bs = 2
DEBUG: About to call build_embeds
DEBUG: About to call build_embeds
DEBUG: build_embeds succeeded
DEBUG: bs = 2
DEBUG: build_embeds succeeded
DEBUG: bs = 2
DEBUG: About to call build_embeds
DEBUG: About to call build_embeds
DEBUG: build_embeds succeeded
DEBUG: bs = 2
DEBUG: build_embeds succeeded
DEBUG: bs = 2
DEBUG: About to call build_embeds
DEBUG: About to call build_embeds
DEBUG: build_embeds succeeded
DEBUG: bs = 2
DEBUG: build_embeds succeeded
DEBUG: bs = 2
DEBUG: About to call build_embeds
DEBUG: About to call build_embeds
DEBUG: build_embeds succeeded
DEBUG: bs = 2
DEBUG: build_embeds succeeded
DEBUG: bs = 2
DEBUG: About to call build_embeds
DEBUG: About to call build_embeds
DEBUG: build_embeds succeeded
DEBUG: bs = 2
DEBUG: build_embeds succeeded
DEBUG: bs = 2
DEBUG: About to call build_embeds
DEBUG: build_embeds succeeded
DEBUG: bs = 2
DEBUG: About to call build_embeds
DEBUG: build_embeds succeeded
DEBUG: bs = 2
DEBUG: About to call build_embeds
DEBUG: About to call build_embeds
DEBUG: build_embeds succeeded
DEBUG: bs = 2
DEBUG: build_embeds succeeded
DEBUG: bs = 2
DEBUG: About to call build_embeds
DEBUG: About to call build_embeds
DEBUG: build_embeds succeeded
DEBUG: bs = 2
DEBUG: build_embeds succeeded
DEBUG: bs = 2
DEBUG: About to call build_embeds
DEBUG: About to call build_embeds
DEBUG: build_embeds succeeded
DEBUG: bs = 2
DEBUG: build_embeds succeeded
DEBUG: bs = 2
DEBUG: About to call build_embeds
DEBUG: About to call build_embeds
DEBUG: build_embeds succeeded
DEBUG: bs = 2
DEBUG: build_embeds succeeded
DEBUG: bs = 2
DEBUG: About to call build_embeds
DEBUG: build_embeds succeeded
DEBUG: bs = 2
DEBUG: About to call build_embeds
DEBUG: build_embeds succeeded
DEBUG: bs = 2
DEBUG: About to call build_embeds
DEBUG: About to call build_embeds
DEBUG: build_embeds succeeded
DEBUG: bs = 2
DEBUG: build_embeds succeeded
DEBUG: bs = 2
DEBUG: About to call build_embeds
DEBUG: About to call build_embeds
DEBUG: build_embeds succeeded
DEBUG: bs = 2
DEBUG: build_embeds succeeded
DEBUG: bs = 2
DEBUG: About to call build_embeds
DEBUG: About to call build_embeds
DEBUG: build_embeds succeeded
DEBUG: bs = 2
DEBUG: build_embeds succeeded
DEBUG: bs = 2
DEBUG: About to call build_embeds
DEBUG: About to call build_embeds
DEBUG: build_embeds succeeded
DEBUG: bs = 2
DEBUG: build_embeds succeeded
DEBUG: bs = 2
DEBUG: About to call build_embeds
DEBUG: About to call build_embeds
DEBUG: build_embeds succeeded
DEBUG: bs = 2
DEBUG: build_embeds succeeded
DEBUG: bs = 2
DEBUG: About to call build_embeds
DEBUG: About to call build_embeds
DEBUG: build_embeds succeeded
DEBUG: bs = 2
DEBUG: build_embeds succeeded
DEBUG: bs = 2
DEBUG: About to call build_embeds
DEBUG: About to call build_embeds
DEBUG: build_embeds succeeded
DEBUG: bs = 2
DEBUG: build_embeds succeeded
DEBUG: bs = 2
DEBUG: About to call build_embeds
DEBUG: About to call build_embeds
DEBUG: build_embeds succeeded
DEBUG: bs = 2
DEBUG: build_embeds succeeded
DEBUG: bs = 2
DEBUG: About to call build_embeds
DEBUG: About to call build_embeds
DEBUG: build_embeds succeeded
DEBUG: bs = 2
DEBUG: build_embeds succeeded
DEBUG: bs = 2
DEBUG: About to call build_embeds
DEBUG: About to call build_embeds
DEBUG: build_embeds succeeded
DEBUG: bs = 2
DEBUG: build_embeds succeeded
DEBUG: bs = 2
DEBUG: About to call build_embedsDEBUG: About to call build_embeds

DEBUG: build_embeds succeeded
DEBUG: bs = 2
DEBUG: build_embeds succeeded
DEBUG: bs = 2
DEBUG: About to call build_embeds
DEBUG: About to call build_embeds
DEBUG: build_embeds succeeded
DEBUG: bs = 2
DEBUG: build_embeds succeeded
DEBUG: bs = 2
DEBUG: About to call build_embeds
DEBUG: About to call build_embeds
DEBUG: build_embeds succeeded
DEBUG: bs = 2
DEBUG: build_embeds succeeded
DEBUG: bs = 2
DEBUG: About to call build_embeds
DEBUG: About to call build_embeds
DEBUG: build_embeds succeeded
DEBUG: bs = 2
DEBUG: build_embeds succeeded
DEBUG: bs = 2
DEBUG: About to call build_embeds
DEBUG: About to call build_embeds
DEBUG: build_embeds succeeded
DEBUG: bs = 2
DEBUG: build_embeds succeeded
DEBUG: bs = 2
DEBUG: About to call build_embeds
DEBUG: About to call build_embeds
DEBUG: build_embeds succeeded
DEBUG: bs = 2
DEBUG: build_embeds succeeded
DEBUG: bs = 2
DEBUG: About to call build_embeds
DEBUG: About to call build_embeds
DEBUG: build_embeds succeeded
DEBUG: bs = 2
DEBUG: build_embeds succeeded
DEBUG: bs = 2
DEBUG: About to call build_embeds
DEBUG: About to call build_embeds
DEBUG: build_embeds succeeded
DEBUG: bs = 2
DEBUG: build_embeds succeeded
DEBUG: bs = 2
DEBUG: About to call build_embeds
DEBUG: About to call build_embeds
DEBUG: build_embeds succeeded
DEBUG: bs = 2
DEBUG: build_embeds succeeded
DEBUG: bs = 2
DEBUG: About to call build_embeds
DEBUG: About to call build_embeds
DEBUG: build_embeds succeeded
DEBUG: bs = 2
DEBUG: build_embeds succeeded
DEBUG: bs = 2
DEBUG: About to call build_embeds
DEBUG: About to call build_embeds
DEBUG: build_embeds succeeded
DEBUG: bs = 2
DEBUG: build_embeds succeeded
DEBUG: bs = 2
DEBUG: About to call build_embeds
DEBUG: About to call build_embeds
DEBUG: build_embeds succeeded
DEBUG: bs = 2
DEBUG: build_embeds succeeded
DEBUG: bs = 2
DEBUG: About to call build_embeds
DEBUG: About to call build_embeds
DEBUG: build_embeds succeeded
DEBUG: bs = 2
DEBUG: build_embeds succeeded
DEBUG: bs = 2
DEBUG: About to call build_embeds
DEBUG: About to call build_embeds
DEBUG: build_embeds succeeded
DEBUG: bs = 2
DEBUG: build_embeds succeeded
DEBUG: bs = 2
DEBUG: About to call build_embeds
DEBUG: About to call build_embeds
DEBUG: build_embeds succeeded
DEBUG: bs = 2
DEBUG: build_embeds succeeded
DEBUG: bs = 2
DEBUG: About to call build_embeds
DEBUG: About to call build_embeds
DEBUG: build_embeds succeeded
DEBUG: bs = 2
DEBUG: build_embeds succeeded
DEBUG: bs = 2
DEBUG: About to call build_embeds
DEBUG: About to call build_embeds
DEBUG: build_embeds succeeded
DEBUG: bs = 2
DEBUG: build_embeds succeeded
DEBUG: bs = 2
DEBUG: About to call build_embeds
DEBUG: About to call build_embeds
DEBUG: build_embeds succeeded
DEBUG: bs = 2
DEBUG: build_embeds succeeded
DEBUG: bs = 2
DEBUG: About to call build_embedsDEBUG: About to call build_embeds

DEBUG: build_embeds succeeded
DEBUG: bs = 2
DEBUG: build_embeds succeeded
DEBUG: bs = 2
DEBUG: About to call build_embeds
DEBUG: About to call build_embeds
DEBUG: build_embeds succeeded
DEBUG: bs = 2
DEBUG: build_embeds succeeded
DEBUG: bs = 2
DEBUG: About to call build_embedsDEBUG: About to call build_embeds

DEBUG: build_embeds succeeded
DEBUG: bs = 2
DEBUG: build_embeds succeeded
DEBUG: bs = 2
DEBUG: About to call build_embeds
DEBUG: About to call build_embeds
DEBUG: build_embeds succeeded
DEBUG: bs = 2
DEBUG: build_embeds succeeded
DEBUG: bs = 2
DEBUG: About to call build_embeds
DEBUG: About to call build_embeds
DEBUG: build_embeds succeeded
DEBUG: bs = 2
DEBUG: build_embeds succeeded
DEBUG: bs = 2
DEBUG: About to call build_embeds
DEBUG: About to call build_embeds
DEBUG: build_embeds succeeded
DEBUG: bs = 2
DEBUG: build_embeds succeeded
DEBUG: bs = 2
DEBUG: About to call build_embeds
DEBUG: build_embeds succeeded
DEBUG: bs = 2
DEBUG: About to call build_embeds
DEBUG: build_embeds succeeded
DEBUG: bs = 2
DEBUG: About to call build_embeds
DEBUG: About to call build_embeds
DEBUG: build_embeds succeeded
DEBUG: bs = 2
DEBUG: build_embeds succeeded
DEBUG: bs = 2
DEBUG: About to call build_embeds
DEBUG: About to call build_embeds
DEBUG: build_embeds succeeded
DEBUG: bs = 2
DEBUG: build_embeds succeeded
DEBUG: bs = 2
DEBUG: About to call build_embeds
DEBUG: build_embeds succeeded
DEBUG: bs = 2
DEBUG: About to call build_embeds
DEBUG: build_embeds succeeded
DEBUG: bs = 2
DEBUG: About to call build_embeds
DEBUG: About to call build_embeds
DEBUG: build_embeds succeeded
DEBUG: bs = 2
DEBUG: build_embeds succeeded
DEBUG: bs = 2
DEBUG: About to call build_embeds
DEBUG: About to call build_embeds
DEBUG: build_embeds succeeded
DEBUG: bs = 2
DEBUG: build_embeds succeeded
DEBUG: bs = 2
DEBUG: About to call build_embeds
DEBUG: About to call build_embeds
DEBUG: build_embeds succeeded
DEBUG: bs = 2
DEBUG: build_embeds succeeded
DEBUG: bs = 2
DEBUG: About to call build_embeds
DEBUG: About to call build_embeds
DEBUG: build_embeds succeeded
DEBUG: bs = 2
DEBUG: build_embeds succeeded
DEBUG: bs = 2
DEBUG: About to call build_embeds
DEBUG: About to call build_embeds
DEBUG: build_embeds succeeded
DEBUG: bs = 2
DEBUG: build_embeds succeeded
DEBUG: bs = 2
DEBUG: About to call build_embeds
DEBUG: About to call build_embeds
DEBUG: build_embeds succeeded
DEBUG: bs = 2
DEBUG: build_embeds succeeded
DEBUG: bs = 2
DEBUG: About to call build_embeds
DEBUG: About to call build_embeds
DEBUG: build_embeds succeeded
DEBUG: bs = 2
DEBUG: build_embeds succeeded
DEBUG: bs = 2
DEBUG: About to call build_embeds
DEBUG: build_embeds succeeded
DEBUG: bs = 2
DEBUG: About to call build_embeds
DEBUG: build_embeds succeeded
DEBUG: bs = 2
DEBUG: About to call build_embeds
DEBUG: About to call build_embeds
DEBUG: build_embeds succeeded
DEBUG: bs = 2
DEBUG: build_embeds succeeded
DEBUG: bs = 2
DEBUG: About to call build_embeds
DEBUG: About to call build_embeds
DEBUG: build_embeds succeeded
DEBUG: bs = 2
DEBUG: build_embeds succeeded
DEBUG: bs = 2
DEBUG: About to call build_embeds
DEBUG: About to call build_embeds
DEBUG: build_embeds succeeded
DEBUG: bs = 2
DEBUG: build_embeds succeeded
DEBUG: bs = 2
DEBUG: About to call build_embeds
DEBUG: About to call build_embeds
DEBUG: build_embeds succeeded
DEBUG: bs = 2
DEBUG: build_embeds succeeded
DEBUG: bs = 2
DEBUG: About to call build_embeds
DEBUG: About to call build_embeds
DEBUG: build_embeds succeeded
DEBUG: bs = 2
DEBUG: build_embeds succeeded
DEBUG: bs = 2
DEBUG: About to call build_embeds
DEBUG: About to call build_embeds
DEBUG: build_embeds succeeded
DEBUG: bs = 2
DEBUG: build_embeds succeeded
DEBUG: bs = 2
DEBUG: About to call build_embeds
DEBUG: About to call build_embeds
DEBUG: build_embeds succeeded
DEBUG: bs = 2
DEBUG: build_embeds succeeded
DEBUG: bs = 2
DEBUG: About to call build_embeds
DEBUG: About to call build_embeds
DEBUG: build_embeds succeeded
DEBUG: bs = 2
DEBUG: build_embeds succeeded
DEBUG: bs = 2
DEBUG: About to call build_embeds
DEBUG: About to call build_embeds
DEBUG: build_embeds succeeded
DEBUG: bs = 2
DEBUG: build_embeds succeeded
DEBUG: bs = 2
DEBUG: About to call build_embeds
DEBUG: About to call build_embeds
DEBUG: build_embeds succeeded
DEBUG: bs = 2
DEBUG: build_embeds succeeded
DEBUG: bs = 2
DEBUG: About to call build_embeds
DEBUG: About to call build_embeds
DEBUG: build_embeds succeeded
DEBUG: bs = 2
DEBUG: build_embeds succeeded
DEBUG: bs = 2
DEBUG: About to call build_embeds
DEBUG: About to call build_embeds
DEBUG: build_embeds succeeded
DEBUG: bs = 2
DEBUG: build_embeds succeeded
DEBUG: bs = 2
DEBUG: About to call build_embeds
DEBUG: About to call build_embeds
DEBUG: build_embeds succeeded
DEBUG: bs = 2
DEBUG: build_embeds succeeded
DEBUG: bs = 2
DEBUG: About to call build_embeds
DEBUG: About to call build_embeds
DEBUG: build_embeds succeeded
DEBUG: bs = 2
DEBUG: build_embeds succeeded
DEBUG: bs = 2
DEBUG: About to call build_embeds
DEBUG: About to call build_embeds
DEBUG: build_embeds succeeded
DEBUG: bs = 2DEBUG: build_embeds succeeded

DEBUG: bs = 2
DEBUG: About to call build_embeds
DEBUG: About to call build_embeds
DEBUG: build_embeds succeeded
DEBUG: bs = 2
DEBUG: build_embeds succeeded
DEBUG: bs = 2
DEBUG: About to call build_embeds
DEBUG: About to call build_embeds
DEBUG: build_embeds succeeded
DEBUG: bs = 2
DEBUG: build_embeds succeeded
DEBUG: bs = 2
DEBUG: About to call build_embeds
DEBUG: About to call build_embeds
DEBUG: build_embeds succeeded
DEBUG: bs = 2
DEBUG: build_embeds succeeded
DEBUG: bs = 2
DEBUG: About to call build_embeds
DEBUG: build_embeds succeeded
DEBUG: bs = 2
DEBUG: About to call build_embeds
DEBUG: build_embeds succeeded
DEBUG: bs = 2
DEBUG: About to call build_embeds
DEBUG: About to call build_embeds
DEBUG: build_embeds succeeded
DEBUG: bs = 2
DEBUG: build_embeds succeeded
DEBUG: bs = 2
DEBUG: About to call build_embedsDEBUG: About to call build_embeds

DEBUG: build_embeds succeeded
DEBUG: bs = 2
DEBUG: build_embeds succeeded
DEBUG: bs = 2
DEBUG: About to call build_embeds
DEBUG: About to call build_embeds
DEBUG: build_embeds succeeded
DEBUG: bs = 2
DEBUG: build_embeds succeeded
DEBUG: bs = 2
{'target_metric': 0.4225, 'ans1_acc_llm': 0.4225, 'cider': 1.9917169011040716, 'bleu': 0.24720270727080476, 'meteor': 0.31188633052571674, 'rouge': 0.5951033811656649}
[Epoch 1] finished eval, is_best: True
{'target_metric': 0.4225, 'ans1_acc_llm': 0.4225, 'cider': 1.9917169011040716, 'bleu': 0.24720270727080476, 'meteor': 0.31188633052571674, 'rouge': 0.5951033811656649}
DEBUG: About to call build_embeds
DEBUG: build_embeds succeeded
DEBUG: bs = 2
DEBUG: About to call build_embeds
DEBUG: build_embeds succeeded
DEBUG: bs = 2
DEBUG: About to call build_embeds
DEBUG: About to call build_embeds
DEBUG: build_embeds succeeded
DEBUG: bs = 2
DEBUG: build_embeds succeeded
DEBUG: bs = 2
DEBUG: About to call build_embeds
DEBUG: About to call build_embeds
DEBUG: build_embeds succeeded
DEBUG: bs = 2
DEBUG: build_embeds succeeded
DEBUG: bs = 2
DEBUG: About to call build_embedsDEBUG: About to call build_embeds

DEBUG: build_embeds succeeded
DEBUG: bs = 2
DEBUG: build_embeds succeeded
DEBUG: bs = 2
DEBUG: About to call build_embeds
DEBUG: About to call build_embeds
DEBUG: build_embeds succeeded
DEBUG: bs = 2
DEBUG: build_embeds succeeded
DEBUG: bs = 2
DEBUG: About to call build_embeds
DEBUG: About to call build_embeds
DEBUG: build_embeds succeeded
DEBUG: bs = 2
DEBUG: build_embeds succeeded
DEBUG: bs = 2
DEBUG: About to call build_embeds
DEBUG: About to call build_embeds
DEBUG: build_embeds succeeded
DEBUG: bs = 2
DEBUG: build_embeds succeeded
DEBUG: bs = 2
DEBUG: About to call build_embeds
DEBUG: About to call build_embeds
DEBUG: build_embeds succeeded
DEBUG: bs = 2
DEBUG: build_embeds succeeded
DEBUG: bs = 2
DEBUG: About to call build_embeds
DEBUG: About to call build_embeds
DEBUG: build_embeds succeeded
DEBUG: bs = 2
DEBUG: build_embeds succeeded
DEBUG: bs = 2
DEBUG: About to call build_embeds
DEBUG: About to call build_embeds
DEBUG: build_embeds succeeded
DEBUG: bs = 2
DEBUG: build_embeds succeeded
DEBUG: bs = 2
DEBUG: About to call build_embeds
DEBUG: About to call build_embeds
DEBUG: build_embeds succeeded
DEBUG: bs = 2
DEBUG: build_embeds succeeded
DEBUG: bs = 2
DEBUG: About to call build_embeds
DEBUG: About to call build_embeds
DEBUG: build_embeds succeeded
DEBUG: bs = 2
DEBUG: build_embeds succeeded
DEBUG: bs = 2
DEBUG: About to call build_embeds
DEBUG: About to call build_embeds
DEBUG: build_embeds succeeded
DEBUG: bs = 2
DEBUG: build_embeds succeeded
DEBUG: bs = 2
DEBUG: About to call build_embedsDEBUG: About to call build_embeds

DEBUG: build_embeds succeeded
DEBUG: bs = 2
DEBUG: build_embeds succeeded
DEBUG: bs = 2
DEBUG: About to call build_embeds
DEBUG: About to call build_embeds
DEBUG: build_embeds succeeded
DEBUG: bs = 2DEBUG: build_embeds succeeded
DEBUG: bs = 2

DEBUG: About to call build_embeds
DEBUG: About to call build_embeds
DEBUG: build_embeds succeeded
DEBUG: bs = 2
DEBUG: build_embeds succeeded
DEBUG: bs = 2
DEBUG: About to call build_embeds
DEBUG: About to call build_embeds
DEBUG: build_embeds succeeded
DEBUG: bs = 2
DEBUG: build_embeds succeeded
DEBUG: bs = 2
DEBUG: About to call build_embeds
DEBUG: About to call build_embeds
DEBUG: build_embeds succeeded
DEBUG: bs = 2
DEBUG: build_embeds succeeded
DEBUG: bs = 2
DEBUG: About to call build_embeds
DEBUG: About to call build_embeds
DEBUG: build_embeds succeeded
DEBUG: bs = 2
DEBUG: build_embeds succeeded
DEBUG: bs = 2
DEBUG: About to call build_embeds
DEBUG: About to call build_embeds
DEBUG: build_embeds succeeded
DEBUG: bs = 2
DEBUG: build_embeds succeeded
DEBUG: bs = 2
DEBUG: About to call build_embeds
DEBUG: About to call build_embeds
DEBUG: build_embeds succeeded
DEBUG: bs = 2
DEBUG: build_embeds succeeded
DEBUG: bs = 2
DEBUG: About to call build_embeds
DEBUG: About to call build_embeds
DEBUG: build_embeds succeeded
DEBUG: bs = 2
DEBUG: build_embeds succeeded
DEBUG: bs = 2
DEBUG: About to call build_embeds
DEBUG: About to call build_embeds
DEBUG: build_embeds succeeded
DEBUG: bs = 2
DEBUG: build_embeds succeeded
DEBUG: bs = 2
DEBUG: About to call build_embeds
DEBUG: About to call build_embeds
DEBUG: build_embeds succeeded
DEBUG: bs = 2
DEBUG: build_embeds succeeded
DEBUG: bs = 2
DEBUG: About to call build_embeds
DEBUG: About to call build_embeds
DEBUG: build_embeds succeeded
DEBUG: bs = 2
DEBUG: build_embeds succeeded
DEBUG: bs = 2
DEBUG: About to call build_embeds
DEBUG: About to call build_embeds
DEBUG: build_embeds succeeded
DEBUG: bs = 2
DEBUG: build_embeds succeeded
DEBUG: bs = 2
DEBUG: About to call build_embeds
DEBUG: About to call build_embeds
DEBUG: build_embeds succeeded
DEBUG: bs = 2
DEBUG: build_embeds succeeded
DEBUG: bs = 2
DEBUG: About to call build_embeds
DEBUG: About to call build_embeds
DEBUG: build_embeds succeeded
DEBUG: bs = 2
DEBUG: build_embeds succeeded
DEBUG: bs = 2
DEBUG: About to call build_embeds
DEBUG: About to call build_embeds
DEBUG: build_embeds succeeded
DEBUG: bs = 2
DEBUG: build_embeds succeeded
DEBUG: bs = 2
DEBUG: About to call build_embeds
DEBUG: About to call build_embeds
DEBUG: build_embeds succeeded
DEBUG: bs = 2
DEBUG: build_embeds succeeded
DEBUG: bs = 2
DEBUG: About to call build_embeds
DEBUG: About to call build_embeds
DEBUG: build_embeds succeeded
DEBUG: bs = 2
DEBUG: build_embeds succeeded
DEBUG: bs = 2
DEBUG: About to call build_embeds
DEBUG: About to call build_embeds
DEBUG: build_embeds succeeded
DEBUG: bs = 2
DEBUG: build_embeds succeeded
DEBUG: bs = 2
DEBUG: About to call build_embeds
DEBUG: About to call build_embeds
DEBUG: build_embeds succeeded
DEBUG: bs = 2
DEBUG: build_embeds succeeded
DEBUG: bs = 2
DEBUG: About to call build_embedsDEBUG: About to call build_embeds

DEBUG: build_embeds succeeded
DEBUG: bs = 2
DEBUG: build_embeds succeeded
DEBUG: bs = 2
DEBUG: About to call build_embeds
DEBUG: About to call build_embeds
DEBUG: build_embeds succeeded
DEBUG: bs = 2
DEBUG: build_embeds succeeded
DEBUG: bs = 2
DEBUG: About to call build_embeds
DEBUG: About to call build_embeds
DEBUG: build_embeds succeeded
DEBUG: bs = 2
DEBUG: build_embeds succeeded
DEBUG: bs = 2
DEBUG: About to call build_embeds
DEBUG: About to call build_embeds
DEBUG: build_embeds succeeded
DEBUG: bs = 2
DEBUG: build_embeds succeeded
DEBUG: bs = 2
DEBUG: About to call build_embeds
DEBUG: About to call build_embeds
DEBUG: build_embeds succeeded
DEBUG: bs = 2
DEBUG: build_embeds succeeded
DEBUG: bs = 2
DEBUG: About to call build_embeds
DEBUG: About to call build_embeds
DEBUG: build_embeds succeeded
DEBUG: bs = 2
DEBUG: build_embeds succeeded
DEBUG: bs = 2
DEBUG: About to call build_embeds
DEBUG: About to call build_embeds
DEBUG: build_embeds succeeded
DEBUG: bs = 2
DEBUG: build_embeds succeeded
DEBUG: bs = 2
DEBUG: About to call build_embeds
DEBUG: About to call build_embeds
DEBUG: build_embeds succeeded
DEBUG: bs = 2
DEBUG: build_embeds succeeded
DEBUG: bs = 2
DEBUG: About to call build_embeds
DEBUG: About to call build_embeds
DEBUG: build_embeds succeeded
DEBUG: bs = 2
DEBUG: build_embeds succeeded
DEBUG: bs = 2
DEBUG: About to call build_embeds
DEBUG: About to call build_embeds
DEBUG: build_embeds succeeded
DEBUG: bs = 2
DEBUG: build_embeds succeeded
DEBUG: bs = 2
DEBUG: About to call build_embeds
DEBUG: About to call build_embeds
DEBUG: build_embeds succeeded
DEBUG: bs = 2
DEBUG: build_embeds succeeded
DEBUG: bs = 2
DEBUG: About to call build_embeds
DEBUG: About to call build_embeds
DEBUG: build_embeds succeeded
DEBUG: bs = 2
DEBUG: build_embeds succeeded
DEBUG: bs = 2
DEBUG: About to call build_embeds
DEBUG: About to call build_embeds
DEBUG: build_embeds succeeded
DEBUG: bs = 2
DEBUG: build_embeds succeeded
DEBUG: bs = 2
DEBUG: About to call build_embeds
DEBUG: About to call build_embeds
DEBUG: build_embeds succeeded
DEBUG: bs = 2
DEBUG: build_embeds succeeded
DEBUG: bs = 2
DEBUG: About to call build_embeds
DEBUG: About to call build_embeds
DEBUG: build_embeds succeeded
DEBUG: bs = 2
DEBUG: build_embeds succeeded
DEBUG: bs = 2
DEBUG: About to call build_embeds
DEBUG: About to call build_embeds
DEBUG: build_embeds succeeded
DEBUG: bs = 2
DEBUG: build_embeds succeeded
DEBUG: bs = 2
DEBUG: About to call build_embeds
DEBUG: About to call build_embeds
DEBUG: build_embeds succeeded
DEBUG: bs = 2
DEBUG: build_embeds succeeded
DEBUG: bs = 2
DEBUG: About to call build_embeds
DEBUG: About to call build_embeds
DEBUG: build_embeds succeeded
DEBUG: bs = 2
DEBUG: build_embeds succeeded
DEBUG: bs = 2
DEBUG: About to call build_embeds
DEBUG: About to call build_embeds
DEBUG: build_embeds succeeded
DEBUG: bs = 2
DEBUG: build_embeds succeeded
DEBUG: bs = 2
DEBUG: About to call build_embeds
DEBUG: About to call build_embeds
DEBUG: build_embeds succeeded
DEBUG: bs = 2
DEBUG: build_embeds succeeded
DEBUG: bs = 2
DEBUG: About to call build_embeds
DEBUG: About to call build_embeds
DEBUG: build_embeds succeeded
DEBUG: bs = 2
DEBUG: build_embeds succeeded
DEBUG: bs = 2
DEBUG: About to call build_embeds
DEBUG: About to call build_embeds
DEBUG: build_embeds succeeded
DEBUG: bs = 2
DEBUG: build_embeds succeeded
DEBUG: bs = 2
DEBUG: About to call build_embeds
DEBUG: About to call build_embeds
DEBUG: build_embeds succeeded
DEBUG: bs = 2
DEBUG: build_embeds succeeded
DEBUG: bs = 2
DEBUG: About to call build_embeds
DEBUG: About to call build_embeds
DEBUG: build_embeds succeeded
DEBUG: bs = 2
DEBUG: build_embeds succeeded
DEBUG: bs = 2
DEBUG: About to call build_embeds
DEBUG: About to call build_embeds
DEBUG: build_embeds succeeded
DEBUG: bs = 2
DEBUG: build_embeds succeeded
DEBUG: bs = 2
DEBUG: About to call build_embedsDEBUG: About to call build_embeds

DEBUG: build_embeds succeeded
DEBUG: bs = 2
DEBUG: build_embeds succeeded
DEBUG: bs = 2
DEBUG: About to call build_embeds
DEBUG: About to call build_embeds
DEBUG: build_embeds succeeded
DEBUG: bs = 2
DEBUG: build_embeds succeeded
DEBUG: bs = 2
DEBUG: About to call build_embeds
DEBUG: About to call build_embeds
DEBUG: build_embeds succeeded
DEBUG: bs = 2
DEBUG: build_embeds succeeded
DEBUG: bs = 2
DEBUG: About to call build_embeds
DEBUG: About to call build_embeds
DEBUG: build_embeds succeeded
DEBUG: build_embeds succeeded
DEBUG: bs = 2DEBUG: bs = 2

DEBUG: About to call build_embeds
DEBUG: About to call build_embeds
DEBUG: build_embeds succeeded
DEBUG: bs = 2
DEBUG: build_embeds succeeded
DEBUG: bs = 2
DEBUG: About to call build_embeds
DEBUG: About to call build_embeds
DEBUG: build_embeds succeeded
DEBUG: bs = 2
DEBUG: build_embeds succeeded
DEBUG: bs = 2
DEBUG: About to call build_embeds
DEBUG: About to call build_embeds
DEBUG: build_embeds succeeded
DEBUG: bs = 2
DEBUG: build_embeds succeeded
DEBUG: bs = 2
DEBUG: About to call build_embeds
DEBUG: About to call build_embeds
DEBUG: build_embeds succeeded
DEBUG: bs = 2
DEBUG: build_embeds succeeded
DEBUG: bs = 2
DEBUG: About to call build_embedsDEBUG: About to call build_embeds

DEBUG: build_embeds succeeded
DEBUG: bs = 2
DEBUG: build_embeds succeeded
DEBUG: bs = 2
DEBUG: About to call build_embeds
DEBUG: About to call build_embeds
DEBUG: build_embeds succeeded
DEBUG: bs = 2
DEBUG: build_embeds succeeded
DEBUG: bs = 2
DEBUG: About to call build_embeds
DEBUG: About to call build_embeds
DEBUG: build_embeds succeeded
DEBUG: bs = 2
DEBUG: build_embeds succeeded
DEBUG: bs = 2
DEBUG: About to call build_embeds
DEBUG: About to call build_embeds
DEBUG: build_embeds succeeded
DEBUG: bs = 2
DEBUG: build_embeds succeeded
DEBUG: bs = 2
DEBUG: About to call build_embeds
DEBUG: About to call build_embeds
DEBUG: build_embeds succeeded
DEBUG: bs = 2
DEBUG: build_embeds succeeded
DEBUG: bs = 2
DEBUG: About to call build_embeds
DEBUG: About to call build_embeds
DEBUG: build_embeds succeeded
DEBUG: bs = 2
DEBUG: build_embeds succeeded
DEBUG: bs = 2
DEBUG: About to call build_embeds
DEBUG: About to call build_embeds
DEBUG: build_embeds succeeded
DEBUG: bs = 2
DEBUG: build_embeds succeeded
DEBUG: bs = 2
DEBUG: About to call build_embeds
DEBUG: About to call build_embeds
DEBUG: build_embeds succeededDEBUG: build_embeds succeeded
DEBUG: bs = 2

DEBUG: bs = 2
DEBUG: About to call build_embedsDEBUG: About to call build_embeds

DEBUG: build_embeds succeeded
DEBUG: bs = 2
DEBUG: build_embeds succeeded
DEBUG: bs = 2
DEBUG: About to call build_embeds
DEBUG: About to call build_embeds
DEBUG: build_embeds succeeded
DEBUG: bs = 2
DEBUG: build_embeds succeeded
DEBUG: bs = 2
DEBUG: About to call build_embeds
DEBUG: About to call build_embeds
DEBUG: build_embeds succeeded
DEBUG: bs = 2
DEBUG: build_embeds succeeded
DEBUG: bs = 2
DEBUG: About to call build_embeds
DEBUG: About to call build_embeds
DEBUG: build_embeds succeeded
DEBUG: bs = 2
DEBUG: build_embeds succeeded
DEBUG: bs = 2
DEBUG: About to call build_embedsDEBUG: About to call build_embeds

DEBUG: build_embeds succeeded
DEBUG: bs = 2
DEBUG: build_embeds succeeded
DEBUG: bs = 2
DEBUG: About to call build_embeds
DEBUG: About to call build_embeds
DEBUG: build_embeds succeeded
DEBUG: bs = 2
DEBUG: build_embeds succeeded
DEBUG: bs = 2
DEBUG: About to call build_embeds
DEBUG: About to call build_embeds
DEBUG: build_embeds succeeded
DEBUG: bs = 2
DEBUG: build_embeds succeeded
DEBUG: bs = 2
DEBUG: About to call build_embedsDEBUG: About to call build_embeds

DEBUG: build_embeds succeeded
DEBUG: bs = 2
DEBUG: build_embeds succeeded
DEBUG: bs = 2
DEBUG: About to call build_embeds
DEBUG: About to call build_embeds
DEBUG: build_embeds succeeded
DEBUG: bs = 2
DEBUG: build_embeds succeeded
DEBUG: bs = 2
DEBUG: About to call build_embedsDEBUG: About to call build_embeds

DEBUG: build_embeds succeeded
DEBUG: bs = 2
DEBUG: build_embeds succeeded
DEBUG: bs = 2
DEBUG: About to call build_embeds
DEBUG: About to call build_embeds
DEBUG: build_embeds succeeded
DEBUG: bs = 2
DEBUG: build_embeds succeeded
DEBUG: bs = 2
DEBUG: About to call build_embeds
DEBUG: About to call build_embeds
DEBUG: build_embeds succeeded
DEBUG: bs = 2
DEBUG: build_embeds succeeded
DEBUG: bs = 2
DEBUG: About to call build_embeds
DEBUG: About to call build_embeds
DEBUG: build_embeds succeeded
DEBUG: bs = 2
DEBUG: build_embeds succeeded
DEBUG: bs = 2
DEBUG: About to call build_embeds
DEBUG: About to call build_embeds
DEBUG: build_embeds succeeded
DEBUG: bs = 2
DEBUG: build_embeds succeeded
DEBUG: bs = 2
DEBUG: About to call build_embeds
DEBUG: About to call build_embeds
DEBUG: build_embeds succeeded
DEBUG: bs = 2
DEBUG: build_embeds succeeded
DEBUG: bs = 2
DEBUG: About to call build_embeds
DEBUG: About to call build_embeds
DEBUG: build_embeds succeeded
DEBUG: bs = 2
DEBUG: build_embeds succeeded
DEBUG: bs = 2
DEBUG: About to call build_embeds
DEBUG: About to call build_embeds
DEBUG: build_embeds succeeded
DEBUG: bs = 2
DEBUG: build_embeds succeeded
DEBUG: bs = 2
DEBUG: About to call build_embeds
DEBUG: About to call build_embeds
DEBUG: build_embeds succeeded
DEBUG: bs = 2
DEBUG: build_embeds succeeded
DEBUG: bs = 2
DEBUG: About to call build_embeds
DEBUG: About to call build_embeds
DEBUG: build_embeds succeeded
DEBUG: bs = 2
DEBUG: build_embeds succeeded
DEBUG: bs = 2
DEBUG: About to call build_embeds
DEBUG: About to call build_embeds
DEBUG: build_embeds succeeded
DEBUG: bs = 2
DEBUG: build_embeds succeeded
DEBUG: bs = 2
DEBUG: About to call build_embeds
DEBUG: About to call build_embeds
DEBUG: build_embeds succeeded
DEBUG: bs = 2
DEBUG: build_embeds succeeded
DEBUG: bs = 2
DEBUG: About to call build_embeds
DEBUG: About to call build_embeds
DEBUG: build_embeds succeeded
DEBUG: bs = 2
DEBUG: build_embeds succeeded
DEBUG: bs = 2
DEBUG: About to call build_embeds
DEBUG: About to call build_embeds
DEBUG: build_embeds succeeded
DEBUG: build_embeds succeeded
DEBUG: bs = 2DEBUG: bs = 2

DEBUG: About to call build_embeds
DEBUG: About to call build_embeds
DEBUG: build_embeds succeeded
DEBUG: bs = 2
DEBUG: build_embeds succeeded
DEBUG: bs = 2
DEBUG: About to call build_embeds
DEBUG: About to call build_embeds
DEBUG: build_embeds succeeded
DEBUG: bs = 2
DEBUG: build_embeds succeeded
DEBUG: bs = 2
DEBUG: About to call build_embeds
DEBUG: About to call build_embeds
DEBUG: build_embeds succeeded
DEBUG: bs = 2
DEBUG: build_embeds succeeded
DEBUG: bs = 2
{'target_metric': 0.27, 'sentence_sim': 0.7811589252948761, 'cider': 2.382942374039081, 'bleu': 0.28844717530997704, 'meteor': 0.2849419411696173, 'rouge': 0.5644957123018751}
{'target_metric': 0.27, 'sentence_sim': 0.7811589252948761, 'cider': 2.382942374039081, 'bleu': 0.28844717530997704, 'meteor': 0.2849419411696173, 'rouge': 0.5644957123018751}
DEBUG: About to call build_embeds
DEBUG: build_embeds succeeded
DEBUG: bs = 2
DEBUG: About to call build_embeds
DEBUG: build_embeds succeeded
DEBUG: bs = 2
DEBUG: About to call build_embeds
DEBUG: About to call build_embeds
DEBUG: build_embeds succeeded
DEBUG: bs = 2
DEBUG: build_embeds succeeded
DEBUG: bs = 2
DEBUG: About to call build_embedsDEBUG: About to call build_embeds

DEBUG: build_embeds succeeded
DEBUG: bs = 2
DEBUG: build_embeds succeeded
DEBUG: bs = 2
DEBUG: About to call build_embeds
DEBUG: About to call build_embeds
DEBUG: build_embeds succeeded
DEBUG: bs = 2
DEBUG: build_embeds succeeded
DEBUG: bs = 2
DEBUG: About to call build_embeds
DEBUG: About to call build_embeds
DEBUG: build_embeds succeeded
DEBUG: bs = 2
DEBUG: build_embeds succeeded
DEBUG: bs = 2
DEBUG: About to call build_embedsDEBUG: About to call build_embeds

DEBUG: build_embeds succeeded
DEBUG: bs = 2
DEBUG: build_embeds succeeded
DEBUG: bs = 2
DEBUG: About to call build_embeds
DEBUG: About to call build_embeds
DEBUG: build_embeds succeeded
DEBUG: bs = 2
DEBUG: build_embeds succeeded
DEBUG: bs = 2
DEBUG: About to call build_embeds
DEBUG: About to call build_embeds
DEBUG: build_embeds succeeded
DEBUG: bs = 2
DEBUG: build_embeds succeeded
DEBUG: bs = 2
DEBUG: About to call build_embeds
DEBUG: About to call build_embeds
DEBUG: build_embeds succeeded
DEBUG: bs = 2
DEBUG: build_embeds succeeded
DEBUG: bs = 2
DEBUG: About to call build_embeds
DEBUG: About to call build_embeds
DEBUG: build_embeds succeeded
DEBUG: bs = 2
DEBUG: build_embeds succeeded
DEBUG: bs = 2
DEBUG: About to call build_embedsDEBUG: About to call build_embeds

DEBUG: build_embeds succeeded
DEBUG: bs = 2DEBUG: build_embeds succeeded
DEBUG: bs = 2

DEBUG: About to call build_embeds
DEBUG: About to call build_embeds
DEBUG: build_embeds succeeded
DEBUG: bs = 2
DEBUG: build_embeds succeeded
DEBUG: bs = 2
DEBUG: About to call build_embedsDEBUG: About to call build_embeds

DEBUG: build_embeds succeeded
DEBUG: bs = 2
DEBUG: build_embeds succeeded
DEBUG: bs = 2
DEBUG: About to call build_embeds
DEBUG: About to call build_embeds
DEBUG: build_embeds succeeded
DEBUG: bs = 2
DEBUG: build_embeds succeeded
DEBUG: bs = 2
DEBUG: About to call build_embeds
DEBUG: About to call build_embeds
DEBUG: build_embeds succeeded
DEBUG: bs = 2
DEBUG: build_embeds succeeded
DEBUG: bs = 2
DEBUG: About to call build_embeds
DEBUG: About to call build_embeds
DEBUG: build_embeds succeeded
DEBUG: bs = 2
DEBUG: build_embeds succeeded
DEBUG: bs = 2
DEBUG: About to call build_embeds
DEBUG: About to call build_embeds
DEBUG: build_embeds succeededDEBUG: build_embeds succeeded
DEBUG: bs = 2

DEBUG: bs = 2
DEBUG: About to call build_embeds
DEBUG: About to call build_embeds
DEBUG: build_embeds succeeded
DEBUG: bs = 2
DEBUG: build_embeds succeeded
DEBUG: bs = 2
DEBUG: About to call build_embeds
DEBUG: About to call build_embeds
DEBUG: build_embeds succeeded
DEBUG: bs = 2
DEBUG: build_embeds succeeded
DEBUG: bs = 2
DEBUG: About to call build_embeds
DEBUG: About to call build_embeds
DEBUG: build_embeds succeeded
DEBUG: bs = 2
DEBUG: build_embeds succeeded
DEBUG: bs = 2
DEBUG: About to call build_embeds
DEBUG: About to call build_embeds
DEBUG: build_embeds succeeded
DEBUG: bs = 2
DEBUG: build_embeds succeeded
DEBUG: bs = 2
DEBUG: About to call build_embeds
DEBUG: About to call build_embeds
DEBUG: build_embeds succeeded
DEBUG: bs = 2
DEBUG: build_embeds succeeded
DEBUG: bs = 2
DEBUG: About to call build_embedsDEBUG: About to call build_embeds

DEBUG: build_embeds succeeded
DEBUG: bs = 2
DEBUG: build_embeds succeeded
DEBUG: bs = 2
DEBUG: About to call build_embeds
DEBUG: About to call build_embeds
DEBUG: build_embeds succeeded
DEBUG: bs = 2
DEBUG: build_embeds succeeded
DEBUG: bs = 2
DEBUG: About to call build_embeds
DEBUG: About to call build_embeds
DEBUG: build_embeds succeeded
DEBUG: bs = 2
DEBUG: build_embeds succeeded
DEBUG: bs = 2
DEBUG: About to call build_embeds
DEBUG: About to call build_embeds
DEBUG: build_embeds succeeded
DEBUG: bs = 2
DEBUG: build_embeds succeeded
DEBUG: bs = 2
DEBUG: About to call build_embedsDEBUG: About to call build_embeds

DEBUG: build_embeds succeeded
DEBUG: bs = 2
DEBUG: build_embeds succeeded
DEBUG: bs = 2
DEBUG: About to call build_embeds
DEBUG: About to call build_embeds
DEBUG: build_embeds succeeded
DEBUG: bs = 2
DEBUG: build_embeds succeeded
DEBUG: bs = 2
DEBUG: About to call build_embeds
DEBUG: About to call build_embeds
DEBUG: build_embeds succeeded
DEBUG: bs = 2
DEBUG: build_embeds succeeded
DEBUG: bs = 2
DEBUG: About to call build_embedsDEBUG: About to call build_embeds

DEBUG: build_embeds succeeded
DEBUG: bs = 2
DEBUG: build_embeds succeeded
DEBUG: bs = 2
DEBUG: About to call build_embeds
DEBUG: About to call build_embeds
DEBUG: build_embeds succeeded
DEBUG: bs = 2
DEBUG: build_embeds succeeded
DEBUG: bs = 2
DEBUG: About to call build_embeds
DEBUG: About to call build_embeds
DEBUG: build_embeds succeeded
DEBUG: bs = 2
DEBUG: build_embeds succeeded
DEBUG: bs = 2
DEBUG: About to call build_embeds
DEBUG: About to call build_embeds
DEBUG: build_embeds succeeded
DEBUG: bs = 2
DEBUG: build_embeds succeeded
DEBUG: bs = 2
DEBUG: About to call build_embeds
DEBUG: About to call build_embeds
DEBUG: build_embeds succeeded
DEBUG: bs = 2
DEBUG: build_embeds succeeded
DEBUG: bs = 2
DEBUG: About to call build_embeds
DEBUG: About to call build_embeds
DEBUG: build_embeds succeeded
DEBUG: bs = 2
DEBUG: build_embeds succeeded
DEBUG: bs = 2
DEBUG: About to call build_embeds
DEBUG: About to call build_embeds
DEBUG: build_embeds succeeded
DEBUG: bs = 2
DEBUG: build_embeds succeeded
DEBUG: bs = 2
DEBUG: About to call build_embeds
DEBUG: About to call build_embeds
DEBUG: build_embeds succeeded
DEBUG: bs = 2
DEBUG: build_embeds succeeded
DEBUG: bs = 2
DEBUG: About to call build_embeds
DEBUG: About to call build_embeds
DEBUG: build_embeds succeeded
DEBUG: bs = 2
DEBUG: build_embeds succeeded
DEBUG: bs = 2
DEBUG: About to call build_embeds
DEBUG: About to call build_embeds
DEBUG: build_embeds succeeded
DEBUG: bs = 2
DEBUG: build_embeds succeeded
DEBUG: bs = 2
DEBUG: About to call build_embeds
DEBUG: About to call build_embeds
DEBUG: build_embeds succeeded
DEBUG: bs = 2
DEBUG: build_embeds succeeded
DEBUG: bs = 2
DEBUG: About to call build_embeds
DEBUG: About to call build_embeds
DEBUG: build_embeds succeeded
DEBUG: bs = 2
DEBUG: build_embeds succeeded
DEBUG: bs = 2
DEBUG: About to call build_embeds
DEBUG: About to call build_embeds
DEBUG: build_embeds succeeded
DEBUG: bs = 2
DEBUG: build_embeds succeeded
DEBUG: bs = 2
DEBUG: About to call build_embeds
DEBUG: About to call build_embeds
DEBUG: build_embeds succeeded
DEBUG: bs = 2
DEBUG: build_embeds succeeded
DEBUG: bs = 2
DEBUG: About to call build_embeds
DEBUG: About to call build_embeds
DEBUG: build_embeds succeeded
DEBUG: bs = 2
DEBUG: build_embeds succeeded
DEBUG: bs = 2
DEBUG: About to call build_embeds
DEBUG: About to call build_embeds
DEBUG: build_embeds succeeded
DEBUG: bs = 2
DEBUG: build_embeds succeeded
DEBUG: bs = 2
DEBUG: About to call build_embeds
DEBUG: About to call build_embeds
DEBUG: build_embeds succeeded
DEBUG: bs = 2
DEBUG: build_embeds succeeded
DEBUG: bs = 2
DEBUG: About to call build_embeds
DEBUG: About to call build_embeds
DEBUG: build_embeds succeeded
DEBUG: bs = 2
DEBUG: build_embeds succeeded
DEBUG: bs = 2
DEBUG: About to call build_embeds
DEBUG: About to call build_embeds
DEBUG: build_embeds succeeded
DEBUG: bs = 2
DEBUG: build_embeds succeeded
DEBUG: bs = 2
DEBUG: About to call build_embeds
DEBUG: About to call build_embeds
DEBUG: build_embeds succeeded
DEBUG: bs = 2
DEBUG: build_embeds succeeded
DEBUG: bs = 2
DEBUG: About to call build_embeds
DEBUG: About to call build_embeds
DEBUG: build_embeds succeeded
DEBUG: bs = 2
DEBUG: build_embeds succeeded
DEBUG: bs = 2
DEBUG: About to call build_embeds
DEBUG: About to call build_embeds
DEBUG: build_embeds succeeded
DEBUG: bs = 2
DEBUG: build_embeds succeeded
DEBUG: bs = 2
DEBUG: About to call build_embeds
DEBUG: About to call build_embeds
DEBUG: build_embeds succeeded
DEBUG: bs = 2
DEBUG: build_embeds succeeded
DEBUG: bs = 2
DEBUG: About to call build_embeds
DEBUG: About to call build_embeds
DEBUG: build_embeds succeeded
DEBUG: bs = 2
DEBUG: build_embeds succeeded
DEBUG: bs = 2
DEBUG: About to call build_embedsDEBUG: About to call build_embeds

DEBUG: build_embeds succeeded
DEBUG: bs = 2
DEBUG: build_embeds succeeded
DEBUG: bs = 2
DEBUG: About to call build_embedsDEBUG: About to call build_embeds

DEBUG: build_embeds succeeded
DEBUG: bs = 2
DEBUG: build_embeds succeeded
DEBUG: bs = 2
DEBUG: About to call build_embeds
DEBUG: About to call build_embeds
DEBUG: build_embeds succeeded
DEBUG: bs = 2
DEBUG: build_embeds succeeded
DEBUG: bs = 2
DEBUG: About to call build_embeds
DEBUG: About to call build_embeds
DEBUG: build_embeds succeeded
DEBUG: bs = 2
DEBUG: build_embeds succeeded
DEBUG: bs = 2
DEBUG: About to call build_embeds
DEBUG: About to call build_embeds
DEBUG: build_embeds succeeded
DEBUG: bs = 2
DEBUG: build_embeds succeeded
DEBUG: bs = 2
DEBUG: About to call build_embeds
DEBUG: About to call build_embeds
DEBUG: build_embeds succeeded
DEBUG: bs = 2
DEBUG: build_embeds succeeded
DEBUG: bs = 2
DEBUG: About to call build_embeds
DEBUG: About to call build_embeds
DEBUG: build_embeds succeeded
DEBUG: bs = 2
DEBUG: build_embeds succeeded
DEBUG: bs = 2
DEBUG: About to call build_embeds
DEBUG: About to call build_embeds
DEBUG: build_embeds succeeded
DEBUG: bs = 2
DEBUG: build_embeds succeeded
DEBUG: bs = 2
DEBUG: About to call build_embeds
DEBUG: About to call build_embeds
DEBUG: build_embeds succeeded
DEBUG: bs = 2
DEBUG: build_embeds succeeded
DEBUG: bs = 2
DEBUG: About to call build_embeds
DEBUG: About to call build_embeds
DEBUG: build_embeds succeeded
DEBUG: bs = 2
DEBUG: build_embeds succeeded
DEBUG: bs = 2
DEBUG: About to call build_embeds
DEBUG: About to call build_embeds
DEBUG: build_embeds succeeded
DEBUG: bs = 2
DEBUG: build_embeds succeeded
DEBUG: bs = 2
DEBUG: About to call build_embeds
DEBUG: About to call build_embeds
DEBUG: build_embeds succeeded
DEBUG: bs = 2
DEBUG: build_embeds succeeded
DEBUG: bs = 2
DEBUG: About to call build_embeds
DEBUG: About to call build_embeds
DEBUG: build_embeds succeeded
DEBUG: bs = 2
DEBUG: build_embeds succeeded
DEBUG: bs = 2
DEBUG: About to call build_embedsDEBUG: About to call build_embeds

DEBUG: build_embeds succeeded
DEBUG: bs = 2
DEBUG: build_embeds succeeded
DEBUG: bs = 2
DEBUG: About to call build_embedsDEBUG: About to call build_embeds

DEBUG: build_embeds succeeded
DEBUG: bs = 2
DEBUG: build_embeds succeeded
DEBUG: bs = 2
DEBUG: About to call build_embedsDEBUG: About to call build_embeds

DEBUG: build_embeds succeeded
DEBUG: bs = 2
DEBUG: build_embeds succeeded
DEBUG: bs = 2
DEBUG: About to call build_embeds
DEBUG: About to call build_embeds
DEBUG: build_embeds succeeded
DEBUG: bs = 2
DEBUG: build_embeds succeeded
DEBUG: bs = 2
DEBUG: About to call build_embeds
DEBUG: About to call build_embeds
DEBUG: build_embeds succeeded
DEBUG: bs = 2
DEBUG: build_embeds succeeded
DEBUG: bs = 2
DEBUG: About to call build_embeds
DEBUG: About to call build_embeds
DEBUG: build_embeds succeeded
DEBUG: bs = 2
DEBUG: build_embeds succeeded
DEBUG: bs = 2
DEBUG: About to call build_embeds
DEBUG: About to call build_embeds
DEBUG: build_embeds succeeded
DEBUG: bs = 2
DEBUG: build_embeds succeeded
DEBUG: bs = 2
DEBUG: About to call build_embeds
DEBUG: About to call build_embeds
DEBUG: build_embeds succeeded
DEBUG: bs = 2
DEBUG: build_embeds succeeded
DEBUG: bs = 2
DEBUG: About to call build_embeds
DEBUG: About to call build_embeds
DEBUG: build_embeds succeeded
DEBUG: bs = 2
DEBUG: build_embeds succeeded
DEBUG: bs = 2
DEBUG: About to call build_embeds
DEBUG: About to call build_embeds
DEBUG: build_embeds succeeded
DEBUG: bs = 2
DEBUG: build_embeds succeeded
DEBUG: bs = 2
DEBUG: About to call build_embeds
DEBUG: About to call build_embeds
DEBUG: build_embeds succeeded
DEBUG: bs = 2
DEBUG: build_embeds succeeded
DEBUG: bs = 2
DEBUG: About to call build_embeds
DEBUG: About to call build_embeds
DEBUG: build_embeds succeeded
DEBUG: bs = 2
DEBUG: build_embeds succeeded
DEBUG: bs = 2
DEBUG: About to call build_embeds
DEBUG: About to call build_embeds
DEBUG: build_embeds succeeded
DEBUG: bs = 2
DEBUG: build_embeds succeeded
DEBUG: bs = 2
DEBUG: About to call build_embeds
DEBUG: About to call build_embeds
DEBUG: build_embeds succeeded
DEBUG: bs = 2
DEBUG: build_embeds succeeded
DEBUG: bs = 2
DEBUG: About to call build_embeds
DEBUG: About to call build_embeds
DEBUG: build_embeds succeeded
DEBUG: bs = 2
DEBUG: build_embeds succeeded
DEBUG: bs = 2
DEBUG: About to call build_embedsDEBUG: About to call build_embeds

DEBUG: build_embeds succeeded
DEBUG: bs = 2
DEBUG: build_embeds succeeded
DEBUG: bs = 2
DEBUG: About to call build_embedsDEBUG: About to call build_embeds

DEBUG: build_embeds succeeded
DEBUG: bs = 2
DEBUG: build_embeds succeeded
DEBUG: bs = 2
DEBUG: About to call build_embeds
DEBUG: About to call build_embeds
DEBUG: build_embeds succeeded
DEBUG: bs = 2
DEBUG: build_embeds succeeded
DEBUG: bs = 2
DEBUG: About to call build_embeds
DEBUG: About to call build_embeds
DEBUG: build_embeds succeeded
DEBUG: bs = 2
DEBUG: build_embeds succeeded
DEBUG: bs = 2
DEBUG: About to call build_embedsDEBUG: About to call build_embeds

DEBUG: build_embeds succeeded
DEBUG: bs = 2
DEBUG: build_embeds succeeded
DEBUG: bs = 2
DEBUG: About to call build_embeds
DEBUG: About to call build_embeds
DEBUG: build_embeds succeeded
DEBUG: bs = 2
DEBUG: build_embeds succeeded
DEBUG: bs = 2
DEBUG: About to call build_embeds
DEBUG: About to call build_embeds
DEBUG: build_embeds succeeded
DEBUG: bs = 2
DEBUG: build_embeds succeeded
DEBUG: bs = 2
DEBUG: About to call build_embeds
DEBUG: About to call build_embeds
DEBUG: build_embeds succeeded
DEBUG: bs = 2
DEBUG: build_embeds succeeded
DEBUG: bs = 2
DEBUG: About to call build_embeds
DEBUG: About to call build_embeds
DEBUG: build_embeds succeeded
DEBUG: bs = 2
DEBUG: build_embeds succeeded
DEBUG: bs = 2
DEBUG: About to call build_embeds
DEBUG: About to call build_embeds
DEBUG: build_embeds succeeded
DEBUG: bs = 2
DEBUG: build_embeds succeeded
DEBUG: bs = 2
DEBUG: About to call build_embeds
DEBUG: About to call build_embeds
DEBUG: build_embeds succeeded
DEBUG: bs = 2
DEBUG: build_embeds succeeded
DEBUG: bs = 2
DEBUG: About to call build_embeds
DEBUG: About to call build_embeds
DEBUG: build_embeds succeeded
DEBUG: bs = 2
DEBUG: build_embeds succeeded
DEBUG: bs = 2
DEBUG: About to call build_embeds
DEBUG: About to call build_embeds
DEBUG: build_embeds succeeded
DEBUG: bs = 2
DEBUG: build_embeds succeeded
DEBUG: bs = 2
DEBUG: About to call build_embedsDEBUG: About to call build_embeds

DEBUG: build_embeds succeeded
DEBUG: bs = 2
DEBUG: build_embeds succeeded
DEBUG: bs = 2
DEBUG: About to call build_embeds
DEBUG: About to call build_embeds
DEBUG: build_embeds succeeded
DEBUG: bs = 2
DEBUG: build_embeds succeeded
DEBUG: bs = 2
DEBUG: About to call build_embeds
DEBUG: About to call build_embeds
DEBUG: build_embeds succeeded
DEBUG: bs = 2
DEBUG: build_embeds succeeded
DEBUG: bs = 2
DEBUG: About to call build_embeds
DEBUG: About to call build_embeds
DEBUG: build_embeds succeeded
DEBUG: bs = 2
DEBUG: build_embeds succeeded
DEBUG: bs = 2
DEBUG: About to call build_embeds
DEBUG: About to call build_embeds
DEBUG: build_embeds succeeded
DEBUG: bs = 2
DEBUG: build_embeds succeeded
DEBUG: bs = 2
DEBUG: About to call build_embeds
DEBUG: About to call build_embeds
DEBUG: build_embeds succeeded
DEBUG: bs = 2
DEBUG: build_embeds succeeded
DEBUG: bs = 2
{'target_metric': 0.3375, 'sentence_sim': 0.8033896097540856, 'cider': 2.431680178519883, 'bleu': 0.23023127684646488, 'meteor': 0.2824429420214721, 'rouge': 0.5693424375013758}
{'target_metric': 0.3375, 'sentence_sim': 0.8033896097540856, 'cider': 2.431680178519883, 'bleu': 0.23023127684646488, 'meteor': 0.2824429420214721, 'rouge': 0.5693424375013758}
DEBUG: About to call build_embeds
DEBUG: About to call build_embeds
DEBUG: build_embeds succeeded
DEBUG: bs = 2
DEBUG: build_embeds succeeded
DEBUG: bs = 2
DEBUG: About to call build_embeds
DEBUG: About to call build_embeds
DEBUG: build_embeds succeeded
DEBUG: bs = 2
DEBUG: build_embeds succeeded
DEBUG: bs = 2
DEBUG: About to call build_embeds
DEBUG: About to call build_embeds
DEBUG: build_embeds succeeded
DEBUG: bs = 2
DEBUG: build_embeds succeeded
DEBUG: bs = 2
DEBUG: About to call build_embeds
DEBUG: About to call build_embeds
DEBUG: build_embeds succeeded
DEBUG: bs = 2
DEBUG: build_embeds succeeded
DEBUG: bs = 2
DEBUG: About to call build_embeds
DEBUG: About to call build_embeds
DEBUG: build_embeds succeeded
DEBUG: bs = 2
DEBUG: build_embeds succeeded
DEBUG: bs = 2
DEBUG: About to call build_embeds
DEBUG: About to call build_embeds
DEBUG: build_embeds succeeded
DEBUG: bs = 2
DEBUG: build_embeds succeeded
DEBUG: bs = 2
DEBUG: About to call build_embeds
DEBUG: About to call build_embeds
DEBUG: build_embeds succeeded
DEBUG: bs = 2
DEBUG: build_embeds succeeded
DEBUG: bs = 2
DEBUG: About to call build_embedsDEBUG: About to call build_embeds

DEBUG: build_embeds succeeded
DEBUG: bs = 2
DEBUG: build_embeds succeeded
DEBUG: bs = 2
DEBUG: About to call build_embeds
DEBUG: About to call build_embeds
DEBUG: build_embeds succeeded
DEBUG: bs = 2
DEBUG: build_embeds succeeded
DEBUG: bs = 2
DEBUG: About to call build_embeds
DEBUG: About to call build_embeds
DEBUG: build_embeds succeeded
DEBUG: bs = 2
DEBUG: build_embeds succeeded
DEBUG: bs = 2
DEBUG: About to call build_embeds
DEBUG: About to call build_embeds
DEBUG: build_embeds succeeded
DEBUG: bs = 2
DEBUG: build_embeds succeeded
DEBUG: bs = 2
DEBUG: About to call build_embeds
DEBUG: About to call build_embeds
DEBUG: build_embeds succeeded
DEBUG: bs = 2
DEBUG: build_embeds succeeded
DEBUG: bs = 2
DEBUG: About to call build_embeds
DEBUG: About to call build_embeds
DEBUG: build_embeds succeeded
DEBUG: bs = 2
DEBUG: build_embeds succeeded
DEBUG: bs = 2
DEBUG: About to call build_embeds
DEBUG: About to call build_embeds
DEBUG: build_embeds succeeded
DEBUG: bs = 2
DEBUG: build_embeds succeeded
DEBUG: bs = 2
DEBUG: About to call build_embeds
DEBUG: About to call build_embeds
DEBUG: build_embeds succeeded
DEBUG: bs = 2
DEBUG: build_embeds succeeded
DEBUG: bs = 2
DEBUG: About to call build_embeds
DEBUG: About to call build_embeds
DEBUG: build_embeds succeeded
DEBUG: bs = 2
DEBUG: build_embeds succeeded
DEBUG: bs = 2
DEBUG: About to call build_embeds
DEBUG: About to call build_embeds
DEBUG: build_embeds succeeded
DEBUG: bs = 2
DEBUG: build_embeds succeeded
DEBUG: bs = 2
DEBUG: About to call build_embeds
DEBUG: About to call build_embeds
DEBUG: build_embeds succeeded
DEBUG: bs = 2
DEBUG: build_embeds succeeded
DEBUG: bs = 2
DEBUG: About to call build_embeds
DEBUG: About to call build_embeds
DEBUG: build_embeds succeeded
DEBUG: bs = 2
DEBUG: build_embeds succeeded
DEBUG: bs = 2
DEBUG: About to call build_embeds
DEBUG: About to call build_embeds
DEBUG: build_embeds succeeded
DEBUG: bs = 2
DEBUG: build_embeds succeeded
DEBUG: bs = 2
DEBUG: About to call build_embeds
DEBUG: About to call build_embeds
DEBUG: build_embeds succeeded
DEBUG: bs = 2
DEBUG: build_embeds succeeded
DEBUG: bs = 2
DEBUG: About to call build_embeds
DEBUG: About to call build_embeds
DEBUG: build_embeds succeeded
DEBUG: bs = 2
DEBUG: build_embeds succeeded
DEBUG: bs = 2
DEBUG: About to call build_embeds
DEBUG: About to call build_embeds
DEBUG: build_embeds succeeded
DEBUG: bs = 2
DEBUG: build_embeds succeeded
DEBUG: bs = 2
DEBUG: About to call build_embeds
DEBUG: About to call build_embeds
DEBUG: build_embeds succeeded
DEBUG: bs = 2
DEBUG: build_embeds succeeded
DEBUG: bs = 2
DEBUG: About to call build_embeds
DEBUG: About to call build_embeds
DEBUG: build_embeds succeeded
DEBUG: bs = 2
DEBUG: build_embeds succeeded
DEBUG: bs = 2
DEBUG: About to call build_embeds
DEBUG: About to call build_embeds
DEBUG: build_embeds succeeded
DEBUG: bs = 2
DEBUG: build_embeds succeeded
DEBUG: bs = 2
DEBUG: About to call build_embeds
DEBUG: About to call build_embeds
DEBUG: build_embeds succeededDEBUG: build_embeds succeeded

DEBUG: bs = 2
DEBUG: bs = 2
DEBUG: About to call build_embeds
DEBUG: About to call build_embeds
DEBUG: build_embeds succeeded
DEBUG: bs = 2
DEBUG: build_embeds succeeded
DEBUG: bs = 2
DEBUG: About to call build_embeds
DEBUG: About to call build_embeds
DEBUG: build_embeds succeeded
DEBUG: bs = 2
DEBUG: build_embeds succeeded
DEBUG: bs = 2
DEBUG: About to call build_embeds
DEBUG: About to call build_embeds
DEBUG: build_embeds succeeded
DEBUG: bs = 2
DEBUG: build_embeds succeeded
DEBUG: bs = 2
DEBUG: About to call build_embeds
DEBUG: About to call build_embeds
DEBUG: build_embeds succeeded
DEBUG: bs = 2
DEBUG: build_embeds succeeded
DEBUG: bs = 2
DEBUG: About to call build_embeds
DEBUG: About to call build_embeds
DEBUG: build_embeds succeeded
DEBUG: bs = 2
DEBUG: build_embeds succeeded
DEBUG: bs = 2
DEBUG: About to call build_embeds
DEBUG: About to call build_embeds
DEBUG: build_embeds succeeded
DEBUG: bs = 2
DEBUG: build_embeds succeeded
DEBUG: bs = 2
DEBUG: About to call build_embeds
DEBUG: About to call build_embeds
DEBUG: build_embeds succeeded
DEBUG: bs = 2
DEBUG: build_embeds succeeded
DEBUG: bs = 2
DEBUG: About to call build_embeds
DEBUG: About to call build_embeds
DEBUG: build_embeds succeeded
DEBUG: bs = 2
DEBUG: build_embeds succeeded
DEBUG: bs = 2
DEBUG: About to call build_embedsDEBUG: About to call build_embeds

DEBUG: build_embeds succeeded
DEBUG: bs = 2
DEBUG: build_embeds succeeded
DEBUG: bs = 2
DEBUG: About to call build_embeds
DEBUG: About to call build_embeds
DEBUG: build_embeds succeeded
DEBUG: bs = 2
DEBUG: build_embeds succeeded
DEBUG: bs = 2
DEBUG: About to call build_embeds
DEBUG: About to call build_embeds
DEBUG: build_embeds succeeded
DEBUG: bs = 2
DEBUG: build_embeds succeeded
DEBUG: bs = 2
DEBUG: About to call build_embeds
DEBUG: About to call build_embeds
DEBUG: build_embeds succeeded
DEBUG: bs = 2
DEBUG: build_embeds succeeded
DEBUG: bs = 2
DEBUG: About to call build_embeds
DEBUG: About to call build_embeds
DEBUG: build_embeds succeeded
DEBUG: bs = 2
DEBUG: build_embeds succeeded
DEBUG: bs = 2
DEBUG: About to call build_embeds
DEBUG: About to call build_embeds
DEBUG: build_embeds succeeded
DEBUG: bs = 2
DEBUG: build_embeds succeeded
DEBUG: bs = 2
DEBUG: About to call build_embeds
DEBUG: About to call build_embeds
DEBUG: build_embeds succeeded
DEBUG: bs = 2
DEBUG: build_embeds succeeded
DEBUG: bs = 2
DEBUG: About to call build_embeds
DEBUG: About to call build_embeds
DEBUG: build_embeds succeeded
DEBUG: bs = 2
DEBUG: build_embeds succeeded
DEBUG: bs = 2
DEBUG: About to call build_embeds
DEBUG: About to call build_embeds
DEBUG: build_embeds succeeded
DEBUG: bs = 2
DEBUG: build_embeds succeeded
DEBUG: bs = 2
DEBUG: About to call build_embeds
DEBUG: About to call build_embeds
DEBUG: build_embeds succeeded
DEBUG: bs = 2
DEBUG: build_embeds succeeded
DEBUG: bs = 2
DEBUG: About to call build_embeds
DEBUG: About to call build_embeds
DEBUG: build_embeds succeeded
DEBUG: bs = 2
DEBUG: build_embeds succeeded
DEBUG: bs = 2
DEBUG: About to call build_embeds
DEBUG: About to call build_embeds
DEBUG: build_embeds succeeded
DEBUG: bs = 2
DEBUG: build_embeds succeeded
DEBUG: bs = 2
DEBUG: About to call build_embeds
DEBUG: About to call build_embeds
DEBUG: build_embeds succeeded
DEBUG: bs = 2
DEBUG: build_embeds succeeded
DEBUG: bs = 2
DEBUG: About to call build_embeds
DEBUG: About to call build_embeds
DEBUG: build_embeds succeeded
DEBUG: bs = 2
DEBUG: build_embeds succeeded
DEBUG: bs = 2
DEBUG: About to call build_embeds
DEBUG: About to call build_embeds
DEBUG: build_embeds succeeded
DEBUG: bs = 2
DEBUG: build_embeds succeeded
DEBUG: bs = 2
DEBUG: About to call build_embeds
DEBUG: About to call build_embeds
DEBUG: build_embeds succeeded
DEBUG: bs = 2
DEBUG: build_embeds succeeded
DEBUG: bs = 2
DEBUG: About to call build_embeds
DEBUG: About to call build_embeds
DEBUG: build_embeds succeeded
DEBUG: bs = 2
DEBUG: build_embeds succeeded
DEBUG: bs = 2
DEBUG: About to call build_embeds
DEBUG: About to call build_embeds
DEBUG: build_embeds succeeded
DEBUG: bs = 2
DEBUG: build_embeds succeeded
DEBUG: bs = 2
DEBUG: About to call build_embeds
DEBUG: About to call build_embeds
DEBUG: build_embeds succeeded
DEBUG: bs = 2
DEBUG: build_embeds succeeded
DEBUG: bs = 2
DEBUG: About to call build_embeds
DEBUG: About to call build_embeds
DEBUG: build_embeds succeeded
DEBUG: bs = 2
DEBUG: build_embeds succeeded
DEBUG: bs = 2
DEBUG: About to call build_embeds
DEBUG: About to call build_embeds
DEBUG: build_embeds succeeded
DEBUG: bs = 2
DEBUG: build_embeds succeeded
DEBUG: bs = 2
DEBUG: About to call build_embeds
DEBUG: About to call build_embeds
DEBUG: build_embeds succeeded
DEBUG: bs = 2
DEBUG: build_embeds succeeded
DEBUG: bs = 2
DEBUG: About to call build_embeds
DEBUG: About to call build_embeds
DEBUG: build_embeds succeeded
DEBUG: bs = 2
DEBUG: build_embeds succeeded
DEBUG: bs = 2
DEBUG: About to call build_embeds
DEBUG: About to call build_embeds
DEBUG: build_embeds succeeded
DEBUG: bs = 2
DEBUG: build_embeds succeeded
DEBUG: bs = 2
DEBUG: About to call build_embedsDEBUG: About to call build_embeds

DEBUG: build_embeds succeeded
DEBUG: bs = 2
DEBUG: build_embeds succeeded
DEBUG: bs = 2
DEBUG: About to call build_embeds
DEBUG: About to call build_embeds
DEBUG: build_embeds succeeded
DEBUG: bs = 2
DEBUG: build_embeds succeeded
DEBUG: bs = 2
DEBUG: About to call build_embeds
DEBUG: About to call build_embeds
DEBUG: build_embeds succeeded
DEBUG: bs = 2
DEBUG: build_embeds succeeded
DEBUG: bs = 2
DEBUG: About to call build_embeds
DEBUG: About to call build_embeds
DEBUG: build_embeds succeeded
DEBUG: bs = 2
DEBUG: build_embeds succeeded
DEBUG: bs = 2
DEBUG: About to call build_embedsDEBUG: About to call build_embeds

DEBUG: build_embeds succeeded
DEBUG: build_embeds succeeded
DEBUG: bs = 2
DEBUG: bs = 2
DEBUG: About to call build_embeds
DEBUG: About to call build_embeds
DEBUG: build_embeds succeeded
DEBUG: bs = 2
DEBUG: build_embeds succeeded
DEBUG: bs = 2
DEBUG: About to call build_embeds
DEBUG: About to call build_embeds
DEBUG: build_embeds succeeded
DEBUG: bs = 2
DEBUG: build_embeds succeeded
DEBUG: bs = 2
DEBUG: About to call build_embeds
DEBUG: About to call build_embeds
DEBUG: build_embeds succeeded
DEBUG: bs = 2
DEBUG: build_embeds succeeded
DEBUG: bs = 2
DEBUG: About to call build_embeds
DEBUG: About to call build_embeds
DEBUG: build_embeds succeeded
DEBUG: bs = 2
DEBUG: build_embeds succeeded
DEBUG: bs = 2
DEBUG: About to call build_embeds
DEBUG: About to call build_embeds
DEBUG: build_embeds succeeded
DEBUG: bs = 2
DEBUG: build_embeds succeeded
DEBUG: bs = 2
DEBUG: About to call build_embeds
DEBUG: About to call build_embeds
DEBUG: build_embeds succeeded
DEBUG: bs = 2
DEBUG: build_embeds succeeded
DEBUG: bs = 2
DEBUG: About to call build_embedsDEBUG: About to call build_embeds

DEBUG: build_embeds succeeded
DEBUG: bs = 2
DEBUG: build_embeds succeeded
DEBUG: bs = 2
DEBUG: About to call build_embeds
DEBUG: About to call build_embeds
DEBUG: build_embeds succeeded
DEBUG: bs = 2
DEBUG: build_embeds succeeded
DEBUG: bs = 2
DEBUG: About to call build_embeds
DEBUG: About to call build_embeds
DEBUG: build_embeds succeeded
DEBUG: bs = 2
DEBUG: build_embeds succeeded
DEBUG: bs = 2
DEBUG: About to call build_embeds
DEBUG: About to call build_embeds
DEBUG: build_embeds succeeded
DEBUG: bs = 2
DEBUG: build_embeds succeeded
DEBUG: bs = 2
DEBUG: About to call build_embeds
DEBUG: About to call build_embeds
DEBUG: build_embeds succeededDEBUG: build_embeds succeeded
DEBUG: bs = 2

DEBUG: bs = 2
DEBUG: About to call build_embeds
DEBUG: About to call build_embeds
DEBUG: build_embeds succeeded
DEBUG: bs = 2
DEBUG: build_embeds succeeded
DEBUG: bs = 2
DEBUG: About to call build_embeds
DEBUG: About to call build_embeds
DEBUG: build_embeds succeeded
DEBUG: bs = 2
DEBUG: build_embeds succeeded
DEBUG: bs = 2
DEBUG: About to call build_embeds
DEBUG: About to call build_embeds
DEBUG: build_embeds succeeded
DEBUG: bs = 2
DEBUG: build_embeds succeeded
DEBUG: bs = 2
DEBUG: About to call build_embeds
DEBUG: About to call build_embeds
DEBUG: build_embeds succeeded
DEBUG: bs = 2
DEBUG: build_embeds succeeded
DEBUG: bs = 2
DEBUG: About to call build_embeds
DEBUG: About to call build_embeds
DEBUG: build_embeds succeeded
DEBUG: bs = 2
DEBUG: build_embeds succeeded
DEBUG: bs = 2
DEBUG: About to call build_embeds
DEBUG: About to call build_embeds
DEBUG: build_embeds succeeded
DEBUG: bs = 2
DEBUG: build_embeds succeeded
DEBUG: bs = 2
DEBUG: About to call build_embeds
DEBUG: About to call build_embeds
DEBUG: build_embeds succeeded
DEBUG: bs = 2
DEBUG: build_embeds succeeded
DEBUG: bs = 2
DEBUG: About to call build_embeds
DEBUG: About to call build_embeds
DEBUG: build_embeds succeeded
DEBUG: bs = 2
DEBUG: build_embeds succeeded
DEBUG: bs = 2
DEBUG: About to call build_embeds
DEBUG: About to call build_embeds
DEBUG: build_embeds succeeded
DEBUG: bs = 2
DEBUG: build_embeds succeeded
DEBUG: bs = 2
DEBUG: About to call build_embeds
DEBUG: About to call build_embeds
DEBUG: build_embeds succeeded
DEBUG: bs = 2DEBUG: build_embeds succeeded
DEBUG: bs = 2

DEBUG: About to call build_embeds
DEBUG: About to call build_embeds
DEBUG: build_embeds succeeded
DEBUG: bs = 2
DEBUG: build_embeds succeeded
DEBUG: bs = 2
DEBUG: About to call build_embeds
DEBUG: About to call build_embeds
DEBUG: build_embeds succeeded
DEBUG: bs = 2
DEBUG: build_embeds succeeded
DEBUG: bs = 2
DEBUG: About to call build_embeds
DEBUG: About to call build_embeds
DEBUG: build_embeds succeeded
DEBUG: bs = 2
DEBUG: build_embeds succeeded
DEBUG: bs = 2
DEBUG: About to call build_embeds
DEBUG: About to call build_embeds
DEBUG: build_embeds succeeded
DEBUG: build_embeds succeededDEBUG: bs = 2
DEBUG: bs = 2

DEBUG: About to call build_embeds
DEBUG: About to call build_embeds
DEBUG: build_embeds succeeded
DEBUG: bs = 2
DEBUG: build_embeds succeeded
DEBUG: bs = 2
DEBUG: About to call build_embeds
DEBUG: About to call build_embeds
DEBUG: build_embeds succeeded
DEBUG: bs = 2
DEBUG: build_embeds succeeded
DEBUG: bs = 2
DEBUG: About to call build_embeds
DEBUG: About to call build_embeds
DEBUG: build_embeds succeeded
DEBUG: bs = 2
DEBUG: build_embeds succeeded
DEBUG: bs = 2
DEBUG: About to call build_embedsDEBUG: About to call build_embeds

DEBUG: build_embeds succeeded
DEBUG: bs = 2
DEBUG: build_embeds succeeded
DEBUG: bs = 2
DEBUG: About to call build_embedsDEBUG: About to call build_embeds

DEBUG: build_embeds succeeded
DEBUG: bs = 2
DEBUG: build_embeds succeeded
DEBUG: bs = 2
DEBUG: About to call build_embeds
DEBUG: About to call build_embeds
DEBUG: build_embeds succeeded
DEBUG: bs = 2
DEBUG: build_embeds succeeded
DEBUG: bs = 2
DEBUG: About to call build_embeds
DEBUG: About to call build_embeds
DEBUG: build_embeds succeeded
DEBUG: bs = 2
DEBUG: build_embeds succeeded
DEBUG: bs = 2
DEBUG: About to call build_embeds
DEBUG: About to call build_embeds
DEBUG: build_embeds succeeded
DEBUG: bs = 2
DEBUG: build_embeds succeeded
DEBUG: bs = 2
DEBUG: About to call build_embeds
DEBUG: About to call build_embeds
DEBUG: build_embeds succeeded
DEBUG: bs = 2
DEBUG: build_embeds succeeded
DEBUG: bs = 2
DEBUG: About to call build_embeds
DEBUG: About to call build_embeds
DEBUG: build_embeds succeeded
DEBUG: bs = 2
DEBUG: build_embeds succeeded
DEBUG: bs = 2
DEBUG: About to call build_embeds
DEBUG: About to call build_embeds
DEBUG: build_embeds succeeded
DEBUG: bs = 2
DEBUG: build_embeds succeeded
DEBUG: bs = 2
{'target_metric': 0.4475, 'sentence_sim': 0.822348410487175, 'cider': 2.1245238540464406, 'bleu': 0.28834148032367696, 'meteor': 0.3250963431391767, 'rouge': 0.6160287717874265}
{'target_metric': 0.4475, 'sentence_sim': 0.822348410487175, 'cider': 2.1245238540464406, 'bleu': 0.28834148032367696, 'meteor': 0.3250963431391767, 'rouge': 0.6160287717874265}
[Epoch 2] finished eval, is_best: True
DEBUG: About to call build_embeds
DEBUG: build_embeds succeeded
DEBUG: bs = 2
DEBUG: About to call build_embeds
DEBUG: build_embeds succeeded
DEBUG: bs = 2
DEBUG: About to call build_embeds
DEBUG: About to call build_embeds
DEBUG: build_embeds succeeded
DEBUG: bs = 2
DEBUG: build_embeds succeeded
DEBUG: bs = 2
DEBUG: About to call build_embeds
DEBUG: About to call build_embeds
DEBUG: build_embeds succeeded
DEBUG: bs = 2
DEBUG: build_embeds succeeded
DEBUG: bs = 2
DEBUG: About to call build_embeds
DEBUG: About to call build_embeds
DEBUG: build_embeds succeeded
DEBUG: bs = 2
DEBUG: build_embeds succeeded
DEBUG: bs = 2
DEBUG: About to call build_embeds
DEBUG: About to call build_embeds
DEBUG: build_embeds succeeded
DEBUG: bs = 2
DEBUG: build_embeds succeeded
DEBUG: bs = 2
DEBUG: About to call build_embeds
DEBUG: About to call build_embeds
DEBUG: build_embeds succeeded
DEBUG: bs = 2
DEBUG: build_embeds succeeded
DEBUG: bs = 2
DEBUG: About to call build_embeds
DEBUG: About to call build_embeds
DEBUG: build_embeds succeeded
DEBUG: bs = 2
DEBUG: build_embeds succeeded
DEBUG: bs = 2
DEBUG: About to call build_embeds
DEBUG: About to call build_embeds
DEBUG: build_embeds succeeded
DEBUG: bs = 2
DEBUG: build_embeds succeeded
DEBUG: bs = 2
DEBUG: About to call build_embeds
DEBUG: About to call build_embeds
DEBUG: build_embeds succeeded
DEBUG: bs = 2
DEBUG: build_embeds succeeded
DEBUG: bs = 2
DEBUG: About to call build_embeds
DEBUG: About to call build_embeds
DEBUG: build_embeds succeeded
DEBUG: bs = 2
DEBUG: build_embeds succeeded
DEBUG: bs = 2
DEBUG: About to call build_embeds
DEBUG: About to call build_embeds
DEBUG: build_embeds succeeded
DEBUG: bs = 2
DEBUG: build_embeds succeeded
DEBUG: bs = 2
DEBUG: About to call build_embeds
DEBUG: About to call build_embeds
DEBUG: build_embeds succeeded
DEBUG: bs = 2
DEBUG: build_embeds succeeded
DEBUG: bs = 2
DEBUG: About to call build_embeds
DEBUG: About to call build_embeds
DEBUG: build_embeds succeeded
DEBUG: bs = 2
DEBUG: build_embeds succeeded
DEBUG: bs = 2
DEBUG: About to call build_embeds
DEBUG: About to call build_embeds
DEBUG: build_embeds succeeded
DEBUG: bs = 2
DEBUG: build_embeds succeeded
DEBUG: bs = 2
DEBUG: About to call build_embeds
DEBUG: About to call build_embeds
DEBUG: build_embeds succeeded
DEBUG: bs = 2
DEBUG: build_embeds succeeded
DEBUG: bs = 2
DEBUG: About to call build_embeds
DEBUG: About to call build_embeds
DEBUG: build_embeds succeeded
DEBUG: bs = 2
DEBUG: build_embeds succeeded
DEBUG: bs = 2
DEBUG: About to call build_embedsDEBUG: About to call build_embeds

DEBUG: build_embeds succeeded
DEBUG: bs = 2
DEBUG: build_embeds succeeded
DEBUG: bs = 2
DEBUG: About to call build_embeds
DEBUG: About to call build_embeds
DEBUG: build_embeds succeeded
DEBUG: bs = 2
DEBUG: build_embeds succeeded
DEBUG: bs = 2
DEBUG: About to call build_embeds
DEBUG: About to call build_embeds
DEBUG: build_embeds succeeded
DEBUG: bs = 2
DEBUG: build_embeds succeeded
DEBUG: bs = 2
DEBUG: About to call build_embeds
DEBUG: About to call build_embeds
DEBUG: build_embeds succeeded
DEBUG: bs = 2
DEBUG: build_embeds succeeded
DEBUG: bs = 2
DEBUG: About to call build_embedsDEBUG: About to call build_embeds

DEBUG: build_embeds succeeded
DEBUG: bs = 2
DEBUG: build_embeds succeeded
DEBUG: bs = 2
DEBUG: About to call build_embeds
DEBUG: About to call build_embeds
DEBUG: build_embeds succeeded
DEBUG: bs = 2
DEBUG: build_embeds succeeded
DEBUG: bs = 2
DEBUG: About to call build_embeds
DEBUG: About to call build_embeds
DEBUG: build_embeds succeeded
DEBUG: bs = 2
DEBUG: build_embeds succeeded
DEBUG: bs = 2
DEBUG: About to call build_embeds
DEBUG: About to call build_embeds
DEBUG: build_embeds succeeded
DEBUG: bs = 2
DEBUG: build_embeds succeeded
DEBUG: bs = 2
DEBUG: About to call build_embeds
DEBUG: About to call build_embeds
DEBUG: build_embeds succeeded
DEBUG: bs = 2
DEBUG: build_embeds succeeded
DEBUG: bs = 2
DEBUG: About to call build_embeds
DEBUG: About to call build_embeds
DEBUG: build_embeds succeeded
DEBUG: bs = 2
DEBUG: build_embeds succeeded
DEBUG: bs = 2
DEBUG: About to call build_embeds
DEBUG: About to call build_embeds
DEBUG: build_embeds succeeded
DEBUG: bs = 2
DEBUG: build_embeds succeeded
DEBUG: bs = 2
DEBUG: About to call build_embeds
DEBUG: About to call build_embeds
DEBUG: build_embeds succeeded
DEBUG: bs = 2
DEBUG: build_embeds succeeded
DEBUG: bs = 2
DEBUG: About to call build_embeds
DEBUG: About to call build_embeds
DEBUG: build_embeds succeeded
DEBUG: bs = 2
DEBUG: build_embeds succeeded
DEBUG: bs = 2
DEBUG: About to call build_embeds
DEBUG: About to call build_embeds
DEBUG: build_embeds succeeded
DEBUG: bs = 2
DEBUG: build_embeds succeeded
DEBUG: bs = 2
DEBUG: About to call build_embeds
DEBUG: About to call build_embeds
DEBUG: build_embeds succeeded
DEBUG: bs = 2
DEBUG: build_embeds succeeded
DEBUG: bs = 2
DEBUG: About to call build_embeds
DEBUG: About to call build_embeds
DEBUG: build_embeds succeeded
DEBUG: bs = 2
DEBUG: build_embeds succeeded
DEBUG: bs = 2
DEBUG: About to call build_embeds
DEBUG: About to call build_embeds
DEBUG: build_embeds succeeded
DEBUG: bs = 2
DEBUG: build_embeds succeeded
DEBUG: bs = 2
DEBUG: About to call build_embeds
DEBUG: About to call build_embeds
DEBUG: build_embeds succeeded
DEBUG: bs = 2
DEBUG: build_embeds succeeded
DEBUG: bs = 2
DEBUG: About to call build_embeds
DEBUG: About to call build_embeds
DEBUG: build_embeds succeeded
DEBUG: bs = 2
DEBUG: build_embeds succeeded
DEBUG: bs = 2
DEBUG: About to call build_embeds
DEBUG: About to call build_embeds
DEBUG: build_embeds succeeded
DEBUG: bs = 2
DEBUG: build_embeds succeeded
DEBUG: bs = 2
DEBUG: About to call build_embeds
DEBUG: About to call build_embeds
DEBUG: build_embeds succeeded
DEBUG: bs = 2
DEBUG: build_embeds succeeded
DEBUG: bs = 2
DEBUG: About to call build_embeds
DEBUG: About to call build_embeds
DEBUG: build_embeds succeeded
DEBUG: bs = 2
DEBUG: build_embeds succeeded
DEBUG: bs = 2
DEBUG: About to call build_embeds
DEBUG: About to call build_embeds
DEBUG: build_embeds succeeded
DEBUG: bs = 2
DEBUG: build_embeds succeeded
DEBUG: bs = 2
DEBUG: About to call build_embeds
DEBUG: About to call build_embeds
DEBUG: build_embeds succeeded
DEBUG: bs = 2
DEBUG: build_embeds succeeded
DEBUG: bs = 2
DEBUG: About to call build_embeds
DEBUG: About to call build_embeds
DEBUG: build_embeds succeeded
DEBUG: bs = 2
DEBUG: build_embeds succeeded
DEBUG: bs = 2
DEBUG: About to call build_embeds
DEBUG: About to call build_embeds
DEBUG: build_embeds succeeded
DEBUG: bs = 2
DEBUG: build_embeds succeeded
DEBUG: bs = 2
DEBUG: About to call build_embeds
DEBUG: About to call build_embeds
DEBUG: build_embeds succeeded
DEBUG: bs = 2
DEBUG: build_embeds succeeded
DEBUG: bs = 2
DEBUG: About to call build_embeds
DEBUG: About to call build_embeds
DEBUG: build_embeds succeeded
DEBUG: bs = 2
DEBUG: build_embeds succeeded
DEBUG: bs = 2
DEBUG: About to call build_embeds
DEBUG: About to call build_embeds
DEBUG: build_embeds succeeded
DEBUG: bs = 2
DEBUG: build_embeds succeeded
DEBUG: bs = 2
DEBUG: About to call build_embeds
DEBUG: About to call build_embeds
DEBUG: build_embeds succeeded
DEBUG: bs = 2
DEBUG: build_embeds succeeded
DEBUG: bs = 2
DEBUG: About to call build_embeds
DEBUG: About to call build_embeds
DEBUG: build_embeds succeeded
DEBUG: bs = 2
DEBUG: build_embeds succeeded
DEBUG: bs = 2
DEBUG: About to call build_embeds
DEBUG: About to call build_embeds
DEBUG: build_embeds succeeded
DEBUG: bs = 2
DEBUG: build_embeds succeeded
DEBUG: bs = 2
DEBUG: About to call build_embeds
DEBUG: About to call build_embeds
DEBUG: build_embeds succeeded
DEBUG: bs = 2DEBUG: build_embeds succeeded

DEBUG: bs = 2
DEBUG: About to call build_embeds
DEBUG: About to call build_embeds
DEBUG: build_embeds succeeded
DEBUG: bs = 2
DEBUG: build_embeds succeeded
DEBUG: bs = 2
DEBUG: About to call build_embeds
DEBUG: About to call build_embeds
DEBUG: build_embeds succeeded
DEBUG: bs = 2
DEBUG: build_embeds succeeded
DEBUG: bs = 2
DEBUG: About to call build_embeds
DEBUG: About to call build_embeds
DEBUG: build_embeds succeeded
DEBUG: bs = 2
DEBUG: build_embeds succeeded
DEBUG: bs = 2
DEBUG: About to call build_embeds
DEBUG: About to call build_embeds
DEBUG: build_embeds succeeded
DEBUG: bs = 2
DEBUG: build_embeds succeeded
DEBUG: bs = 2
DEBUG: About to call build_embeds
DEBUG: About to call build_embeds
DEBUG: build_embeds succeeded
DEBUG: bs = 2
DEBUG: build_embeds succeeded
DEBUG: bs = 2
DEBUG: About to call build_embeds
DEBUG: About to call build_embeds
DEBUG: build_embeds succeeded
DEBUG: bs = 2
DEBUG: build_embeds succeeded
DEBUG: bs = 2
DEBUG: About to call build_embeds
DEBUG: About to call build_embeds
DEBUG: build_embeds succeeded
DEBUG: bs = 2
DEBUG: build_embeds succeeded
DEBUG: bs = 2
DEBUG: About to call build_embeds
DEBUG: About to call build_embeds
DEBUG: build_embeds succeededDEBUG: build_embeds succeeded

DEBUG: bs = 2
DEBUG: bs = 2
DEBUG: About to call build_embeds
DEBUG: About to call build_embeds
DEBUG: build_embeds succeeded
DEBUG: bs = 2
DEBUG: build_embeds succeeded
DEBUG: bs = 2
DEBUG: About to call build_embeds
DEBUG: About to call build_embeds
DEBUG: build_embeds succeeded
DEBUG: bs = 2
DEBUG: build_embeds succeeded
DEBUG: bs = 2
DEBUG: About to call build_embeds
DEBUG: About to call build_embeds
DEBUG: build_embeds succeeded
DEBUG: bs = 2
DEBUG: build_embeds succeeded
DEBUG: bs = 2
DEBUG: About to call build_embeds
DEBUG: About to call build_embeds
DEBUG: build_embeds succeeded
DEBUG: bs = 2
DEBUG: build_embeds succeeded
DEBUG: bs = 2
DEBUG: About to call build_embeds
DEBUG: About to call build_embeds
DEBUG: build_embeds succeeded
DEBUG: build_embeds succeeded
DEBUG: bs = 2DEBUG: bs = 2

DEBUG: About to call build_embeds
DEBUG: About to call build_embeds
DEBUG: build_embeds succeeded
DEBUG: bs = 2
DEBUG: build_embeds succeeded
DEBUG: bs = 2
DEBUG: About to call build_embeds
DEBUG: About to call build_embeds
DEBUG: build_embeds succeeded
DEBUG: bs = 2
DEBUG: build_embeds succeeded
DEBUG: bs = 2
DEBUG: About to call build_embeds
DEBUG: About to call build_embeds
DEBUG: build_embeds succeeded
DEBUG: bs = 2
DEBUG: build_embeds succeeded
DEBUG: bs = 2
DEBUG: About to call build_embeds
DEBUG: About to call build_embeds
DEBUG: build_embeds succeeded
DEBUG: bs = 2
DEBUG: build_embeds succeeded
DEBUG: bs = 2
DEBUG: About to call build_embeds
DEBUG: About to call build_embeds
DEBUG: build_embeds succeeded
DEBUG: bs = 2
DEBUG: build_embeds succeeded
DEBUG: bs = 2
DEBUG: About to call build_embeds
DEBUG: About to call build_embeds
DEBUG: build_embeds succeeded
DEBUG: bs = 2
DEBUG: build_embeds succeeded
DEBUG: bs = 2
DEBUG: About to call build_embeds
DEBUG: About to call build_embeds
DEBUG: build_embeds succeeded
DEBUG: bs = 2
DEBUG: build_embeds succeeded
DEBUG: bs = 2
DEBUG: About to call build_embeds
DEBUG: About to call build_embeds
DEBUG: build_embeds succeeded
DEBUG: bs = 2
DEBUG: build_embeds succeeded
DEBUG: bs = 2
DEBUG: About to call build_embeds
DEBUG: About to call build_embeds
DEBUG: build_embeds succeeded
DEBUG: bs = 2
DEBUG: build_embeds succeeded
DEBUG: bs = 2
DEBUG: About to call build_embeds
DEBUG: About to call build_embeds
DEBUG: build_embeds succeeded
DEBUG: bs = 2
DEBUG: build_embeds succeeded
DEBUG: bs = 2
DEBUG: About to call build_embedsDEBUG: About to call build_embeds

DEBUG: build_embeds succeeded
DEBUG: bs = 2
DEBUG: build_embeds succeeded
DEBUG: bs = 2
DEBUG: About to call build_embeds
DEBUG: About to call build_embeds
DEBUG: build_embeds succeeded
DEBUG: bs = 2
DEBUG: build_embeds succeeded
DEBUG: bs = 2
DEBUG: About to call build_embeds
DEBUG: About to call build_embeds
DEBUG: build_embeds succeeded
DEBUG: bs = 2
DEBUG: build_embeds succeeded
DEBUG: bs = 2
DEBUG: About to call build_embeds
DEBUG: About to call build_embeds
DEBUG: build_embeds succeeded
DEBUG: bs = 2
DEBUG: build_embeds succeeded
DEBUG: bs = 2
DEBUG: About to call build_embeds
DEBUG: About to call build_embeds
DEBUG: build_embeds succeeded
DEBUG: bs = 2
DEBUG: build_embeds succeeded
DEBUG: bs = 2
DEBUG: About to call build_embeds
DEBUG: About to call build_embeds
DEBUG: build_embeds succeeded
DEBUG: bs = 2
DEBUG: build_embeds succeeded
DEBUG: bs = 2
DEBUG: About to call build_embedsDEBUG: About to call build_embeds

DEBUG: build_embeds succeeded
DEBUG: bs = 2
DEBUG: build_embeds succeeded
DEBUG: bs = 2
DEBUG: About to call build_embeds
DEBUG: About to call build_embeds
DEBUG: build_embeds succeeded
DEBUG: bs = 2
DEBUG: build_embeds succeeded
DEBUG: bs = 2
DEBUG: About to call build_embedsDEBUG: About to call build_embeds

DEBUG: build_embeds succeeded
DEBUG: bs = 2
DEBUG: build_embeds succeeded
DEBUG: bs = 2
DEBUG: About to call build_embeds
DEBUG: About to call build_embeds
DEBUG: build_embeds succeeded
DEBUG: bs = 2
DEBUG: build_embeds succeeded
DEBUG: bs = 2
DEBUG: About to call build_embeds
DEBUG: About to call build_embeds
DEBUG: build_embeds succeeded
DEBUG: bs = 2
DEBUG: build_embeds succeeded
DEBUG: bs = 2
DEBUG: About to call build_embeds
DEBUG: About to call build_embeds
DEBUG: build_embeds succeeded
DEBUG: bs = 2
DEBUG: build_embeds succeeded
DEBUG: bs = 2
DEBUG: About to call build_embeds
DEBUG: About to call build_embeds
DEBUG: build_embeds succeeded
DEBUG: bs = 2
DEBUG: build_embeds succeeded
DEBUG: bs = 2
DEBUG: About to call build_embeds
DEBUG: About to call build_embeds
DEBUG: build_embeds succeeded
DEBUG: bs = 2
DEBUG: build_embeds succeeded
DEBUG: bs = 2
DEBUG: About to call build_embeds
DEBUG: About to call build_embeds
DEBUG: build_embeds succeeded
DEBUG: bs = 2
DEBUG: build_embeds succeeded
DEBUG: bs = 2
DEBUG: About to call build_embeds
DEBUG: About to call build_embeds
DEBUG: build_embeds succeeded
DEBUG: bs = 2
DEBUG: build_embeds succeeded
DEBUG: bs = 2
DEBUG: About to call build_embeds
DEBUG: About to call build_embeds
DEBUG: build_embeds succeeded
DEBUG: bs = 2
DEBUG: build_embeds succeeded
DEBUG: bs = 2
DEBUG: About to call build_embeds
DEBUG: About to call build_embeds
DEBUG: build_embeds succeeded
DEBUG: bs = 2
DEBUG: build_embeds succeeded
DEBUG: bs = 2
DEBUG: About to call build_embeds
DEBUG: About to call build_embeds
DEBUG: build_embeds succeeded
DEBUG: bs = 2
DEBUG: build_embeds succeeded
DEBUG: bs = 2
DEBUG: About to call build_embeds
DEBUG: About to call build_embeds
DEBUG: build_embeds succeeded
DEBUG: bs = 2
DEBUG: build_embeds succeeded
DEBUG: bs = 2
DEBUG: About to call build_embeds
DEBUG: About to call build_embeds
DEBUG: build_embeds succeeded
DEBUG: bs = 2
DEBUG: build_embeds succeeded
DEBUG: bs = 2
DEBUG: About to call build_embeds
DEBUG: About to call build_embeds
DEBUG: build_embeds succeeded
DEBUG: bs = 2
DEBUG: build_embeds succeeded
DEBUG: bs = 2
DEBUG: About to call build_embeds
DEBUG: About to call build_embeds
DEBUG: build_embeds succeeded
DEBUG: bs = 2
DEBUG: build_embeds succeeded
DEBUG: bs = 2
DEBUG: About to call build_embeds
DEBUG: About to call build_embeds
DEBUG: build_embeds succeeded
DEBUG: bs = 2
DEBUG: build_embeds succeeded
DEBUG: bs = 2
DEBUG: About to call build_embeds
DEBUG: About to call build_embeds
DEBUG: build_embeds succeeded
DEBUG: bs = 2
DEBUG: build_embeds succeeded
DEBUG: bs = 2
DEBUG: About to call build_embeds
DEBUG: About to call build_embeds
DEBUG: build_embeds succeeded
DEBUG: bs = 2
DEBUG: build_embeds succeeded
DEBUG: bs = 2
DEBUG: About to call build_embeds
DEBUG: About to call build_embeds
DEBUG: build_embeds succeeded
DEBUG: bs = 2
DEBUG: build_embeds succeeded
DEBUG: bs = 2
DEBUG: About to call build_embeds
DEBUG: About to call build_embeds
DEBUG: build_embeds succeeded
DEBUG: bs = 2
DEBUG: build_embeds succeeded
DEBUG: bs = 2
{'target_metric': 0.265, 'sentence_sim': 0.776452260017395, 'cider': 2.359795692355044, 'bleu': 0.27517597240406694, 'meteor': 0.27692042096572456, 'rouge': 0.5725663633071427}{'target_metric': 0.265, 'sentence_sim': 0.776452260017395, 'cider': 2.359795692355044, 'bleu': 0.27517597240406694, 'meteor': 0.27692042096572456, 'rouge': 0.5725663633071427}

DEBUG: About to call build_embeds
DEBUG: About to call build_embeds
DEBUG: build_embeds succeeded
DEBUG: bs = 2
DEBUG: build_embeds succeeded
DEBUG: bs = 2
DEBUG: About to call build_embeds
DEBUG: About to call build_embeds
DEBUG: build_embeds succeeded
DEBUG: bs = 2
DEBUG: build_embeds succeeded
DEBUG: bs = 2
DEBUG: About to call build_embedsDEBUG: About to call build_embeds

DEBUG: build_embeds succeeded
DEBUG: bs = 2
DEBUG: build_embeds succeeded
DEBUG: bs = 2
DEBUG: About to call build_embedsDEBUG: About to call build_embeds

DEBUG: build_embeds succeeded
DEBUG: bs = 2
DEBUG: build_embeds succeeded
DEBUG: bs = 2
DEBUG: About to call build_embeds
DEBUG: About to call build_embeds
DEBUG: build_embeds succeeded
DEBUG: bs = 2
DEBUG: build_embeds succeeded
DEBUG: bs = 2
DEBUG: About to call build_embeds
DEBUG: About to call build_embeds
DEBUG: build_embeds succeeded
DEBUG: bs = 2DEBUG: build_embeds succeeded
DEBUG: bs = 2

DEBUG: About to call build_embeds
DEBUG: About to call build_embeds
DEBUG: build_embeds succeeded
DEBUG: bs = 2
DEBUG: build_embeds succeeded
DEBUG: bs = 2
DEBUG: About to call build_embedsDEBUG: About to call build_embeds

DEBUG: build_embeds succeeded
DEBUG: bs = 2
DEBUG: build_embeds succeeded
DEBUG: bs = 2
DEBUG: About to call build_embeds
DEBUG: About to call build_embeds
DEBUG: build_embeds succeeded
DEBUG: bs = 2
DEBUG: build_embeds succeeded
DEBUG: bs = 2
DEBUG: About to call build_embeds
DEBUG: About to call build_embeds
DEBUG: build_embeds succeeded
DEBUG: bs = 2
DEBUG: build_embeds succeeded
DEBUG: bs = 2
DEBUG: About to call build_embedsDEBUG: About to call build_embeds

DEBUG: build_embeds succeeded
DEBUG: bs = 2
DEBUG: build_embeds succeeded
DEBUG: bs = 2
DEBUG: About to call build_embeds
DEBUG: About to call build_embeds
DEBUG: build_embeds succeeded
DEBUG: bs = 2
DEBUG: build_embeds succeeded
DEBUG: bs = 2
DEBUG: About to call build_embeds
DEBUG: About to call build_embeds
DEBUG: build_embeds succeeded
DEBUG: bs = 2
DEBUG: build_embeds succeeded
DEBUG: bs = 2
DEBUG: About to call build_embeds
DEBUG: About to call build_embeds
DEBUG: build_embeds succeeded
DEBUG: bs = 2
DEBUG: build_embeds succeeded
DEBUG: bs = 2
DEBUG: About to call build_embeds
DEBUG: About to call build_embeds
DEBUG: build_embeds succeeded
DEBUG: bs = 2
DEBUG: build_embeds succeeded
DEBUG: bs = 2
DEBUG: About to call build_embeds
DEBUG: About to call build_embeds
DEBUG: build_embeds succeeded
DEBUG: bs = 2
DEBUG: build_embeds succeeded
DEBUG: bs = 2
DEBUG: About to call build_embeds
DEBUG: About to call build_embeds
DEBUG: build_embeds succeeded
DEBUG: bs = 2
DEBUG: build_embeds succeeded
DEBUG: bs = 2
DEBUG: About to call build_embeds
DEBUG: About to call build_embeds
DEBUG: build_embeds succeeded
DEBUG: bs = 2
DEBUG: build_embeds succeeded
DEBUG: bs = 2
DEBUG: About to call build_embeds
DEBUG: About to call build_embeds
DEBUG: build_embeds succeeded
DEBUG: bs = 2
DEBUG: build_embeds succeeded
DEBUG: bs = 2
DEBUG: About to call build_embeds
DEBUG: About to call build_embeds
DEBUG: build_embeds succeeded
DEBUG: bs = 2
DEBUG: build_embeds succeeded
DEBUG: bs = 2
DEBUG: About to call build_embeds
DEBUG: About to call build_embeds
DEBUG: build_embeds succeeded
DEBUG: bs = 2
DEBUG: build_embeds succeeded
DEBUG: bs = 2
DEBUG: About to call build_embeds
DEBUG: About to call build_embeds
DEBUG: build_embeds succeeded
DEBUG: bs = 2
DEBUG: build_embeds succeeded
DEBUG: bs = 2
DEBUG: About to call build_embeds
DEBUG: About to call build_embeds
DEBUG: build_embeds succeeded
DEBUG: bs = 2
DEBUG: build_embeds succeeded
DEBUG: bs = 2
DEBUG: About to call build_embeds
DEBUG: About to call build_embeds
DEBUG: build_embeds succeeded
DEBUG: bs = 2
DEBUG: build_embeds succeeded
DEBUG: bs = 2
DEBUG: About to call build_embeds
DEBUG: About to call build_embeds
DEBUG: build_embeds succeeded
DEBUG: bs = 2
DEBUG: build_embeds succeeded
DEBUG: bs = 2
DEBUG: About to call build_embedsDEBUG: About to call build_embeds

DEBUG: build_embeds succeeded
DEBUG: bs = 2
DEBUG: build_embeds succeeded
DEBUG: bs = 2
DEBUG: About to call build_embeds
DEBUG: About to call build_embeds
DEBUG: build_embeds succeeded
DEBUG: bs = 2
DEBUG: build_embeds succeeded
DEBUG: bs = 2
DEBUG: About to call build_embeds
DEBUG: About to call build_embeds
DEBUG: build_embeds succeeded
DEBUG: bs = 2
DEBUG: build_embeds succeeded
DEBUG: bs = 2
DEBUG: About to call build_embeds
DEBUG: About to call build_embeds
DEBUG: build_embeds succeeded
DEBUG: bs = 2
DEBUG: build_embeds succeeded
DEBUG: bs = 2
DEBUG: About to call build_embeds
DEBUG: About to call build_embeds
DEBUG: build_embeds succeeded
DEBUG: bs = 2
DEBUG: build_embeds succeeded
DEBUG: bs = 2
DEBUG: About to call build_embedsDEBUG: About to call build_embeds

DEBUG: build_embeds succeeded
DEBUG: bs = 2
DEBUG: build_embeds succeeded
DEBUG: bs = 2
DEBUG: About to call build_embedsDEBUG: About to call build_embeds

DEBUG: build_embeds succeeded
DEBUG: bs = 2
DEBUG: build_embeds succeeded
DEBUG: bs = 2
DEBUG: About to call build_embeds
DEBUG: About to call build_embeds
DEBUG: build_embeds succeeded
DEBUG: bs = 2
DEBUG: build_embeds succeeded
DEBUG: bs = 2
DEBUG: About to call build_embedsDEBUG: About to call build_embeds

DEBUG: build_embeds succeeded
DEBUG: bs = 2
DEBUG: build_embeds succeeded
DEBUG: bs = 2
DEBUG: About to call build_embeds
DEBUG: About to call build_embeds
DEBUG: build_embeds succeeded
DEBUG: bs = 2
DEBUG: build_embeds succeeded
DEBUG: bs = 2
DEBUG: About to call build_embeds
DEBUG: About to call build_embeds
DEBUG: build_embeds succeeded
DEBUG: bs = 2
DEBUG: build_embeds succeeded
DEBUG: bs = 2
DEBUG: About to call build_embeds
DEBUG: About to call build_embeds
DEBUG: build_embeds succeeded
DEBUG: bs = 2
DEBUG: build_embeds succeeded
DEBUG: bs = 2
DEBUG: About to call build_embeds
DEBUG: About to call build_embeds
DEBUG: build_embeds succeeded
DEBUG: bs = 2
DEBUG: build_embeds succeeded
DEBUG: bs = 2
DEBUG: About to call build_embeds
DEBUG: About to call build_embeds
DEBUG: build_embeds succeeded
DEBUG: bs = 2
DEBUG: build_embeds succeeded
DEBUG: bs = 2
DEBUG: About to call build_embeds
DEBUG: About to call build_embeds
DEBUG: build_embeds succeeded
DEBUG: bs = 2
DEBUG: build_embeds succeeded
DEBUG: bs = 2
DEBUG: About to call build_embeds
DEBUG: About to call build_embeds
DEBUG: build_embeds succeeded
DEBUG: bs = 2
DEBUG: build_embeds succeeded
DEBUG: bs = 2
DEBUG: About to call build_embeds
DEBUG: About to call build_embeds
DEBUG: build_embeds succeeded
DEBUG: bs = 2
DEBUG: build_embeds succeeded
DEBUG: bs = 2
DEBUG: About to call build_embeds
DEBUG: About to call build_embeds
DEBUG: build_embeds succeeded
DEBUG: bs = 2
DEBUG: build_embeds succeeded
DEBUG: bs = 2
DEBUG: About to call build_embedsDEBUG: About to call build_embeds

DEBUG: build_embeds succeeded
DEBUG: bs = 2
DEBUG: build_embeds succeeded
DEBUG: bs = 2
DEBUG: About to call build_embeds
DEBUG: About to call build_embeds
DEBUG: build_embeds succeeded
DEBUG: bs = 2
DEBUG: build_embeds succeeded
DEBUG: bs = 2
DEBUG: About to call build_embeds
DEBUG: About to call build_embeds
DEBUG: build_embeds succeeded
DEBUG: bs = 2
DEBUG: build_embeds succeeded
DEBUG: bs = 2
DEBUG: About to call build_embeds
DEBUG: About to call build_embeds
DEBUG: build_embeds succeeded
DEBUG: bs = 2
DEBUG: build_embeds succeeded
DEBUG: bs = 2
DEBUG: About to call build_embeds
DEBUG: About to call build_embeds
DEBUG: build_embeds succeeded
DEBUG: bs = 2
DEBUG: build_embeds succeeded
DEBUG: bs = 2
DEBUG: About to call build_embeds
DEBUG: About to call build_embeds
DEBUG: build_embeds succeeded
DEBUG: bs = 2
DEBUG: build_embeds succeeded
DEBUG: bs = 2
DEBUG: About to call build_embeds
DEBUG: About to call build_embeds
DEBUG: build_embeds succeeded
DEBUG: bs = 2
DEBUG: build_embeds succeeded
DEBUG: bs = 2
DEBUG: About to call build_embeds
DEBUG: About to call build_embeds
DEBUG: build_embeds succeeded
DEBUG: bs = 2
DEBUG: build_embeds succeeded
DEBUG: bs = 2
DEBUG: About to call build_embeds
DEBUG: About to call build_embeds
DEBUG: build_embeds succeeded
DEBUG: bs = 2
DEBUG: build_embeds succeeded
DEBUG: bs = 2
DEBUG: About to call build_embeds
DEBUG: About to call build_embeds
DEBUG: build_embeds succeeded
DEBUG: bs = 2
DEBUG: build_embeds succeeded
DEBUG: bs = 2
DEBUG: About to call build_embeds
DEBUG: About to call build_embeds
DEBUG: build_embeds succeeded
DEBUG: bs = 2
DEBUG: build_embeds succeeded
DEBUG: bs = 2
DEBUG: About to call build_embeds
DEBUG: About to call build_embeds
DEBUG: build_embeds succeeded
DEBUG: bs = 2
DEBUG: build_embeds succeeded
DEBUG: bs = 2
DEBUG: About to call build_embeds
DEBUG: About to call build_embeds
DEBUG: build_embeds succeeded
DEBUG: bs = 2
DEBUG: build_embeds succeeded
DEBUG: bs = 2
DEBUG: About to call build_embeds
DEBUG: About to call build_embeds
DEBUG: build_embeds succeeded
DEBUG: bs = 2
DEBUG: build_embeds succeeded
DEBUG: bs = 2
DEBUG: About to call build_embeds
DEBUG: About to call build_embeds
DEBUG: build_embeds succeeded
DEBUG: bs = 2
DEBUG: build_embeds succeeded
DEBUG: bs = 2
DEBUG: About to call build_embeds
DEBUG: About to call build_embeds
DEBUG: build_embeds succeeded
DEBUG: bs = 2
DEBUG: build_embeds succeeded
DEBUG: bs = 2
DEBUG: About to call build_embeds
DEBUG: About to call build_embeds
DEBUG: build_embeds succeeded
DEBUG: bs = 2
DEBUG: build_embeds succeeded
DEBUG: bs = 2
DEBUG: About to call build_embeds
DEBUG: About to call build_embeds
DEBUG: build_embeds succeeded
DEBUG: bs = 2
DEBUG: build_embeds succeeded
DEBUG: bs = 2
DEBUG: About to call build_embeds
DEBUG: About to call build_embeds
DEBUG: build_embeds succeeded
DEBUG: bs = 2
DEBUG: build_embeds succeeded
DEBUG: bs = 2
DEBUG: About to call build_embeds
DEBUG: About to call build_embeds
DEBUG: build_embeds succeeded
DEBUG: bs = 2
DEBUG: build_embeds succeeded
DEBUG: bs = 2
DEBUG: About to call build_embeds
DEBUG: About to call build_embeds
DEBUG: build_embeds succeeded
DEBUG: bs = 2
DEBUG: build_embeds succeeded
DEBUG: bs = 2
DEBUG: About to call build_embeds
DEBUG: About to call build_embeds
DEBUG: build_embeds succeeded
DEBUG: bs = 2
DEBUG: build_embeds succeeded
DEBUG: bs = 2
DEBUG: About to call build_embeds
DEBUG: About to call build_embeds
DEBUG: build_embeds succeeded
DEBUG: bs = 2
DEBUG: build_embeds succeeded
DEBUG: bs = 2
DEBUG: About to call build_embeds
DEBUG: About to call build_embeds
DEBUG: build_embeds succeeded
DEBUG: bs = 2
DEBUG: build_embeds succeeded
DEBUG: bs = 2
DEBUG: About to call build_embeds
DEBUG: About to call build_embeds
DEBUG: build_embeds succeeded
DEBUG: bs = 2
DEBUG: build_embeds succeeded
DEBUG: bs = 2
DEBUG: About to call build_embeds
DEBUG: About to call build_embeds
DEBUG: build_embeds succeeded
DEBUG: bs = 2
DEBUG: build_embeds succeeded
DEBUG: bs = 2
DEBUG: About to call build_embeds
DEBUG: About to call build_embeds
DEBUG: build_embeds succeeded
DEBUG: bs = 2
DEBUG: build_embeds succeeded
DEBUG: bs = 2
DEBUG: About to call build_embeds
DEBUG: About to call build_embeds
DEBUG: build_embeds succeeded
DEBUG: bs = 2
DEBUG: build_embeds succeeded
DEBUG: bs = 2
DEBUG: About to call build_embedsDEBUG: About to call build_embeds

DEBUG: build_embeds succeeded
DEBUG: bs = 2
DEBUG: build_embeds succeeded
DEBUG: bs = 2
DEBUG: About to call build_embeds
DEBUG: About to call build_embeds
DEBUG: build_embeds succeeded
DEBUG: bs = 2
DEBUG: build_embeds succeeded
DEBUG: bs = 2
DEBUG: About to call build_embeds
DEBUG: About to call build_embeds
DEBUG: build_embeds succeeded
DEBUG: bs = 2
DEBUG: build_embeds succeeded
DEBUG: bs = 2
DEBUG: About to call build_embeds
DEBUG: About to call build_embeds
DEBUG: build_embeds succeeded
DEBUG: bs = 2
DEBUG: build_embeds succeeded
DEBUG: bs = 2
DEBUG: About to call build_embeds
DEBUG: About to call build_embeds
DEBUG: build_embeds succeeded
DEBUG: bs = 2
DEBUG: build_embeds succeeded
DEBUG: bs = 2
DEBUG: About to call build_embeds
DEBUG: About to call build_embeds
DEBUG: build_embeds succeeded
DEBUG: bs = 2
DEBUG: build_embeds succeeded
DEBUG: bs = 2
DEBUG: About to call build_embeds
DEBUG: About to call build_embeds
DEBUG: build_embeds succeeded
DEBUG: bs = 2
DEBUG: build_embeds succeeded
DEBUG: bs = 2
DEBUG: About to call build_embeds
DEBUG: About to call build_embeds
DEBUG: build_embeds succeeded
DEBUG: bs = 2
DEBUG: build_embeds succeeded
DEBUG: bs = 2
DEBUG: About to call build_embeds
DEBUG: About to call build_embeds
DEBUG: build_embeds succeeded
DEBUG: bs = 2
DEBUG: build_embeds succeeded
DEBUG: bs = 2
DEBUG: About to call build_embeds
DEBUG: About to call build_embeds
DEBUG: build_embeds succeeded
DEBUG: bs = 2
DEBUG: build_embeds succeeded
DEBUG: bs = 2
DEBUG: About to call build_embeds
DEBUG: About to call build_embeds
DEBUG: build_embeds succeeded
DEBUG: bs = 2
DEBUG: build_embeds succeeded
DEBUG: bs = 2
DEBUG: About to call build_embeds
DEBUG: About to call build_embeds
DEBUG: build_embeds succeeded
DEBUG: bs = 2
DEBUG: build_embeds succeeded
DEBUG: bs = 2
DEBUG: About to call build_embeds
DEBUG: About to call build_embeds
DEBUG: build_embeds succeeded
DEBUG: bs = 2
DEBUG: build_embeds succeeded
DEBUG: bs = 2
DEBUG: About to call build_embeds
DEBUG: About to call build_embeds
DEBUG: build_embeds succeeded
DEBUG: bs = 2
DEBUG: build_embeds succeeded
DEBUG: bs = 2
DEBUG: About to call build_embeds
DEBUG: About to call build_embeds
DEBUG: build_embeds succeeded
DEBUG: bs = 2
DEBUG: build_embeds succeeded
DEBUG: bs = 2
DEBUG: About to call build_embedsDEBUG: About to call build_embeds

DEBUG: build_embeds succeeded
DEBUG: bs = 2
DEBUG: build_embeds succeeded
DEBUG: bs = 2
DEBUG: About to call build_embedsDEBUG: About to call build_embeds

DEBUG: build_embeds succeeded
DEBUG: bs = 2
DEBUG: build_embeds succeeded
DEBUG: bs = 2
DEBUG: About to call build_embeds
DEBUG: About to call build_embeds
DEBUG: build_embeds succeeded
DEBUG: bs = 2
DEBUG: build_embeds succeeded
DEBUG: bs = 2
DEBUG: About to call build_embeds
DEBUG: About to call build_embeds
DEBUG: build_embeds succeeded
DEBUG: bs = 2
DEBUG: build_embeds succeeded
DEBUG: bs = 2
DEBUG: About to call build_embeds
DEBUG: About to call build_embeds
DEBUG: build_embeds succeeded
DEBUG: build_embeds succeededDEBUG: bs = 2
DEBUG: bs = 2

DEBUG: About to call build_embeds
DEBUG: About to call build_embeds
DEBUG: build_embeds succeeded
DEBUG: bs = 2
DEBUG: build_embeds succeeded
DEBUG: bs = 2
DEBUG: About to call build_embeds
DEBUG: About to call build_embeds
DEBUG: build_embeds succeeded
DEBUG: bs = 2
DEBUG: build_embeds succeeded
DEBUG: bs = 2
DEBUG: About to call build_embeds
DEBUG: About to call build_embeds
DEBUG: build_embeds succeeded
DEBUG: bs = 2
DEBUG: build_embeds succeeded
DEBUG: bs = 2
DEBUG: About to call build_embeds
DEBUG: About to call build_embeds
DEBUG: build_embeds succeeded
DEBUG: bs = 2
DEBUG: build_embeds succeeded
DEBUG: bs = 2
DEBUG: About to call build_embeds
DEBUG: About to call build_embeds
DEBUG: build_embeds succeeded
DEBUG: bs = 2
DEBUG: build_embeds succeeded
DEBUG: bs = 2
DEBUG: About to call build_embeds
DEBUG: About to call build_embeds
DEBUG: build_embeds succeeded
DEBUG: bs = 2
DEBUG: build_embeds succeeded
DEBUG: bs = 2
DEBUG: About to call build_embeds
DEBUG: About to call build_embeds
DEBUG: build_embeds succeeded
DEBUG: bs = 2
DEBUG: build_embeds succeeded
DEBUG: bs = 2
DEBUG: About to call build_embeds
DEBUG: About to call build_embeds
DEBUG: build_embeds succeeded
DEBUG: bs = 2
DEBUG: build_embeds succeeded
DEBUG: bs = 2
DEBUG: About to call build_embeds
DEBUG: About to call build_embeds
DEBUG: build_embeds succeeded
DEBUG: bs = 2
DEBUG: build_embeds succeeded
DEBUG: bs = 2
{'target_metric': 0.345, 'sentence_sim': 0.8084088778495788, 'cider': 2.5186252774730504, 'bleu': 0.2440273389711911, 'meteor': 0.2882402432772362, 'rouge': 0.5820613957733685}
{'target_metric': 0.345, 'sentence_sim': 0.8084088778495788, 'cider': 2.5186252774730504, 'bleu': 0.2440273389711911, 'meteor': 0.2882402432772362, 'rouge': 0.5820613957733685}
DEBUG: About to call build_embeds
DEBUG: About to call build_embeds
DEBUG: build_embeds succeeded
DEBUG: bs = 2
DEBUG: build_embeds succeeded
DEBUG: bs = 2
DEBUG: About to call build_embeds
DEBUG: About to call build_embeds
DEBUG: build_embeds succeeded
DEBUG: bs = 2
DEBUG: build_embeds succeeded
DEBUG: bs = 2
DEBUG: About to call build_embeds
DEBUG: About to call build_embeds
DEBUG: build_embeds succeeded
DEBUG: bs = 2
DEBUG: build_embeds succeeded
DEBUG: bs = 2
DEBUG: About to call build_embedsDEBUG: About to call build_embeds

DEBUG: build_embeds succeeded
DEBUG: bs = 2
DEBUG: build_embeds succeeded
DEBUG: bs = 2
DEBUG: About to call build_embeds
DEBUG: About to call build_embeds
DEBUG: build_embeds succeeded
DEBUG: bs = 2
DEBUG: build_embeds succeeded
DEBUG: bs = 2
DEBUG: About to call build_embeds
DEBUG: About to call build_embeds
DEBUG: build_embeds succeeded
DEBUG: bs = 2
DEBUG: build_embeds succeeded
DEBUG: bs = 2
DEBUG: About to call build_embeds
DEBUG: About to call build_embeds
DEBUG: build_embeds succeeded
DEBUG: bs = 2
DEBUG: build_embeds succeeded
DEBUG: bs = 2
DEBUG: About to call build_embeds
DEBUG: About to call build_embeds
DEBUG: build_embeds succeeded
DEBUG: bs = 2
DEBUG: build_embeds succeeded
DEBUG: bs = 2
DEBUG: About to call build_embeds
DEBUG: About to call build_embeds
DEBUG: build_embeds succeeded
DEBUG: bs = 2
DEBUG: build_embeds succeeded
DEBUG: bs = 2
DEBUG: About to call build_embeds
DEBUG: About to call build_embeds
DEBUG: build_embeds succeeded
DEBUG: bs = 2
DEBUG: build_embeds succeeded
DEBUG: bs = 2
DEBUG: About to call build_embeds
DEBUG: About to call build_embeds
DEBUG: build_embeds succeeded
DEBUG: bs = 2
DEBUG: build_embeds succeeded
DEBUG: bs = 2
DEBUG: About to call build_embeds
DEBUG: About to call build_embeds
DEBUG: build_embeds succeeded
DEBUG: bs = 2
DEBUG: build_embeds succeeded
DEBUG: bs = 2
DEBUG: About to call build_embeds
DEBUG: About to call build_embeds
DEBUG: build_embeds succeeded
DEBUG: bs = 2
DEBUG: build_embeds succeeded
DEBUG: bs = 2
DEBUG: About to call build_embeds
DEBUG: About to call build_embeds
DEBUG: build_embeds succeeded
DEBUG: bs = 2
DEBUG: build_embeds succeeded
DEBUG: bs = 2
DEBUG: About to call build_embeds
DEBUG: About to call build_embeds
DEBUG: build_embeds succeeded
DEBUG: bs = 2
DEBUG: build_embeds succeeded
DEBUG: bs = 2
DEBUG: About to call build_embeds
DEBUG: About to call build_embeds
DEBUG: build_embeds succeeded
DEBUG: bs = 2
DEBUG: build_embeds succeeded
DEBUG: bs = 2
DEBUG: About to call build_embeds
DEBUG: About to call build_embeds
DEBUG: build_embeds succeeded
DEBUG: bs = 2
DEBUG: build_embeds succeeded
DEBUG: bs = 2
DEBUG: About to call build_embeds
DEBUG: About to call build_embeds
DEBUG: build_embeds succeeded
DEBUG: bs = 2
DEBUG: build_embeds succeeded
DEBUG: bs = 2
DEBUG: About to call build_embeds
DEBUG: About to call build_embeds
DEBUG: build_embeds succeeded
DEBUG: bs = 2
DEBUG: build_embeds succeeded
DEBUG: bs = 2
DEBUG: About to call build_embeds
DEBUG: About to call build_embeds
DEBUG: build_embeds succeeded
DEBUG: bs = 2
DEBUG: build_embeds succeeded
DEBUG: bs = 2
DEBUG: About to call build_embeds
DEBUG: About to call build_embeds
DEBUG: build_embeds succeeded
DEBUG: bs = 2
DEBUG: build_embeds succeeded
DEBUG: bs = 2
DEBUG: About to call build_embeds
DEBUG: About to call build_embeds
DEBUG: build_embeds succeeded
DEBUG: bs = 2
DEBUG: build_embeds succeeded
DEBUG: bs = 2
DEBUG: About to call build_embeds
DEBUG: About to call build_embeds
DEBUG: build_embeds succeeded
DEBUG: bs = 2
DEBUG: build_embeds succeeded
DEBUG: bs = 2
DEBUG: About to call build_embeds
DEBUG: About to call build_embeds
DEBUG: build_embeds succeeded
DEBUG: bs = 2
DEBUG: build_embeds succeeded
DEBUG: bs = 2
DEBUG: About to call build_embeds
DEBUG: About to call build_embeds
DEBUG: build_embeds succeeded
DEBUG: bs = 2
DEBUG: build_embeds succeeded
DEBUG: bs = 2
DEBUG: About to call build_embeds
DEBUG: About to call build_embeds
DEBUG: build_embeds succeeded
DEBUG: bs = 2
DEBUG: build_embeds succeeded
DEBUG: bs = 2
DEBUG: About to call build_embeds
DEBUG: About to call build_embeds
DEBUG: build_embeds succeeded
DEBUG: bs = 2
DEBUG: build_embeds succeeded
DEBUG: bs = 2
DEBUG: About to call build_embeds
DEBUG: About to call build_embeds
DEBUG: build_embeds succeeded
DEBUG: bs = 2
DEBUG: build_embeds succeeded
DEBUG: bs = 2
DEBUG: About to call build_embeds
DEBUG: About to call build_embeds
DEBUG: build_embeds succeeded
DEBUG: bs = 2
DEBUG: build_embeds succeeded
DEBUG: bs = 2
DEBUG: About to call build_embeds
DEBUG: About to call build_embeds
DEBUG: build_embeds succeeded
DEBUG: bs = 2
DEBUG: build_embeds succeeded
DEBUG: bs = 2
DEBUG: About to call build_embeds
DEBUG: About to call build_embeds
DEBUG: build_embeds succeeded
DEBUG: bs = 2
DEBUG: build_embeds succeeded
DEBUG: bs = 2
DEBUG: About to call build_embeds
DEBUG: About to call build_embeds
DEBUG: build_embeds succeeded
DEBUG: bs = 2
DEBUG: build_embeds succeeded
DEBUG: bs = 2
DEBUG: About to call build_embeds
DEBUG: About to call build_embeds
DEBUG: build_embeds succeeded
DEBUG: bs = 2
DEBUG: build_embeds succeeded
DEBUG: bs = 2
DEBUG: About to call build_embeds
DEBUG: About to call build_embeds
DEBUG: build_embeds succeeded
DEBUG: bs = 2
DEBUG: build_embeds succeeded
DEBUG: bs = 2
DEBUG: About to call build_embeds
DEBUG: About to call build_embeds
DEBUG: build_embeds succeeded
DEBUG: bs = 2
DEBUG: build_embeds succeeded
DEBUG: bs = 2
DEBUG: About to call build_embeds
DEBUG: About to call build_embeds
DEBUG: build_embeds succeeded
DEBUG: bs = 2
DEBUG: build_embeds succeeded
DEBUG: bs = 2
DEBUG: About to call build_embeds
DEBUG: About to call build_embeds
DEBUG: build_embeds succeeded
DEBUG: bs = 2
DEBUG: build_embeds succeeded
DEBUG: bs = 2
DEBUG: About to call build_embeds
DEBUG: About to call build_embeds
DEBUG: build_embeds succeeded
DEBUG: bs = 2
DEBUG: build_embeds succeeded
DEBUG: bs = 2
DEBUG: About to call build_embeds
DEBUG: About to call build_embeds
DEBUG: build_embeds succeeded
DEBUG: bs = 2
DEBUG: build_embeds succeeded
DEBUG: bs = 2
DEBUG: About to call build_embeds
DEBUG: About to call build_embeds
DEBUG: build_embeds succeeded
DEBUG: bs = 2
DEBUG: build_embeds succeeded
DEBUG: bs = 2
DEBUG: About to call build_embeds
DEBUG: About to call build_embeds
DEBUG: build_embeds succeeded
DEBUG: bs = 2
DEBUG: build_embeds succeeded
DEBUG: bs = 2
DEBUG: About to call build_embeds
DEBUG: About to call build_embeds
DEBUG: build_embeds succeeded
DEBUG: bs = 2
DEBUG: build_embeds succeeded
DEBUG: bs = 2
DEBUG: About to call build_embeds
DEBUG: About to call build_embeds
DEBUG: build_embeds succeeded
DEBUG: bs = 2
DEBUG: build_embeds succeeded
DEBUG: bs = 2
DEBUG: About to call build_embeds
DEBUG: About to call build_embeds
DEBUG: build_embeds succeeded
DEBUG: bs = 2
DEBUG: build_embeds succeeded
DEBUG: bs = 2
DEBUG: About to call build_embedsDEBUG: About to call build_embeds

DEBUG: build_embeds succeeded
DEBUG: bs = 2
DEBUG: build_embeds succeeded
DEBUG: bs = 2
DEBUG: About to call build_embeds
DEBUG: About to call build_embeds
DEBUG: build_embeds succeeded
DEBUG: bs = 2
DEBUG: build_embeds succeeded
DEBUG: bs = 2
DEBUG: About to call build_embeds
DEBUG: About to call build_embeds
DEBUG: build_embeds succeeded
DEBUG: bs = 2
DEBUG: build_embeds succeeded
DEBUG: bs = 2
DEBUG: About to call build_embeds
DEBUG: About to call build_embeds
DEBUG: build_embeds succeeded
DEBUG: bs = 2
DEBUG: build_embeds succeeded
DEBUG: bs = 2
DEBUG: About to call build_embeds
DEBUG: About to call build_embeds
DEBUG: build_embeds succeeded
DEBUG: bs = 2
DEBUG: build_embeds succeeded
DEBUG: bs = 2
DEBUG: About to call build_embedsDEBUG: About to call build_embeds

DEBUG: build_embeds succeeded
DEBUG: bs = 2
DEBUG: build_embeds succeeded
DEBUG: bs = 2
DEBUG: About to call build_embeds
DEBUG: About to call build_embeds
DEBUG: build_embeds succeeded
DEBUG: bs = 2
DEBUG: build_embeds succeeded
DEBUG: bs = 2
DEBUG: About to call build_embeds
DEBUG: About to call build_embeds
DEBUG: build_embeds succeeded
DEBUG: bs = 2
DEBUG: build_embeds succeeded
DEBUG: bs = 2
DEBUG: About to call build_embeds
DEBUG: About to call build_embeds
DEBUG: build_embeds succeeded
DEBUG: bs = 2
DEBUG: build_embeds succeeded
DEBUG: bs = 2
DEBUG: About to call build_embeds
DEBUG: About to call build_embeds
DEBUG: build_embeds succeeded
DEBUG: bs = 2
DEBUG: build_embeds succeeded
DEBUG: bs = 2
DEBUG: About to call build_embeds
DEBUG: About to call build_embeds
DEBUG: build_embeds succeeded
DEBUG: bs = 2
DEBUG: build_embeds succeeded
DEBUG: bs = 2
DEBUG: About to call build_embeds
DEBUG: About to call build_embeds
DEBUG: build_embeds succeeded
DEBUG: bs = 2
DEBUG: build_embeds succeeded
DEBUG: bs = 2
DEBUG: About to call build_embeds
DEBUG: About to call build_embeds
DEBUG: build_embeds succeeded
DEBUG: bs = 2
DEBUG: build_embeds succeeded
DEBUG: bs = 2
DEBUG: About to call build_embeds
DEBUG: About to call build_embeds
DEBUG: build_embeds succeeded
DEBUG: bs = 2
DEBUG: build_embeds succeeded
DEBUG: bs = 2
DEBUG: About to call build_embeds
DEBUG: About to call build_embeds
DEBUG: build_embeds succeeded
DEBUG: bs = 2
DEBUG: build_embeds succeeded
DEBUG: bs = 2
DEBUG: About to call build_embeds
DEBUG: About to call build_embeds
DEBUG: build_embeds succeeded
DEBUG: bs = 2
DEBUG: build_embeds succeeded
DEBUG: bs = 2
DEBUG: About to call build_embeds
DEBUG: About to call build_embeds
DEBUG: build_embeds succeeded
DEBUG: bs = 2
DEBUG: build_embeds succeeded
DEBUG: bs = 2
DEBUG: About to call build_embeds
DEBUG: About to call build_embeds
DEBUG: build_embeds succeeded
DEBUG: bs = 2
DEBUG: build_embeds succeeded
DEBUG: bs = 2
DEBUG: About to call build_embeds
DEBUG: About to call build_embeds
DEBUG: build_embeds succeeded
DEBUG: bs = 2
DEBUG: build_embeds succeeded
DEBUG: bs = 2
DEBUG: About to call build_embeds
DEBUG: About to call build_embeds
DEBUG: build_embeds succeeded
DEBUG: bs = 2
DEBUG: build_embeds succeeded
DEBUG: bs = 2
DEBUG: About to call build_embeds
DEBUG: About to call build_embeds
DEBUG: build_embeds succeeded
DEBUG: bs = 2
DEBUG: build_embeds succeeded
DEBUG: bs = 2
DEBUG: About to call build_embeds
DEBUG: About to call build_embeds
DEBUG: build_embeds succeeded
DEBUG: bs = 2
DEBUG: build_embeds succeeded
DEBUG: bs = 2
DEBUG: About to call build_embeds
DEBUG: About to call build_embeds
DEBUG: build_embeds succeeded
DEBUG: bs = 2
DEBUG: build_embeds succeeded
DEBUG: bs = 2
DEBUG: About to call build_embeds
DEBUG: About to call build_embeds
DEBUG: build_embeds succeeded
DEBUG: bs = 2
DEBUG: build_embeds succeeded
DEBUG: bs = 2
DEBUG: About to call build_embeds
DEBUG: About to call build_embeds
DEBUG: build_embeds succeeded
DEBUG: bs = 2
DEBUG: build_embeds succeeded
DEBUG: bs = 2
DEBUG: About to call build_embeds
DEBUG: About to call build_embeds
DEBUG: build_embeds succeeded
DEBUG: bs = 2
DEBUG: build_embeds succeeded
DEBUG: bs = 2
DEBUG: About to call build_embeds
DEBUG: About to call build_embeds
DEBUG: build_embeds succeeded
DEBUG: bs = 2
DEBUG: build_embeds succeeded
DEBUG: bs = 2
DEBUG: About to call build_embeds
DEBUG: About to call build_embeds
DEBUG: build_embeds succeeded
DEBUG: bs = 2
DEBUG: build_embeds succeeded
DEBUG: bs = 2
DEBUG: About to call build_embeds
DEBUG: About to call build_embeds
DEBUG: build_embeds succeeded
DEBUG: bs = 2
DEBUG: build_embeds succeeded
DEBUG: bs = 2
DEBUG: About to call build_embeds
DEBUG: About to call build_embeds
DEBUG: build_embeds succeeded
DEBUG: bs = 2
DEBUG: build_embeds succeeded
DEBUG: bs = 2
DEBUG: About to call build_embeds
DEBUG: About to call build_embeds
DEBUG: build_embeds succeeded
DEBUG: bs = 2
DEBUG: build_embeds succeeded
DEBUG: bs = 2
DEBUG: About to call build_embeds
DEBUG: About to call build_embeds
DEBUG: build_embeds succeeded
DEBUG: bs = 2
DEBUG: build_embeds succeeded
DEBUG: bs = 2
DEBUG: About to call build_embeds
DEBUG: About to call build_embeds
DEBUG: build_embeds succeeded
DEBUG: bs = 2
DEBUG: build_embeds succeeded
DEBUG: bs = 2
DEBUG: About to call build_embedsDEBUG: About to call build_embeds

DEBUG: build_embeds succeeded
DEBUG: bs = 2
DEBUG: build_embeds succeeded
DEBUG: bs = 2
DEBUG: About to call build_embeds
DEBUG: About to call build_embeds
DEBUG: build_embeds succeeded
DEBUG: bs = 2
DEBUG: build_embeds succeeded
DEBUG: bs = 2
DEBUG: About to call build_embeds
DEBUG: About to call build_embeds
DEBUG: build_embeds succeeded
DEBUG: bs = 2
DEBUG: build_embeds succeeded
DEBUG: bs = 2
DEBUG: About to call build_embeds
DEBUG: About to call build_embeds
DEBUG: build_embeds succeeded
DEBUG: bs = 2
DEBUG: build_embeds succeeded
DEBUG: bs = 2
DEBUG: About to call build_embeds
DEBUG: About to call build_embeds
DEBUG: build_embeds succeeded
DEBUG: bs = 2
DEBUG: build_embeds succeeded
DEBUG: bs = 2
DEBUG: About to call build_embeds
DEBUG: About to call build_embeds
DEBUG: build_embeds succeeded
DEBUG: bs = 2
DEBUG: build_embeds succeeded
DEBUG: bs = 2
DEBUG: About to call build_embeds
DEBUG: About to call build_embeds
DEBUG: build_embeds succeeded
DEBUG: bs = 2
DEBUG: build_embeds succeeded
DEBUG: bs = 2
DEBUG: About to call build_embeds
DEBUG: About to call build_embeds
DEBUG: build_embeds succeeded
DEBUG: bs = 2
DEBUG: build_embeds succeeded
DEBUG: bs = 2
DEBUG: About to call build_embeds
DEBUG: About to call build_embeds
DEBUG: build_embeds succeeded
DEBUG: bs = 2
DEBUG: build_embeds succeeded
DEBUG: bs = 2
DEBUG: About to call build_embeds
DEBUG: About to call build_embeds
DEBUG: build_embeds succeeded
DEBUG: bs = 2
DEBUG: build_embeds succeeded
DEBUG: bs = 2
DEBUG: About to call build_embeds
DEBUG: About to call build_embeds
DEBUG: build_embeds succeeded
DEBUG: bs = 2
DEBUG: build_embeds succeeded
DEBUG: bs = 2
DEBUG: About to call build_embeds
DEBUG: About to call build_embeds
DEBUG: build_embeds succeeded
DEBUG: bs = 2
DEBUG: build_embeds succeeded
DEBUG: bs = 2
DEBUG: About to call build_embeds
DEBUG: About to call build_embeds
DEBUG: build_embeds succeeded
DEBUG: bs = 2
DEBUG: build_embeds succeeded
DEBUG: bs = 2
DEBUG: About to call build_embeds
DEBUG: About to call build_embeds
DEBUG: build_embeds succeeded
DEBUG: bs = 2
DEBUG: build_embeds succeeded
DEBUG: bs = 2
DEBUG: About to call build_embedsDEBUG: About to call build_embeds

DEBUG: build_embeds succeeded
DEBUG: bs = 2
DEBUG: build_embeds succeeded
DEBUG: bs = 2
DEBUG: About to call build_embedsDEBUG: About to call build_embeds

DEBUG: build_embeds succeeded
DEBUG: bs = 2
DEBUG: build_embeds succeeded
DEBUG: bs = 2
DEBUG: About to call build_embeds
DEBUG: About to call build_embeds
DEBUG: build_embeds succeeded
DEBUG: bs = 2
DEBUG: build_embeds succeeded
DEBUG: bs = 2
DEBUG: About to call build_embeds
DEBUG: About to call build_embeds
DEBUG: build_embeds succeeded
DEBUG: bs = 2
DEBUG: build_embeds succeeded
DEBUG: bs = 2
DEBUG: About to call build_embeds
DEBUG: About to call build_embeds
DEBUG: build_embeds succeeded
DEBUG: bs = 2
DEBUG: build_embeds succeeded
DEBUG: bs = 2
DEBUG: About to call build_embeds
DEBUG: About to call build_embeds
DEBUG: build_embeds succeeded
DEBUG: bs = 2
DEBUG: build_embeds succeeded
DEBUG: bs = 2
DEBUG: About to call build_embeds
DEBUG: About to call build_embeds
DEBUG: build_embeds succeeded
DEBUG: bs = 2
DEBUG: build_embeds succeeded
DEBUG: bs = 2
DEBUG: About to call build_embedsDEBUG: About to call build_embeds

DEBUG: build_embeds succeeded
DEBUG: bs = 2
DEBUG: build_embeds succeeded
DEBUG: bs = 2
DEBUG: About to call build_embedsDEBUG: About to call build_embeds

DEBUG: build_embeds succeeded
DEBUG: bs = 2
DEBUG: build_embeds succeeded
DEBUG: bs = 2
{'target_metric': 0.3975, 'sentence_sim': 0.8067898270487786, 'cider': 1.962664951653521, 'bleu': 0.2870733723419203, 'meteor': 0.3204502101945726, 'rouge': 0.555595999793135}
[Epoch 3] finished eval, is_best: False
{'target_metric': 0.3975, 'sentence_sim': 0.8067898270487786, 'cider': 1.962664951653521, 'bleu': 0.2870733723419203, 'meteor': 0.3204502101945726, 'rouge': 0.555595999793135}
DEBUG: About to call build_embeds
DEBUG: build_embeds succeeded
DEBUG: bs = 2
DEBUG: About to call build_embeds
DEBUG: build_embeds succeeded
DEBUG: bs = 2
DEBUG: About to call build_embedsDEBUG: About to call build_embeds

DEBUG: build_embeds succeeded
DEBUG: bs = 2
DEBUG: build_embeds succeeded
DEBUG: bs = 2
DEBUG: About to call build_embeds
DEBUG: About to call build_embeds
DEBUG: build_embeds succeeded
DEBUG: bs = 2
DEBUG: build_embeds succeeded
DEBUG: bs = 2
DEBUG: About to call build_embeds
DEBUG: About to call build_embeds
DEBUG: build_embeds succeeded
DEBUG: bs = 2
DEBUG: build_embeds succeeded
DEBUG: bs = 2
DEBUG: About to call build_embeds
DEBUG: About to call build_embeds
DEBUG: build_embeds succeeded
DEBUG: bs = 2
DEBUG: build_embeds succeeded
DEBUG: bs = 2
DEBUG: About to call build_embeds
DEBUG: About to call build_embeds
DEBUG: build_embeds succeeded
DEBUG: bs = 2
DEBUG: build_embeds succeeded
DEBUG: bs = 2
DEBUG: About to call build_embeds
DEBUG: About to call build_embeds
DEBUG: build_embeds succeeded
DEBUG: bs = 2
DEBUG: build_embeds succeeded
DEBUG: bs = 2
DEBUG: About to call build_embeds
DEBUG: About to call build_embeds
DEBUG: build_embeds succeeded
DEBUG: bs = 2
DEBUG: build_embeds succeeded
DEBUG: bs = 2
DEBUG: About to call build_embeds
DEBUG: About to call build_embeds
DEBUG: build_embeds succeeded
DEBUG: bs = 2
DEBUG: build_embeds succeeded
DEBUG: bs = 2
DEBUG: About to call build_embeds
DEBUG: About to call build_embeds
DEBUG: build_embeds succeeded
DEBUG: bs = 2
DEBUG: build_embeds succeeded
DEBUG: bs = 2
DEBUG: About to call build_embeds
DEBUG: About to call build_embeds
DEBUG: build_embeds succeeded
DEBUG: bs = 2
DEBUG: build_embeds succeeded
DEBUG: bs = 2
DEBUG: About to call build_embeds
DEBUG: About to call build_embeds
DEBUG: build_embeds succeeded
DEBUG: bs = 2
DEBUG: build_embeds succeeded
DEBUG: bs = 2
DEBUG: About to call build_embeds
DEBUG: About to call build_embeds
DEBUG: build_embeds succeeded
DEBUG: bs = 2
DEBUG: build_embeds succeeded
DEBUG: bs = 2
DEBUG: About to call build_embeds
DEBUG: About to call build_embeds
DEBUG: build_embeds succeeded
DEBUG: bs = 2
DEBUG: build_embeds succeeded
DEBUG: bs = 2
DEBUG: About to call build_embeds
DEBUG: About to call build_embeds
DEBUG: build_embeds succeeded
DEBUG: bs = 2
DEBUG: build_embeds succeeded
DEBUG: bs = 2
DEBUG: About to call build_embeds
DEBUG: About to call build_embeds
DEBUG: build_embeds succeeded
DEBUG: bs = 2
DEBUG: build_embeds succeeded
DEBUG: bs = 2
DEBUG: About to call build_embedsDEBUG: About to call build_embeds

DEBUG: build_embeds succeeded
DEBUG: bs = 2
DEBUG: build_embeds succeeded
DEBUG: bs = 2
DEBUG: About to call build_embedsDEBUG: About to call build_embeds

DEBUG: build_embeds succeeded
DEBUG: bs = 2
DEBUG: build_embeds succeeded
DEBUG: bs = 2
DEBUG: About to call build_embeds
DEBUG: About to call build_embeds
DEBUG: build_embeds succeeded
DEBUG: build_embeds succeededDEBUG: bs = 2

DEBUG: bs = 2
DEBUG: About to call build_embeds
DEBUG: About to call build_embeds
DEBUG: build_embeds succeeded
DEBUG: bs = 2
DEBUG: build_embeds succeeded
DEBUG: bs = 2
DEBUG: About to call build_embeds
DEBUG: About to call build_embeds
DEBUG: build_embeds succeeded
DEBUG: bs = 2
DEBUG: build_embeds succeeded
DEBUG: bs = 2
DEBUG: About to call build_embeds
DEBUG: About to call build_embeds
DEBUG: build_embeds succeeded
DEBUG: bs = 2
DEBUG: build_embeds succeeded
DEBUG: bs = 2
DEBUG: About to call build_embeds
DEBUG: About to call build_embeds
DEBUG: build_embeds succeeded
DEBUG: bs = 2
DEBUG: build_embeds succeeded
DEBUG: bs = 2
DEBUG: About to call build_embeds
DEBUG: About to call build_embeds
DEBUG: build_embeds succeeded
DEBUG: bs = 2
DEBUG: build_embeds succeeded
DEBUG: bs = 2
DEBUG: About to call build_embeds
DEBUG: About to call build_embeds
DEBUG: build_embeds succeeded
DEBUG: bs = 2
DEBUG: build_embeds succeeded
DEBUG: bs = 2
DEBUG: About to call build_embeds
DEBUG: About to call build_embeds
DEBUG: build_embeds succeeded
DEBUG: bs = 2
DEBUG: build_embeds succeeded
DEBUG: bs = 2
DEBUG: About to call build_embeds
DEBUG: About to call build_embeds
DEBUG: build_embeds succeeded
DEBUG: bs = 2
DEBUG: build_embeds succeeded
DEBUG: bs = 2
DEBUG: About to call build_embeds
DEBUG: About to call build_embeds
DEBUG: build_embeds succeeded
DEBUG: bs = 2
DEBUG: build_embeds succeeded
DEBUG: bs = 2
DEBUG: About to call build_embeds
DEBUG: About to call build_embeds
DEBUG: build_embeds succeeded
DEBUG: bs = 2
DEBUG: build_embeds succeeded
DEBUG: bs = 2
DEBUG: About to call build_embeds
DEBUG: About to call build_embeds
DEBUG: build_embeds succeeded
DEBUG: bs = 2
DEBUG: build_embeds succeeded
DEBUG: bs = 2
DEBUG: About to call build_embeds
DEBUG: About to call build_embeds
DEBUG: build_embeds succeeded
DEBUG: bs = 2
DEBUG: build_embeds succeeded
DEBUG: bs = 2
DEBUG: About to call build_embeds
DEBUG: About to call build_embeds
DEBUG: build_embeds succeeded
DEBUG: bs = 2
DEBUG: build_embeds succeeded
DEBUG: bs = 2
DEBUG: About to call build_embeds
DEBUG: About to call build_embeds
DEBUG: build_embeds succeeded
DEBUG: bs = 2
DEBUG: build_embeds succeeded
DEBUG: bs = 2
DEBUG: About to call build_embeds
DEBUG: About to call build_embeds
DEBUG: build_embeds succeeded
DEBUG: bs = 2
DEBUG: build_embeds succeeded
DEBUG: bs = 2
DEBUG: About to call build_embeds
DEBUG: About to call build_embeds
DEBUG: build_embeds succeeded
DEBUG: bs = 2
DEBUG: build_embeds succeeded
DEBUG: bs = 2
DEBUG: About to call build_embeds
DEBUG: About to call build_embeds
DEBUG: build_embeds succeeded
DEBUG: bs = 2
DEBUG: build_embeds succeeded
DEBUG: bs = 2
DEBUG: About to call build_embeds
DEBUG: About to call build_embeds
DEBUG: build_embeds succeeded
DEBUG: bs = 2
DEBUG: build_embeds succeeded
DEBUG: bs = 2
DEBUG: About to call build_embeds
DEBUG: About to call build_embeds
DEBUG: build_embeds succeeded
DEBUG: bs = 2
DEBUG: build_embeds succeeded
DEBUG: bs = 2
DEBUG: About to call build_embeds
DEBUG: About to call build_embeds
DEBUG: build_embeds succeeded
DEBUG: bs = 2
DEBUG: build_embeds succeeded
DEBUG: bs = 2
DEBUG: About to call build_embeds
DEBUG: About to call build_embeds
DEBUG: build_embeds succeeded
DEBUG: bs = 2
DEBUG: build_embeds succeeded
DEBUG: bs = 2
DEBUG: About to call build_embeds
DEBUG: About to call build_embeds
DEBUG: build_embeds succeeded
DEBUG: bs = 2
DEBUG: build_embeds succeeded
DEBUG: bs = 2
DEBUG: About to call build_embeds
DEBUG: About to call build_embeds
DEBUG: build_embeds succeeded
DEBUG: bs = 2
DEBUG: build_embeds succeeded
DEBUG: bs = 2
DEBUG: About to call build_embeds
DEBUG: About to call build_embeds
DEBUG: build_embeds succeeded
DEBUG: bs = 2
DEBUG: build_embeds succeeded
DEBUG: bs = 2
DEBUG: About to call build_embeds
DEBUG: About to call build_embeds
DEBUG: build_embeds succeeded
DEBUG: bs = 2
DEBUG: build_embeds succeeded
DEBUG: bs = 2
DEBUG: About to call build_embeds
DEBUG: About to call build_embeds
DEBUG: build_embeds succeeded
DEBUG: bs = 2
DEBUG: build_embeds succeeded
DEBUG: bs = 2
DEBUG: About to call build_embeds
DEBUG: About to call build_embeds
DEBUG: build_embeds succeeded
DEBUG: bs = 2
DEBUG: build_embeds succeeded
DEBUG: bs = 2
DEBUG: About to call build_embeds
DEBUG: About to call build_embeds
DEBUG: build_embeds succeeded
DEBUG: bs = 2
DEBUG: build_embeds succeeded
DEBUG: bs = 2
DEBUG: About to call build_embeds
DEBUG: About to call build_embeds
DEBUG: build_embeds succeeded
DEBUG: bs = 2
DEBUG: build_embeds succeeded
DEBUG: bs = 2
DEBUG: About to call build_embeds
DEBUG: About to call build_embeds
DEBUG: build_embeds succeeded
DEBUG: bs = 2
DEBUG: build_embeds succeeded
DEBUG: bs = 2
DEBUG: About to call build_embeds
DEBUG: About to call build_embeds
DEBUG: build_embeds succeeded
DEBUG: bs = 2
DEBUG: build_embeds succeeded
DEBUG: bs = 2
DEBUG: About to call build_embeds
DEBUG: About to call build_embeds
DEBUG: build_embeds succeeded
DEBUG: bs = 2
DEBUG: build_embeds succeeded
DEBUG: bs = 2
DEBUG: About to call build_embeds
DEBUG: About to call build_embeds
DEBUG: build_embeds succeeded
DEBUG: bs = 2
DEBUG: build_embeds succeeded
DEBUG: bs = 2
DEBUG: About to call build_embeds
DEBUG: About to call build_embeds
DEBUG: build_embeds succeeded
DEBUG: bs = 2
DEBUG: build_embeds succeeded
DEBUG: bs = 2
DEBUG: About to call build_embeds
DEBUG: About to call build_embeds
DEBUG: build_embeds succeeded
DEBUG: bs = 2
DEBUG: build_embeds succeeded
DEBUG: bs = 2
DEBUG: About to call build_embeds
DEBUG: About to call build_embeds
DEBUG: build_embeds succeeded
DEBUG: bs = 2
DEBUG: build_embeds succeeded
DEBUG: bs = 2
DEBUG: About to call build_embedsDEBUG: About to call build_embeds

DEBUG: build_embeds succeeded
DEBUG: bs = 2
DEBUG: build_embeds succeeded
DEBUG: bs = 2
DEBUG: About to call build_embeds
DEBUG: About to call build_embeds
DEBUG: build_embeds succeeded
DEBUG: bs = 2
DEBUG: build_embeds succeeded
DEBUG: bs = 2
DEBUG: About to call build_embeds
DEBUG: About to call build_embeds
DEBUG: build_embeds succeededDEBUG: build_embeds succeeded
DEBUG: bs = 2

DEBUG: bs = 2
DEBUG: About to call build_embeds
DEBUG: About to call build_embeds
DEBUG: build_embeds succeeded
DEBUG: bs = 2
DEBUG: build_embeds succeeded
DEBUG: bs = 2
DEBUG: About to call build_embeds
DEBUG: About to call build_embeds
DEBUG: build_embeds succeeded
DEBUG: bs = 2
DEBUG: build_embeds succeeded
DEBUG: bs = 2
DEBUG: About to call build_embeds
DEBUG: About to call build_embeds
DEBUG: build_embeds succeeded
DEBUG: bs = 2
DEBUG: build_embeds succeeded
DEBUG: bs = 2
DEBUG: About to call build_embeds
DEBUG: About to call build_embeds
DEBUG: build_embeds succeeded
DEBUG: bs = 2
DEBUG: build_embeds succeeded
DEBUG: bs = 2
DEBUG: About to call build_embeds
DEBUG: About to call build_embeds
DEBUG: build_embeds succeeded
DEBUG: bs = 2
DEBUG: build_embeds succeeded
DEBUG: bs = 2
DEBUG: About to call build_embeds
DEBUG: About to call build_embeds
DEBUG: build_embeds succeeded
DEBUG: bs = 2
DEBUG: build_embeds succeeded
DEBUG: bs = 2
DEBUG: About to call build_embeds
DEBUG: About to call build_embeds
DEBUG: build_embeds succeeded
DEBUG: bs = 2
DEBUG: build_embeds succeeded
DEBUG: bs = 2
DEBUG: About to call build_embeds
DEBUG: About to call build_embeds
DEBUG: build_embeds succeeded
DEBUG: bs = 2
DEBUG: build_embeds succeeded
DEBUG: bs = 2
DEBUG: About to call build_embeds
DEBUG: About to call build_embeds
DEBUG: build_embeds succeeded
DEBUG: bs = 2
DEBUG: build_embeds succeeded
DEBUG: bs = 2
DEBUG: About to call build_embeds
DEBUG: About to call build_embeds
DEBUG: build_embeds succeeded
DEBUG: bs = 2
DEBUG: build_embeds succeeded
DEBUG: bs = 2
DEBUG: About to call build_embeds
DEBUG: About to call build_embeds
DEBUG: build_embeds succeeded
DEBUG: bs = 2
DEBUG: build_embeds succeeded
DEBUG: bs = 2
DEBUG: About to call build_embeds
DEBUG: About to call build_embeds
DEBUG: build_embeds succeeded
DEBUG: build_embeds succeeded
DEBUG: bs = 2
DEBUG: bs = 2
DEBUG: About to call build_embedsDEBUG: About to call build_embeds

DEBUG: build_embeds succeeded
DEBUG: bs = 2
DEBUG: build_embeds succeeded
DEBUG: bs = 2
DEBUG: About to call build_embeds
DEBUG: About to call build_embeds
DEBUG: build_embeds succeeded
DEBUG: bs = 2
DEBUG: build_embeds succeeded
DEBUG: bs = 2
DEBUG: About to call build_embeds
DEBUG: About to call build_embeds
DEBUG: build_embeds succeeded
DEBUG: bs = 2
DEBUG: build_embeds succeeded
DEBUG: bs = 2
DEBUG: About to call build_embeds
DEBUG: About to call build_embeds
DEBUG: build_embeds succeeded
DEBUG: bs = 2
DEBUG: build_embeds succeeded
DEBUG: bs = 2
DEBUG: About to call build_embeds
DEBUG: About to call build_embeds
DEBUG: build_embeds succeeded
DEBUG: bs = 2
DEBUG: build_embeds succeeded
DEBUG: bs = 2
DEBUG: About to call build_embeds
DEBUG: About to call build_embeds
DEBUG: build_embeds succeeded
DEBUG: bs = 2
DEBUG: build_embeds succeeded
DEBUG: bs = 2
DEBUG: About to call build_embeds
DEBUG: About to call build_embeds
DEBUG: build_embeds succeeded
DEBUG: bs = 2
DEBUG: build_embeds succeeded
DEBUG: bs = 2
DEBUG: About to call build_embeds
DEBUG: About to call build_embeds
DEBUG: build_embeds succeeded
DEBUG: bs = 2
DEBUG: build_embeds succeeded
DEBUG: bs = 2
DEBUG: About to call build_embeds
DEBUG: About to call build_embeds
DEBUG: build_embeds succeeded
DEBUG: bs = 2
DEBUG: build_embeds succeeded
DEBUG: bs = 2
DEBUG: About to call build_embeds
DEBUG: About to call build_embeds
DEBUG: build_embeds succeeded
DEBUG: bs = 2
DEBUG: build_embeds succeeded
DEBUG: bs = 2
DEBUG: About to call build_embeds
DEBUG: About to call build_embeds
DEBUG: build_embeds succeeded
DEBUG: bs = 2
DEBUG: build_embeds succeeded
DEBUG: bs = 2
DEBUG: About to call build_embedsDEBUG: About to call build_embeds

DEBUG: build_embeds succeeded
DEBUG: bs = 2
DEBUG: build_embeds succeeded
DEBUG: bs = 2
DEBUG: About to call build_embeds
DEBUG: About to call build_embeds
DEBUG: build_embeds succeeded
DEBUG: bs = 2
DEBUG: build_embeds succeeded
DEBUG: bs = 2
DEBUG: About to call build_embeds
DEBUG: About to call build_embeds
DEBUG: build_embeds succeeded
DEBUG: bs = 2
DEBUG: build_embeds succeeded
DEBUG: bs = 2
DEBUG: About to call build_embeds
DEBUG: About to call build_embeds
DEBUG: build_embeds succeeded
DEBUG: bs = 2
DEBUG: build_embeds succeeded
DEBUG: bs = 2
DEBUG: About to call build_embedsDEBUG: About to call build_embeds

DEBUG: build_embeds succeeded
DEBUG: bs = 2
DEBUG: build_embeds succeeded
DEBUG: bs = 2
DEBUG: About to call build_embeds
DEBUG: About to call build_embeds
DEBUG: build_embeds succeeded
DEBUG: bs = 2
DEBUG: build_embeds succeeded
DEBUG: bs = 2
DEBUG: About to call build_embeds
DEBUG: About to call build_embeds
DEBUG: build_embeds succeeded
DEBUG: bs = 2
DEBUG: build_embeds succeeded
DEBUG: bs = 2
DEBUG: About to call build_embeds
DEBUG: About to call build_embeds
DEBUG: build_embeds succeeded
DEBUG: bs = 2
DEBUG: build_embeds succeeded
DEBUG: bs = 2
DEBUG: About to call build_embeds
DEBUG: About to call build_embeds
DEBUG: build_embeds succeeded
DEBUG: bs = 2
DEBUG: build_embeds succeeded
DEBUG: bs = 2
DEBUG: About to call build_embeds
DEBUG: About to call build_embeds
DEBUG: build_embeds succeeded
DEBUG: bs = 2
DEBUG: build_embeds succeeded
DEBUG: bs = 2
DEBUG: About to call build_embeds
DEBUG: About to call build_embeds
DEBUG: build_embeds succeeded
DEBUG: bs = 2
DEBUG: build_embeds succeeded
DEBUG: bs = 2
DEBUG: About to call build_embeds
DEBUG: About to call build_embeds
DEBUG: build_embeds succeeded
DEBUG: bs = 2
DEBUG: build_embeds succeeded
DEBUG: bs = 2
DEBUG: About to call build_embeds
DEBUG: About to call build_embeds
DEBUG: build_embeds succeeded
DEBUG: bs = 2
DEBUG: build_embeds succeeded
DEBUG: bs = 2
DEBUG: About to call build_embeds
DEBUG: About to call build_embeds
DEBUG: build_embeds succeeded
DEBUG: bs = 2
DEBUG: build_embeds succeeded
DEBUG: bs = 2
DEBUG: About to call build_embeds
DEBUG: About to call build_embeds
DEBUG: build_embeds succeeded
DEBUG: bs = 2
DEBUG: build_embeds succeeded
DEBUG: bs = 2
DEBUG: About to call build_embeds
DEBUG: About to call build_embeds
DEBUG: build_embeds succeeded
DEBUG: bs = 2
DEBUG: build_embeds succeeded
DEBUG: bs = 2
DEBUG: About to call build_embeds
DEBUG: About to call build_embeds
DEBUG: build_embeds succeeded
DEBUG: bs = 2
DEBUG: build_embeds succeeded
DEBUG: bs = 2
DEBUG: About to call build_embeds
DEBUG: About to call build_embeds
DEBUG: build_embeds succeeded
DEBUG: bs = 2
DEBUG: build_embeds succeeded
DEBUG: bs = 2
DEBUG: About to call build_embeds
DEBUG: About to call build_embeds
DEBUG: build_embeds succeeded
DEBUG: bs = 2
DEBUG: build_embeds succeeded
DEBUG: bs = 2
{'target_metric': 0.27, 'sentence_sim': 0.7885781621932983, 'cider': 2.5021937969811883, 'bleu': 0.29482471067434135, 'meteor': 0.2895188292655369, 'rouge': 0.5745660061646926}
{'target_metric': 0.27, 'sentence_sim': 0.7885781621932983, 'cider': 2.5021937969811883, 'bleu': 0.29482471067434135, 'meteor': 0.2895188292655369, 'rouge': 0.5745660061646926}
DEBUG: About to call build_embeds
DEBUG: build_embeds succeeded
DEBUG: bs = 2
DEBUG: About to call build_embeds
DEBUG: build_embeds succeeded
DEBUG: bs = 2
DEBUG: About to call build_embeds
DEBUG: About to call build_embeds
DEBUG: build_embeds succeeded
DEBUG: bs = 2
DEBUG: build_embeds succeeded
DEBUG: bs = 2
DEBUG: About to call build_embeds
DEBUG: About to call build_embeds
DEBUG: build_embeds succeeded
DEBUG: bs = 2
DEBUG: build_embeds succeeded
DEBUG: bs = 2
DEBUG: About to call build_embeds
DEBUG: About to call build_embeds
DEBUG: build_embeds succeeded
DEBUG: bs = 2
DEBUG: build_embeds succeeded
DEBUG: bs = 2
DEBUG: About to call build_embeds
DEBUG: About to call build_embeds
DEBUG: build_embeds succeeded
DEBUG: bs = 2
DEBUG: build_embeds succeeded
DEBUG: bs = 2
DEBUG: About to call build_embeds
DEBUG: About to call build_embeds
DEBUG: build_embeds succeeded
DEBUG: bs = 2
DEBUG: build_embeds succeeded
DEBUG: bs = 2
DEBUG: About to call build_embeds
DEBUG: About to call build_embeds
DEBUG: build_embeds succeeded
DEBUG: bs = 2
DEBUG: build_embeds succeeded
DEBUG: bs = 2
DEBUG: About to call build_embedsDEBUG: About to call build_embeds

DEBUG: build_embeds succeeded
DEBUG: bs = 2
DEBUG: build_embeds succeeded
DEBUG: bs = 2
DEBUG: About to call build_embeds
DEBUG: About to call build_embeds
DEBUG: build_embeds succeeded
DEBUG: bs = 2
DEBUG: build_embeds succeeded
DEBUG: bs = 2
DEBUG: About to call build_embeds
DEBUG: About to call build_embeds
DEBUG: build_embeds succeeded
DEBUG: bs = 2
DEBUG: build_embeds succeeded
DEBUG: bs = 2
DEBUG: About to call build_embeds
DEBUG: About to call build_embeds
DEBUG: build_embeds succeeded
DEBUG: bs = 2
DEBUG: build_embeds succeeded
DEBUG: bs = 2
DEBUG: About to call build_embeds
DEBUG: About to call build_embeds
DEBUG: build_embeds succeeded
DEBUG: bs = 2
DEBUG: build_embeds succeeded
DEBUG: bs = 2
DEBUG: About to call build_embedsDEBUG: About to call build_embeds

DEBUG: build_embeds succeeded
DEBUG: bs = 2
DEBUG: build_embeds succeeded
DEBUG: bs = 2
DEBUG: About to call build_embeds
DEBUG: About to call build_embeds
DEBUG: build_embeds succeeded
DEBUG: bs = 2
DEBUG: build_embeds succeeded
DEBUG: bs = 2
DEBUG: About to call build_embeds
DEBUG: About to call build_embeds
DEBUG: build_embeds succeeded
DEBUG: bs = 2
DEBUG: build_embeds succeeded
DEBUG: bs = 2
DEBUG: About to call build_embeds
DEBUG: About to call build_embeds
DEBUG: build_embeds succeeded
DEBUG: bs = 2
DEBUG: build_embeds succeeded
DEBUG: bs = 2
DEBUG: About to call build_embeds
DEBUG: About to call build_embeds
DEBUG: build_embeds succeeded
DEBUG: bs = 2
DEBUG: build_embeds succeeded
DEBUG: bs = 2
DEBUG: About to call build_embeds
DEBUG: About to call build_embeds
DEBUG: build_embeds succeeded
DEBUG: bs = 2
DEBUG: build_embeds succeeded
DEBUG: bs = 2
DEBUG: About to call build_embeds
DEBUG: About to call build_embeds
DEBUG: build_embeds succeeded
DEBUG: bs = 2
DEBUG: build_embeds succeeded
DEBUG: bs = 2
DEBUG: About to call build_embeds
DEBUG: About to call build_embeds
DEBUG: build_embeds succeeded
DEBUG: bs = 2
DEBUG: build_embeds succeeded
DEBUG: bs = 2
DEBUG: About to call build_embeds
DEBUG: About to call build_embeds
DEBUG: build_embeds succeeded
DEBUG: bs = 2
DEBUG: build_embeds succeeded
DEBUG: bs = 2
DEBUG: About to call build_embeds
DEBUG: About to call build_embeds
DEBUG: build_embeds succeeded
DEBUG: bs = 2
DEBUG: build_embeds succeeded
DEBUG: bs = 2
DEBUG: About to call build_embeds
DEBUG: About to call build_embeds
DEBUG: build_embeds succeeded
DEBUG: bs = 2
DEBUG: build_embeds succeeded
DEBUG: bs = 2
DEBUG: About to call build_embeds
DEBUG: About to call build_embeds
DEBUG: build_embeds succeeded
DEBUG: build_embeds succeeded
DEBUG: bs = 2DEBUG: bs = 2

DEBUG: About to call build_embeds
DEBUG: About to call build_embeds
DEBUG: build_embeds succeeded
DEBUG: bs = 2
DEBUG: build_embeds succeeded
DEBUG: bs = 2
DEBUG: About to call build_embeds
DEBUG: About to call build_embeds
DEBUG: build_embeds succeeded
DEBUG: bs = 2
DEBUG: build_embeds succeeded
DEBUG: bs = 2
DEBUG: About to call build_embeds
DEBUG: About to call build_embeds
DEBUG: build_embeds succeeded
DEBUG: bs = 2
DEBUG: build_embeds succeeded
DEBUG: bs = 2
DEBUG: About to call build_embeds
DEBUG: About to call build_embeds
DEBUG: build_embeds succeeded
DEBUG: bs = 2
DEBUG: build_embeds succeeded
DEBUG: bs = 2
DEBUG: About to call build_embeds
DEBUG: About to call build_embeds
DEBUG: build_embeds succeeded
DEBUG: bs = 2DEBUG: build_embeds succeeded
DEBUG: bs = 2

DEBUG: About to call build_embeds
DEBUG: About to call build_embeds
DEBUG: build_embeds succeeded
DEBUG: bs = 2
DEBUG: build_embeds succeeded
DEBUG: bs = 2
DEBUG: About to call build_embeds
DEBUG: About to call build_embeds
DEBUG: build_embeds succeeded
DEBUG: bs = 2
DEBUG: build_embeds succeeded
DEBUG: bs = 2
DEBUG: About to call build_embedsDEBUG: About to call build_embeds

DEBUG: build_embeds succeeded
DEBUG: bs = 2
DEBUG: build_embeds succeeded
DEBUG: bs = 2
DEBUG: About to call build_embeds
DEBUG: About to call build_embeds
DEBUG: build_embeds succeeded
DEBUG: bs = 2
DEBUG: build_embeds succeeded
DEBUG: bs = 2
DEBUG: About to call build_embeds
DEBUG: About to call build_embeds
DEBUG: build_embeds succeeded
DEBUG: bs = 2
DEBUG: build_embeds succeeded
DEBUG: bs = 2
DEBUG: About to call build_embeds
DEBUG: About to call build_embeds
DEBUG: build_embeds succeeded
DEBUG: bs = 2
DEBUG: build_embeds succeeded
DEBUG: bs = 2
DEBUG: About to call build_embeds
DEBUG: About to call build_embeds
DEBUG: build_embeds succeeded
DEBUG: bs = 2
DEBUG: build_embeds succeeded
DEBUG: bs = 2
DEBUG: About to call build_embeds
DEBUG: About to call build_embeds
DEBUG: build_embeds succeeded
DEBUG: bs = 2
DEBUG: build_embeds succeeded
DEBUG: bs = 2
DEBUG: About to call build_embeds
DEBUG: About to call build_embeds
DEBUG: build_embeds succeeded
DEBUG: bs = 2
DEBUG: build_embeds succeeded
DEBUG: bs = 2
DEBUG: About to call build_embeds
DEBUG: About to call build_embeds
DEBUG: build_embeds succeeded
DEBUG: bs = 2
DEBUG: build_embeds succeeded
DEBUG: bs = 2
DEBUG: About to call build_embeds
DEBUG: About to call build_embeds
DEBUG: build_embeds succeeded
DEBUG: bs = 2
DEBUG: build_embeds succeeded
DEBUG: bs = 2
DEBUG: About to call build_embeds
DEBUG: About to call build_embeds
DEBUG: build_embeds succeeded
DEBUG: bs = 2
DEBUG: build_embeds succeeded
DEBUG: bs = 2
DEBUG: About to call build_embedsDEBUG: About to call build_embeds

DEBUG: build_embeds succeeded
DEBUG: bs = 2
DEBUG: build_embeds succeeded
DEBUG: bs = 2
DEBUG: About to call build_embeds
DEBUG: About to call build_embeds
DEBUG: build_embeds succeeded
DEBUG: bs = 2
DEBUG: build_embeds succeeded
DEBUG: bs = 2
DEBUG: About to call build_embeds
DEBUG: About to call build_embeds
DEBUG: build_embeds succeeded
DEBUG: bs = 2
DEBUG: build_embeds succeeded
DEBUG: bs = 2
DEBUG: About to call build_embeds
DEBUG: About to call build_embeds
DEBUG: build_embeds succeeded
DEBUG: bs = 2
DEBUG: build_embeds succeeded
DEBUG: bs = 2
DEBUG: About to call build_embeds
DEBUG: About to call build_embeds
DEBUG: build_embeds succeeded
DEBUG: bs = 2
DEBUG: build_embeds succeeded
DEBUG: bs = 2
DEBUG: About to call build_embeds
DEBUG: About to call build_embeds
DEBUG: build_embeds succeeded
DEBUG: bs = 2
DEBUG: build_embeds succeeded
DEBUG: bs = 2
DEBUG: About to call build_embeds
DEBUG: About to call build_embeds
DEBUG: build_embeds succeeded
DEBUG: bs = 2
DEBUG: build_embeds succeeded
DEBUG: bs = 2
DEBUG: About to call build_embeds
DEBUG: About to call build_embeds
DEBUG: build_embeds succeeded
DEBUG: bs = 2
DEBUG: build_embeds succeeded
DEBUG: bs = 2
DEBUG: About to call build_embeds
DEBUG: About to call build_embeds
DEBUG: build_embeds succeeded
DEBUG: bs = 2
DEBUG: build_embeds succeeded
DEBUG: bs = 2
DEBUG: About to call build_embeds
DEBUG: About to call build_embeds
DEBUG: build_embeds succeeded
DEBUG: bs = 2
DEBUG: build_embeds succeeded
DEBUG: bs = 2
DEBUG: About to call build_embeds
DEBUG: About to call build_embeds
DEBUG: build_embeds succeeded
DEBUG: bs = 2
DEBUG: build_embeds succeeded
DEBUG: bs = 2
DEBUG: About to call build_embeds
DEBUG: About to call build_embeds
DEBUG: build_embeds succeeded
DEBUG: bs = 2
DEBUG: build_embeds succeeded
DEBUG: bs = 2
DEBUG: About to call build_embeds
DEBUG: About to call build_embeds
DEBUG: build_embeds succeeded
DEBUG: bs = 2
DEBUG: build_embeds succeeded
DEBUG: bs = 2
DEBUG: About to call build_embeds
DEBUG: About to call build_embeds
DEBUG: build_embeds succeeded
DEBUG: bs = 2
DEBUG: build_embeds succeeded
DEBUG: bs = 2
DEBUG: About to call build_embeds
DEBUG: About to call build_embeds
DEBUG: build_embeds succeeded
DEBUG: bs = 2
DEBUG: build_embeds succeeded
DEBUG: bs = 2
DEBUG: About to call build_embeds
DEBUG: About to call build_embeds
DEBUG: build_embeds succeeded
DEBUG: bs = 2
DEBUG: build_embeds succeeded
DEBUG: bs = 2
DEBUG: About to call build_embeds
DEBUG: About to call build_embeds
DEBUG: build_embeds succeeded
DEBUG: bs = 2
DEBUG: build_embeds succeeded
DEBUG: bs = 2
DEBUG: About to call build_embeds
DEBUG: About to call build_embeds
DEBUG: build_embeds succeeded
DEBUG: bs = 2
DEBUG: build_embeds succeeded
DEBUG: bs = 2
DEBUG: About to call build_embedsDEBUG: About to call build_embeds

DEBUG: build_embeds succeeded
DEBUG: bs = 2
DEBUG: build_embeds succeeded
DEBUG: bs = 2
DEBUG: About to call build_embeds
DEBUG: About to call build_embeds
DEBUG: build_embeds succeeded
DEBUG: bs = 2
DEBUG: build_embeds succeeded
DEBUG: bs = 2
DEBUG: About to call build_embeds
DEBUG: About to call build_embeds
DEBUG: build_embeds succeeded
DEBUG: bs = 2
DEBUG: build_embeds succeeded
DEBUG: bs = 2
DEBUG: About to call build_embeds
DEBUG: About to call build_embeds
DEBUG: build_embeds succeeded
DEBUG: bs = 2
DEBUG: build_embeds succeeded
DEBUG: bs = 2
DEBUG: About to call build_embeds
DEBUG: About to call build_embeds
DEBUG: build_embeds succeeded
DEBUG: bs = 2
DEBUG: build_embeds succeeded
DEBUG: bs = 2
DEBUG: About to call build_embeds
DEBUG: About to call build_embeds
DEBUG: build_embeds succeeded
DEBUG: bs = 2
DEBUG: build_embeds succeeded
DEBUG: bs = 2
DEBUG: About to call build_embeds
DEBUG: About to call build_embeds
DEBUG: build_embeds succeeded
DEBUG: bs = 2
DEBUG: build_embeds succeeded
DEBUG: bs = 2
DEBUG: About to call build_embeds
DEBUG: About to call build_embeds
DEBUG: build_embeds succeeded
DEBUG: bs = 2
DEBUG: build_embeds succeeded
DEBUG: bs = 2
DEBUG: About to call build_embeds
DEBUG: About to call build_embeds
DEBUG: build_embeds succeeded
DEBUG: bs = 2
DEBUG: build_embeds succeeded
DEBUG: bs = 2
DEBUG: About to call build_embeds
DEBUG: About to call build_embeds
DEBUG: build_embeds succeeded
DEBUG: bs = 2
DEBUG: build_embeds succeeded
DEBUG: bs = 2
DEBUG: About to call build_embeds
DEBUG: About to call build_embeds
DEBUG: build_embeds succeeded
DEBUG: bs = 2
DEBUG: build_embeds succeeded
DEBUG: bs = 2
DEBUG: About to call build_embeds
DEBUG: About to call build_embeds
DEBUG: build_embeds succeeded
DEBUG: bs = 2
DEBUG: build_embeds succeeded
DEBUG: bs = 2
DEBUG: About to call build_embeds
DEBUG: About to call build_embeds
DEBUG: build_embeds succeeded
DEBUG: bs = 2
DEBUG: build_embeds succeeded
DEBUG: bs = 2
DEBUG: About to call build_embeds
DEBUG: About to call build_embeds
DEBUG: build_embeds succeeded
DEBUG: bs = 2
DEBUG: build_embeds succeeded
DEBUG: bs = 2
DEBUG: About to call build_embeds
DEBUG: About to call build_embeds
DEBUG: build_embeds succeeded
DEBUG: bs = 2
DEBUG: build_embeds succeeded
DEBUG: bs = 2
DEBUG: About to call build_embedsDEBUG: About to call build_embeds

DEBUG: build_embeds succeeded
DEBUG: bs = 2
DEBUG: build_embeds succeeded
DEBUG: bs = 2
DEBUG: About to call build_embeds
DEBUG: About to call build_embeds
DEBUG: build_embeds succeeded
DEBUG: bs = 2
DEBUG: build_embeds succeeded
DEBUG: bs = 2
DEBUG: About to call build_embeds
DEBUG: About to call build_embeds
DEBUG: build_embeds succeeded
DEBUG: bs = 2
DEBUG: build_embeds succeeded
DEBUG: bs = 2
DEBUG: About to call build_embeds
DEBUG: About to call build_embeds
DEBUG: build_embeds succeeded
DEBUG: bs = 2
DEBUG: build_embeds succeeded
DEBUG: bs = 2
DEBUG: About to call build_embeds
DEBUG: About to call build_embeds
DEBUG: build_embeds succeeded
DEBUG: bs = 2
DEBUG: build_embeds succeeded
DEBUG: bs = 2
DEBUG: About to call build_embeds
DEBUG: About to call build_embeds
DEBUG: build_embeds succeeded
DEBUG: bs = 2
DEBUG: build_embeds succeeded
DEBUG: bs = 2
DEBUG: About to call build_embeds
DEBUG: About to call build_embeds
DEBUG: build_embeds succeeded
DEBUG: bs = 2
DEBUG: build_embeds succeeded
DEBUG: bs = 2
DEBUG: About to call build_embeds
DEBUG: About to call build_embeds
DEBUG: build_embeds succeeded
DEBUG: bs = 2
DEBUG: build_embeds succeeded
DEBUG: bs = 2
DEBUG: About to call build_embeds
DEBUG: About to call build_embeds
DEBUG: build_embeds succeeded
DEBUG: bs = 2
DEBUG: build_embeds succeeded
DEBUG: bs = 2
DEBUG: About to call build_embeds
DEBUG: About to call build_embeds
DEBUG: build_embeds succeeded
DEBUG: bs = 2
DEBUG: build_embeds succeeded
DEBUG: bs = 2
DEBUG: About to call build_embeds
DEBUG: About to call build_embeds
DEBUG: build_embeds succeeded
DEBUG: bs = 2
DEBUG: build_embeds succeeded
DEBUG: bs = 2
DEBUG: About to call build_embeds
DEBUG: About to call build_embeds
DEBUG: build_embeds succeeded
DEBUG: bs = 2
DEBUG: build_embeds succeeded
DEBUG: bs = 2
DEBUG: About to call build_embeds
DEBUG: About to call build_embeds
DEBUG: build_embeds succeeded
DEBUG: bs = 2
DEBUG: build_embeds succeeded
DEBUG: bs = 2
DEBUG: About to call build_embeds
DEBUG: About to call build_embeds
DEBUG: build_embeds succeeded
DEBUG: bs = 2
DEBUG: build_embeds succeeded
DEBUG: bs = 2
DEBUG: About to call build_embeds
DEBUG: About to call build_embeds
DEBUG: build_embeds succeeded
DEBUG: bs = 2
DEBUG: build_embeds succeeded
DEBUG: bs = 2
DEBUG: About to call build_embeds
DEBUG: About to call build_embeds
DEBUG: build_embeds succeeded
DEBUG: bs = 2
DEBUG: build_embeds succeeded
DEBUG: bs = 2
DEBUG: About to call build_embeds
DEBUG: About to call build_embeds
DEBUG: build_embeds succeeded
DEBUG: bs = 2
DEBUG: build_embeds succeeded
DEBUG: bs = 2
DEBUG: About to call build_embeds
DEBUG: About to call build_embeds
DEBUG: build_embeds succeeded
DEBUG: bs = 2
DEBUG: build_embeds succeeded
DEBUG: bs = 2
DEBUG: About to call build_embeds
DEBUG: About to call build_embeds
DEBUG: build_embeds succeeded
DEBUG: bs = 2
DEBUG: build_embeds succeeded
DEBUG: bs = 2
DEBUG: About to call build_embeds
DEBUG: About to call build_embeds
DEBUG: build_embeds succeeded
DEBUG: bs = 2
DEBUG: build_embeds succeeded
DEBUG: bs = 2
DEBUG: About to call build_embeds
DEBUG: About to call build_embeds
DEBUG: build_embeds succeeded
DEBUG: bs = 2
DEBUG: build_embeds succeeded
DEBUG: bs = 2
DEBUG: About to call build_embeds
DEBUG: About to call build_embeds
DEBUG: build_embeds succeeded
DEBUG: bs = 2
DEBUG: build_embeds succeeded
DEBUG: bs = 2
DEBUG: About to call build_embeds
DEBUG: About to call build_embeds
DEBUG: build_embeds succeeded
DEBUG: bs = 2
DEBUG: build_embeds succeeded
DEBUG: bs = 2
DEBUG: About to call build_embeds
DEBUG: About to call build_embeds
DEBUG: build_embeds succeeded
DEBUG: bs = 2
DEBUG: build_embeds succeeded
DEBUG: bs = 2
DEBUG: About to call build_embeds
DEBUG: About to call build_embeds
DEBUG: build_embeds succeeded
DEBUG: bs = 2
DEBUG: build_embeds succeeded
DEBUG: bs = 2
DEBUG: About to call build_embeds
DEBUG: About to call build_embeds
DEBUG: build_embeds succeeded
DEBUG: bs = 2
DEBUG: build_embeds succeeded
DEBUG: bs = 2
{'target_metric': 0.3325, 'sentence_sim': 0.8087087464332581, 'cider': 2.5241554357586087, 'bleu': 0.24077763485469125, 'meteor': 0.2921107958953826, 'rouge': 0.5911777842007097}
{'target_metric': 0.3325, 'sentence_sim': 0.8087087464332581, 'cider': 2.5241554357586087, 'bleu': 0.24077763485469125, 'meteor': 0.2921107958953826, 'rouge': 0.5911777842007097}
DEBUG: About to call build_embeds
DEBUG: About to call build_embeds
DEBUG: build_embeds succeeded
DEBUG: bs = 2
DEBUG: build_embeds succeeded
DEBUG: bs = 2
DEBUG: About to call build_embeds
DEBUG: About to call build_embeds
DEBUG: build_embeds succeeded
DEBUG: bs = 2
DEBUG: build_embeds succeeded
DEBUG: bs = 2
DEBUG: About to call build_embeds
DEBUG: About to call build_embeds
DEBUG: build_embeds succeeded
DEBUG: bs = 2
DEBUG: build_embeds succeeded
DEBUG: bs = 2
DEBUG: About to call build_embeds
DEBUG: About to call build_embeds
DEBUG: build_embeds succeeded
DEBUG: bs = 2
DEBUG: build_embeds succeeded
DEBUG: bs = 2
DEBUG: About to call build_embeds
DEBUG: About to call build_embeds
DEBUG: build_embeds succeeded
DEBUG: bs = 2
DEBUG: build_embeds succeeded
DEBUG: bs = 2
DEBUG: About to call build_embeds
DEBUG: About to call build_embeds
DEBUG: build_embeds succeeded
DEBUG: bs = 2
DEBUG: build_embeds succeeded
DEBUG: bs = 2
DEBUG: About to call build_embedsDEBUG: About to call build_embeds

DEBUG: build_embeds succeeded
DEBUG: bs = 2
DEBUG: build_embeds succeeded
DEBUG: bs = 2
DEBUG: About to call build_embedsDEBUG: About to call build_embeds

DEBUG: build_embeds succeeded
DEBUG: bs = 2
DEBUG: build_embeds succeeded
DEBUG: bs = 2
DEBUG: About to call build_embedsDEBUG: About to call build_embeds

DEBUG: build_embeds succeeded
DEBUG: bs = 2
DEBUG: build_embeds succeeded
DEBUG: bs = 2
DEBUG: About to call build_embeds
DEBUG: About to call build_embeds
DEBUG: build_embeds succeeded
DEBUG: bs = 2
DEBUG: build_embeds succeeded
DEBUG: bs = 2
DEBUG: About to call build_embeds
DEBUG: About to call build_embeds
DEBUG: build_embeds succeeded
DEBUG: bs = 2
DEBUG: build_embeds succeeded
DEBUG: bs = 2
DEBUG: About to call build_embeds
DEBUG: About to call build_embeds
DEBUG: build_embeds succeeded
DEBUG: bs = 2
DEBUG: build_embeds succeeded
DEBUG: bs = 2
DEBUG: About to call build_embeds
DEBUG: About to call build_embeds
DEBUG: build_embeds succeeded
DEBUG: bs = 2
DEBUG: build_embeds succeeded
DEBUG: bs = 2
DEBUG: About to call build_embeds
DEBUG: About to call build_embeds
DEBUG: build_embeds succeeded
DEBUG: bs = 2
DEBUG: build_embeds succeeded
DEBUG: bs = 2
DEBUG: About to call build_embeds
DEBUG: About to call build_embeds
DEBUG: build_embeds succeeded
DEBUG: bs = 2
DEBUG: build_embeds succeeded
DEBUG: bs = 2
DEBUG: About to call build_embeds
DEBUG: About to call build_embeds
DEBUG: build_embeds succeeded
DEBUG: bs = 2
DEBUG: build_embeds succeeded
DEBUG: bs = 2
DEBUG: About to call build_embeds
DEBUG: About to call build_embeds
DEBUG: build_embeds succeeded
DEBUG: bs = 2
DEBUG: build_embeds succeeded
DEBUG: bs = 2
DEBUG: About to call build_embedsDEBUG: About to call build_embeds

DEBUG: build_embeds succeeded
DEBUG: bs = 2
DEBUG: build_embeds succeeded
DEBUG: bs = 2
DEBUG: About to call build_embedsDEBUG: About to call build_embeds

DEBUG: build_embeds succeeded
DEBUG: bs = 2
DEBUG: build_embeds succeeded
DEBUG: bs = 2
DEBUG: About to call build_embeds
DEBUG: About to call build_embeds
DEBUG: build_embeds succeeded
DEBUG: bs = 2
DEBUG: build_embeds succeeded
DEBUG: bs = 2
DEBUG: About to call build_embeds
DEBUG: About to call build_embeds
DEBUG: build_embeds succeeded
DEBUG: bs = 2
DEBUG: build_embeds succeeded
DEBUG: bs = 2
DEBUG: About to call build_embeds
DEBUG: About to call build_embeds
DEBUG: build_embeds succeeded
DEBUG: bs = 2
DEBUG: build_embeds succeeded
DEBUG: bs = 2
DEBUG: About to call build_embeds
DEBUG: About to call build_embeds
DEBUG: build_embeds succeeded
DEBUG: bs = 2
DEBUG: build_embeds succeeded
DEBUG: bs = 2
DEBUG: About to call build_embeds
DEBUG: About to call build_embeds
DEBUG: build_embeds succeeded
DEBUG: bs = 2DEBUG: build_embeds succeeded

DEBUG: bs = 2
DEBUG: About to call build_embeds
DEBUG: About to call build_embeds
DEBUG: build_embeds succeeded
DEBUG: bs = 2
DEBUG: build_embeds succeeded
DEBUG: bs = 2
DEBUG: About to call build_embeds
DEBUG: About to call build_embeds
DEBUG: build_embeds succeeded
DEBUG: bs = 2
DEBUG: build_embeds succeeded
DEBUG: bs = 2
DEBUG: About to call build_embeds
DEBUG: About to call build_embeds
DEBUG: build_embeds succeeded
DEBUG: bs = 2
DEBUG: build_embeds succeeded
DEBUG: bs = 2
DEBUG: About to call build_embeds
DEBUG: About to call build_embeds
DEBUG: build_embeds succeeded
DEBUG: bs = 2
DEBUG: build_embeds succeeded
DEBUG: bs = 2
DEBUG: About to call build_embeds
DEBUG: About to call build_embeds
DEBUG: build_embeds succeeded
DEBUG: bs = 2
DEBUG: build_embeds succeeded
DEBUG: bs = 2
DEBUG: About to call build_embeds
DEBUG: About to call build_embeds
DEBUG: build_embeds succeeded
DEBUG: bs = 2
DEBUG: build_embeds succeeded
DEBUG: bs = 2
DEBUG: About to call build_embeds
DEBUG: About to call build_embeds
DEBUG: build_embeds succeeded
DEBUG: bs = 2
DEBUG: build_embeds succeeded
DEBUG: bs = 2
DEBUG: About to call build_embeds
DEBUG: About to call build_embeds
DEBUG: build_embeds succeeded
DEBUG: bs = 2
DEBUG: build_embeds succeeded
DEBUG: bs = 2
DEBUG: About to call build_embeds
DEBUG: About to call build_embeds
DEBUG: build_embeds succeeded
DEBUG: bs = 2
DEBUG: build_embeds succeeded
DEBUG: bs = 2
DEBUG: About to call build_embeds
DEBUG: About to call build_embeds
DEBUG: build_embeds succeeded
DEBUG: bs = 2
DEBUG: build_embeds succeeded
DEBUG: bs = 2
DEBUG: About to call build_embeds
DEBUG: About to call build_embeds
DEBUG: build_embeds succeeded
DEBUG: bs = 2
DEBUG: build_embeds succeeded
DEBUG: bs = 2
DEBUG: About to call build_embeds
DEBUG: About to call build_embeds
DEBUG: build_embeds succeeded
DEBUG: bs = 2
DEBUG: build_embeds succeeded
DEBUG: bs = 2
DEBUG: About to call build_embeds
DEBUG: About to call build_embeds
DEBUG: build_embeds succeeded
DEBUG: bs = 2
DEBUG: build_embeds succeeded
DEBUG: bs = 2
DEBUG: About to call build_embeds
DEBUG: About to call build_embeds
DEBUG: build_embeds succeeded
DEBUG: bs = 2
DEBUG: build_embeds succeeded
DEBUG: bs = 2
DEBUG: About to call build_embeds
DEBUG: About to call build_embeds
DEBUG: build_embeds succeeded
DEBUG: bs = 2
DEBUG: build_embeds succeeded
DEBUG: bs = 2
DEBUG: About to call build_embeds
DEBUG: About to call build_embeds
DEBUG: build_embeds succeeded
DEBUG: bs = 2
DEBUG: build_embeds succeeded
DEBUG: bs = 2
DEBUG: About to call build_embeds
DEBUG: About to call build_embeds
DEBUG: build_embeds succeeded
DEBUG: bs = 2
DEBUG: build_embeds succeeded
DEBUG: bs = 2
DEBUG: About to call build_embeds
DEBUG: About to call build_embeds
DEBUG: build_embeds succeeded
DEBUG: bs = 2
DEBUG: build_embeds succeeded
DEBUG: bs = 2
DEBUG: About to call build_embeds
DEBUG: About to call build_embeds
DEBUG: build_embeds succeeded
DEBUG: bs = 2
DEBUG: build_embeds succeeded
DEBUG: bs = 2
DEBUG: About to call build_embeds
DEBUG: About to call build_embeds
DEBUG: build_embeds succeeded
DEBUG: bs = 2
DEBUG: build_embeds succeeded
DEBUG: bs = 2
DEBUG: About to call build_embedsDEBUG: About to call build_embeds

DEBUG: build_embeds succeeded
DEBUG: bs = 2
DEBUG: build_embeds succeeded
DEBUG: bs = 2
DEBUG: About to call build_embeds
DEBUG: About to call build_embeds
DEBUG: build_embeds succeeded
DEBUG: bs = 2
DEBUG: build_embeds succeeded
DEBUG: bs = 2
DEBUG: About to call build_embeds
DEBUG: About to call build_embeds
DEBUG: build_embeds succeeded
DEBUG: bs = 2
DEBUG: build_embeds succeeded
DEBUG: bs = 2
DEBUG: About to call build_embeds
DEBUG: About to call build_embeds
DEBUG: build_embeds succeeded
DEBUG: bs = 2
DEBUG: build_embeds succeeded
DEBUG: bs = 2
DEBUG: About to call build_embeds
DEBUG: About to call build_embeds
DEBUG: build_embeds succeeded
DEBUG: bs = 2
DEBUG: build_embeds succeeded
DEBUG: bs = 2
DEBUG: About to call build_embeds
DEBUG: About to call build_embeds
DEBUG: build_embeds succeeded
DEBUG: bs = 2
DEBUG: build_embeds succeeded
DEBUG: bs = 2
DEBUG: About to call build_embeds
DEBUG: About to call build_embeds
DEBUG: build_embeds succeeded
DEBUG: bs = 2
DEBUG: build_embeds succeeded
DEBUG: bs = 2
DEBUG: About to call build_embeds
DEBUG: About to call build_embeds
DEBUG: build_embeds succeeded
DEBUG: bs = 2
DEBUG: build_embeds succeeded
DEBUG: bs = 2
DEBUG: About to call build_embeds
DEBUG: About to call build_embeds
DEBUG: build_embeds succeeded
DEBUG: bs = 2
DEBUG: build_embeds succeeded
DEBUG: bs = 2
DEBUG: About to call build_embeds
DEBUG: About to call build_embeds
DEBUG: build_embeds succeeded
DEBUG: bs = 2
DEBUG: build_embeds succeeded
DEBUG: bs = 2
DEBUG: About to call build_embeds
DEBUG: About to call build_embeds
DEBUG: build_embeds succeeded
DEBUG: bs = 2
DEBUG: build_embeds succeeded
DEBUG: bs = 2
DEBUG: About to call build_embeds
DEBUG: About to call build_embeds
DEBUG: build_embeds succeeded
DEBUG: bs = 2
DEBUG: build_embeds succeeded
DEBUG: bs = 2
DEBUG: About to call build_embeds
DEBUG: About to call build_embeds
DEBUG: build_embeds succeeded
DEBUG: bs = 2
DEBUG: build_embeds succeeded
DEBUG: bs = 2
DEBUG: About to call build_embeds
DEBUG: About to call build_embeds
DEBUG: build_embeds succeeded
DEBUG: bs = 2
DEBUG: build_embeds succeeded
DEBUG: bs = 2
DEBUG: About to call build_embeds
DEBUG: About to call build_embeds
DEBUG: build_embeds succeeded
DEBUG: bs = 2
DEBUG: build_embeds succeeded
DEBUG: bs = 2
DEBUG: About to call build_embeds
DEBUG: About to call build_embeds
DEBUG: build_embeds succeeded
DEBUG: bs = 2
DEBUG: build_embeds succeeded
DEBUG: bs = 2
DEBUG: About to call build_embeds
DEBUG: About to call build_embeds
DEBUG: build_embeds succeeded
DEBUG: bs = 2
DEBUG: build_embeds succeeded
DEBUG: bs = 2
DEBUG: About to call build_embeds
DEBUG: About to call build_embeds
DEBUG: build_embeds succeeded
DEBUG: bs = 2
DEBUG: build_embeds succeeded
DEBUG: bs = 2
DEBUG: About to call build_embeds
DEBUG: About to call build_embeds
DEBUG: build_embeds succeeded
DEBUG: bs = 2
DEBUG: build_embeds succeeded
DEBUG: bs = 2
DEBUG: About to call build_embeds
DEBUG: About to call build_embeds
DEBUG: build_embeds succeeded
DEBUG: bs = 2
DEBUG: build_embeds succeeded
DEBUG: bs = 2
DEBUG: About to call build_embeds
DEBUG: About to call build_embeds
DEBUG: build_embeds succeeded
DEBUG: bs = 2
DEBUG: build_embeds succeeded
DEBUG: bs = 2
DEBUG: About to call build_embeds
DEBUG: About to call build_embeds
DEBUG: build_embeds succeeded
DEBUG: bs = 2
DEBUG: build_embeds succeeded
DEBUG: bs = 2
DEBUG: About to call build_embeds
DEBUG: About to call build_embeds
DEBUG: build_embeds succeeded
DEBUG: bs = 2
DEBUG: build_embeds succeeded
DEBUG: bs = 2
DEBUG: About to call build_embeds
DEBUG: About to call build_embeds
DEBUG: build_embeds succeeded
DEBUG: bs = 2
DEBUG: build_embeds succeeded
DEBUG: bs = 2
DEBUG: About to call build_embeds
DEBUG: About to call build_embeds
DEBUG: build_embeds succeeded
DEBUG: bs = 2
DEBUG: build_embeds succeeded
DEBUG: bs = 2
DEBUG: About to call build_embeds
DEBUG: About to call build_embeds
DEBUG: build_embeds succeeded
DEBUG: bs = 2
DEBUG: build_embeds succeeded
DEBUG: bs = 2
DEBUG: About to call build_embeds
DEBUG: About to call build_embeds
DEBUG: build_embeds succeeded
DEBUG: bs = 2
DEBUG: build_embeds succeeded
DEBUG: bs = 2
DEBUG: About to call build_embedsDEBUG: About to call build_embeds

DEBUG: build_embeds succeeded
DEBUG: bs = 2
DEBUG: build_embeds succeeded
DEBUG: bs = 2
DEBUG: About to call build_embeds
DEBUG: About to call build_embeds
DEBUG: build_embeds succeeded
DEBUG: bs = 2
DEBUG: build_embeds succeeded
DEBUG: bs = 2
DEBUG: About to call build_embeds
DEBUG: About to call build_embeds
DEBUG: build_embeds succeeded
DEBUG: bs = 2
DEBUG: build_embeds succeeded
DEBUG: bs = 2
DEBUG: About to call build_embedsDEBUG: About to call build_embeds

DEBUG: build_embeds succeeded
DEBUG: bs = 2
DEBUG: build_embeds succeeded
DEBUG: bs = 2
DEBUG: About to call build_embeds
DEBUG: About to call build_embeds
DEBUG: build_embeds succeeded
DEBUG: bs = 2
DEBUG: build_embeds succeeded
DEBUG: bs = 2
DEBUG: About to call build_embeds
DEBUG: About to call build_embeds
DEBUG: build_embeds succeeded
DEBUG: bs = 2
DEBUG: build_embeds succeeded
DEBUG: bs = 2
DEBUG: About to call build_embeds
DEBUG: About to call build_embeds
DEBUG: build_embeds succeeded
DEBUG: bs = 2
DEBUG: build_embeds succeeded
DEBUG: bs = 2
DEBUG: About to call build_embeds
DEBUG: About to call build_embeds
DEBUG: build_embeds succeeded
DEBUG: bs = 2
DEBUG: build_embeds succeeded
DEBUG: bs = 2
DEBUG: About to call build_embeds
DEBUG: About to call build_embeds
DEBUG: build_embeds succeeded
DEBUG: bs = 2
DEBUG: build_embeds succeeded
DEBUG: bs = 2
DEBUG: About to call build_embeds
DEBUG: About to call build_embeds
DEBUG: build_embeds succeeded
DEBUG: bs = 2
DEBUG: build_embeds succeeded
DEBUG: bs = 2
DEBUG: About to call build_embeds
DEBUG: About to call build_embeds
DEBUG: build_embeds succeeded
DEBUG: bs = 2
DEBUG: build_embeds succeeded
DEBUG: bs = 2
DEBUG: About to call build_embeds
DEBUG: About to call build_embeds
DEBUG: build_embeds succeeded
DEBUG: bs = 2
DEBUG: build_embeds succeeded
DEBUG: bs = 2
DEBUG: About to call build_embeds
DEBUG: About to call build_embeds
DEBUG: build_embeds succeeded
DEBUG: bs = 2
DEBUG: build_embeds succeeded
DEBUG: bs = 2
DEBUG: About to call build_embeds
DEBUG: About to call build_embeds
DEBUG: build_embeds succeeded
DEBUG: bs = 2
DEBUG: build_embeds succeeded
DEBUG: bs = 2
DEBUG: About to call build_embeds
DEBUG: About to call build_embeds
DEBUG: build_embeds succeeded
DEBUG: bs = 2
DEBUG: build_embeds succeeded
DEBUG: bs = 2
DEBUG: About to call build_embedsDEBUG: About to call build_embeds

DEBUG: build_embeds succeeded
DEBUG: bs = 2
DEBUG: build_embeds succeeded
DEBUG: bs = 2
DEBUG: About to call build_embeds
DEBUG: About to call build_embeds
DEBUG: build_embeds succeeded
DEBUG: bs = 2
DEBUG: build_embeds succeeded
DEBUG: bs = 2
DEBUG: About to call build_embedsDEBUG: About to call build_embeds

DEBUG: build_embeds succeeded
DEBUG: bs = 2
DEBUG: build_embeds succeeded
DEBUG: bs = 2
DEBUG: About to call build_embeds
DEBUG: About to call build_embeds
DEBUG: build_embeds succeeded
DEBUG: bs = 2
DEBUG: build_embeds succeeded
DEBUG: bs = 2
DEBUG: About to call build_embeds
DEBUG: About to call build_embeds
DEBUG: build_embeds succeeded
DEBUG: bs = 2
DEBUG: build_embeds succeeded
DEBUG: bs = 2
DEBUG: About to call build_embeds
DEBUG: About to call build_embeds
DEBUG: build_embeds succeeded
DEBUG: bs = 2
DEBUG: build_embeds succeeded
DEBUG: bs = 2
DEBUG: About to call build_embeds
DEBUG: About to call build_embeds
DEBUG: build_embeds succeeded
DEBUG: bs = 2
DEBUG: build_embeds succeeded
DEBUG: bs = 2
DEBUG: About to call build_embeds
DEBUG: About to call build_embeds
DEBUG: build_embeds succeeded
DEBUG: bs = 2
DEBUG: build_embeds succeeded
DEBUG: bs = 2
DEBUG: About to call build_embeds
DEBUG: About to call build_embeds
DEBUG: build_embeds succeeded
DEBUG: bs = 2
DEBUG: build_embeds succeeded
DEBUG: bs = 2
DEBUG: About to call build_embeds
DEBUG: About to call build_embeds
DEBUG: build_embeds succeeded
DEBUG: bs = 2
DEBUG: build_embeds succeeded
DEBUG: bs = 2
DEBUG: About to call build_embeds
DEBUG: About to call build_embeds
DEBUG: build_embeds succeeded
DEBUG: bs = 2
DEBUG: build_embeds succeeded
DEBUG: bs = 2
DEBUG: About to call build_embeds
DEBUG: About to call build_embeds
DEBUG: build_embeds succeeded
DEBUG: bs = 2
DEBUG: build_embeds succeeded
DEBUG: bs = 2
DEBUG: About to call build_embeds
DEBUG: About to call build_embeds
DEBUG: build_embeds succeeded
DEBUG: build_embeds succeeded
DEBUG: bs = 2
DEBUG: bs = 2
DEBUG: About to call build_embeds
DEBUG: About to call build_embeds
DEBUG: build_embeds succeeded
DEBUG: bs = 2
DEBUG: build_embeds succeeded
DEBUG: bs = 2
{'target_metric': 0.4375, 'sentence_sim': 0.8197631949186325, 'cider': 2.133978885329723, 'bleu': 0.29252300972158574, 'meteor': 0.3236654965484752, 'rouge': 0.6099552702265386}
{'target_metric': 0.4375, 'sentence_sim': 0.8197631949186325, 'cider': 2.133978885329723, 'bleu': 0.29252300972158574, 'meteor': 0.3236654965484752, 'rouge': 0.6099552702265386}
[Epoch 4] finished eval, is_best: False
DEBUG: About to call build_embeds
DEBUG: build_embeds succeeded
DEBUG: bs = 2
DEBUG: About to call build_embeds
DEBUG: build_embeds succeeded
DEBUG: bs = 2
DEBUG: About to call build_embeds
DEBUG: About to call build_embeds
DEBUG: build_embeds succeeded
DEBUG: bs = 2
DEBUG: build_embeds succeeded
DEBUG: bs = 2
DEBUG: About to call build_embeds
DEBUG: About to call build_embeds
DEBUG: build_embeds succeeded
DEBUG: bs = 2
DEBUG: build_embeds succeeded
DEBUG: bs = 2
DEBUG: About to call build_embedsDEBUG: About to call build_embeds

DEBUG: build_embeds succeeded
DEBUG: bs = 2
DEBUG: build_embeds succeeded
DEBUG: bs = 2
DEBUG: About to call build_embeds
DEBUG: About to call build_embeds
DEBUG: build_embeds succeeded
DEBUG: bs = 2
DEBUG: build_embeds succeeded
DEBUG: bs = 2
DEBUG: About to call build_embeds
DEBUG: About to call build_embeds
DEBUG: build_embeds succeeded
DEBUG: bs = 2
DEBUG: build_embeds succeeded
DEBUG: bs = 2
DEBUG: About to call build_embeds
DEBUG: About to call build_embeds
DEBUG: build_embeds succeeded
DEBUG: bs = 2
DEBUG: build_embeds succeeded
DEBUG: bs = 2
DEBUG: About to call build_embeds
DEBUG: About to call build_embeds
DEBUG: build_embeds succeeded
DEBUG: bs = 2
DEBUG: build_embeds succeeded
DEBUG: bs = 2
DEBUG: About to call build_embeds
DEBUG: About to call build_embeds
DEBUG: build_embeds succeeded
DEBUG: bs = 2
DEBUG: build_embeds succeeded
DEBUG: bs = 2
DEBUG: About to call build_embeds
DEBUG: About to call build_embeds
DEBUG: build_embeds succeeded
DEBUG: bs = 2
DEBUG: build_embeds succeeded
DEBUG: bs = 2
DEBUG: About to call build_embeds
DEBUG: About to call build_embeds
DEBUG: build_embeds succeeded
DEBUG: bs = 2
DEBUG: build_embeds succeeded
DEBUG: bs = 2
DEBUG: About to call build_embeds
DEBUG: About to call build_embeds
DEBUG: build_embeds succeeded
DEBUG: bs = 2
DEBUG: build_embeds succeeded
DEBUG: bs = 2
DEBUG: About to call build_embeds
DEBUG: About to call build_embeds
DEBUG: build_embeds succeeded
DEBUG: bs = 2
DEBUG: build_embeds succeeded
DEBUG: bs = 2
DEBUG: About to call build_embeds
DEBUG: About to call build_embeds
DEBUG: build_embeds succeeded
DEBUG: bs = 2
DEBUG: build_embeds succeeded
DEBUG: bs = 2
DEBUG: About to call build_embeds
DEBUG: About to call build_embeds
DEBUG: build_embeds succeeded
DEBUG: bs = 2DEBUG: build_embeds succeeded
DEBUG: bs = 2

DEBUG: About to call build_embeds
DEBUG: About to call build_embeds
DEBUG: build_embeds succeeded
DEBUG: bs = 2
DEBUG: build_embeds succeeded
DEBUG: bs = 2
DEBUG: About to call build_embeds
DEBUG: About to call build_embeds
DEBUG: build_embeds succeeded
DEBUG: bs = 2
DEBUG: build_embeds succeeded
DEBUG: bs = 2
DEBUG: About to call build_embeds
DEBUG: About to call build_embeds
DEBUG: build_embeds succeeded
DEBUG: bs = 2
DEBUG: build_embeds succeeded
DEBUG: bs = 2
DEBUG: About to call build_embeds
DEBUG: About to call build_embeds
DEBUG: build_embeds succeeded
DEBUG: bs = 2
DEBUG: build_embeds succeeded
DEBUG: bs = 2
DEBUG: About to call build_embeds
DEBUG: About to call build_embeds
DEBUG: build_embeds succeeded
DEBUG: bs = 2
DEBUG: build_embeds succeeded
DEBUG: bs = 2
DEBUG: About to call build_embeds
DEBUG: About to call build_embeds
DEBUG: build_embeds succeeded
DEBUG: bs = 2
DEBUG: build_embeds succeeded
DEBUG: bs = 2
DEBUG: About to call build_embeds
DEBUG: About to call build_embeds
DEBUG: build_embeds succeeded
DEBUG: bs = 2
DEBUG: build_embeds succeeded
DEBUG: bs = 2
DEBUG: About to call build_embedsDEBUG: About to call build_embeds

DEBUG: build_embeds succeeded
DEBUG: bs = 2
DEBUG: build_embeds succeeded
DEBUG: bs = 2
DEBUG: About to call build_embeds
DEBUG: About to call build_embeds
DEBUG: build_embeds succeeded
DEBUG: bs = 2
DEBUG: build_embeds succeeded
DEBUG: bs = 2
DEBUG: About to call build_embeds
DEBUG: About to call build_embeds
DEBUG: build_embeds succeeded
DEBUG: bs = 2
DEBUG: build_embeds succeeded
DEBUG: bs = 2
DEBUG: About to call build_embeds
DEBUG: About to call build_embeds
DEBUG: build_embeds succeeded
DEBUG: bs = 2
DEBUG: build_embeds succeeded
DEBUG: bs = 2
DEBUG: About to call build_embedsDEBUG: About to call build_embeds

DEBUG: build_embeds succeeded
DEBUG: bs = 2
DEBUG: build_embeds succeeded
DEBUG: bs = 2
DEBUG: About to call build_embeds
DEBUG: About to call build_embeds
DEBUG: build_embeds succeeded
DEBUG: bs = 2
DEBUG: build_embeds succeeded
DEBUG: bs = 2
DEBUG: About to call build_embeds
DEBUG: About to call build_embeds
DEBUG: build_embeds succeeded
DEBUG: bs = 2
DEBUG: build_embeds succeeded
DEBUG: bs = 2
DEBUG: About to call build_embedsDEBUG: About to call build_embeds

DEBUG: build_embeds succeeded
DEBUG: bs = 2
DEBUG: build_embeds succeeded
DEBUG: bs = 2
DEBUG: About to call build_embeds
DEBUG: About to call build_embeds
DEBUG: build_embeds succeeded
DEBUG: bs = 2
DEBUG: build_embeds succeeded
DEBUG: bs = 2
DEBUG: About to call build_embeds
DEBUG: About to call build_embeds
DEBUG: build_embeds succeeded
DEBUG: bs = 2
DEBUG: build_embeds succeeded
DEBUG: bs = 2
DEBUG: About to call build_embeds
DEBUG: About to call build_embeds
DEBUG: build_embeds succeeded
DEBUG: bs = 2
DEBUG: build_embeds succeeded
DEBUG: bs = 2
DEBUG: About to call build_embeds
DEBUG: About to call build_embeds
DEBUG: build_embeds succeeded
DEBUG: bs = 2
DEBUG: build_embeds succeeded
DEBUG: bs = 2
DEBUG: About to call build_embeds
DEBUG: About to call build_embeds
DEBUG: build_embeds succeeded
DEBUG: bs = 2
DEBUG: build_embeds succeeded
DEBUG: bs = 2
DEBUG: About to call build_embedsDEBUG: About to call build_embeds

DEBUG: build_embeds succeeded
DEBUG: bs = 2
DEBUG: build_embeds succeeded
DEBUG: bs = 2
DEBUG: About to call build_embedsDEBUG: About to call build_embeds

DEBUG: build_embeds succeeded
DEBUG: bs = 2
DEBUG: build_embeds succeeded
DEBUG: bs = 2
DEBUG: About to call build_embeds
DEBUG: About to call build_embeds
DEBUG: build_embeds succeeded
DEBUG: bs = 2
DEBUG: build_embeds succeeded
DEBUG: bs = 2
DEBUG: About to call build_embeds
DEBUG: About to call build_embeds
DEBUG: build_embeds succeeded
DEBUG: bs = 2
DEBUG: build_embeds succeeded
DEBUG: bs = 2
DEBUG: About to call build_embeds
DEBUG: About to call build_embeds
DEBUG: build_embeds succeeded
DEBUG: bs = 2
DEBUG: build_embeds succeeded
DEBUG: bs = 2
DEBUG: About to call build_embeds
DEBUG: About to call build_embeds
DEBUG: build_embeds succeeded
DEBUG: bs = 2
DEBUG: build_embeds succeeded
DEBUG: bs = 2
DEBUG: About to call build_embeds
DEBUG: About to call build_embeds
DEBUG: build_embeds succeeded
DEBUG: bs = 2
DEBUG: build_embeds succeeded
DEBUG: bs = 2
DEBUG: About to call build_embeds
DEBUG: About to call build_embeds
DEBUG: build_embeds succeeded
DEBUG: bs = 2
DEBUG: build_embeds succeeded
DEBUG: bs = 2
DEBUG: About to call build_embeds
DEBUG: About to call build_embeds
DEBUG: build_embeds succeeded
DEBUG: bs = 2
DEBUG: build_embeds succeeded
DEBUG: bs = 2
DEBUG: About to call build_embeds
DEBUG: About to call build_embeds
DEBUG: build_embeds succeeded
DEBUG: bs = 2
DEBUG: build_embeds succeeded
DEBUG: bs = 2
DEBUG: About to call build_embeds
DEBUG: About to call build_embeds
DEBUG: build_embeds succeeded
DEBUG: bs = 2
DEBUG: build_embeds succeeded
DEBUG: bs = 2
DEBUG: About to call build_embeds
DEBUG: About to call build_embeds
DEBUG: build_embeds succeeded
DEBUG: bs = 2
DEBUG: build_embeds succeeded
DEBUG: bs = 2
DEBUG: About to call build_embeds
DEBUG: About to call build_embeds
DEBUG: build_embeds succeeded
DEBUG: bs = 2
DEBUG: build_embeds succeeded
DEBUG: bs = 2
DEBUG: About to call build_embeds
DEBUG: About to call build_embeds
DEBUG: build_embeds succeeded
DEBUG: bs = 2
DEBUG: build_embeds succeeded
DEBUG: bs = 2
DEBUG: About to call build_embeds
DEBUG: About to call build_embeds
DEBUG: build_embeds succeeded
DEBUG: bs = 2
DEBUG: build_embeds succeeded
DEBUG: bs = 2
DEBUG: About to call build_embeds
DEBUG: About to call build_embeds
DEBUG: build_embeds succeeded
DEBUG: bs = 2
DEBUG: build_embeds succeeded
DEBUG: bs = 2
DEBUG: About to call build_embeds
DEBUG: About to call build_embeds
DEBUG: build_embeds succeeded
DEBUG: bs = 2
DEBUG: build_embeds succeeded
DEBUG: bs = 2
DEBUG: About to call build_embeds
DEBUG: About to call build_embeds
DEBUG: build_embeds succeeded
DEBUG: bs = 2
DEBUG: build_embeds succeeded
DEBUG: bs = 2
DEBUG: About to call build_embeds
DEBUG: About to call build_embeds
DEBUG: build_embeds succeeded
DEBUG: bs = 2
DEBUG: build_embeds succeeded
DEBUG: bs = 2
DEBUG: About to call build_embeds
DEBUG: About to call build_embeds
DEBUG: build_embeds succeeded
DEBUG: bs = 2
DEBUG: build_embeds succeeded
DEBUG: bs = 2
DEBUG: About to call build_embedsDEBUG: About to call build_embeds

DEBUG: build_embeds succeeded
DEBUG: bs = 2
DEBUG: build_embeds succeeded
DEBUG: bs = 2
DEBUG: About to call build_embeds
DEBUG: About to call build_embeds
DEBUG: build_embeds succeeded
DEBUG: bs = 2
DEBUG: build_embeds succeeded
DEBUG: bs = 2
DEBUG: About to call build_embeds
DEBUG: About to call build_embeds
DEBUG: build_embeds succeeded
DEBUG: bs = 2
DEBUG: build_embeds succeeded
DEBUG: bs = 2
DEBUG: About to call build_embeds
DEBUG: About to call build_embeds
DEBUG: build_embeds succeeded
DEBUG: bs = 2
DEBUG: build_embeds succeeded
DEBUG: bs = 2
DEBUG: About to call build_embeds
DEBUG: About to call build_embeds
DEBUG: build_embeds succeeded
DEBUG: bs = 2
DEBUG: build_embeds succeeded
DEBUG: bs = 2
DEBUG: About to call build_embeds
DEBUG: About to call build_embeds
DEBUG: build_embeds succeeded
DEBUG: bs = 2
DEBUG: build_embeds succeeded
DEBUG: bs = 2
DEBUG: About to call build_embeds
DEBUG: About to call build_embeds
DEBUG: build_embeds succeeded
DEBUG: bs = 2
DEBUG: build_embeds succeeded
DEBUG: bs = 2
DEBUG: About to call build_embeds
DEBUG: About to call build_embeds
DEBUG: build_embeds succeeded
DEBUG: bs = 2
DEBUG: build_embeds succeeded
DEBUG: bs = 2
DEBUG: About to call build_embeds
DEBUG: About to call build_embeds
DEBUG: build_embeds succeeded
DEBUG: bs = 2
DEBUG: build_embeds succeeded
DEBUG: bs = 2
DEBUG: About to call build_embeds
DEBUG: About to call build_embeds
DEBUG: build_embeds succeeded
DEBUG: bs = 2
DEBUG: build_embeds succeeded
DEBUG: bs = 2
DEBUG: About to call build_embeds
DEBUG: About to call build_embeds
DEBUG: build_embeds succeeded
DEBUG: bs = 2
DEBUG: build_embeds succeeded
DEBUG: bs = 2
DEBUG: About to call build_embeds
DEBUG: About to call build_embeds
DEBUG: build_embeds succeeded
DEBUG: bs = 2
DEBUG: build_embeds succeeded
DEBUG: bs = 2
DEBUG: About to call build_embeds
DEBUG: About to call build_embeds
DEBUG: build_embeds succeeded
DEBUG: bs = 2
DEBUG: build_embeds succeeded
DEBUG: bs = 2
DEBUG: About to call build_embeds
DEBUG: About to call build_embeds
DEBUG: build_embeds succeeded
DEBUG: bs = 2
DEBUG: build_embeds succeeded
DEBUG: bs = 2
DEBUG: About to call build_embeds
DEBUG: About to call build_embeds
DEBUG: build_embeds succeeded
DEBUG: bs = 2
DEBUG: build_embeds succeeded
DEBUG: bs = 2
DEBUG: About to call build_embeds
DEBUG: About to call build_embeds
DEBUG: build_embeds succeeded
DEBUG: bs = 2
DEBUG: build_embeds succeeded
DEBUG: bs = 2
DEBUG: About to call build_embeds
DEBUG: About to call build_embeds
DEBUG: build_embeds succeeded
DEBUG: bs = 2
DEBUG: build_embeds succeeded
DEBUG: bs = 2
DEBUG: About to call build_embeds
DEBUG: About to call build_embeds
DEBUG: build_embeds succeeded
DEBUG: bs = 2
DEBUG: build_embeds succeeded
DEBUG: bs = 2
DEBUG: About to call build_embeds
DEBUG: About to call build_embeds
DEBUG: build_embeds succeeded
DEBUG: bs = 2
DEBUG: build_embeds succeeded
DEBUG: bs = 2
DEBUG: About to call build_embeds
DEBUG: About to call build_embeds
DEBUG: build_embeds succeeded
DEBUG: bs = 2
DEBUG: build_embeds succeeded
DEBUG: bs = 2
DEBUG: About to call build_embeds
DEBUG: About to call build_embeds
DEBUG: build_embeds succeeded
DEBUG: bs = 2
DEBUG: build_embeds succeeded
DEBUG: bs = 2
DEBUG: About to call build_embeds
DEBUG: About to call build_embeds
DEBUG: build_embeds succeeded
DEBUG: bs = 2
DEBUG: build_embeds succeeded
DEBUG: bs = 2
DEBUG: About to call build_embeds
DEBUG: About to call build_embeds
DEBUG: build_embeds succeeded
DEBUG: bs = 2
DEBUG: build_embeds succeeded
DEBUG: bs = 2
DEBUG: About to call build_embeds
DEBUG: About to call build_embeds
DEBUG: build_embeds succeeded
DEBUG: bs = 2
DEBUG: build_embeds succeeded
DEBUG: bs = 2
DEBUG: About to call build_embeds
DEBUG: About to call build_embeds
DEBUG: build_embeds succeeded
DEBUG: bs = 2
DEBUG: build_embeds succeeded
DEBUG: bs = 2
DEBUG: About to call build_embeds
DEBUG: About to call build_embeds
DEBUG: build_embeds succeeded
DEBUG: bs = 2
DEBUG: build_embeds succeeded
DEBUG: bs = 2
DEBUG: About to call build_embedsDEBUG: About to call build_embeds

DEBUG: build_embeds succeeded
DEBUG: bs = 2
DEBUG: build_embeds succeeded
DEBUG: bs = 2
DEBUG: About to call build_embeds
DEBUG: About to call build_embeds
DEBUG: build_embeds succeeded
DEBUG: bs = 2
DEBUG: build_embeds succeeded
DEBUG: bs = 2
DEBUG: About to call build_embeds
DEBUG: About to call build_embeds
DEBUG: build_embeds succeeded
DEBUG: bs = 2
DEBUG: build_embeds succeeded
DEBUG: bs = 2
DEBUG: About to call build_embeds
DEBUG: About to call build_embeds
DEBUG: build_embeds succeeded
DEBUG: bs = 2
DEBUG: build_embeds succeeded
DEBUG: bs = 2
DEBUG: About to call build_embeds
DEBUG: About to call build_embeds
DEBUG: build_embeds succeeded
DEBUG: bs = 2
DEBUG: build_embeds succeeded
DEBUG: bs = 2
DEBUG: About to call build_embeds
DEBUG: About to call build_embeds
DEBUG: build_embeds succeeded
DEBUG: bs = 2
DEBUG: build_embeds succeeded
DEBUG: bs = 2
DEBUG: About to call build_embeds
DEBUG: About to call build_embeds
DEBUG: build_embeds succeeded
DEBUG: bs = 2
DEBUG: build_embeds succeeded
DEBUG: bs = 2
DEBUG: About to call build_embeds
DEBUG: About to call build_embeds
DEBUG: build_embeds succeeded
DEBUG: bs = 2
DEBUG: build_embeds succeeded
DEBUG: bs = 2
DEBUG: About to call build_embeds
DEBUG: About to call build_embeds
DEBUG: build_embeds succeeded
DEBUG: bs = 2
DEBUG: build_embeds succeeded
DEBUG: bs = 2
DEBUG: About to call build_embeds
DEBUG: About to call build_embeds
DEBUG: build_embeds succeeded
DEBUG: bs = 2
DEBUG: build_embeds succeeded
DEBUG: bs = 2
DEBUG: About to call build_embedsDEBUG: About to call build_embeds

DEBUG: build_embeds succeeded
DEBUG: bs = 2
DEBUG: build_embeds succeeded
DEBUG: bs = 2
DEBUG: About to call build_embeds
DEBUG: About to call build_embeds
DEBUG: build_embeds succeeded
DEBUG: bs = 2
DEBUG: build_embeds succeeded
DEBUG: bs = 2
DEBUG: About to call build_embeds
DEBUG: About to call build_embeds
DEBUG: build_embeds succeeded
DEBUG: bs = 2
DEBUG: build_embeds succeeded
DEBUG: bs = 2
DEBUG: About to call build_embeds
DEBUG: About to call build_embeds
DEBUG: build_embeds succeeded
DEBUG: bs = 2DEBUG: build_embeds succeeded

DEBUG: bs = 2
DEBUG: About to call build_embeds
DEBUG: About to call build_embeds
DEBUG: build_embeds succeeded
DEBUG: bs = 2
DEBUG: build_embeds succeeded
DEBUG: bs = 2
DEBUG: About to call build_embeds
DEBUG: About to call build_embeds
DEBUG: build_embeds succeeded
DEBUG: bs = 2
DEBUG: build_embeds succeeded
DEBUG: bs = 2
DEBUG: About to call build_embeds
DEBUG: About to call build_embeds
DEBUG: build_embeds succeeded
DEBUG: bs = 2
DEBUG: build_embeds succeeded
DEBUG: bs = 2
DEBUG: About to call build_embeds
DEBUG: About to call build_embeds
DEBUG: build_embeds succeeded
DEBUG: bs = 2
DEBUG: build_embeds succeeded
DEBUG: bs = 2
DEBUG: About to call build_embeds
DEBUG: About to call build_embeds
DEBUG: build_embeds succeeded
DEBUG: bs = 2
DEBUG: build_embeds succeeded
DEBUG: bs = 2
{'target_metric': 0.275, 'sentence_sim': 0.7960719323158264, 'cider': 2.543737582566691, 'bleu': 0.311491844262008, 'meteor': 0.3050839293367985, 'rouge': 0.5862958737234691}
{'target_metric': 0.275, 'sentence_sim': 0.7960719323158264, 'cider': 2.543737582566691, 'bleu': 0.311491844262008, 'meteor': 0.3050839293367985, 'rouge': 0.5862958737234691}
DEBUG: About to call build_embeds
DEBUG: About to call build_embeds
DEBUG: build_embeds succeeded
DEBUG: bs = 2
DEBUG: build_embeds succeeded
DEBUG: bs = 2
DEBUG: About to call build_embeds
DEBUG: About to call build_embeds
DEBUG: build_embeds succeeded
DEBUG: bs = 2
DEBUG: build_embeds succeeded
DEBUG: bs = 2
DEBUG: About to call build_embeds
DEBUG: About to call build_embeds
DEBUG: build_embeds succeeded
DEBUG: bs = 2
DEBUG: build_embeds succeeded
DEBUG: bs = 2
DEBUG: About to call build_embeds
DEBUG: About to call build_embeds
DEBUG: build_embeds succeeded
DEBUG: bs = 2
DEBUG: build_embeds succeeded
DEBUG: bs = 2
DEBUG: About to call build_embeds
DEBUG: About to call build_embeds
DEBUG: build_embeds succeeded
DEBUG: bs = 2
DEBUG: build_embeds succeeded
DEBUG: bs = 2
DEBUG: About to call build_embeds
DEBUG: About to call build_embeds
DEBUG: build_embeds succeeded
DEBUG: bs = 2
DEBUG: build_embeds succeeded
DEBUG: bs = 2
DEBUG: About to call build_embeds
DEBUG: About to call build_embeds
DEBUG: build_embeds succeeded
DEBUG: bs = 2
DEBUG: build_embeds succeeded
DEBUG: bs = 2
DEBUG: About to call build_embeds
DEBUG: About to call build_embeds
DEBUG: build_embeds succeeded
DEBUG: bs = 2
DEBUG: build_embeds succeeded
DEBUG: bs = 2
DEBUG: About to call build_embeds
DEBUG: About to call build_embeds
DEBUG: build_embeds succeeded
DEBUG: bs = 2
DEBUG: build_embeds succeeded
DEBUG: bs = 2
DEBUG: About to call build_embeds
DEBUG: About to call build_embeds
DEBUG: build_embeds succeeded
DEBUG: bs = 2
DEBUG: build_embeds succeeded
DEBUG: bs = 2
DEBUG: About to call build_embeds
DEBUG: About to call build_embeds
DEBUG: build_embeds succeeded
DEBUG: bs = 2
DEBUG: build_embeds succeeded
DEBUG: bs = 2
DEBUG: About to call build_embeds
DEBUG: About to call build_embeds
DEBUG: build_embeds succeeded
DEBUG: bs = 2
DEBUG: build_embeds succeeded
DEBUG: bs = 2
DEBUG: About to call build_embeds
DEBUG: About to call build_embeds
DEBUG: build_embeds succeeded
DEBUG: bs = 2
DEBUG: build_embeds succeeded
DEBUG: bs = 2
DEBUG: About to call build_embeds
DEBUG: About to call build_embeds
DEBUG: build_embeds succeeded
DEBUG: bs = 2
DEBUG: build_embeds succeeded
DEBUG: bs = 2
DEBUG: About to call build_embeds
DEBUG: About to call build_embeds
DEBUG: build_embeds succeeded
DEBUG: bs = 2
DEBUG: build_embeds succeeded
DEBUG: bs = 2
DEBUG: About to call build_embeds
DEBUG: About to call build_embeds
DEBUG: build_embeds succeeded
DEBUG: bs = 2
DEBUG: build_embeds succeeded
DEBUG: bs = 2
DEBUG: About to call build_embedsDEBUG: About to call build_embeds

DEBUG: build_embeds succeeded
DEBUG: bs = 2
DEBUG: build_embeds succeeded
DEBUG: bs = 2
DEBUG: About to call build_embedsDEBUG: About to call build_embeds

DEBUG: build_embeds succeeded
DEBUG: bs = 2
DEBUG: build_embeds succeeded
DEBUG: bs = 2
DEBUG: About to call build_embeds
DEBUG: About to call build_embeds
DEBUG: build_embeds succeeded
DEBUG: bs = 2
DEBUG: build_embeds succeeded
DEBUG: bs = 2
DEBUG: About to call build_embeds
DEBUG: About to call build_embeds
DEBUG: build_embeds succeeded
DEBUG: bs = 2
DEBUG: build_embeds succeeded
DEBUG: bs = 2
DEBUG: About to call build_embeds
DEBUG: About to call build_embeds
DEBUG: build_embeds succeeded
DEBUG: bs = 2
DEBUG: build_embeds succeeded
DEBUG: bs = 2
DEBUG: About to call build_embeds
DEBUG: About to call build_embeds
DEBUG: build_embeds succeeded
DEBUG: bs = 2
DEBUG: build_embeds succeeded
DEBUG: bs = 2
DEBUG: About to call build_embeds
DEBUG: About to call build_embeds
DEBUG: build_embeds succeeded
DEBUG: bs = 2
DEBUG: build_embeds succeeded
DEBUG: bs = 2
DEBUG: About to call build_embeds
DEBUG: About to call build_embeds
DEBUG: build_embeds succeeded
DEBUG: bs = 2
DEBUG: build_embeds succeeded
DEBUG: bs = 2
DEBUG: About to call build_embeds
DEBUG: About to call build_embeds
DEBUG: build_embeds succeeded
DEBUG: bs = 2
DEBUG: build_embeds succeeded
DEBUG: bs = 2
DEBUG: About to call build_embeds
DEBUG: About to call build_embeds
DEBUG: build_embeds succeeded
DEBUG: bs = 2
DEBUG: build_embeds succeeded
DEBUG: bs = 2
DEBUG: About to call build_embeds
DEBUG: About to call build_embeds
DEBUG: build_embeds succeeded
DEBUG: bs = 2
DEBUG: build_embeds succeeded
DEBUG: bs = 2
DEBUG: About to call build_embeds
DEBUG: About to call build_embeds
DEBUG: build_embeds succeeded
DEBUG: bs = 2
DEBUG: build_embeds succeeded
DEBUG: bs = 2
DEBUG: About to call build_embeds
DEBUG: About to call build_embeds
DEBUG: build_embeds succeeded
DEBUG: bs = 2
DEBUG: build_embeds succeeded
DEBUG: bs = 2
DEBUG: About to call build_embeds
DEBUG: About to call build_embeds
DEBUG: build_embeds succeeded
DEBUG: bs = 2
DEBUG: build_embeds succeeded
DEBUG: bs = 2
DEBUG: About to call build_embeds
DEBUG: About to call build_embeds
DEBUG: build_embeds succeeded
DEBUG: bs = 2
DEBUG: build_embeds succeeded
DEBUG: bs = 2
DEBUG: About to call build_embeds
DEBUG: About to call build_embeds
DEBUG: build_embeds succeeded
DEBUG: bs = 2
DEBUG: build_embeds succeeded
DEBUG: bs = 2
DEBUG: About to call build_embeds
DEBUG: About to call build_embeds
DEBUG: build_embeds succeeded
DEBUG: bs = 2
DEBUG: build_embeds succeeded
DEBUG: bs = 2
DEBUG: About to call build_embeds
DEBUG: About to call build_embeds
DEBUG: build_embeds succeeded
DEBUG: bs = 2
DEBUG: build_embeds succeeded
DEBUG: bs = 2
DEBUG: About to call build_embeds
DEBUG: About to call build_embeds
DEBUG: build_embeds succeeded
DEBUG: bs = 2
DEBUG: build_embeds succeeded
DEBUG: bs = 2
DEBUG: About to call build_embeds
DEBUG: About to call build_embeds
DEBUG: build_embeds succeeded
DEBUG: bs = 2
DEBUG: build_embeds succeeded
DEBUG: bs = 2
DEBUG: About to call build_embeds
DEBUG: About to call build_embeds
DEBUG: build_embeds succeeded
DEBUG: bs = 2
DEBUG: build_embeds succeeded
DEBUG: bs = 2
DEBUG: About to call build_embeds
DEBUG: About to call build_embeds
DEBUG: build_embeds succeeded
DEBUG: bs = 2
DEBUG: build_embeds succeeded
DEBUG: bs = 2
DEBUG: About to call build_embedsDEBUG: About to call build_embeds

DEBUG: build_embeds succeeded
DEBUG: bs = 2
DEBUG: build_embeds succeeded
DEBUG: bs = 2
DEBUG: About to call build_embeds
DEBUG: About to call build_embeds
DEBUG: build_embeds succeeded
DEBUG: bs = 2
DEBUG: build_embeds succeeded
DEBUG: bs = 2
DEBUG: About to call build_embeds
DEBUG: About to call build_embeds
DEBUG: build_embeds succeeded
DEBUG: bs = 2DEBUG: build_embeds succeeded
DEBUG: bs = 2

DEBUG: About to call build_embeds
DEBUG: About to call build_embeds
DEBUG: build_embeds succeeded
DEBUG: bs = 2
DEBUG: build_embeds succeeded
DEBUG: bs = 2
DEBUG: About to call build_embeds
DEBUG: About to call build_embeds
DEBUG: build_embeds succeeded
DEBUG: bs = 2
DEBUG: build_embeds succeeded
DEBUG: bs = 2
DEBUG: About to call build_embeds
DEBUG: About to call build_embeds
DEBUG: build_embeds succeeded
DEBUG: bs = 2
DEBUG: build_embeds succeeded
DEBUG: bs = 2
DEBUG: About to call build_embeds
DEBUG: About to call build_embeds
DEBUG: build_embeds succeeded
DEBUG: bs = 2
DEBUG: build_embeds succeeded
DEBUG: bs = 2
DEBUG: About to call build_embeds
DEBUG: About to call build_embeds
DEBUG: build_embeds succeeded
DEBUG: bs = 2
DEBUG: build_embeds succeeded
DEBUG: bs = 2
DEBUG: About to call build_embeds
DEBUG: About to call build_embeds
DEBUG: build_embeds succeeded
DEBUG: bs = 2
DEBUG: build_embeds succeeded
DEBUG: bs = 2
DEBUG: About to call build_embeds
DEBUG: About to call build_embeds
DEBUG: build_embeds succeeded
DEBUG: bs = 2
DEBUG: build_embeds succeeded
DEBUG: bs = 2
DEBUG: About to call build_embeds
DEBUG: About to call build_embeds
DEBUG: build_embeds succeeded
DEBUG: bs = 2
DEBUG: build_embeds succeeded
DEBUG: bs = 2
DEBUG: About to call build_embeds
DEBUG: About to call build_embeds
DEBUG: build_embeds succeeded
DEBUG: bs = 2
DEBUG: build_embeds succeeded
DEBUG: bs = 2
DEBUG: About to call build_embedsDEBUG: About to call build_embeds

DEBUG: build_embeds succeeded
DEBUG: bs = 2
DEBUG: build_embeds succeeded
DEBUG: bs = 2
DEBUG: About to call build_embedsDEBUG: About to call build_embeds

DEBUG: build_embeds succeeded
DEBUG: bs = 2
DEBUG: build_embeds succeeded
DEBUG: bs = 2
DEBUG: About to call build_embeds
DEBUG: About to call build_embeds
DEBUG: build_embeds succeeded
DEBUG: bs = 2
DEBUG: build_embeds succeeded
DEBUG: bs = 2
DEBUG: About to call build_embeds
DEBUG: About to call build_embeds
DEBUG: build_embeds succeeded
DEBUG: bs = 2
DEBUG: build_embeds succeeded
DEBUG: bs = 2
DEBUG: About to call build_embedsDEBUG: About to call build_embeds

DEBUG: build_embeds succeeded
DEBUG: bs = 2
DEBUG: build_embeds succeeded
DEBUG: bs = 2
DEBUG: About to call build_embeds
DEBUG: About to call build_embeds
DEBUG: build_embeds succeeded
DEBUG: bs = 2
DEBUG: build_embeds succeeded
DEBUG: bs = 2
DEBUG: About to call build_embeds
DEBUG: About to call build_embeds
DEBUG: build_embeds succeeded
DEBUG: bs = 2
DEBUG: build_embeds succeeded
DEBUG: bs = 2
DEBUG: About to call build_embeds
DEBUG: About to call build_embeds
DEBUG: build_embeds succeeded
DEBUG: bs = 2
DEBUG: build_embeds succeeded
DEBUG: bs = 2
DEBUG: About to call build_embeds
DEBUG: About to call build_embeds
DEBUG: build_embeds succeeded
DEBUG: bs = 2
DEBUG: build_embeds succeeded
DEBUG: bs = 2
DEBUG: About to call build_embeds
DEBUG: About to call build_embeds
DEBUG: build_embeds succeeded
DEBUG: bs = 2
DEBUG: build_embeds succeeded
DEBUG: bs = 2
DEBUG: About to call build_embedsDEBUG: About to call build_embeds

DEBUG: build_embeds succeeded
DEBUG: bs = 2
DEBUG: build_embeds succeeded
DEBUG: bs = 2
DEBUG: About to call build_embeds
DEBUG: About to call build_embeds
DEBUG: build_embeds succeeded
DEBUG: bs = 2
DEBUG: build_embeds succeeded
DEBUG: bs = 2
DEBUG: About to call build_embeds
DEBUG: About to call build_embeds
DEBUG: build_embeds succeeded
DEBUG: bs = 2
DEBUG: build_embeds succeeded
DEBUG: bs = 2
DEBUG: About to call build_embeds
DEBUG: About to call build_embeds
DEBUG: build_embeds succeeded
DEBUG: bs = 2
DEBUG: build_embeds succeeded
DEBUG: bs = 2
DEBUG: About to call build_embeds
DEBUG: About to call build_embeds
DEBUG: build_embeds succeeded
DEBUG: bs = 2
DEBUG: build_embeds succeeded
DEBUG: bs = 2
DEBUG: About to call build_embeds
DEBUG: About to call build_embeds
DEBUG: build_embeds succeeded
DEBUG: bs = 2
DEBUG: build_embeds succeeded
DEBUG: bs = 2
DEBUG: About to call build_embeds
DEBUG: About to call build_embeds
DEBUG: build_embeds succeeded
DEBUG: bs = 2
DEBUG: build_embeds succeeded
DEBUG: bs = 2
DEBUG: About to call build_embeds
DEBUG: About to call build_embeds
DEBUG: build_embeds succeeded
DEBUG: bs = 2
DEBUG: build_embeds succeeded
DEBUG: bs = 2
DEBUG: About to call build_embeds
DEBUG: About to call build_embeds
DEBUG: build_embeds succeeded
DEBUG: bs = 2
DEBUG: build_embeds succeeded
DEBUG: bs = 2
DEBUG: About to call build_embeds
DEBUG: About to call build_embeds
DEBUG: build_embeds succeeded
DEBUG: bs = 2
DEBUG: build_embeds succeeded
DEBUG: bs = 2
DEBUG: About to call build_embeds
DEBUG: About to call build_embeds
DEBUG: build_embeds succeeded
DEBUG: bs = 2
DEBUG: build_embeds succeeded
DEBUG: bs = 2
DEBUG: About to call build_embeds
DEBUG: About to call build_embeds
DEBUG: build_embeds succeeded
DEBUG: bs = 2
DEBUG: build_embeds succeeded
DEBUG: bs = 2
DEBUG: About to call build_embedsDEBUG: About to call build_embeds

DEBUG: build_embeds succeeded
DEBUG: bs = 2
DEBUG: build_embeds succeeded
DEBUG: bs = 2
DEBUG: About to call build_embedsDEBUG: About to call build_embeds

DEBUG: build_embeds succeeded
DEBUG: bs = 2
DEBUG: build_embeds succeeded
DEBUG: bs = 2
DEBUG: About to call build_embeds
DEBUG: About to call build_embeds
DEBUG: build_embeds succeeded
DEBUG: bs = 2
DEBUG: build_embeds succeeded
DEBUG: bs = 2
DEBUG: About to call build_embeds
DEBUG: About to call build_embeds
DEBUG: build_embeds succeeded
DEBUG: bs = 2
DEBUG: build_embeds succeeded
DEBUG: bs = 2
DEBUG: About to call build_embeds
DEBUG: About to call build_embeds
DEBUG: build_embeds succeeded
DEBUG: bs = 2
DEBUG: build_embeds succeeded
DEBUG: bs = 2
DEBUG: About to call build_embeds
DEBUG: About to call build_embeds
DEBUG: build_embeds succeeded
DEBUG: bs = 2
DEBUG: build_embeds succeeded
DEBUG: bs = 2
DEBUG: About to call build_embeds
DEBUG: About to call build_embeds
DEBUG: build_embeds succeeded
DEBUG: bs = 2
DEBUG: build_embeds succeeded
DEBUG: bs = 2
DEBUG: About to call build_embeds
DEBUG: About to call build_embeds
DEBUG: build_embeds succeeded
DEBUG: bs = 2
DEBUG: build_embeds succeeded
DEBUG: bs = 2
DEBUG: About to call build_embeds
DEBUG: About to call build_embeds
DEBUG: build_embeds succeeded
DEBUG: bs = 2
DEBUG: build_embeds succeeded
DEBUG: bs = 2
DEBUG: About to call build_embedsDEBUG: About to call build_embeds

DEBUG: build_embeds succeeded
DEBUG: bs = 2
DEBUG: build_embeds succeeded
DEBUG: bs = 2
DEBUG: About to call build_embeds
DEBUG: About to call build_embeds
DEBUG: build_embeds succeeded
DEBUG: bs = 2DEBUG: build_embeds succeeded

DEBUG: bs = 2
DEBUG: About to call build_embeds
DEBUG: About to call build_embeds
DEBUG: build_embeds succeeded
DEBUG: bs = 2
DEBUG: build_embeds succeeded
DEBUG: bs = 2
DEBUG: About to call build_embeds
DEBUG: About to call build_embeds
DEBUG: build_embeds succeeded
DEBUG: bs = 2
DEBUG: build_embeds succeeded
DEBUG: bs = 2
DEBUG: About to call build_embeds
DEBUG: About to call build_embeds
DEBUG: build_embeds succeeded
DEBUG: bs = 2
DEBUG: build_embeds succeeded
DEBUG: bs = 2
DEBUG: About to call build_embeds
DEBUG: About to call build_embeds
DEBUG: build_embeds succeededDEBUG: build_embeds succeeded
DEBUG: bs = 2

DEBUG: bs = 2
DEBUG: About to call build_embeds
DEBUG: About to call build_embeds
DEBUG: build_embeds succeeded
DEBUG: bs = 2
DEBUG: build_embeds succeeded
DEBUG: bs = 2
DEBUG: About to call build_embeds
DEBUG: About to call build_embeds
DEBUG: build_embeds succeeded
DEBUG: bs = 2DEBUG: build_embeds succeeded
DEBUG: bs = 2

DEBUG: About to call build_embeds
DEBUG: About to call build_embeds
DEBUG: build_embeds succeeded
DEBUG: bs = 2
DEBUG: build_embeds succeeded
DEBUG: bs = 2
DEBUG: About to call build_embeds
DEBUG: About to call build_embeds
DEBUG: build_embeds succeeded
DEBUG: bs = 2
DEBUG: build_embeds succeeded
DEBUG: bs = 2
DEBUG: About to call build_embeds
DEBUG: About to call build_embeds
DEBUG: build_embeds succeeded
DEBUG: bs = 2
DEBUG: build_embeds succeeded
DEBUG: bs = 2
DEBUG: About to call build_embeds
DEBUG: About to call build_embeds
DEBUG: build_embeds succeeded
DEBUG: bs = 2
DEBUG: build_embeds succeeded
DEBUG: bs = 2
DEBUG: About to call build_embedsDEBUG: About to call build_embeds

DEBUG: build_embeds succeeded
DEBUG: bs = 2
DEBUG: build_embeds succeeded
DEBUG: bs = 2
DEBUG: About to call build_embeds
DEBUG: About to call build_embeds
DEBUG: build_embeds succeeded
DEBUG: bs = 2
DEBUG: build_embeds succeeded
DEBUG: bs = 2
DEBUG: About to call build_embeds
DEBUG: About to call build_embeds
DEBUG: build_embeds succeeded
DEBUG: bs = 2
DEBUG: build_embeds succeeded
DEBUG: bs = 2
DEBUG: About to call build_embeds
DEBUG: About to call build_embeds
DEBUG: build_embeds succeeded
DEBUG: bs = 2
DEBUG: build_embeds succeeded
DEBUG: bs = 2
DEBUG: About to call build_embeds
DEBUG: About to call build_embeds
DEBUG: build_embeds succeeded
DEBUG: bs = 2
DEBUG: build_embeds succeeded
DEBUG: bs = 2
DEBUG: About to call build_embeds
DEBUG: About to call build_embeds
DEBUG: build_embeds succeeded
DEBUG: bs = 2
DEBUG: build_embeds succeeded
DEBUG: bs = 2
DEBUG: About to call build_embedsDEBUG: About to call build_embeds

DEBUG: build_embeds succeeded
DEBUG: bs = 2
DEBUG: build_embeds succeeded
DEBUG: bs = 2
{'target_metric': 0.34, 'sentence_sim': 0.8163444209098816, 'cider': 2.5495497343702063, 'bleu': 0.24995367548857525, 'meteor': 0.29984889709337215, 'rouge': 0.5996773500031363}
{'target_metric': 0.34, 'sentence_sim': 0.8163444209098816, 'cider': 2.5495497343702063, 'bleu': 0.24995367548857525, 'meteor': 0.29984889709337215, 'rouge': 0.5996773500031363}
DEBUG: About to call build_embeds
DEBUG: About to call build_embeds
DEBUG: build_embeds succeeded
DEBUG: bs = 2
DEBUG: build_embeds succeeded
DEBUG: bs = 2
DEBUG: About to call build_embeds
DEBUG: About to call build_embeds
DEBUG: build_embeds succeeded
DEBUG: bs = 2
DEBUG: build_embeds succeeded
DEBUG: bs = 2
DEBUG: About to call build_embeds
DEBUG: About to call build_embeds
DEBUG: build_embeds succeeded
DEBUG: bs = 2
DEBUG: build_embeds succeeded
DEBUG: bs = 2
DEBUG: About to call build_embeds
DEBUG: About to call build_embeds
DEBUG: build_embeds succeeded
DEBUG: bs = 2DEBUG: build_embeds succeeded
DEBUG: bs = 2

DEBUG: About to call build_embeds
DEBUG: About to call build_embeds
DEBUG: build_embeds succeeded
DEBUG: bs = 2
DEBUG: build_embeds succeeded
DEBUG: bs = 2
DEBUG: About to call build_embeds
DEBUG: About to call build_embeds
DEBUG: build_embeds succeeded
DEBUG: build_embeds succeededDEBUG: bs = 2
DEBUG: bs = 2

DEBUG: About to call build_embeds
DEBUG: About to call build_embeds
DEBUG: build_embeds succeeded
DEBUG: bs = 2
DEBUG: build_embeds succeeded
DEBUG: bs = 2
DEBUG: About to call build_embeds
DEBUG: About to call build_embeds
DEBUG: build_embeds succeeded
DEBUG: bs = 2
DEBUG: build_embeds succeeded
DEBUG: bs = 2
DEBUG: About to call build_embeds
DEBUG: About to call build_embeds
DEBUG: build_embeds succeeded
DEBUG: bs = 2
DEBUG: build_embeds succeeded
DEBUG: bs = 2
DEBUG: About to call build_embeds
DEBUG: About to call build_embeds
DEBUG: build_embeds succeeded
DEBUG: bs = 2
DEBUG: build_embeds succeeded
DEBUG: bs = 2
DEBUG: About to call build_embeds
DEBUG: About to call build_embeds
DEBUG: build_embeds succeeded
DEBUG: bs = 2
DEBUG: build_embeds succeeded
DEBUG: bs = 2
DEBUG: About to call build_embeds
DEBUG: About to call build_embeds
DEBUG: build_embeds succeeded
DEBUG: bs = 2
DEBUG: build_embeds succeeded
DEBUG: bs = 2
DEBUG: About to call build_embeds
DEBUG: About to call build_embeds
DEBUG: build_embeds succeeded
DEBUG: bs = 2
DEBUG: build_embeds succeeded
DEBUG: bs = 2
DEBUG: About to call build_embeds
DEBUG: About to call build_embeds
DEBUG: build_embeds succeeded
DEBUG: bs = 2
DEBUG: build_embeds succeeded
DEBUG: bs = 2
DEBUG: About to call build_embeds
DEBUG: About to call build_embeds
DEBUG: build_embeds succeeded
DEBUG: bs = 2
DEBUG: build_embeds succeeded
DEBUG: bs = 2
DEBUG: About to call build_embeds
DEBUG: About to call build_embeds
DEBUG: build_embeds succeeded
DEBUG: bs = 2
DEBUG: build_embeds succeeded
DEBUG: bs = 2
DEBUG: About to call build_embedsDEBUG: About to call build_embeds

DEBUG: build_embeds succeeded
DEBUG: bs = 2
DEBUG: build_embeds succeeded
DEBUG: bs = 2
DEBUG: About to call build_embeds
DEBUG: About to call build_embeds
DEBUG: build_embeds succeeded
DEBUG: bs = 2
DEBUG: build_embeds succeeded
DEBUG: bs = 2
DEBUG: About to call build_embeds
DEBUG: About to call build_embeds
DEBUG: build_embeds succeeded
DEBUG: bs = 2
DEBUG: build_embeds succeeded
DEBUG: bs = 2
DEBUG: About to call build_embeds
DEBUG: About to call build_embeds
DEBUG: build_embeds succeeded
DEBUG: bs = 2
DEBUG: build_embeds succeeded
DEBUG: bs = 2
DEBUG: About to call build_embeds
DEBUG: About to call build_embeds
DEBUG: build_embeds succeeded
DEBUG: bs = 2
DEBUG: build_embeds succeeded
DEBUG: bs = 2
DEBUG: About to call build_embeds
DEBUG: About to call build_embeds
DEBUG: build_embeds succeeded
DEBUG: bs = 2
DEBUG: build_embeds succeeded
DEBUG: bs = 2
DEBUG: About to call build_embeds
DEBUG: About to call build_embeds
DEBUG: build_embeds succeeded
DEBUG: bs = 2
DEBUG: build_embeds succeeded
DEBUG: bs = 2
DEBUG: About to call build_embeds
DEBUG: About to call build_embeds
DEBUG: build_embeds succeeded
DEBUG: bs = 2
DEBUG: build_embeds succeeded
DEBUG: bs = 2
DEBUG: About to call build_embeds
DEBUG: About to call build_embeds
DEBUG: build_embeds succeeded
DEBUG: bs = 2
DEBUG: build_embeds succeeded
DEBUG: bs = 2
DEBUG: About to call build_embeds
DEBUG: About to call build_embeds
DEBUG: build_embeds succeeded
DEBUG: bs = 2
DEBUG: build_embeds succeeded
DEBUG: bs = 2
DEBUG: About to call build_embeds
DEBUG: About to call build_embeds
DEBUG: build_embeds succeeded
DEBUG: bs = 2
DEBUG: build_embeds succeeded
DEBUG: bs = 2
DEBUG: About to call build_embeds
DEBUG: About to call build_embeds
DEBUG: build_embeds succeeded
DEBUG: bs = 2
DEBUG: build_embeds succeeded
DEBUG: bs = 2
DEBUG: About to call build_embeds
DEBUG: About to call build_embeds
DEBUG: build_embeds succeeded
DEBUG: bs = 2
DEBUG: build_embeds succeeded
DEBUG: bs = 2
DEBUG: About to call build_embeds
DEBUG: About to call build_embeds
DEBUG: build_embeds succeeded
DEBUG: bs = 2
DEBUG: build_embeds succeeded
DEBUG: bs = 2
DEBUG: About to call build_embeds
DEBUG: About to call build_embeds
DEBUG: build_embeds succeeded
DEBUG: bs = 2
DEBUG: build_embeds succeeded
DEBUG: bs = 2
DEBUG: About to call build_embeds
DEBUG: About to call build_embeds
DEBUG: build_embeds succeeded
DEBUG: bs = 2
DEBUG: build_embeds succeeded
DEBUG: bs = 2
DEBUG: About to call build_embeds
DEBUG: About to call build_embeds
DEBUG: build_embeds succeeded
DEBUG: bs = 2
DEBUG: build_embeds succeeded
DEBUG: bs = 2
DEBUG: About to call build_embeds
DEBUG: About to call build_embeds
DEBUG: build_embeds succeeded
DEBUG: bs = 2
DEBUG: build_embeds succeeded
DEBUG: bs = 2
DEBUG: About to call build_embeds
DEBUG: About to call build_embeds
DEBUG: build_embeds succeeded
DEBUG: bs = 2
DEBUG: build_embeds succeeded
DEBUG: bs = 2
DEBUG: About to call build_embeds
DEBUG: About to call build_embeds
DEBUG: build_embeds succeeded
DEBUG: bs = 2
DEBUG: build_embeds succeeded
DEBUG: bs = 2
DEBUG: About to call build_embeds
DEBUG: About to call build_embeds
DEBUG: build_embeds succeeded
DEBUG: bs = 2
DEBUG: build_embeds succeeded
DEBUG: bs = 2
DEBUG: About to call build_embeds
DEBUG: About to call build_embeds
DEBUG: build_embeds succeeded
DEBUG: bs = 2
DEBUG: build_embeds succeeded
DEBUG: bs = 2
DEBUG: About to call build_embeds
DEBUG: About to call build_embeds
DEBUG: build_embeds succeeded
DEBUG: bs = 2
DEBUG: build_embeds succeeded
DEBUG: bs = 2
DEBUG: About to call build_embeds
DEBUG: About to call build_embeds
DEBUG: build_embeds succeeded
DEBUG: bs = 2
DEBUG: build_embeds succeeded
DEBUG: bs = 2
DEBUG: About to call build_embeds
DEBUG: About to call build_embeds
DEBUG: build_embeds succeeded
DEBUG: bs = 2
DEBUG: build_embeds succeeded
DEBUG: bs = 2
DEBUG: About to call build_embeds
DEBUG: About to call build_embeds
DEBUG: build_embeds succeeded
DEBUG: bs = 2
DEBUG: build_embeds succeeded
DEBUG: bs = 2
DEBUG: About to call build_embedsDEBUG: About to call build_embeds

DEBUG: build_embeds succeeded
DEBUG: bs = 2
DEBUG: build_embeds succeeded
DEBUG: bs = 2
DEBUG: About to call build_embeds
DEBUG: About to call build_embeds
DEBUG: build_embeds succeeded
DEBUG: bs = 2
DEBUG: build_embeds succeeded
DEBUG: bs = 2
DEBUG: About to call build_embedsDEBUG: About to call build_embeds

DEBUG: build_embeds succeeded
DEBUG: bs = 2
DEBUG: build_embeds succeeded
DEBUG: bs = 2
DEBUG: About to call build_embedsDEBUG: About to call build_embeds

DEBUG: build_embeds succeeded
DEBUG: bs = 2
DEBUG: build_embeds succeeded
DEBUG: bs = 2
DEBUG: About to call build_embeds
DEBUG: About to call build_embeds
DEBUG: build_embeds succeeded
DEBUG: bs = 2
DEBUG: build_embeds succeeded
DEBUG: bs = 2
DEBUG: About to call build_embeds
DEBUG: About to call build_embeds
DEBUG: build_embeds succeeded
DEBUG: bs = 2
DEBUG: build_embeds succeeded
DEBUG: bs = 2
DEBUG: About to call build_embedsDEBUG: About to call build_embeds

DEBUG: build_embeds succeeded
DEBUG: bs = 2
DEBUG: build_embeds succeeded
DEBUG: bs = 2
DEBUG: About to call build_embeds
DEBUG: About to call build_embeds
DEBUG: build_embeds succeeded
DEBUG: bs = 2
DEBUG: build_embeds succeeded
DEBUG: bs = 2
DEBUG: About to call build_embeds
DEBUG: About to call build_embeds
DEBUG: build_embeds succeeded
DEBUG: bs = 2
DEBUG: build_embeds succeeded
DEBUG: bs = 2
DEBUG: About to call build_embeds
DEBUG: About to call build_embeds
DEBUG: build_embeds succeeded
DEBUG: bs = 2
DEBUG: build_embeds succeeded
DEBUG: bs = 2
DEBUG: About to call build_embeds
DEBUG: About to call build_embeds
DEBUG: build_embeds succeeded
DEBUG: bs = 2
DEBUG: build_embeds succeeded
DEBUG: bs = 2
DEBUG: About to call build_embeds
DEBUG: About to call build_embeds
DEBUG: build_embeds succeeded
DEBUG: bs = 2
DEBUG: build_embeds succeeded
DEBUG: bs = 2
DEBUG: About to call build_embeds
DEBUG: About to call build_embeds
DEBUG: build_embeds succeeded
DEBUG: bs = 2
DEBUG: build_embeds succeeded
DEBUG: bs = 2
DEBUG: About to call build_embeds
DEBUG: About to call build_embeds
DEBUG: build_embeds succeeded
DEBUG: bs = 2
DEBUG: build_embeds succeeded
DEBUG: bs = 2
DEBUG: About to call build_embeds
DEBUG: About to call build_embeds
DEBUG: build_embeds succeededDEBUG: build_embeds succeeded
DEBUG: bs = 2

DEBUG: bs = 2
DEBUG: About to call build_embeds
DEBUG: About to call build_embeds
DEBUG: build_embeds succeeded
DEBUG: bs = 2
DEBUG: build_embeds succeeded
DEBUG: bs = 2
DEBUG: About to call build_embedsDEBUG: About to call build_embeds

DEBUG: build_embeds succeeded
DEBUG: bs = 2
DEBUG: build_embeds succeeded
DEBUG: bs = 2
DEBUG: About to call build_embeds
DEBUG: About to call build_embeds
DEBUG: build_embeds succeeded
DEBUG: bs = 2
DEBUG: build_embeds succeeded
DEBUG: bs = 2
DEBUG: About to call build_embeds
DEBUG: About to call build_embeds
DEBUG: build_embeds succeeded
DEBUG: bs = 2
DEBUG: build_embeds succeeded
DEBUG: bs = 2
DEBUG: About to call build_embedsDEBUG: About to call build_embeds

DEBUG: build_embeds succeeded
DEBUG: bs = 2
DEBUG: build_embeds succeeded
DEBUG: bs = 2
DEBUG: About to call build_embeds
DEBUG: About to call build_embeds
DEBUG: build_embeds succeeded
DEBUG: bs = 2
DEBUG: build_embeds succeeded
DEBUG: bs = 2
DEBUG: About to call build_embeds
DEBUG: About to call build_embeds
DEBUG: build_embeds succeeded
DEBUG: bs = 2
DEBUG: build_embeds succeeded
DEBUG: bs = 2
DEBUG: About to call build_embeds
DEBUG: About to call build_embeds
DEBUG: build_embeds succeeded
DEBUG: bs = 2
DEBUG: build_embeds succeeded
DEBUG: bs = 2
DEBUG: About to call build_embeds
DEBUG: About to call build_embeds
DEBUG: build_embeds succeeded
DEBUG: bs = 2
DEBUG: build_embeds succeeded
DEBUG: bs = 2
DEBUG: About to call build_embeds
DEBUG: About to call build_embeds
DEBUG: build_embeds succeeded
DEBUG: bs = 2
DEBUG: build_embeds succeeded
DEBUG: bs = 2
DEBUG: About to call build_embeds
DEBUG: About to call build_embeds
DEBUG: build_embeds succeeded
DEBUG: bs = 2
DEBUG: build_embeds succeeded
DEBUG: bs = 2
DEBUG: About to call build_embeds
DEBUG: About to call build_embeds
DEBUG: build_embeds succeeded
DEBUG: bs = 2
DEBUG: build_embeds succeeded
DEBUG: bs = 2
DEBUG: About to call build_embeds
DEBUG: About to call build_embeds
DEBUG: build_embeds succeeded
DEBUG: bs = 2
DEBUG: build_embeds succeeded
DEBUG: bs = 2
DEBUG: About to call build_embedsDEBUG: About to call build_embeds

DEBUG: build_embeds succeeded
DEBUG: bs = 2
DEBUG: build_embeds succeeded
DEBUG: bs = 2
DEBUG: About to call build_embeds
DEBUG: About to call build_embeds
DEBUG: build_embeds succeeded
DEBUG: bs = 2
DEBUG: build_embeds succeeded
DEBUG: bs = 2
DEBUG: About to call build_embeds
DEBUG: About to call build_embeds
DEBUG: build_embeds succeeded
DEBUG: bs = 2
DEBUG: build_embeds succeeded
DEBUG: bs = 2
DEBUG: About to call build_embedsDEBUG: About to call build_embeds

DEBUG: build_embeds succeeded
DEBUG: bs = 2
DEBUG: build_embeds succeeded
DEBUG: bs = 2
DEBUG: About to call build_embeds
DEBUG: About to call build_embeds
DEBUG: build_embeds succeeded
DEBUG: bs = 2
DEBUG: build_embeds succeeded
DEBUG: bs = 2
DEBUG: About to call build_embeds
DEBUG: About to call build_embeds
DEBUG: build_embeds succeeded
DEBUG: bs = 2
DEBUG: build_embeds succeeded
DEBUG: bs = 2
DEBUG: About to call build_embeds
DEBUG: About to call build_embeds
DEBUG: build_embeds succeeded
DEBUG: bs = 2
DEBUG: build_embeds succeeded
DEBUG: bs = 2
DEBUG: About to call build_embedsDEBUG: About to call build_embeds

DEBUG: build_embeds succeeded
DEBUG: bs = 2
DEBUG: build_embeds succeeded
DEBUG: bs = 2
DEBUG: About to call build_embeds
DEBUG: About to call build_embeds
DEBUG: build_embeds succeeded
DEBUG: bs = 2
DEBUG: build_embeds succeeded
DEBUG: bs = 2
DEBUG: About to call build_embeds
DEBUG: About to call build_embeds
DEBUG: build_embeds succeeded
DEBUG: bs = 2
DEBUG: build_embeds succeeded
DEBUG: bs = 2
DEBUG: About to call build_embeds
DEBUG: About to call build_embeds
DEBUG: build_embeds succeeded
DEBUG: bs = 2
DEBUG: build_embeds succeeded
DEBUG: bs = 2
DEBUG: About to call build_embeds
DEBUG: About to call build_embeds
DEBUG: build_embeds succeeded
DEBUG: bs = 2
DEBUG: build_embeds succeeded
DEBUG: bs = 2
DEBUG: About to call build_embeds
DEBUG: About to call build_embeds
DEBUG: build_embeds succeeded
DEBUG: bs = 2
DEBUG: build_embeds succeeded
DEBUG: bs = 2
DEBUG: About to call build_embeds
DEBUG: About to call build_embeds
DEBUG: build_embeds succeeded
DEBUG: bs = 2
DEBUG: build_embeds succeeded
DEBUG: bs = 2
DEBUG: About to call build_embeds
DEBUG: About to call build_embeds
DEBUG: build_embeds succeeded
DEBUG: bs = 2
DEBUG: build_embeds succeeded
DEBUG: bs = 2
DEBUG: About to call build_embeds
DEBUG: About to call build_embeds
DEBUG: build_embeds succeeded
DEBUG: bs = 2
DEBUG: build_embeds succeeded
DEBUG: bs = 2
DEBUG: About to call build_embeds
DEBUG: About to call build_embeds
DEBUG: build_embeds succeeded
DEBUG: bs = 2
DEBUG: build_embeds succeeded
DEBUG: bs = 2
DEBUG: About to call build_embeds
DEBUG: About to call build_embeds
DEBUG: build_embeds succeeded
DEBUG: bs = 2
DEBUG: build_embeds succeeded
DEBUG: bs = 2
DEBUG: About to call build_embeds
DEBUG: About to call build_embeds
DEBUG: build_embeds succeeded
DEBUG: bs = 2
DEBUG: build_embeds succeeded
DEBUG: bs = 2
DEBUG: About to call build_embeds
DEBUG: About to call build_embeds
DEBUG: build_embeds succeeded
DEBUG: bs = 2
DEBUG: build_embeds succeeded
DEBUG: bs = 2
DEBUG: About to call build_embeds
DEBUG: About to call build_embeds
DEBUG: build_embeds succeeded
DEBUG: bs = 2
DEBUG: build_embeds succeeded
DEBUG: bs = 2
DEBUG: About to call build_embeds
DEBUG: About to call build_embeds
DEBUG: build_embeds succeeded
DEBUG: bs = 2
DEBUG: build_embeds succeeded
DEBUG: bs = 2
DEBUG: About to call build_embedsDEBUG: About to call build_embeds

DEBUG: build_embeds succeeded
DEBUG: bs = 2
DEBUG: build_embeds succeeded
DEBUG: bs = 2
DEBUG: About to call build_embeds
DEBUG: About to call build_embeds
DEBUG: build_embeds succeededDEBUG: build_embeds succeeded

DEBUG: bs = 2
DEBUG: bs = 2
DEBUG: About to call build_embeds
DEBUG: About to call build_embeds
DEBUG: build_embeds succeeded
DEBUG: bs = 2
DEBUG: build_embeds succeeded
DEBUG: bs = 2
DEBUG: About to call build_embeds
DEBUG: About to call build_embeds
DEBUG: build_embeds succeeded
DEBUG: bs = 2
DEBUG: build_embeds succeeded
DEBUG: bs = 2
DEBUG: About to call build_embeds
DEBUG: About to call build_embeds
DEBUG: build_embeds succeeded
DEBUG: bs = 2
DEBUG: build_embeds succeeded
DEBUG: bs = 2
DEBUG: About to call build_embeds
DEBUG: About to call build_embeds
DEBUG: build_embeds succeeded
DEBUG: bs = 2
DEBUG: build_embeds succeeded
DEBUG: bs = 2
DEBUG: About to call build_embeds
DEBUG: About to call build_embeds
DEBUG: build_embeds succeeded
DEBUG: bs = 2
DEBUG: build_embeds succeeded
DEBUG: bs = 2
DEBUG: About to call build_embeds
DEBUG: About to call build_embeds
DEBUG: build_embeds succeeded
DEBUG: bs = 2
DEBUG: build_embeds succeeded
DEBUG: bs = 2
{'target_metric': 0.4375, 'sentence_sim': 0.8237222146987915, 'cider': 2.1633644932097558, 'bleu': 0.29870070971682655, 'meteor': 0.32939017172835194, 'rouge': 0.6114389292429463}
{'target_metric': 0.4375, 'sentence_sim': 0.8237222146987915, 'cider': 2.1633644932097558, 'bleu': 0.29870070971682655, 'meteor': 0.32939017172835194, 'rouge': 0.6114389292429463}
[Epoch 5] finished eval, is_best: False
DEBUG: About to call build_embeds
DEBUG: build_embeds succeeded
DEBUG: bs = 2
DEBUG: About to call build_embeds
DEBUG: build_embeds succeeded
DEBUG: bs = 2
DEBUG: About to call build_embeds
DEBUG: About to call build_embeds
DEBUG: build_embeds succeeded
DEBUG: bs = 2
DEBUG: build_embeds succeeded
DEBUG: bs = 2
DEBUG: About to call build_embeds
DEBUG: About to call build_embeds
DEBUG: build_embeds succeededDEBUG: build_embeds succeeded

DEBUG: bs = 2
DEBUG: bs = 2
DEBUG: About to call build_embeds
DEBUG: About to call build_embeds
DEBUG: build_embeds succeeded
DEBUG: bs = 2
DEBUG: build_embeds succeeded
DEBUG: bs = 2
DEBUG: About to call build_embeds
DEBUG: About to call build_embeds
DEBUG: build_embeds succeeded
DEBUG: bs = 2
DEBUG: build_embeds succeeded
DEBUG: bs = 2
DEBUG: About to call build_embeds
DEBUG: About to call build_embeds
DEBUG: build_embeds succeeded
DEBUG: bs = 2
DEBUG: build_embeds succeeded
DEBUG: bs = 2
DEBUG: About to call build_embeds
DEBUG: About to call build_embeds
DEBUG: build_embeds succeeded
DEBUG: bs = 2
DEBUG: build_embeds succeeded
DEBUG: bs = 2
DEBUG: About to call build_embeds
DEBUG: About to call build_embeds
DEBUG: build_embeds succeeded
DEBUG: bs = 2
DEBUG: build_embeds succeeded
DEBUG: bs = 2
DEBUG: About to call build_embeds
DEBUG: About to call build_embeds
DEBUG: build_embeds succeeded
DEBUG: bs = 2
DEBUG: build_embeds succeeded
DEBUG: bs = 2
DEBUG: About to call build_embeds
DEBUG: About to call build_embeds
DEBUG: build_embeds succeeded
DEBUG: bs = 2
DEBUG: build_embeds succeeded
DEBUG: bs = 2
DEBUG: About to call build_embeds
DEBUG: About to call build_embeds
DEBUG: build_embeds succeeded
DEBUG: bs = 2
DEBUG: build_embeds succeeded
DEBUG: bs = 2
DEBUG: About to call build_embeds
DEBUG: About to call build_embeds
DEBUG: build_embeds succeeded
DEBUG: bs = 2
DEBUG: build_embeds succeeded
DEBUG: bs = 2
DEBUG: About to call build_embeds
DEBUG: About to call build_embeds
DEBUG: build_embeds succeeded
DEBUG: bs = 2
DEBUG: build_embeds succeeded
DEBUG: bs = 2
DEBUG: About to call build_embeds
DEBUG: About to call build_embeds
DEBUG: build_embeds succeeded
DEBUG: bs = 2
DEBUG: build_embeds succeeded
DEBUG: bs = 2
DEBUG: About to call build_embeds
DEBUG: About to call build_embeds
DEBUG: build_embeds succeeded
DEBUG: bs = 2
DEBUG: build_embeds succeeded
DEBUG: bs = 2
DEBUG: About to call build_embeds
DEBUG: About to call build_embeds
DEBUG: build_embeds succeeded
DEBUG: bs = 2
DEBUG: build_embeds succeeded
DEBUG: bs = 2
DEBUG: About to call build_embeds
DEBUG: About to call build_embeds
DEBUG: build_embeds succeeded
DEBUG: bs = 2
DEBUG: build_embeds succeeded
DEBUG: bs = 2
DEBUG: About to call build_embeds
DEBUG: About to call build_embeds
DEBUG: build_embeds succeeded
DEBUG: bs = 2
DEBUG: build_embeds succeeded
DEBUG: bs = 2
DEBUG: About to call build_embeds
DEBUG: About to call build_embeds
DEBUG: build_embeds succeeded
DEBUG: bs = 2
DEBUG: build_embeds succeeded
DEBUG: bs = 2
DEBUG: About to call build_embeds
DEBUG: About to call build_embeds
DEBUG: build_embeds succeeded
DEBUG: bs = 2
DEBUG: build_embeds succeeded
DEBUG: bs = 2
DEBUG: About to call build_embedsDEBUG: About to call build_embeds

DEBUG: build_embeds succeeded
DEBUG: bs = 2
DEBUG: build_embeds succeeded
DEBUG: bs = 2
DEBUG: About to call build_embeds
DEBUG: About to call build_embeds
DEBUG: build_embeds succeeded
DEBUG: bs = 2
DEBUG: build_embeds succeeded
DEBUG: bs = 2
DEBUG: About to call build_embeds
DEBUG: About to call build_embeds
DEBUG: build_embeds succeeded
DEBUG: bs = 2
DEBUG: build_embeds succeeded
DEBUG: bs = 2
DEBUG: About to call build_embeds
DEBUG: About to call build_embeds
DEBUG: build_embeds succeeded
DEBUG: bs = 2
DEBUG: build_embeds succeeded
DEBUG: bs = 2
DEBUG: About to call build_embeds
DEBUG: About to call build_embeds
DEBUG: build_embeds succeeded
DEBUG: bs = 2
DEBUG: build_embeds succeeded
DEBUG: bs = 2
DEBUG: About to call build_embeds
DEBUG: About to call build_embeds
DEBUG: build_embeds succeeded
DEBUG: bs = 2
DEBUG: build_embeds succeeded
DEBUG: bs = 2
DEBUG: About to call build_embeds
DEBUG: About to call build_embeds
DEBUG: build_embeds succeeded
DEBUG: bs = 2
DEBUG: build_embeds succeeded
DEBUG: bs = 2
DEBUG: About to call build_embeds
DEBUG: About to call build_embeds
DEBUG: build_embeds succeeded
DEBUG: bs = 2
DEBUG: build_embeds succeeded
DEBUG: bs = 2
DEBUG: About to call build_embedsDEBUG: About to call build_embeds

DEBUG: build_embeds succeeded
DEBUG: bs = 2
DEBUG: build_embeds succeeded
DEBUG: bs = 2
DEBUG: About to call build_embeds
DEBUG: About to call build_embeds
DEBUG: build_embeds succeeded
DEBUG: bs = 2
DEBUG: build_embeds succeeded
DEBUG: bs = 2
DEBUG: About to call build_embeds
DEBUG: About to call build_embeds
DEBUG: build_embeds succeeded
DEBUG: bs = 2
DEBUG: build_embeds succeeded
DEBUG: bs = 2
DEBUG: About to call build_embeds
DEBUG: About to call build_embeds
DEBUG: build_embeds succeeded
DEBUG: bs = 2
DEBUG: build_embeds succeeded
DEBUG: bs = 2
DEBUG: About to call build_embeds
DEBUG: About to call build_embeds
DEBUG: build_embeds succeeded
DEBUG: bs = 2
DEBUG: build_embeds succeeded
DEBUG: bs = 2
DEBUG: About to call build_embeds
DEBUG: About to call build_embeds
DEBUG: build_embeds succeeded
DEBUG: bs = 2
DEBUG: build_embeds succeeded
DEBUG: bs = 2
DEBUG: About to call build_embedsDEBUG: About to call build_embeds

DEBUG: build_embeds succeeded
DEBUG: bs = 2
DEBUG: build_embeds succeeded
DEBUG: bs = 2
DEBUG: About to call build_embeds
DEBUG: About to call build_embeds
DEBUG: build_embeds succeeded
DEBUG: bs = 2
DEBUG: build_embeds succeeded
DEBUG: bs = 2
DEBUG: About to call build_embedsDEBUG: About to call build_embeds

DEBUG: build_embeds succeeded
DEBUG: bs = 2
DEBUG: build_embeds succeeded
DEBUG: bs = 2
DEBUG: About to call build_embeds
DEBUG: About to call build_embeds
DEBUG: build_embeds succeeded
DEBUG: bs = 2
DEBUG: build_embeds succeeded
DEBUG: bs = 2
DEBUG: About to call build_embeds
DEBUG: About to call build_embeds
DEBUG: build_embeds succeeded
DEBUG: bs = 2
DEBUG: build_embeds succeeded
DEBUG: bs = 2
DEBUG: About to call build_embeds
DEBUG: About to call build_embeds
DEBUG: build_embeds succeeded
DEBUG: bs = 2
DEBUG: build_embeds succeeded
DEBUG: bs = 2
DEBUG: About to call build_embeds
DEBUG: About to call build_embeds
DEBUG: build_embeds succeeded
DEBUG: bs = 2
DEBUG: build_embeds succeeded
DEBUG: bs = 2
DEBUG: About to call build_embeds
DEBUG: About to call build_embeds
DEBUG: build_embeds succeeded
DEBUG: bs = 2
DEBUG: build_embeds succeeded
DEBUG: bs = 2
DEBUG: About to call build_embeds
DEBUG: About to call build_embeds
DEBUG: build_embeds succeeded
DEBUG: bs = 2
DEBUG: build_embeds succeeded
DEBUG: bs = 2
DEBUG: About to call build_embeds
DEBUG: About to call build_embeds
DEBUG: build_embeds succeeded
DEBUG: bs = 2
DEBUG: build_embeds succeeded
DEBUG: bs = 2
DEBUG: About to call build_embeds
DEBUG: About to call build_embeds
DEBUG: build_embeds succeeded
DEBUG: bs = 2
DEBUG: build_embeds succeeded
DEBUG: bs = 2
DEBUG: About to call build_embeds
DEBUG: About to call build_embeds
DEBUG: build_embeds succeeded
DEBUG: bs = 2
DEBUG: build_embeds succeeded
DEBUG: bs = 2
DEBUG: About to call build_embeds
DEBUG: About to call build_embeds
DEBUG: build_embeds succeededDEBUG: build_embeds succeeded
DEBUG: bs = 2

DEBUG: bs = 2
DEBUG: About to call build_embeds
DEBUG: About to call build_embeds
DEBUG: build_embeds succeeded
DEBUG: bs = 2
DEBUG: build_embeds succeeded
DEBUG: bs = 2
DEBUG: About to call build_embeds
DEBUG: About to call build_embeds
DEBUG: build_embeds succeeded
DEBUG: bs = 2
DEBUG: build_embeds succeeded
DEBUG: bs = 2
DEBUG: About to call build_embeds
DEBUG: About to call build_embeds
DEBUG: build_embeds succeeded
DEBUG: bs = 2
DEBUG: build_embeds succeeded
DEBUG: bs = 2
DEBUG: About to call build_embeds
DEBUG: About to call build_embeds
DEBUG: build_embeds succeeded
DEBUG: bs = 2
DEBUG: build_embeds succeeded
DEBUG: bs = 2
DEBUG: About to call build_embedsDEBUG: About to call build_embeds

DEBUG: build_embeds succeeded
DEBUG: bs = 2
DEBUG: build_embeds succeeded
DEBUG: bs = 2
DEBUG: About to call build_embeds
DEBUG: About to call build_embeds
DEBUG: build_embeds succeeded
DEBUG: bs = 2
DEBUG: build_embeds succeeded
DEBUG: bs = 2
DEBUG: About to call build_embeds
DEBUG: About to call build_embeds
DEBUG: build_embeds succeeded
DEBUG: bs = 2
DEBUG: build_embeds succeeded
DEBUG: bs = 2
DEBUG: About to call build_embeds
DEBUG: About to call build_embeds
DEBUG: build_embeds succeeded
DEBUG: bs = 2
DEBUG: build_embeds succeeded
DEBUG: bs = 2
DEBUG: About to call build_embeds
DEBUG: About to call build_embeds
DEBUG: build_embeds succeeded
DEBUG: bs = 2
DEBUG: build_embeds succeeded
DEBUG: bs = 2
DEBUG: About to call build_embeds
DEBUG: About to call build_embeds
DEBUG: build_embeds succeeded
DEBUG: bs = 2
DEBUG: build_embeds succeeded
DEBUG: bs = 2
DEBUG: About to call build_embeds
DEBUG: About to call build_embeds
DEBUG: build_embeds succeeded
DEBUG: bs = 2
DEBUG: build_embeds succeeded
DEBUG: bs = 2
DEBUG: About to call build_embeds
DEBUG: About to call build_embeds
DEBUG: build_embeds succeeded
DEBUG: bs = 2
DEBUG: build_embeds succeeded
DEBUG: bs = 2
DEBUG: About to call build_embeds
DEBUG: About to call build_embeds
DEBUG: build_embeds succeeded
DEBUG: bs = 2
DEBUG: build_embeds succeeded
DEBUG: bs = 2
DEBUG: About to call build_embeds
DEBUG: About to call build_embeds
DEBUG: build_embeds succeeded
DEBUG: bs = 2
DEBUG: build_embeds succeeded
DEBUG: bs = 2
DEBUG: About to call build_embeds
DEBUG: About to call build_embeds
DEBUG: build_embeds succeeded
DEBUG: bs = 2
DEBUG: build_embeds succeeded
DEBUG: bs = 2
DEBUG: About to call build_embeds
DEBUG: About to call build_embeds
DEBUG: build_embeds succeeded
DEBUG: bs = 2
DEBUG: build_embeds succeeded
DEBUG: bs = 2
DEBUG: About to call build_embeds
DEBUG: About to call build_embeds
DEBUG: build_embeds succeeded
DEBUG: bs = 2
DEBUG: build_embeds succeeded
DEBUG: bs = 2
DEBUG: About to call build_embeds
DEBUG: About to call build_embeds
DEBUG: build_embeds succeeded
DEBUG: bs = 2
DEBUG: build_embeds succeeded
DEBUG: bs = 2
DEBUG: About to call build_embeds
DEBUG: About to call build_embeds
DEBUG: build_embeds succeeded
DEBUG: bs = 2
DEBUG: build_embeds succeeded
DEBUG: bs = 2
DEBUG: About to call build_embeds
DEBUG: About to call build_embeds
DEBUG: build_embeds succeeded
DEBUG: bs = 2
DEBUG: build_embeds succeeded
DEBUG: bs = 2
DEBUG: About to call build_embeds
DEBUG: About to call build_embeds
DEBUG: build_embeds succeeded
DEBUG: bs = 2
DEBUG: build_embeds succeeded
DEBUG: bs = 2
DEBUG: About to call build_embeds
DEBUG: About to call build_embeds
DEBUG: build_embeds succeeded
DEBUG: bs = 2
DEBUG: build_embeds succeeded
DEBUG: bs = 2
DEBUG: About to call build_embeds
DEBUG: About to call build_embeds
DEBUG: build_embeds succeeded
DEBUG: bs = 2
DEBUG: build_embeds succeeded
DEBUG: bs = 2
DEBUG: About to call build_embeds
DEBUG: About to call build_embeds
DEBUG: build_embeds succeeded
DEBUG: bs = 2
DEBUG: build_embeds succeeded
DEBUG: bs = 2
DEBUG: About to call build_embeds
DEBUG: About to call build_embeds
DEBUG: build_embeds succeeded
DEBUG: bs = 2
DEBUG: build_embeds succeeded
DEBUG: bs = 2
DEBUG: About to call build_embedsDEBUG: About to call build_embeds

DEBUG: build_embeds succeeded
DEBUG: bs = 2
DEBUG: build_embeds succeeded
DEBUG: bs = 2
DEBUG: About to call build_embeds
DEBUG: About to call build_embeds
DEBUG: build_embeds succeeded
DEBUG: bs = 2
DEBUG: build_embeds succeeded
DEBUG: bs = 2
DEBUG: About to call build_embeds
DEBUG: About to call build_embeds
DEBUG: build_embeds succeeded
DEBUG: bs = 2
DEBUG: build_embeds succeeded
DEBUG: bs = 2
DEBUG: About to call build_embeds
DEBUG: About to call build_embeds
DEBUG: build_embeds succeeded
DEBUG: bs = 2
DEBUG: build_embeds succeeded
DEBUG: bs = 2
DEBUG: About to call build_embeds
DEBUG: About to call build_embeds
DEBUG: build_embeds succeeded
DEBUG: bs = 2
DEBUG: build_embeds succeeded
DEBUG: bs = 2
DEBUG: About to call build_embeds
DEBUG: About to call build_embeds
DEBUG: build_embeds succeeded
DEBUG: bs = 2
DEBUG: build_embeds succeeded
DEBUG: bs = 2
DEBUG: About to call build_embeds
DEBUG: About to call build_embeds
DEBUG: build_embeds succeeded
DEBUG: bs = 2
DEBUG: build_embeds succeeded
DEBUG: bs = 2
DEBUG: About to call build_embeds
DEBUG: About to call build_embeds
DEBUG: build_embeds succeeded
DEBUG: bs = 2
DEBUG: build_embeds succeeded
DEBUG: bs = 2
DEBUG: About to call build_embeds
DEBUG: About to call build_embeds
DEBUG: build_embeds succeeded
DEBUG: bs = 2
DEBUG: build_embeds succeeded
DEBUG: bs = 2
DEBUG: About to call build_embeds
DEBUG: About to call build_embeds
DEBUG: build_embeds succeeded
DEBUG: bs = 2
DEBUG: build_embeds succeeded
DEBUG: bs = 2
DEBUG: About to call build_embeds
DEBUG: About to call build_embeds
DEBUG: build_embeds succeeded
DEBUG: bs = 2
DEBUG: build_embeds succeeded
DEBUG: bs = 2
DEBUG: About to call build_embeds
DEBUG: About to call build_embeds
DEBUG: build_embeds succeeded
DEBUG: bs = 2
DEBUG: build_embeds succeeded
DEBUG: bs = 2
DEBUG: About to call build_embeds
DEBUG: About to call build_embeds
DEBUG: build_embeds succeeded
DEBUG: bs = 2
DEBUG: build_embeds succeeded
DEBUG: bs = 2
DEBUG: About to call build_embeds
DEBUG: About to call build_embeds
DEBUG: build_embeds succeeded
DEBUG: bs = 2
DEBUG: build_embeds succeeded
DEBUG: bs = 2
DEBUG: About to call build_embeds
DEBUG: About to call build_embeds
DEBUG: build_embeds succeeded
DEBUG: bs = 2
DEBUG: build_embeds succeeded
DEBUG: bs = 2
DEBUG: About to call build_embeds
DEBUG: About to call build_embeds
DEBUG: build_embeds succeeded
DEBUG: bs = 2
DEBUG: build_embeds succeeded
DEBUG: bs = 2
DEBUG: About to call build_embeds
DEBUG: About to call build_embeds
DEBUG: build_embeds succeeded
DEBUG: bs = 2
DEBUG: build_embeds succeeded
DEBUG: bs = 2
DEBUG: About to call build_embedsDEBUG: About to call build_embeds

DEBUG: build_embeds succeeded
DEBUG: bs = 2
DEBUG: build_embeds succeeded
DEBUG: bs = 2
DEBUG: About to call build_embeds
DEBUG: About to call build_embeds
DEBUG: build_embeds succeeded
DEBUG: bs = 2
DEBUG: build_embeds succeeded
DEBUG: bs = 2
DEBUG: About to call build_embeds
DEBUG: About to call build_embeds
DEBUG: build_embeds succeeded
DEBUG: bs = 2
DEBUG: build_embeds succeeded
DEBUG: bs = 2
DEBUG: About to call build_embeds
DEBUG: About to call build_embeds
DEBUG: build_embeds succeeded
DEBUG: build_embeds succeededDEBUG: bs = 2
DEBUG: bs = 2

DEBUG: About to call build_embeds
DEBUG: About to call build_embeds
DEBUG: build_embeds succeeded
DEBUG: bs = 2
DEBUG: build_embeds succeeded
DEBUG: bs = 2
DEBUG: About to call build_embeds
DEBUG: About to call build_embeds
DEBUG: build_embeds succeeded
DEBUG: bs = 2
DEBUG: build_embeds succeeded
DEBUG: bs = 2
DEBUG: About to call build_embeds
DEBUG: About to call build_embeds
DEBUG: build_embeds succeeded
DEBUG: bs = 2
DEBUG: build_embeds succeeded
DEBUG: bs = 2
DEBUG: About to call build_embeds
DEBUG: About to call build_embeds
DEBUG: build_embeds succeeded
DEBUG: bs = 2
DEBUG: build_embeds succeeded
DEBUG: bs = 2
DEBUG: About to call build_embeds
DEBUG: About to call build_embeds
DEBUG: build_embeds succeeded
DEBUG: bs = 2
DEBUG: build_embeds succeeded
DEBUG: bs = 2
DEBUG: About to call build_embeds
DEBUG: About to call build_embeds
DEBUG: build_embeds succeeded
DEBUG: bs = 2
DEBUG: build_embeds succeeded
DEBUG: bs = 2
DEBUG: About to call build_embeds
DEBUG: About to call build_embeds
DEBUG: build_embeds succeeded
DEBUG: bs = 2
DEBUG: build_embeds succeeded
DEBUG: bs = 2
{'target_metric': 0.265, 'sentence_sim': 0.785092596411705, 'cider': 2.4668186198558932, 'bleu': 0.2947774930762979, 'meteor': 0.29241675107510834, 'rouge': 0.5825975921761057}
{'target_metric': 0.265, 'sentence_sim': 0.785092596411705, 'cider': 2.4668186198558932, 'bleu': 0.2947774930762979, 'meteor': 0.29241675107510834, 'rouge': 0.5825975921761057}
DEBUG: About to call build_embeds
DEBUG: build_embeds succeeded
DEBUG: bs = 2
DEBUG: About to call build_embeds
DEBUG: build_embeds succeeded
DEBUG: bs = 2
DEBUG: About to call build_embeds
DEBUG: About to call build_embeds
DEBUG: build_embeds succeeded
DEBUG: bs = 2
DEBUG: build_embeds succeeded
DEBUG: bs = 2
DEBUG: About to call build_embeds
DEBUG: About to call build_embeds
DEBUG: build_embeds succeeded
DEBUG: build_embeds succeeded
DEBUG: bs = 2DEBUG: bs = 2

DEBUG: About to call build_embeds
DEBUG: About to call build_embeds
DEBUG: build_embeds succeeded
DEBUG: bs = 2
DEBUG: build_embeds succeeded
DEBUG: bs = 2
DEBUG: About to call build_embeds
DEBUG: About to call build_embeds
DEBUG: build_embeds succeeded
DEBUG: bs = 2
DEBUG: build_embeds succeeded
DEBUG: bs = 2
DEBUG: About to call build_embedsDEBUG: About to call build_embeds

DEBUG: build_embeds succeeded
DEBUG: bs = 2
DEBUG: build_embeds succeeded
DEBUG: bs = 2
DEBUG: About to call build_embeds
DEBUG: About to call build_embeds
DEBUG: build_embeds succeeded
DEBUG: bs = 2
DEBUG: build_embeds succeeded
DEBUG: bs = 2
DEBUG: About to call build_embeds
DEBUG: About to call build_embeds
DEBUG: build_embeds succeeded
DEBUG: bs = 2
DEBUG: build_embeds succeeded
DEBUG: bs = 2
DEBUG: About to call build_embedsDEBUG: About to call build_embeds

DEBUG: build_embeds succeeded
DEBUG: bs = 2
DEBUG: build_embeds succeeded
DEBUG: bs = 2
DEBUG: About to call build_embeds
DEBUG: About to call build_embeds
DEBUG: build_embeds succeeded
DEBUG: bs = 2
DEBUG: build_embeds succeeded
DEBUG: bs = 2
DEBUG: About to call build_embeds
DEBUG: About to call build_embeds
DEBUG: build_embeds succeeded
DEBUG: bs = 2
DEBUG: build_embeds succeeded
DEBUG: bs = 2
DEBUG: About to call build_embeds
DEBUG: About to call build_embeds
DEBUG: build_embeds succeeded
DEBUG: bs = 2
DEBUG: build_embeds succeeded
DEBUG: bs = 2
DEBUG: About to call build_embedsDEBUG: About to call build_embeds

DEBUG: build_embeds succeeded
DEBUG: bs = 2
DEBUG: build_embeds succeeded
DEBUG: bs = 2
DEBUG: About to call build_embeds
DEBUG: About to call build_embeds
DEBUG: build_embeds succeeded
DEBUG: bs = 2
DEBUG: build_embeds succeeded
DEBUG: bs = 2
DEBUG: About to call build_embeds
DEBUG: About to call build_embeds
DEBUG: build_embeds succeeded
DEBUG: bs = 2
DEBUG: build_embeds succeeded
DEBUG: bs = 2
DEBUG: About to call build_embeds
DEBUG: About to call build_embeds
DEBUG: build_embeds succeeded
DEBUG: bs = 2
DEBUG: build_embeds succeeded
DEBUG: bs = 2
DEBUG: About to call build_embeds
DEBUG: About to call build_embeds
DEBUG: build_embeds succeeded
DEBUG: bs = 2
DEBUG: build_embeds succeeded
DEBUG: bs = 2
DEBUG: About to call build_embeds
DEBUG: About to call build_embeds
DEBUG: build_embeds succeeded
DEBUG: bs = 2
DEBUG: build_embeds succeeded
DEBUG: bs = 2
DEBUG: About to call build_embeds
DEBUG: About to call build_embeds
DEBUG: build_embeds succeeded
DEBUG: bs = 2
DEBUG: build_embeds succeeded
DEBUG: bs = 2
DEBUG: About to call build_embeds
DEBUG: About to call build_embeds
DEBUG: build_embeds succeeded
DEBUG: bs = 2
DEBUG: build_embeds succeeded
DEBUG: bs = 2
DEBUG: About to call build_embeds
DEBUG: About to call build_embeds
DEBUG: build_embeds succeeded
DEBUG: bs = 2
DEBUG: build_embeds succeeded
DEBUG: bs = 2
DEBUG: About to call build_embeds
DEBUG: About to call build_embeds
DEBUG: build_embeds succeeded
DEBUG: bs = 2
DEBUG: build_embeds succeeded
DEBUG: bs = 2
DEBUG: About to call build_embeds
DEBUG: About to call build_embeds
DEBUG: build_embeds succeeded
DEBUG: bs = 2
DEBUG: build_embeds succeeded
DEBUG: bs = 2
DEBUG: About to call build_embeds
DEBUG: About to call build_embeds
DEBUG: build_embeds succeeded
DEBUG: bs = 2
DEBUG: build_embeds succeeded
DEBUG: bs = 2
DEBUG: About to call build_embeds
DEBUG: About to call build_embeds
DEBUG: build_embeds succeeded
DEBUG: bs = 2
DEBUG: build_embeds succeeded
DEBUG: bs = 2
DEBUG: About to call build_embeds
DEBUG: About to call build_embeds
DEBUG: build_embeds succeeded
DEBUG: bs = 2
DEBUG: build_embeds succeeded
DEBUG: bs = 2
DEBUG: About to call build_embeds
DEBUG: About to call build_embeds
DEBUG: build_embeds succeeded
DEBUG: bs = 2
DEBUG: build_embeds succeeded
DEBUG: bs = 2
DEBUG: About to call build_embeds
DEBUG: About to call build_embeds
DEBUG: build_embeds succeeded
DEBUG: bs = 2
DEBUG: build_embeds succeeded
DEBUG: bs = 2
DEBUG: About to call build_embeds
DEBUG: About to call build_embeds
DEBUG: build_embeds succeeded
DEBUG: bs = 2
DEBUG: build_embeds succeeded
DEBUG: bs = 2
DEBUG: About to call build_embeds
DEBUG: About to call build_embeds
DEBUG: build_embeds succeeded
DEBUG: bs = 2
DEBUG: build_embeds succeeded
DEBUG: bs = 2
DEBUG: About to call build_embeds
DEBUG: About to call build_embeds
DEBUG: build_embeds succeeded
DEBUG: bs = 2
DEBUG: build_embeds succeeded
DEBUG: bs = 2
DEBUG: About to call build_embedsDEBUG: About to call build_embeds

DEBUG: build_embeds succeeded
DEBUG: bs = 2
DEBUG: build_embeds succeeded
DEBUG: bs = 2
DEBUG: About to call build_embeds
DEBUG: About to call build_embeds
DEBUG: build_embeds succeeded
DEBUG: bs = 2
DEBUG: build_embeds succeeded
DEBUG: bs = 2
DEBUG: About to call build_embeds
DEBUG: About to call build_embeds
DEBUG: build_embeds succeeded
DEBUG: bs = 2
DEBUG: build_embeds succeeded
DEBUG: bs = 2
DEBUG: About to call build_embedsDEBUG: About to call build_embeds

DEBUG: build_embeds succeeded
DEBUG: bs = 2
DEBUG: build_embeds succeeded
DEBUG: bs = 2
DEBUG: About to call build_embeds
DEBUG: About to call build_embeds
DEBUG: build_embeds succeeded
DEBUG: bs = 2
DEBUG: build_embeds succeeded
DEBUG: bs = 2
DEBUG: About to call build_embeds
DEBUG: About to call build_embeds
DEBUG: build_embeds succeeded
DEBUG: bs = 2
DEBUG: build_embeds succeeded
DEBUG: bs = 2
DEBUG: About to call build_embeds
DEBUG: About to call build_embeds
DEBUG: build_embeds succeeded
DEBUG: bs = 2
DEBUG: build_embeds succeeded
DEBUG: bs = 2
DEBUG: About to call build_embeds
DEBUG: About to call build_embeds
DEBUG: build_embeds succeeded
DEBUG: bs = 2
DEBUG: build_embeds succeeded
DEBUG: bs = 2
DEBUG: About to call build_embeds
DEBUG: About to call build_embeds
DEBUG: build_embeds succeeded
DEBUG: bs = 2
DEBUG: build_embeds succeeded
DEBUG: bs = 2
DEBUG: About to call build_embeds
DEBUG: About to call build_embeds
DEBUG: build_embeds succeeded
DEBUG: bs = 2
DEBUG: build_embeds succeeded
DEBUG: bs = 2
DEBUG: About to call build_embeds
DEBUG: About to call build_embeds
DEBUG: build_embeds succeeded
DEBUG: bs = 2
DEBUG: build_embeds succeeded
DEBUG: bs = 2
DEBUG: About to call build_embeds
DEBUG: About to call build_embeds
DEBUG: build_embeds succeeded
DEBUG: bs = 2
DEBUG: build_embeds succeeded
DEBUG: bs = 2
DEBUG: About to call build_embeds
DEBUG: About to call build_embeds
DEBUG: build_embeds succeeded
DEBUG: bs = 2
DEBUG: build_embeds succeeded
DEBUG: bs = 2
DEBUG: About to call build_embeds
DEBUG: About to call build_embeds
DEBUG: build_embeds succeeded
DEBUG: bs = 2
DEBUG: build_embeds succeeded
DEBUG: bs = 2
DEBUG: About to call build_embeds
DEBUG: About to call build_embeds
DEBUG: build_embeds succeeded
DEBUG: bs = 2
DEBUG: build_embeds succeeded
DEBUG: bs = 2
DEBUG: About to call build_embeds
DEBUG: About to call build_embeds
DEBUG: build_embeds succeeded
DEBUG: bs = 2
DEBUG: build_embeds succeeded
DEBUG: bs = 2
DEBUG: About to call build_embeds
DEBUG: About to call build_embeds
DEBUG: build_embeds succeeded
DEBUG: bs = 2
DEBUG: build_embeds succeeded
DEBUG: bs = 2
DEBUG: About to call build_embeds
DEBUG: About to call build_embeds
DEBUG: build_embeds succeeded
DEBUG: bs = 2
DEBUG: build_embeds succeeded
DEBUG: bs = 2
DEBUG: About to call build_embeds
DEBUG: About to call build_embeds
DEBUG: build_embeds succeeded
DEBUG: bs = 2
DEBUG: build_embeds succeeded
DEBUG: bs = 2
DEBUG: About to call build_embeds
DEBUG: About to call build_embeds
DEBUG: build_embeds succeeded
DEBUG: bs = 2
DEBUG: build_embeds succeeded
DEBUG: bs = 2
DEBUG: About to call build_embedsDEBUG: About to call build_embeds

DEBUG: build_embeds succeeded
DEBUG: bs = 2
DEBUG: build_embeds succeeded
DEBUG: bs = 2
DEBUG: About to call build_embeds
DEBUG: About to call build_embeds
DEBUG: build_embeds succeeded
DEBUG: bs = 2
DEBUG: build_embeds succeeded
DEBUG: bs = 2
DEBUG: About to call build_embeds
DEBUG: About to call build_embeds
DEBUG: build_embeds succeeded
DEBUG: bs = 2
DEBUG: build_embeds succeeded
DEBUG: bs = 2
DEBUG: About to call build_embeds
DEBUG: About to call build_embeds
DEBUG: build_embeds succeeded
DEBUG: bs = 2
DEBUG: build_embeds succeeded
DEBUG: bs = 2
DEBUG: About to call build_embeds
DEBUG: About to call build_embeds
DEBUG: build_embeds succeeded
DEBUG: bs = 2
DEBUG: build_embeds succeeded
DEBUG: bs = 2
DEBUG: About to call build_embeds
DEBUG: About to call build_embeds
DEBUG: build_embeds succeeded
DEBUG: bs = 2
DEBUG: build_embeds succeeded
DEBUG: bs = 2
DEBUG: About to call build_embeds
DEBUG: About to call build_embeds
DEBUG: build_embeds succeeded
DEBUG: bs = 2
DEBUG: build_embeds succeeded
DEBUG: bs = 2
DEBUG: About to call build_embeds
DEBUG: About to call build_embeds
DEBUG: build_embeds succeeded
DEBUG: bs = 2
DEBUG: build_embeds succeeded
DEBUG: bs = 2
DEBUG: About to call build_embeds
DEBUG: About to call build_embeds
DEBUG: build_embeds succeeded
DEBUG: bs = 2
DEBUG: build_embeds succeeded
DEBUG: bs = 2
DEBUG: About to call build_embeds
DEBUG: About to call build_embeds
DEBUG: build_embeds succeeded
DEBUG: bs = 2
DEBUG: build_embeds succeeded
DEBUG: bs = 2
DEBUG: About to call build_embeds
DEBUG: About to call build_embeds
DEBUG: build_embeds succeeded
DEBUG: bs = 2
DEBUG: build_embeds succeeded
DEBUG: bs = 2
DEBUG: About to call build_embeds
DEBUG: About to call build_embeds
DEBUG: build_embeds succeeded
DEBUG: bs = 2
DEBUG: build_embeds succeeded
DEBUG: bs = 2
DEBUG: About to call build_embeds
DEBUG: About to call build_embeds
DEBUG: build_embeds succeeded
DEBUG: bs = 2
DEBUG: build_embeds succeeded
DEBUG: bs = 2
DEBUG: About to call build_embeds
DEBUG: About to call build_embeds
DEBUG: build_embeds succeeded
DEBUG: bs = 2
DEBUG: build_embeds succeeded
DEBUG: bs = 2
DEBUG: About to call build_embeds
DEBUG: About to call build_embeds
DEBUG: build_embeds succeeded
DEBUG: bs = 2
DEBUG: build_embeds succeeded
DEBUG: bs = 2
DEBUG: About to call build_embeds
DEBUG: About to call build_embeds
DEBUG: build_embeds succeeded
DEBUG: bs = 2
DEBUG: build_embeds succeeded
DEBUG: bs = 2
DEBUG: About to call build_embeds
DEBUG: About to call build_embeds
DEBUG: build_embeds succeeded
DEBUG: bs = 2
DEBUG: build_embeds succeeded
DEBUG: bs = 2
DEBUG: About to call build_embeds
DEBUG: About to call build_embeds
DEBUG: build_embeds succeeded
DEBUG: bs = 2
DEBUG: build_embeds succeeded
DEBUG: bs = 2
DEBUG: About to call build_embeds
DEBUG: About to call build_embeds
DEBUG: build_embeds succeeded
DEBUG: bs = 2
DEBUG: build_embeds succeeded
DEBUG: bs = 2
DEBUG: About to call build_embeds
DEBUG: About to call build_embeds
DEBUG: build_embeds succeeded
DEBUG: bs = 2
DEBUG: build_embeds succeeded
DEBUG: bs = 2
DEBUG: About to call build_embeds
DEBUG: About to call build_embeds
DEBUG: build_embeds succeeded
DEBUG: bs = 2
DEBUG: build_embeds succeeded
DEBUG: bs = 2
DEBUG: About to call build_embeds
DEBUG: About to call build_embeds
DEBUG: build_embeds succeeded
DEBUG: bs = 2
DEBUG: build_embeds succeeded
DEBUG: bs = 2
DEBUG: About to call build_embeds
DEBUG: About to call build_embeds
DEBUG: build_embeds succeeded
DEBUG: bs = 2
DEBUG: build_embeds succeeded
DEBUG: bs = 2
DEBUG: About to call build_embeds
DEBUG: About to call build_embeds
DEBUG: build_embeds succeeded
DEBUG: bs = 2
DEBUG: build_embeds succeeded
DEBUG: bs = 2
DEBUG: About to call build_embeds
DEBUG: About to call build_embeds
DEBUG: build_embeds succeeded
DEBUG: bs = 2
DEBUG: build_embeds succeeded
DEBUG: bs = 2
DEBUG: About to call build_embeds
DEBUG: About to call build_embeds
DEBUG: build_embeds succeeded
DEBUG: bs = 2
DEBUG: build_embeds succeeded
DEBUG: bs = 2
DEBUG: About to call build_embeds
DEBUG: About to call build_embeds
DEBUG: build_embeds succeeded
DEBUG: bs = 2
DEBUG: build_embeds succeeded
DEBUG: bs = 2
DEBUG: About to call build_embeds
DEBUG: About to call build_embeds
DEBUG: build_embeds succeeded
DEBUG: bs = 2
DEBUG: build_embeds succeeded
DEBUG: bs = 2
DEBUG: About to call build_embedsDEBUG: About to call build_embeds

DEBUG: build_embeds succeeded
DEBUG: bs = 2
DEBUG: build_embeds succeeded
DEBUG: bs = 2
DEBUG: About to call build_embeds
DEBUG: About to call build_embeds
DEBUG: build_embeds succeeded
DEBUG: bs = 2
DEBUG: build_embeds succeeded
DEBUG: bs = 2
DEBUG: About to call build_embeds
DEBUG: About to call build_embeds
DEBUG: build_embeds succeeded
DEBUG: bs = 2
DEBUG: build_embeds succeeded
DEBUG: bs = 2
DEBUG: About to call build_embeds
DEBUG: About to call build_embeds
DEBUG: build_embeds succeeded
DEBUG: bs = 2
DEBUG: build_embeds succeeded
DEBUG: bs = 2
DEBUG: About to call build_embeds
DEBUG: About to call build_embeds
DEBUG: build_embeds succeeded
DEBUG: bs = 2
DEBUG: build_embeds succeeded
DEBUG: bs = 2
DEBUG: About to call build_embeds
DEBUG: About to call build_embeds
DEBUG: build_embeds succeeded
DEBUG: bs = 2
DEBUG: build_embeds succeeded
DEBUG: bs = 2
DEBUG: About to call build_embeds
DEBUG: About to call build_embeds
DEBUG: build_embeds succeeded
DEBUG: bs = 2
DEBUG: build_embeds succeeded
DEBUG: bs = 2
DEBUG: About to call build_embeds
DEBUG: About to call build_embeds
DEBUG: build_embeds succeeded
DEBUG: bs = 2
DEBUG: build_embeds succeeded
DEBUG: bs = 2
DEBUG: About to call build_embeds
DEBUG: About to call build_embeds
DEBUG: build_embeds succeeded
DEBUG: bs = 2
DEBUG: build_embeds succeeded
DEBUG: bs = 2
DEBUG: About to call build_embeds
DEBUG: About to call build_embeds
DEBUG: build_embeds succeeded
DEBUG: bs = 2
DEBUG: build_embeds succeeded
DEBUG: bs = 2
DEBUG: About to call build_embeds
DEBUG: About to call build_embeds
DEBUG: build_embeds succeeded
DEBUG: bs = 2
DEBUG: build_embeds succeeded
DEBUG: bs = 2
DEBUG: About to call build_embeds
DEBUG: About to call build_embeds
DEBUG: build_embeds succeeded
DEBUG: bs = 2
DEBUG: build_embeds succeeded
DEBUG: bs = 2
DEBUG: About to call build_embedsDEBUG: About to call build_embeds

DEBUG: build_embeds succeeded
DEBUG: bs = 2
DEBUG: build_embeds succeeded
DEBUG: bs = 2
DEBUG: About to call build_embeds
DEBUG: About to call build_embeds
DEBUG: build_embeds succeeded
DEBUG: bs = 2
DEBUG: build_embeds succeeded
DEBUG: bs = 2
DEBUG: About to call build_embeds
DEBUG: About to call build_embeds
DEBUG: build_embeds succeeded
DEBUG: bs = 2
DEBUG: build_embeds succeeded
DEBUG: bs = 2
DEBUG: About to call build_embeds
DEBUG: About to call build_embeds
DEBUG: build_embeds succeeded
DEBUG: bs = 2
DEBUG: build_embeds succeeded
DEBUG: bs = 2
DEBUG: About to call build_embeds
DEBUG: About to call build_embeds
DEBUG: build_embeds succeeded
DEBUG: bs = 2
DEBUG: build_embeds succeeded
DEBUG: bs = 2
DEBUG: About to call build_embeds
DEBUG: About to call build_embeds
DEBUG: build_embeds succeeded
DEBUG: bs = 2
DEBUG: build_embeds succeeded
DEBUG: bs = 2
DEBUG: About to call build_embeds
DEBUG: About to call build_embeds
DEBUG: build_embeds succeeded
DEBUG: bs = 2
DEBUG: build_embeds succeeded
DEBUG: bs = 2
DEBUG: About to call build_embeds
DEBUG: About to call build_embeds
DEBUG: build_embeds succeeded
DEBUG: bs = 2
DEBUG: build_embeds succeeded
DEBUG: bs = 2
DEBUG: About to call build_embedsDEBUG: About to call build_embeds

DEBUG: build_embeds succeeded
DEBUG: bs = 2
DEBUG: build_embeds succeeded
DEBUG: bs = 2
{'target_metric': 0.345, 'sentence_sim': 0.8075631496310234, 'cider': 2.4726176945931915, 'bleu': 0.2356086112392689, 'meteor': 0.28812892727092376, 'rouge': 0.5903538947427155}
{'target_metric': 0.345, 'sentence_sim': 0.8075631496310234, 'cider': 2.4726176945931915, 'bleu': 0.2356086112392689, 'meteor': 0.28812892727092376, 'rouge': 0.5903538947427155}
DEBUG: About to call build_embeds
DEBUG: About to call build_embeds
DEBUG: build_embeds succeeded
DEBUG: bs = 2
DEBUG: build_embeds succeeded
DEBUG: bs = 2
DEBUG: About to call build_embeds
DEBUG: About to call build_embeds
DEBUG: build_embeds succeeded
DEBUG: bs = 2
DEBUG: build_embeds succeeded
DEBUG: bs = 2
DEBUG: About to call build_embeds
DEBUG: About to call build_embeds
DEBUG: build_embeds succeeded
DEBUG: bs = 2
DEBUG: build_embeds succeeded
DEBUG: bs = 2
DEBUG: About to call build_embeds
DEBUG: About to call build_embeds
DEBUG: build_embeds succeeded
DEBUG: bs = 2
DEBUG: build_embeds succeeded
DEBUG: bs = 2
DEBUG: About to call build_embeds
DEBUG: About to call build_embeds
DEBUG: build_embeds succeeded
DEBUG: bs = 2
DEBUG: build_embeds succeeded
DEBUG: bs = 2
DEBUG: About to call build_embeds
DEBUG: About to call build_embeds
DEBUG: build_embeds succeeded
DEBUG: bs = 2
DEBUG: build_embeds succeeded
DEBUG: bs = 2
DEBUG: About to call build_embeds
DEBUG: About to call build_embeds
DEBUG: build_embeds succeeded
DEBUG: bs = 2
DEBUG: build_embeds succeeded
DEBUG: bs = 2
DEBUG: About to call build_embeds
DEBUG: About to call build_embeds
DEBUG: build_embeds succeeded
DEBUG: bs = 2
DEBUG: build_embeds succeeded
DEBUG: bs = 2
DEBUG: About to call build_embeds
DEBUG: About to call build_embeds
DEBUG: build_embeds succeeded
DEBUG: bs = 2
DEBUG: build_embeds succeeded
DEBUG: bs = 2
DEBUG: About to call build_embeds
DEBUG: About to call build_embeds
DEBUG: build_embeds succeeded
DEBUG: bs = 2DEBUG: build_embeds succeeded

DEBUG: bs = 2
DEBUG: About to call build_embeds
DEBUG: About to call build_embeds
DEBUG: build_embeds succeeded
DEBUG: bs = 2
DEBUG: build_embeds succeeded
DEBUG: bs = 2
DEBUG: About to call build_embeds
DEBUG: About to call build_embeds
DEBUG: build_embeds succeeded
DEBUG: bs = 2
DEBUG: build_embeds succeeded
DEBUG: bs = 2
DEBUG: About to call build_embeds
DEBUG: About to call build_embeds
DEBUG: build_embeds succeeded
DEBUG: bs = 2
DEBUG: build_embeds succeeded
DEBUG: bs = 2
DEBUG: About to call build_embeds
DEBUG: About to call build_embeds
DEBUG: build_embeds succeeded
DEBUG: bs = 2
DEBUG: build_embeds succeeded
DEBUG: bs = 2
DEBUG: About to call build_embeds
DEBUG: About to call build_embeds
DEBUG: build_embeds succeeded
DEBUG: bs = 2
DEBUG: build_embeds succeeded
DEBUG: bs = 2
DEBUG: About to call build_embeds
DEBUG: About to call build_embeds
DEBUG: build_embeds succeeded
DEBUG: bs = 2
DEBUG: build_embeds succeeded
DEBUG: bs = 2
DEBUG: About to call build_embeds
DEBUG: About to call build_embeds
DEBUG: build_embeds succeeded
DEBUG: bs = 2
DEBUG: build_embeds succeeded
DEBUG: bs = 2
DEBUG: About to call build_embeds
DEBUG: About to call build_embeds
DEBUG: build_embeds succeeded
DEBUG: bs = 2
DEBUG: build_embeds succeeded
DEBUG: bs = 2
DEBUG: About to call build_embeds
DEBUG: About to call build_embeds
DEBUG: build_embeds succeeded
DEBUG: bs = 2
DEBUG: build_embeds succeeded
DEBUG: bs = 2
DEBUG: About to call build_embeds
DEBUG: About to call build_embeds
DEBUG: build_embeds succeeded
DEBUG: bs = 2
DEBUG: build_embeds succeeded
DEBUG: bs = 2
DEBUG: About to call build_embeds
DEBUG: About to call build_embeds
DEBUG: build_embeds succeeded
DEBUG: bs = 2
DEBUG: build_embeds succeeded
DEBUG: bs = 2
DEBUG: About to call build_embeds
DEBUG: About to call build_embeds
DEBUG: build_embeds succeeded
DEBUG: bs = 2
DEBUG: build_embeds succeeded
DEBUG: bs = 2
DEBUG: About to call build_embeds
DEBUG: About to call build_embeds
DEBUG: build_embeds succeeded
DEBUG: bs = 2
DEBUG: build_embeds succeeded
DEBUG: bs = 2
DEBUG: About to call build_embeds
DEBUG: About to call build_embeds
DEBUG: build_embeds succeeded
DEBUG: bs = 2
DEBUG: build_embeds succeeded
DEBUG: bs = 2
DEBUG: About to call build_embeds
DEBUG: About to call build_embeds
DEBUG: build_embeds succeeded
DEBUG: bs = 2
DEBUG: build_embeds succeeded
DEBUG: bs = 2
DEBUG: About to call build_embeds
DEBUG: About to call build_embeds
DEBUG: build_embeds succeeded
DEBUG: bs = 2
DEBUG: build_embeds succeeded
DEBUG: bs = 2
DEBUG: About to call build_embeds
DEBUG: About to call build_embeds
DEBUG: build_embeds succeeded
DEBUG: bs = 2
DEBUG: build_embeds succeeded
DEBUG: bs = 2
DEBUG: About to call build_embeds
DEBUG: About to call build_embeds
DEBUG: build_embeds succeeded
DEBUG: bs = 2
DEBUG: build_embeds succeeded
DEBUG: bs = 2
DEBUG: About to call build_embeds
DEBUG: About to call build_embeds
DEBUG: build_embeds succeeded
DEBUG: bs = 2
DEBUG: build_embeds succeeded
DEBUG: bs = 2
DEBUG: About to call build_embeds
DEBUG: About to call build_embeds
DEBUG: build_embeds succeeded
DEBUG: bs = 2
DEBUG: build_embeds succeeded
DEBUG: bs = 2
DEBUG: About to call build_embeds
DEBUG: About to call build_embeds
DEBUG: build_embeds succeeded
DEBUG: bs = 2
DEBUG: build_embeds succeeded
DEBUG: bs = 2
DEBUG: About to call build_embeds
DEBUG: About to call build_embeds
DEBUG: build_embeds succeeded
DEBUG: bs = 2
DEBUG: build_embeds succeeded
DEBUG: bs = 2
DEBUG: About to call build_embeds
DEBUG: About to call build_embeds
DEBUG: build_embeds succeeded
DEBUG: bs = 2DEBUG: build_embeds succeeded
DEBUG: bs = 2

DEBUG: About to call build_embeds
DEBUG: About to call build_embeds
DEBUG: build_embeds succeeded
DEBUG: bs = 2
DEBUG: build_embeds succeeded
DEBUG: bs = 2
DEBUG: About to call build_embeds
DEBUG: About to call build_embeds
DEBUG: build_embeds succeeded
DEBUG: bs = 2
DEBUG: build_embeds succeeded
DEBUG: bs = 2
DEBUG: About to call build_embeds
DEBUG: About to call build_embeds
DEBUG: build_embeds succeeded
DEBUG: bs = 2
DEBUG: build_embeds succeeded
DEBUG: bs = 2
DEBUG: About to call build_embeds
DEBUG: About to call build_embeds
DEBUG: build_embeds succeeded
DEBUG: bs = 2
DEBUG: build_embeds succeeded
DEBUG: bs = 2
DEBUG: About to call build_embeds
DEBUG: About to call build_embeds
DEBUG: build_embeds succeeded
DEBUG: bs = 2
DEBUG: build_embeds succeeded
DEBUG: bs = 2
DEBUG: About to call build_embeds
DEBUG: About to call build_embeds
DEBUG: build_embeds succeeded
DEBUG: bs = 2
DEBUG: build_embeds succeeded
DEBUG: bs = 2
DEBUG: About to call build_embeds
DEBUG: About to call build_embeds
DEBUG: build_embeds succeeded
DEBUG: bs = 2
DEBUG: build_embeds succeeded
DEBUG: bs = 2
DEBUG: About to call build_embeds
DEBUG: About to call build_embeds
DEBUG: build_embeds succeeded
DEBUG: bs = 2
DEBUG: build_embeds succeeded
DEBUG: bs = 2
DEBUG: About to call build_embeds
DEBUG: About to call build_embeds
DEBUG: build_embeds succeeded
DEBUG: bs = 2
DEBUG: build_embeds succeeded
DEBUG: bs = 2
DEBUG: About to call build_embeds
DEBUG: About to call build_embeds
DEBUG: build_embeds succeeded
DEBUG: bs = 2
DEBUG: build_embeds succeeded
DEBUG: bs = 2
DEBUG: About to call build_embeds
DEBUG: About to call build_embeds
DEBUG: build_embeds succeeded
DEBUG: bs = 2
DEBUG: build_embeds succeeded
DEBUG: bs = 2
DEBUG: About to call build_embeds
DEBUG: About to call build_embeds
DEBUG: build_embeds succeeded
DEBUG: bs = 2
DEBUG: build_embeds succeeded
DEBUG: bs = 2
DEBUG: About to call build_embeds
DEBUG: About to call build_embeds
DEBUG: build_embeds succeeded
DEBUG: bs = 2
DEBUG: build_embeds succeeded
DEBUG: bs = 2
DEBUG: About to call build_embeds
DEBUG: About to call build_embeds
DEBUG: build_embeds succeeded
DEBUG: bs = 2
DEBUG: build_embeds succeeded
DEBUG: bs = 2
DEBUG: About to call build_embeds
DEBUG: About to call build_embeds
DEBUG: build_embeds succeeded
DEBUG: bs = 2
DEBUG: build_embeds succeeded
DEBUG: bs = 2
DEBUG: About to call build_embeds
DEBUG: About to call build_embeds
DEBUG: build_embeds succeeded
DEBUG: bs = 2
DEBUG: build_embeds succeeded
DEBUG: bs = 2
DEBUG: About to call build_embeds
DEBUG: About to call build_embeds
DEBUG: build_embeds succeeded
DEBUG: bs = 2
DEBUG: build_embeds succeeded
DEBUG: bs = 2
DEBUG: About to call build_embeds
DEBUG: About to call build_embeds
DEBUG: build_embeds succeeded
DEBUG: bs = 2
DEBUG: build_embeds succeeded
DEBUG: bs = 2
DEBUG: About to call build_embeds
DEBUG: About to call build_embeds
DEBUG: build_embeds succeeded
DEBUG: bs = 2
DEBUG: build_embeds succeeded
DEBUG: bs = 2
DEBUG: About to call build_embeds
DEBUG: About to call build_embeds
DEBUG: build_embeds succeeded
DEBUG: bs = 2
DEBUG: build_embeds succeeded
DEBUG: bs = 2
DEBUG: About to call build_embeds
DEBUG: About to call build_embeds
DEBUG: build_embeds succeededDEBUG: build_embeds succeeded
DEBUG: bs = 2

DEBUG: bs = 2
DEBUG: About to call build_embeds
DEBUG: About to call build_embeds
DEBUG: build_embeds succeeded
DEBUG: bs = 2
DEBUG: build_embeds succeeded
DEBUG: bs = 2
DEBUG: About to call build_embeds
DEBUG: About to call build_embeds
DEBUG: build_embeds succeeded
DEBUG: bs = 2
DEBUG: build_embeds succeeded
DEBUG: bs = 2
DEBUG: About to call build_embedsDEBUG: About to call build_embeds

DEBUG: build_embeds succeeded
DEBUG: bs = 2
DEBUG: build_embeds succeeded
DEBUG: bs = 2
DEBUG: About to call build_embeds
DEBUG: About to call build_embeds
DEBUG: build_embeds succeeded
DEBUG: bs = 2
DEBUG: build_embeds succeeded
DEBUG: bs = 2
DEBUG: About to call build_embeds
DEBUG: About to call build_embeds
DEBUG: build_embeds succeeded
DEBUG: bs = 2
DEBUG: build_embeds succeeded
DEBUG: bs = 2
DEBUG: About to call build_embeds
DEBUG: About to call build_embeds
DEBUG: build_embeds succeeded
DEBUG: bs = 2
DEBUG: build_embeds succeeded
DEBUG: bs = 2
DEBUG: About to call build_embeds
DEBUG: About to call build_embeds
DEBUG: build_embeds succeeded
DEBUG: bs = 2
DEBUG: build_embeds succeeded
DEBUG: bs = 2
DEBUG: About to call build_embeds
DEBUG: About to call build_embeds
DEBUG: build_embeds succeeded
DEBUG: bs = 2
DEBUG: build_embeds succeeded
DEBUG: bs = 2
DEBUG: About to call build_embeds
DEBUG: About to call build_embeds
DEBUG: build_embeds succeeded
DEBUG: bs = 2
DEBUG: build_embeds succeeded
DEBUG: bs = 2
DEBUG: About to call build_embedsDEBUG: About to call build_embeds

DEBUG: build_embeds succeeded
DEBUG: bs = 2
DEBUG: build_embeds succeeded
DEBUG: bs = 2
DEBUG: About to call build_embeds
DEBUG: About to call build_embeds
DEBUG: build_embeds succeeded
DEBUG: bs = 2
DEBUG: build_embeds succeeded
DEBUG: bs = 2
DEBUG: About to call build_embeds
DEBUG: About to call build_embeds
DEBUG: build_embeds succeeded
DEBUG: bs = 2
DEBUG: build_embeds succeeded
DEBUG: bs = 2
DEBUG: About to call build_embeds
DEBUG: About to call build_embeds
DEBUG: build_embeds succeeded
DEBUG: bs = 2
DEBUG: build_embeds succeeded
DEBUG: bs = 2
DEBUG: About to call build_embeds
DEBUG: About to call build_embeds
DEBUG: build_embeds succeeded
DEBUG: bs = 2
DEBUG: build_embeds succeeded
DEBUG: bs = 2
DEBUG: About to call build_embeds
DEBUG: About to call build_embeds
DEBUG: build_embeds succeeded
DEBUG: bs = 2
DEBUG: build_embeds succeeded
DEBUG: bs = 2
DEBUG: About to call build_embeds
DEBUG: About to call build_embeds
DEBUG: build_embeds succeeded
DEBUG: bs = 2
DEBUG: build_embeds succeeded
DEBUG: bs = 2
DEBUG: About to call build_embedsDEBUG: About to call build_embeds

DEBUG: build_embeds succeeded
DEBUG: bs = 2
DEBUG: build_embeds succeeded
DEBUG: bs = 2
DEBUG: About to call build_embeds
DEBUG: About to call build_embeds
DEBUG: build_embeds succeeded
DEBUG: bs = 2
DEBUG: build_embeds succeeded
DEBUG: bs = 2
DEBUG: About to call build_embeds
DEBUG: About to call build_embeds
DEBUG: build_embeds succeeded
DEBUG: bs = 2
DEBUG: build_embeds succeeded
DEBUG: bs = 2
DEBUG: About to call build_embeds
DEBUG: About to call build_embeds
DEBUG: build_embeds succeeded
DEBUG: bs = 2
DEBUG: build_embeds succeeded
DEBUG: bs = 2
DEBUG: About to call build_embeds
DEBUG: About to call build_embeds
DEBUG: build_embeds succeeded
DEBUG: bs = 2
DEBUG: build_embeds succeeded
DEBUG: bs = 2
DEBUG: About to call build_embeds
DEBUG: About to call build_embeds
DEBUG: build_embeds succeeded
DEBUG: bs = 2
DEBUG: build_embeds succeeded
DEBUG: bs = 2
DEBUG: About to call build_embeds
DEBUG: About to call build_embeds
DEBUG: build_embeds succeeded
DEBUG: bs = 2
DEBUG: build_embeds succeeded
DEBUG: bs = 2
DEBUG: About to call build_embeds
DEBUG: About to call build_embeds
DEBUG: build_embeds succeeded
DEBUG: bs = 2
DEBUG: build_embeds succeeded
DEBUG: bs = 2
DEBUG: About to call build_embeds
DEBUG: About to call build_embeds
DEBUG: build_embeds succeeded
DEBUG: bs = 2
DEBUG: build_embeds succeeded
DEBUG: bs = 2
DEBUG: About to call build_embeds
DEBUG: About to call build_embeds
DEBUG: build_embeds succeeded
DEBUG: build_embeds succeeded
DEBUG: bs = 2
DEBUG: bs = 2
DEBUG: About to call build_embeds
DEBUG: About to call build_embeds
DEBUG: build_embeds succeeded
DEBUG: bs = 2
DEBUG: build_embeds succeeded
DEBUG: bs = 2
DEBUG: About to call build_embeds
DEBUG: About to call build_embeds
DEBUG: build_embeds succeeded
DEBUG: bs = 2
DEBUG: build_embeds succeeded
DEBUG: bs = 2
DEBUG: About to call build_embedsDEBUG: About to call build_embeds

DEBUG: build_embeds succeeded
DEBUG: bs = 2
DEBUG: build_embeds succeeded
DEBUG: bs = 2
DEBUG: About to call build_embeds
DEBUG: About to call build_embeds
DEBUG: build_embeds succeeded
DEBUG: bs = 2
DEBUG: build_embeds succeeded
DEBUG: bs = 2
DEBUG: About to call build_embeds
DEBUG: About to call build_embeds
DEBUG: build_embeds succeeded
DEBUG: bs = 2
DEBUG: build_embeds succeeded
DEBUG: bs = 2
DEBUG: About to call build_embeds
DEBUG: About to call build_embeds
DEBUG: build_embeds succeeded
DEBUG: bs = 2
DEBUG: build_embeds succeeded
DEBUG: bs = 2
DEBUG: About to call build_embeds
DEBUG: About to call build_embeds
DEBUG: build_embeds succeeded
DEBUG: bs = 2
DEBUG: build_embeds succeeded
DEBUG: bs = 2
DEBUG: About to call build_embeds
DEBUG: About to call build_embeds
DEBUG: build_embeds succeeded
DEBUG: bs = 2
DEBUG: build_embeds succeeded
DEBUG: bs = 2
DEBUG: About to call build_embeds
DEBUG: About to call build_embeds
DEBUG: build_embeds succeeded
DEBUG: bs = 2
DEBUG: build_embeds succeeded
DEBUG: bs = 2
DEBUG: About to call build_embeds
DEBUG: About to call build_embeds
DEBUG: build_embeds succeeded
DEBUG: bs = 2
DEBUG: build_embeds succeeded
DEBUG: bs = 2
DEBUG: About to call build_embeds
DEBUG: About to call build_embeds
DEBUG: build_embeds succeeded
DEBUG: bs = 2
DEBUG: build_embeds succeeded
DEBUG: bs = 2
DEBUG: About to call build_embeds
DEBUG: About to call build_embeds
DEBUG: build_embeds succeeded
DEBUG: bs = 2
DEBUG: build_embeds succeeded
DEBUG: bs = 2
DEBUG: About to call build_embedsDEBUG: About to call build_embeds

DEBUG: build_embeds succeeded
DEBUG: bs = 2
DEBUG: build_embeds succeeded
DEBUG: bs = 2
DEBUG: About to call build_embeds
DEBUG: About to call build_embeds
DEBUG: build_embeds succeeded
DEBUG: bs = 2
DEBUG: build_embeds succeeded
DEBUG: bs = 2
DEBUG: About to call build_embeds
DEBUG: About to call build_embeds
DEBUG: build_embeds succeeded
DEBUG: bs = 2
DEBUG: build_embeds succeeded
DEBUG: bs = 2
DEBUG: About to call build_embedsDEBUG: About to call build_embeds

DEBUG: build_embeds succeeded
DEBUG: bs = 2
DEBUG: build_embeds succeeded
DEBUG: bs = 2
DEBUG: About to call build_embeds
DEBUG: About to call build_embeds
DEBUG: build_embeds succeeded
DEBUG: bs = 2
DEBUG: build_embeds succeeded
DEBUG: bs = 2
DEBUG: About to call build_embeds
DEBUG: About to call build_embeds
DEBUG: build_embeds succeeded
DEBUG: bs = 2
DEBUG: build_embeds succeeded
DEBUG: bs = 2
DEBUG: About to call build_embeds
DEBUG: About to call build_embeds
DEBUG: build_embeds succeeded
DEBUG: bs = 2
DEBUG: build_embeds succeeded
DEBUG: bs = 2
DEBUG: About to call build_embeds
DEBUG: About to call build_embeds
DEBUG: build_embeds succeeded
DEBUG: bs = 2
DEBUG: build_embeds succeeded
DEBUG: bs = 2
{'target_metric': 0.435, 'sentence_sim': 0.829955040216446, 'cider': 2.1796350528538198, 'bleu': 0.3247966904200544, 'meteor': 0.33416741193336563, 'rouge': 0.6034627665963319}
{'target_metric': 0.435, 'sentence_sim': 0.829955040216446, 'cider': 2.1796350528538198, 'bleu': 0.3247966904200544, 'meteor': 0.33416741193336563, 'rouge': 0.6034627665963319}
[Epoch 6] finished eval, is_best: False
DEBUG: About to call build_embeds
DEBUG: build_embeds succeeded
DEBUG: bs = 2
DEBUG: About to call build_embeds
DEBUG: build_embeds succeeded
DEBUG: bs = 2
DEBUG: About to call build_embeds
DEBUG: About to call build_embeds
DEBUG: build_embeds succeeded
DEBUG: bs = 2
DEBUG: build_embeds succeeded
DEBUG: bs = 2
DEBUG: About to call build_embeds
DEBUG: About to call build_embeds
DEBUG: build_embeds succeeded
DEBUG: bs = 2
DEBUG: build_embeds succeeded
DEBUG: bs = 2
DEBUG: About to call build_embeds
DEBUG: About to call build_embeds
DEBUG: build_embeds succeeded
DEBUG: bs = 2
DEBUG: build_embeds succeeded
DEBUG: bs = 2
DEBUG: About to call build_embeds
DEBUG: About to call build_embeds
DEBUG: build_embeds succeeded
DEBUG: bs = 2
DEBUG: build_embeds succeeded
DEBUG: bs = 2
DEBUG: About to call build_embeds
DEBUG: About to call build_embeds
DEBUG: build_embeds succeeded
DEBUG: bs = 2
DEBUG: build_embeds succeeded
DEBUG: bs = 2
DEBUG: About to call build_embeds
DEBUG: About to call build_embeds
DEBUG: build_embeds succeeded
DEBUG: bs = 2
DEBUG: build_embeds succeeded
DEBUG: bs = 2
DEBUG: About to call build_embeds
DEBUG: About to call build_embeds
DEBUG: build_embeds succeeded
DEBUG: bs = 2
DEBUG: build_embeds succeeded
DEBUG: bs = 2
DEBUG: About to call build_embeds
DEBUG: About to call build_embeds
DEBUG: build_embeds succeeded
DEBUG: bs = 2
DEBUG: build_embeds succeeded
DEBUG: bs = 2
DEBUG: About to call build_embeds
DEBUG: About to call build_embeds
DEBUG: build_embeds succeeded
DEBUG: bs = 2
DEBUG: build_embeds succeeded
DEBUG: bs = 2
DEBUG: About to call build_embeds
DEBUG: About to call build_embeds
DEBUG: build_embeds succeeded
DEBUG: bs = 2
DEBUG: build_embeds succeeded
DEBUG: bs = 2
DEBUG: About to call build_embeds
DEBUG: About to call build_embeds
DEBUG: build_embeds succeeded
DEBUG: bs = 2
DEBUG: build_embeds succeeded
DEBUG: bs = 2
DEBUG: About to call build_embeds
DEBUG: About to call build_embeds
DEBUG: build_embeds succeeded
DEBUG: bs = 2
DEBUG: build_embeds succeeded
DEBUG: bs = 2
DEBUG: About to call build_embeds
DEBUG: About to call build_embeds
DEBUG: build_embeds succeeded
DEBUG: bs = 2
DEBUG: build_embeds succeeded
DEBUG: bs = 2
DEBUG: About to call build_embeds
DEBUG: About to call build_embeds
DEBUG: build_embeds succeeded
DEBUG: bs = 2
DEBUG: build_embeds succeeded
DEBUG: bs = 2
DEBUG: About to call build_embeds
DEBUG: About to call build_embeds
DEBUG: build_embeds succeeded
DEBUG: bs = 2
DEBUG: build_embeds succeeded
DEBUG: bs = 2
DEBUG: About to call build_embeds
DEBUG: About to call build_embeds
DEBUG: build_embeds succeeded
DEBUG: bs = 2
DEBUG: build_embeds succeeded
DEBUG: bs = 2
DEBUG: About to call build_embeds
DEBUG: About to call build_embeds
DEBUG: build_embeds succeeded
DEBUG: bs = 2
DEBUG: build_embeds succeeded
DEBUG: bs = 2
DEBUG: About to call build_embeds
DEBUG: About to call build_embeds
DEBUG: build_embeds succeeded
DEBUG: bs = 2
DEBUG: build_embeds succeeded
DEBUG: bs = 2
DEBUG: About to call build_embeds
DEBUG: About to call build_embeds
DEBUG: build_embeds succeeded
DEBUG: bs = 2
DEBUG: build_embeds succeeded
DEBUG: bs = 2
DEBUG: About to call build_embeds
DEBUG: About to call build_embeds
DEBUG: build_embeds succeeded
DEBUG: bs = 2
DEBUG: build_embeds succeeded
DEBUG: bs = 2
DEBUG: About to call build_embeds
DEBUG: About to call build_embeds
DEBUG: build_embeds succeeded
DEBUG: bs = 2
DEBUG: build_embeds succeeded
DEBUG: bs = 2
DEBUG: About to call build_embeds
DEBUG: About to call build_embeds
DEBUG: build_embeds succeeded
DEBUG: bs = 2
DEBUG: build_embeds succeeded
DEBUG: bs = 2
DEBUG: About to call build_embeds
DEBUG: About to call build_embeds
DEBUG: build_embeds succeeded
DEBUG: bs = 2
DEBUG: build_embeds succeeded
DEBUG: bs = 2
DEBUG: About to call build_embeds
DEBUG: About to call build_embeds
DEBUG: build_embeds succeeded
DEBUG: bs = 2
DEBUG: build_embeds succeeded
DEBUG: bs = 2
DEBUG: About to call build_embeds
DEBUG: About to call build_embeds
DEBUG: build_embeds succeeded
DEBUG: bs = 2
DEBUG: build_embeds succeeded
DEBUG: bs = 2
DEBUG: About to call build_embeds
DEBUG: About to call build_embeds
DEBUG: build_embeds succeeded
DEBUG: bs = 2
DEBUG: build_embeds succeeded
DEBUG: bs = 2
DEBUG: About to call build_embeds
DEBUG: About to call build_embeds
DEBUG: build_embeds succeeded
DEBUG: bs = 2
DEBUG: build_embeds succeeded
DEBUG: bs = 2
DEBUG: About to call build_embeds
DEBUG: About to call build_embeds
DEBUG: build_embeds succeeded
DEBUG: bs = 2
DEBUG: build_embeds succeeded
DEBUG: bs = 2
DEBUG: About to call build_embeds
DEBUG: About to call build_embeds
DEBUG: build_embeds succeeded
DEBUG: bs = 2
DEBUG: build_embeds succeeded
DEBUG: bs = 2
DEBUG: About to call build_embeds
DEBUG: About to call build_embeds
DEBUG: build_embeds succeeded
DEBUG: bs = 2
DEBUG: build_embeds succeeded
DEBUG: bs = 2
DEBUG: About to call build_embedsDEBUG: About to call build_embeds

DEBUG: build_embeds succeeded
DEBUG: bs = 2
DEBUG: build_embeds succeeded
DEBUG: bs = 2
DEBUG: About to call build_embeds
DEBUG: About to call build_embeds
DEBUG: build_embeds succeeded
DEBUG: bs = 2
DEBUG: build_embeds succeeded
DEBUG: bs = 2
DEBUG: About to call build_embeds
DEBUG: About to call build_embeds
DEBUG: build_embeds succeeded
DEBUG: bs = 2
DEBUG: build_embeds succeeded
DEBUG: bs = 2
DEBUG: About to call build_embeds
DEBUG: About to call build_embeds
DEBUG: build_embeds succeeded
DEBUG: bs = 2
DEBUG: build_embeds succeeded
DEBUG: bs = 2
DEBUG: About to call build_embeds
DEBUG: About to call build_embeds
DEBUG: build_embeds succeeded
DEBUG: bs = 2
DEBUG: build_embeds succeeded
DEBUG: bs = 2
DEBUG: About to call build_embedsDEBUG: About to call build_embeds

DEBUG: build_embeds succeeded
DEBUG: bs = 2
DEBUG: build_embeds succeeded
DEBUG: bs = 2
DEBUG: About to call build_embeds
DEBUG: About to call build_embeds
DEBUG: build_embeds succeeded
DEBUG: bs = 2
DEBUG: build_embeds succeeded
DEBUG: bs = 2
DEBUG: About to call build_embeds
DEBUG: About to call build_embeds
DEBUG: build_embeds succeeded
DEBUG: bs = 2
DEBUG: build_embeds succeeded
DEBUG: bs = 2
DEBUG: About to call build_embeds
DEBUG: About to call build_embeds
DEBUG: build_embeds succeeded
DEBUG: bs = 2
DEBUG: build_embeds succeeded
DEBUG: bs = 2
DEBUG: About to call build_embeds
DEBUG: About to call build_embeds
DEBUG: build_embeds succeeded
DEBUG: bs = 2
DEBUG: build_embeds succeeded
DEBUG: bs = 2
DEBUG: About to call build_embeds
DEBUG: About to call build_embeds
DEBUG: build_embeds succeeded
DEBUG: bs = 2
DEBUG: build_embeds succeeded
DEBUG: bs = 2
DEBUG: About to call build_embeds
DEBUG: About to call build_embeds
DEBUG: build_embeds succeeded
DEBUG: bs = 2
DEBUG: build_embeds succeeded
DEBUG: bs = 2
DEBUG: About to call build_embeds
DEBUG: About to call build_embeds
DEBUG: build_embeds succeeded
DEBUG: bs = 2
DEBUG: build_embeds succeeded
DEBUG: bs = 2
DEBUG: About to call build_embeds
DEBUG: About to call build_embeds
DEBUG: build_embeds succeeded
DEBUG: bs = 2
DEBUG: build_embeds succeeded
DEBUG: bs = 2
DEBUG: About to call build_embeds
DEBUG: About to call build_embeds
DEBUG: build_embeds succeeded
DEBUG: bs = 2
DEBUG: build_embeds succeeded
DEBUG: bs = 2
DEBUG: About to call build_embeds
DEBUG: About to call build_embeds
DEBUG: build_embeds succeeded
DEBUG: bs = 2
DEBUG: build_embeds succeeded
DEBUG: bs = 2
DEBUG: About to call build_embeds
DEBUG: About to call build_embeds
DEBUG: build_embeds succeeded
DEBUG: bs = 2
DEBUG: build_embeds succeeded
DEBUG: bs = 2
DEBUG: About to call build_embeds
DEBUG: About to call build_embeds
DEBUG: build_embeds succeeded
DEBUG: bs = 2
DEBUG: build_embeds succeeded
DEBUG: bs = 2
DEBUG: About to call build_embeds
DEBUG: About to call build_embeds
DEBUG: build_embeds succeeded
DEBUG: bs = 2
DEBUG: build_embeds succeeded
DEBUG: bs = 2
DEBUG: About to call build_embeds
DEBUG: About to call build_embeds
DEBUG: build_embeds succeeded
DEBUG: bs = 2
DEBUG: build_embeds succeeded
DEBUG: bs = 2
DEBUG: About to call build_embeds
DEBUG: About to call build_embeds
DEBUG: build_embeds succeeded
DEBUG: bs = 2
DEBUG: build_embeds succeeded
DEBUG: bs = 2
DEBUG: About to call build_embeds
DEBUG: About to call build_embeds
DEBUG: build_embeds succeeded
DEBUG: bs = 2
DEBUG: build_embeds succeeded
DEBUG: bs = 2
DEBUG: About to call build_embeds
DEBUG: About to call build_embeds
DEBUG: build_embeds succeeded
DEBUG: bs = 2
DEBUG: build_embeds succeeded
DEBUG: bs = 2
DEBUG: About to call build_embeds
DEBUG: About to call build_embeds
DEBUG: build_embeds succeeded
DEBUG: bs = 2
DEBUG: build_embeds succeeded
DEBUG: bs = 2
DEBUG: About to call build_embedsDEBUG: About to call build_embeds

DEBUG: build_embeds succeeded
DEBUG: bs = 2
DEBUG: build_embeds succeeded
DEBUG: bs = 2
DEBUG: About to call build_embeds
DEBUG: About to call build_embeds
DEBUG: build_embeds succeeded
DEBUG: bs = 2
DEBUG: build_embeds succeeded
DEBUG: bs = 2
DEBUG: About to call build_embeds
DEBUG: About to call build_embeds
DEBUG: build_embeds succeeded
DEBUG: bs = 2
DEBUG: build_embeds succeeded
DEBUG: bs = 2
DEBUG: About to call build_embeds
DEBUG: About to call build_embeds
DEBUG: build_embeds succeeded
DEBUG: bs = 2
DEBUG: build_embeds succeeded
DEBUG: bs = 2
DEBUG: About to call build_embeds
DEBUG: About to call build_embeds
DEBUG: build_embeds succeeded
DEBUG: bs = 2
DEBUG: build_embeds succeeded
DEBUG: bs = 2
DEBUG: About to call build_embeds
DEBUG: About to call build_embeds
DEBUG: build_embeds succeeded
DEBUG: bs = 2
DEBUG: build_embeds succeeded
DEBUG: bs = 2
DEBUG: About to call build_embeds
DEBUG: About to call build_embeds
DEBUG: build_embeds succeeded
DEBUG: bs = 2
DEBUG: build_embeds succeeded
DEBUG: bs = 2
DEBUG: About to call build_embeds
DEBUG: About to call build_embeds
DEBUG: build_embeds succeeded
DEBUG: bs = 2
DEBUG: build_embeds succeeded
DEBUG: bs = 2
DEBUG: About to call build_embeds
DEBUG: About to call build_embeds
DEBUG: build_embeds succeeded
DEBUG: bs = 2
DEBUG: build_embeds succeeded
DEBUG: bs = 2
DEBUG: About to call build_embeds
DEBUG: About to call build_embeds
DEBUG: build_embeds succeeded
DEBUG: bs = 2
DEBUG: build_embeds succeeded
DEBUG: bs = 2
DEBUG: About to call build_embeds
DEBUG: About to call build_embeds
DEBUG: build_embeds succeeded
DEBUG: bs = 2
DEBUG: build_embeds succeeded
DEBUG: bs = 2
DEBUG: About to call build_embeds
DEBUG: About to call build_embeds
DEBUG: build_embeds succeeded
DEBUG: bs = 2
DEBUG: build_embeds succeeded
DEBUG: bs = 2
DEBUG: About to call build_embeds
DEBUG: About to call build_embeds
DEBUG: build_embeds succeeded
DEBUG: bs = 2
DEBUG: build_embeds succeeded
DEBUG: bs = 2
DEBUG: About to call build_embeds
DEBUG: About to call build_embeds
DEBUG: build_embeds succeeded
DEBUG: bs = 2
DEBUG: build_embeds succeeded
DEBUG: bs = 2
DEBUG: About to call build_embeds
DEBUG: About to call build_embeds
DEBUG: build_embeds succeeded
DEBUG: bs = 2
DEBUG: build_embeds succeeded
DEBUG: bs = 2
DEBUG: About to call build_embeds
DEBUG: About to call build_embeds
DEBUG: build_embeds succeeded
DEBUG: bs = 2
DEBUG: build_embeds succeeded
DEBUG: bs = 2
DEBUG: About to call build_embedsDEBUG: About to call build_embeds

DEBUG: build_embeds succeeded
DEBUG: bs = 2
DEBUG: build_embeds succeeded
DEBUG: bs = 2
DEBUG: About to call build_embeds
DEBUG: About to call build_embeds
DEBUG: build_embeds succeeded
DEBUG: bs = 2
DEBUG: build_embeds succeeded
DEBUG: bs = 2
DEBUG: About to call build_embeds
DEBUG: About to call build_embeds
DEBUG: build_embeds succeeded
DEBUG: bs = 2
DEBUG: build_embeds succeeded
DEBUG: bs = 2
DEBUG: About to call build_embeds
DEBUG: About to call build_embeds
DEBUG: build_embeds succeeded
DEBUG: bs = 2
DEBUG: build_embeds succeeded
DEBUG: bs = 2
DEBUG: About to call build_embeds
DEBUG: About to call build_embeds
DEBUG: build_embeds succeeded
DEBUG: bs = 2
DEBUG: build_embeds succeeded
DEBUG: bs = 2
DEBUG: About to call build_embeds
DEBUG: About to call build_embeds
DEBUG: build_embeds succeeded
DEBUG: bs = 2
DEBUG: build_embeds succeeded
DEBUG: bs = 2
DEBUG: About to call build_embeds
DEBUG: About to call build_embeds
DEBUG: build_embeds succeeded
DEBUG: bs = 2
DEBUG: build_embeds succeeded
DEBUG: bs = 2
DEBUG: About to call build_embeds
DEBUG: About to call build_embeds
DEBUG: build_embeds succeeded
DEBUG: bs = 2
DEBUG: build_embeds succeeded
DEBUG: bs = 2
DEBUG: About to call build_embeds
DEBUG: About to call build_embeds
DEBUG: build_embeds succeeded
DEBUG: bs = 2
DEBUG: build_embeds succeeded
DEBUG: bs = 2
DEBUG: About to call build_embeds
DEBUG: About to call build_embeds
DEBUG: build_embeds succeeded
DEBUG: bs = 2
DEBUG: build_embeds succeeded
DEBUG: bs = 2
DEBUG: About to call build_embeds
DEBUG: About to call build_embeds
DEBUG: build_embeds succeeded
DEBUG: bs = 2
DEBUG: build_embeds succeeded
DEBUG: bs = 2
DEBUG: About to call build_embeds
DEBUG: About to call build_embeds
DEBUG: build_embeds succeeded
DEBUG: bs = 2
DEBUG: build_embeds succeeded
DEBUG: bs = 2
DEBUG: About to call build_embeds
DEBUG: About to call build_embeds
DEBUG: build_embeds succeeded
DEBUG: bs = 2
DEBUG: build_embeds succeeded
DEBUG: bs = 2
DEBUG: About to call build_embeds
DEBUG: About to call build_embeds
DEBUG: build_embeds succeeded
DEBUG: bs = 2
DEBUG: build_embeds succeeded
DEBUG: bs = 2
DEBUG: About to call build_embeds
DEBUG: About to call build_embeds
DEBUG: build_embeds succeeded
DEBUG: bs = 2
DEBUG: build_embeds succeeded
DEBUG: bs = 2
DEBUG: About to call build_embeds
DEBUG: About to call build_embeds
DEBUG: build_embeds succeeded
DEBUG: bs = 2
DEBUG: build_embeds succeeded
DEBUG: bs = 2
DEBUG: About to call build_embeds
DEBUG: About to call build_embeds
DEBUG: build_embeds succeeded
DEBUG: bs = 2
DEBUG: build_embeds succeeded
DEBUG: bs = 2
DEBUG: About to call build_embeds
DEBUG: About to call build_embeds
DEBUG: build_embeds succeeded
DEBUG: bs = 2
DEBUG: build_embeds succeeded
DEBUG: bs = 2
DEBUG: About to call build_embeds
DEBUG: About to call build_embeds
DEBUG: build_embeds succeeded
DEBUG: bs = 2
DEBUG: build_embeds succeeded
DEBUG: bs = 2
DEBUG: About to call build_embeds
DEBUG: About to call build_embeds
DEBUG: build_embeds succeeded
DEBUG: bs = 2
DEBUG: build_embeds succeeded
DEBUG: bs = 2
DEBUG: About to call build_embeds
DEBUG: About to call build_embeds
DEBUG: build_embeds succeeded
DEBUG: bs = 2
DEBUG: build_embeds succeeded
DEBUG: bs = 2
DEBUG: About to call build_embeds
DEBUG: About to call build_embeds
DEBUG: build_embeds succeeded
DEBUG: bs = 2
DEBUG: build_embeds succeeded
DEBUG: bs = 2
DEBUG: About to call build_embeds
DEBUG: About to call build_embeds
DEBUG: build_embeds succeeded
DEBUG: bs = 2
DEBUG: build_embeds succeeded
DEBUG: bs = 2
DEBUG: About to call build_embeds
DEBUG: About to call build_embeds
DEBUG: build_embeds succeeded
DEBUG: bs = 2
DEBUG: build_embeds succeeded
DEBUG: bs = 2
DEBUG: About to call build_embeds
DEBUG: About to call build_embeds
DEBUG: build_embeds succeeded
DEBUG: bs = 2
DEBUG: build_embeds succeeded
DEBUG: bs = 2
DEBUG: About to call build_embeds
DEBUG: About to call build_embeds
DEBUG: build_embeds succeeded
DEBUG: bs = 2
DEBUG: build_embeds succeeded
DEBUG: bs = 2
DEBUG: About to call build_embeds
DEBUG: About to call build_embeds
DEBUG: build_embeds succeeded
DEBUG: bs = 2
DEBUG: build_embeds succeeded
DEBUG: bs = 2
DEBUG: About to call build_embeds
DEBUG: About to call build_embeds
DEBUG: build_embeds succeeded
DEBUG: bs = 2
DEBUG: build_embeds succeeded
DEBUG: bs = 2
DEBUG: About to call build_embeds
DEBUG: About to call build_embeds
DEBUG: build_embeds succeeded
DEBUG: bs = 2
DEBUG: build_embeds succeeded
DEBUG: bs = 2
{'target_metric': 0.275, 'sentence_sim': 0.7850966942310333, 'cider': 2.4816053684678225, 'bleu': 0.3012962210344714, 'meteor': 0.29274365982513706, 'rouge': 0.5776184236500053}
DEBUG: About to call build_embeds
DEBUG: build_embeds succeeded
DEBUG: bs = 2
{'target_metric': 0.275, 'sentence_sim': 0.7850966942310333, 'cider': 2.4816053684678225, 'bleu': 0.3012962210344714, 'meteor': 0.29274365982513706, 'rouge': 0.5776184236500053}
DEBUG: About to call build_embeds
DEBUG: build_embeds succeeded
DEBUG: bs = 2
DEBUG: About to call build_embeds
DEBUG: About to call build_embeds
DEBUG: build_embeds succeeded
DEBUG: bs = 2
DEBUG: build_embeds succeeded
DEBUG: bs = 2
DEBUG: About to call build_embeds
DEBUG: About to call build_embeds
DEBUG: build_embeds succeeded
DEBUG: bs = 2
DEBUG: build_embeds succeeded
DEBUG: bs = 2
DEBUG: About to call build_embeds
DEBUG: About to call build_embeds
DEBUG: build_embeds succeeded
DEBUG: bs = 2
DEBUG: build_embeds succeeded
DEBUG: bs = 2
DEBUG: About to call build_embeds
DEBUG: About to call build_embeds
DEBUG: build_embeds succeeded
DEBUG: bs = 2
DEBUG: build_embeds succeeded
DEBUG: bs = 2
DEBUG: About to call build_embeds
DEBUG: About to call build_embeds
DEBUG: build_embeds succeeded
DEBUG: bs = 2
DEBUG: build_embeds succeeded
DEBUG: bs = 2
DEBUG: About to call build_embeds
DEBUG: About to call build_embeds
DEBUG: build_embeds succeeded
DEBUG: bs = 2
DEBUG: build_embeds succeeded
DEBUG: bs = 2
DEBUG: About to call build_embeds
DEBUG: About to call build_embeds
DEBUG: build_embeds succeeded
DEBUG: bs = 2
DEBUG: build_embeds succeeded
DEBUG: bs = 2
DEBUG: About to call build_embeds
DEBUG: About to call build_embeds
DEBUG: build_embeds succeeded
DEBUG: bs = 2
DEBUG: build_embeds succeeded
DEBUG: bs = 2
DEBUG: About to call build_embeds
DEBUG: About to call build_embeds
DEBUG: build_embeds succeeded
DEBUG: bs = 2
DEBUG: build_embeds succeeded
DEBUG: bs = 2
DEBUG: About to call build_embeds
DEBUG: About to call build_embeds
DEBUG: build_embeds succeeded
DEBUG: bs = 2
DEBUG: build_embeds succeeded
DEBUG: bs = 2
DEBUG: About to call build_embeds
DEBUG: About to call build_embeds
DEBUG: build_embeds succeeded
DEBUG: bs = 2
DEBUG: build_embeds succeeded
DEBUG: bs = 2
DEBUG: About to call build_embeds
DEBUG: About to call build_embeds
DEBUG: build_embeds succeeded
DEBUG: bs = 2
DEBUG: build_embeds succeeded
DEBUG: bs = 2
DEBUG: About to call build_embedsDEBUG: About to call build_embeds

DEBUG: build_embeds succeeded
DEBUG: bs = 2
DEBUG: build_embeds succeeded
DEBUG: bs = 2
DEBUG: About to call build_embeds
DEBUG: About to call build_embeds
DEBUG: build_embeds succeeded
DEBUG: bs = 2
DEBUG: build_embeds succeeded
DEBUG: bs = 2
DEBUG: About to call build_embeds
DEBUG: About to call build_embeds
DEBUG: build_embeds succeeded
DEBUG: bs = 2
DEBUG: build_embeds succeeded
DEBUG: bs = 2
DEBUG: About to call build_embeds
DEBUG: About to call build_embeds
DEBUG: build_embeds succeeded
DEBUG: bs = 2
DEBUG: build_embeds succeeded
DEBUG: bs = 2
DEBUG: About to call build_embeds
DEBUG: About to call build_embeds
DEBUG: build_embeds succeeded
DEBUG: bs = 2
DEBUG: build_embeds succeeded
DEBUG: bs = 2
DEBUG: About to call build_embeds
DEBUG: About to call build_embeds
DEBUG: build_embeds succeeded
DEBUG: bs = 2
DEBUG: build_embeds succeeded
DEBUG: bs = 2
DEBUG: About to call build_embeds
DEBUG: About to call build_embeds
DEBUG: build_embeds succeeded
DEBUG: bs = 2
DEBUG: build_embeds succeeded
DEBUG: bs = 2
DEBUG: About to call build_embeds
DEBUG: About to call build_embeds
DEBUG: build_embeds succeeded
DEBUG: bs = 2
DEBUG: build_embeds succeeded
DEBUG: bs = 2
DEBUG: About to call build_embeds
DEBUG: About to call build_embeds
DEBUG: build_embeds succeeded
DEBUG: bs = 2
DEBUG: build_embeds succeeded
DEBUG: bs = 2
DEBUG: About to call build_embeds
DEBUG: About to call build_embeds
DEBUG: build_embeds succeeded
DEBUG: bs = 2
DEBUG: build_embeds succeeded
DEBUG: bs = 2
DEBUG: About to call build_embeds
DEBUG: About to call build_embeds
DEBUG: build_embeds succeeded
DEBUG: bs = 2
DEBUG: build_embeds succeeded
DEBUG: bs = 2
DEBUG: About to call build_embeds
DEBUG: About to call build_embeds
DEBUG: build_embeds succeeded
DEBUG: bs = 2
DEBUG: build_embeds succeeded
DEBUG: bs = 2
DEBUG: About to call build_embeds
DEBUG: About to call build_embeds
DEBUG: build_embeds succeeded
DEBUG: bs = 2
DEBUG: build_embeds succeeded
DEBUG: bs = 2
DEBUG: About to call build_embeds
DEBUG: About to call build_embeds
DEBUG: build_embeds succeeded
DEBUG: bs = 2
DEBUG: build_embeds succeeded
DEBUG: bs = 2
DEBUG: About to call build_embeds
DEBUG: About to call build_embeds
DEBUG: build_embeds succeeded
DEBUG: bs = 2
DEBUG: build_embeds succeeded
DEBUG: bs = 2
DEBUG: About to call build_embeds
DEBUG: About to call build_embeds
DEBUG: build_embeds succeeded
DEBUG: bs = 2
DEBUG: build_embeds succeeded
DEBUG: bs = 2
DEBUG: About to call build_embeds
DEBUG: About to call build_embeds
DEBUG: build_embeds succeeded
DEBUG: bs = 2
DEBUG: build_embeds succeeded
DEBUG: bs = 2
DEBUG: About to call build_embeds
DEBUG: About to call build_embeds
DEBUG: build_embeds succeeded
DEBUG: bs = 2
DEBUG: build_embeds succeeded
DEBUG: bs = 2
DEBUG: About to call build_embeds
DEBUG: About to call build_embeds
DEBUG: build_embeds succeeded
DEBUG: bs = 2
DEBUG: build_embeds succeeded
DEBUG: bs = 2
DEBUG: About to call build_embeds
DEBUG: About to call build_embeds
DEBUG: build_embeds succeeded
DEBUG: bs = 2
DEBUG: build_embeds succeeded
DEBUG: bs = 2
DEBUG: About to call build_embeds
DEBUG: About to call build_embeds
DEBUG: build_embeds succeeded
DEBUG: bs = 2
DEBUG: build_embeds succeeded
DEBUG: bs = 2
DEBUG: About to call build_embeds
DEBUG: About to call build_embeds
DEBUG: build_embeds succeeded
DEBUG: bs = 2
DEBUG: build_embeds succeeded
DEBUG: bs = 2
DEBUG: About to call build_embeds
DEBUG: About to call build_embeds
DEBUG: build_embeds succeeded
DEBUG: bs = 2
DEBUG: build_embeds succeeded
DEBUG: bs = 2
DEBUG: About to call build_embeds
DEBUG: About to call build_embeds
DEBUG: build_embeds succeeded
DEBUG: bs = 2
DEBUG: build_embeds succeeded
DEBUG: bs = 2
DEBUG: About to call build_embeds
DEBUG: About to call build_embeds
DEBUG: build_embeds succeeded
DEBUG: bs = 2
DEBUG: build_embeds succeeded
DEBUG: bs = 2
DEBUG: About to call build_embeds
DEBUG: About to call build_embeds
DEBUG: build_embeds succeeded
DEBUG: bs = 2
DEBUG: build_embeds succeeded
DEBUG: bs = 2
DEBUG: About to call build_embeds
DEBUG: About to call build_embeds
DEBUG: build_embeds succeeded
DEBUG: bs = 2
DEBUG: build_embeds succeeded
DEBUG: bs = 2
DEBUG: About to call build_embeds
DEBUG: About to call build_embeds
DEBUG: build_embeds succeeded
DEBUG: bs = 2
DEBUG: build_embeds succeeded
DEBUG: bs = 2
DEBUG: About to call build_embeds
DEBUG: About to call build_embeds
DEBUG: build_embeds succeeded
DEBUG: bs = 2
DEBUG: build_embeds succeeded
DEBUG: bs = 2
DEBUG: About to call build_embeds
DEBUG: About to call build_embeds
DEBUG: build_embeds succeeded
DEBUG: bs = 2
DEBUG: build_embeds succeeded
DEBUG: bs = 2
DEBUG: About to call build_embeds
DEBUG: About to call build_embeds
DEBUG: build_embeds succeeded
DEBUG: bs = 2
DEBUG: build_embeds succeeded
DEBUG: bs = 2
DEBUG: About to call build_embeds
DEBUG: About to call build_embeds
DEBUG: build_embeds succeeded
DEBUG: bs = 2
DEBUG: build_embeds succeeded
DEBUG: bs = 2
DEBUG: About to call build_embeds
DEBUG: About to call build_embeds
DEBUG: build_embeds succeeded
DEBUG: bs = 2
DEBUG: build_embeds succeeded
DEBUG: bs = 2
DEBUG: About to call build_embeds
DEBUG: About to call build_embeds
DEBUG: build_embeds succeeded
DEBUG: bs = 2
DEBUG: build_embeds succeeded
DEBUG: bs = 2
DEBUG: About to call build_embeds
DEBUG: About to call build_embeds
DEBUG: build_embeds succeeded
DEBUG: bs = 2
DEBUG: build_embeds succeeded
DEBUG: bs = 2
DEBUG: About to call build_embeds
DEBUG: About to call build_embeds
DEBUG: build_embeds succeeded
DEBUG: bs = 2
DEBUG: build_embeds succeeded
DEBUG: bs = 2
DEBUG: About to call build_embeds
DEBUG: About to call build_embeds
DEBUG: build_embeds succeeded
DEBUG: bs = 2
DEBUG: build_embeds succeeded
DEBUG: bs = 2
DEBUG: About to call build_embeds
DEBUG: About to call build_embeds
DEBUG: build_embeds succeeded
DEBUG: bs = 2
DEBUG: build_embeds succeeded
DEBUG: bs = 2
DEBUG: About to call build_embeds
DEBUG: About to call build_embeds
DEBUG: build_embeds succeeded
DEBUG: bs = 2
DEBUG: build_embeds succeeded
DEBUG: bs = 2
DEBUG: About to call build_embeds
DEBUG: About to call build_embeds
DEBUG: build_embeds succeeded
DEBUG: bs = 2
DEBUG: build_embeds succeeded
DEBUG: bs = 2
DEBUG: About to call build_embeds
DEBUG: About to call build_embeds
DEBUG: build_embeds succeeded
DEBUG: bs = 2
DEBUG: build_embeds succeeded
DEBUG: bs = 2
DEBUG: About to call build_embeds
DEBUG: About to call build_embeds
DEBUG: build_embeds succeededDEBUG: build_embeds succeeded

DEBUG: bs = 2
DEBUG: bs = 2
DEBUG: About to call build_embeds
DEBUG: About to call build_embeds
DEBUG: build_embeds succeeded
DEBUG: bs = 2
DEBUG: build_embeds succeeded
DEBUG: bs = 2
DEBUG: About to call build_embeds
DEBUG: About to call build_embeds
DEBUG: build_embeds succeeded
DEBUG: bs = 2
DEBUG: build_embeds succeeded
DEBUG: bs = 2
DEBUG: About to call build_embeds
DEBUG: About to call build_embeds
DEBUG: build_embeds succeeded
DEBUG: bs = 2
DEBUG: build_embeds succeeded
DEBUG: bs = 2
DEBUG: About to call build_embeds
DEBUG: About to call build_embeds
DEBUG: build_embeds succeeded
DEBUG: bs = 2
DEBUG: build_embeds succeeded
DEBUG: bs = 2
DEBUG: About to call build_embedsDEBUG: About to call build_embeds

DEBUG: build_embeds succeeded
DEBUG: bs = 2
DEBUG: build_embeds succeeded
DEBUG: bs = 2
DEBUG: About to call build_embeds
DEBUG: About to call build_embeds
DEBUG: build_embeds succeeded
DEBUG: bs = 2
DEBUG: build_embeds succeeded
DEBUG: bs = 2
DEBUG: About to call build_embedsDEBUG: About to call build_embeds

DEBUG: build_embeds succeeded
DEBUG: bs = 2
DEBUG: build_embeds succeeded
DEBUG: bs = 2
DEBUG: About to call build_embeds
DEBUG: About to call build_embeds
DEBUG: build_embeds succeeded
DEBUG: bs = 2
DEBUG: build_embeds succeeded
DEBUG: bs = 2
DEBUG: About to call build_embeds
DEBUG: About to call build_embeds
DEBUG: build_embeds succeeded
DEBUG: bs = 2
DEBUG: build_embeds succeeded
DEBUG: bs = 2
DEBUG: About to call build_embeds
DEBUG: About to call build_embeds
DEBUG: build_embeds succeeded
DEBUG: bs = 2
DEBUG: build_embeds succeeded
DEBUG: bs = 2
DEBUG: About to call build_embeds
DEBUG: About to call build_embeds
DEBUG: build_embeds succeeded
DEBUG: bs = 2
DEBUG: build_embeds succeeded
DEBUG: bs = 2
DEBUG: About to call build_embeds
DEBUG: About to call build_embeds
DEBUG: build_embeds succeeded
DEBUG: bs = 2
DEBUG: build_embeds succeeded
DEBUG: bs = 2
DEBUG: About to call build_embeds
DEBUG: About to call build_embeds
DEBUG: build_embeds succeeded
DEBUG: bs = 2
DEBUG: build_embeds succeeded
DEBUG: bs = 2
DEBUG: About to call build_embeds
DEBUG: About to call build_embeds
DEBUG: build_embeds succeeded
DEBUG: bs = 2
DEBUG: build_embeds succeeded
DEBUG: bs = 2
DEBUG: About to call build_embeds
DEBUG: About to call build_embeds
DEBUG: build_embeds succeeded
DEBUG: bs = 2
DEBUG: build_embeds succeeded
DEBUG: bs = 2
DEBUG: About to call build_embeds
DEBUG: About to call build_embeds
DEBUG: build_embeds succeeded
DEBUG: bs = 2
DEBUG: build_embeds succeeded
DEBUG: bs = 2
DEBUG: About to call build_embeds
DEBUG: About to call build_embeds
DEBUG: build_embeds succeeded
DEBUG: bs = 2
DEBUG: build_embeds succeeded
DEBUG: bs = 2
DEBUG: About to call build_embeds
DEBUG: About to call build_embeds
DEBUG: build_embeds succeeded
DEBUG: bs = 2
DEBUG: build_embeds succeeded
DEBUG: bs = 2
DEBUG: About to call build_embedsDEBUG: About to call build_embeds

DEBUG: build_embeds succeeded
DEBUG: bs = 2
DEBUG: build_embeds succeeded
DEBUG: bs = 2
DEBUG: About to call build_embeds
DEBUG: About to call build_embeds
DEBUG: build_embeds succeeded
DEBUG: bs = 2
DEBUG: build_embeds succeeded
DEBUG: bs = 2
DEBUG: About to call build_embeds
DEBUG: About to call build_embeds
DEBUG: build_embeds succeeded
DEBUG: bs = 2
DEBUG: build_embeds succeeded
DEBUG: bs = 2
DEBUG: About to call build_embeds
DEBUG: About to call build_embeds
DEBUG: build_embeds succeeded
DEBUG: bs = 2
DEBUG: build_embeds succeeded
DEBUG: bs = 2
DEBUG: About to call build_embeds
DEBUG: About to call build_embeds
DEBUG: build_embeds succeeded
DEBUG: bs = 2
DEBUG: build_embeds succeeded
DEBUG: bs = 2
DEBUG: About to call build_embeds
DEBUG: About to call build_embeds
DEBUG: build_embeds succeeded
DEBUG: bs = 2
DEBUG: build_embeds succeeded
DEBUG: bs = 2
DEBUG: About to call build_embedsDEBUG: About to call build_embeds

DEBUG: build_embeds succeeded
DEBUG: bs = 2
DEBUG: build_embeds succeeded
DEBUG: bs = 2
DEBUG: About to call build_embeds
DEBUG: About to call build_embeds
DEBUG: build_embeds succeeded
DEBUG: bs = 2
DEBUG: build_embeds succeeded
DEBUG: bs = 2
DEBUG: About to call build_embeds
DEBUG: About to call build_embeds
DEBUG: build_embeds succeeded
DEBUG: bs = 2
DEBUG: build_embeds succeeded
DEBUG: bs = 2
DEBUG: About to call build_embeds
DEBUG: About to call build_embeds
DEBUG: build_embeds succeeded
DEBUG: bs = 2
DEBUG: build_embeds succeeded
DEBUG: bs = 2
DEBUG: About to call build_embeds
DEBUG: About to call build_embeds
DEBUG: build_embeds succeeded
DEBUG: bs = 2
DEBUG: build_embeds succeeded
DEBUG: bs = 2
DEBUG: About to call build_embeds
DEBUG: About to call build_embeds
DEBUG: build_embeds succeeded
DEBUG: bs = 2
DEBUG: build_embeds succeeded
DEBUG: bs = 2
DEBUG: About to call build_embeds
DEBUG: About to call build_embeds
DEBUG: build_embeds succeeded
DEBUG: bs = 2
DEBUG: build_embeds succeeded
DEBUG: bs = 2
DEBUG: About to call build_embedsDEBUG: About to call build_embeds

DEBUG: build_embeds succeeded
DEBUG: bs = 2
DEBUG: build_embeds succeeded
DEBUG: bs = 2
DEBUG: About to call build_embeds
DEBUG: About to call build_embeds
DEBUG: build_embeds succeeded
DEBUG: bs = 2
DEBUG: build_embeds succeeded
DEBUG: bs = 2
DEBUG: About to call build_embedsDEBUG: About to call build_embeds

DEBUG: build_embeds succeeded
DEBUG: bs = 2
DEBUG: build_embeds succeeded
DEBUG: bs = 2
DEBUG: About to call build_embeds
DEBUG: About to call build_embeds
DEBUG: build_embeds succeeded
DEBUG: bs = 2
DEBUG: build_embeds succeeded
DEBUG: bs = 2
DEBUG: About to call build_embeds
DEBUG: About to call build_embeds
DEBUG: build_embeds succeeded
DEBUG: bs = 2
DEBUG: build_embeds succeeded
DEBUG: bs = 2
DEBUG: About to call build_embeds
DEBUG: About to call build_embeds
DEBUG: build_embeds succeeded
DEBUG: bs = 2
DEBUG: build_embeds succeeded
DEBUG: bs = 2
DEBUG: About to call build_embeds
DEBUG: About to call build_embeds
DEBUG: build_embeds succeeded
DEBUG: bs = 2
DEBUG: build_embeds succeeded
DEBUG: bs = 2
DEBUG: About to call build_embeds
DEBUG: About to call build_embeds
DEBUG: build_embeds succeeded
DEBUG: bs = 2
DEBUG: build_embeds succeeded
DEBUG: bs = 2
DEBUG: About to call build_embeds
DEBUG: About to call build_embeds
DEBUG: build_embeds succeeded
DEBUG: bs = 2
DEBUG: build_embeds succeeded
DEBUG: bs = 2
DEBUG: About to call build_embeds
DEBUG: About to call build_embeds
DEBUG: build_embeds succeeded
DEBUG: bs = 2
DEBUG: build_embeds succeeded
DEBUG: bs = 2
DEBUG: About to call build_embeds
DEBUG: About to call build_embeds
DEBUG: build_embeds succeeded
DEBUG: bs = 2
DEBUG: build_embeds succeeded
DEBUG: bs = 2
DEBUG: About to call build_embeds
DEBUG: About to call build_embeds
DEBUG: build_embeds succeeded
DEBUG: bs = 2
DEBUG: build_embeds succeeded
DEBUG: bs = 2
DEBUG: About to call build_embeds
DEBUG: About to call build_embeds
DEBUG: build_embeds succeeded
DEBUG: bs = 2
DEBUG: build_embeds succeeded
DEBUG: bs = 2
DEBUG: About to call build_embedsDEBUG: About to call build_embeds

DEBUG: build_embeds succeeded
DEBUG: bs = 2
DEBUG: build_embeds succeeded
DEBUG: bs = 2
{'target_metric': 0.345, 'sentence_sim': 0.8075862950086594, 'cider': 2.5544712043987854, 'bleu': 0.25311633248672677, 'meteor': 0.2910572995663924, 'rouge': 0.5942725694117474}
DEBUG: About to call build_embeds
{'target_metric': 0.345, 'sentence_sim': 0.8075862950086594, 'cider': 2.5544712043987854, 'bleu': 0.25311633248672677, 'meteor': 0.2910572995663924, 'rouge': 0.5942725694117474}
DEBUG: build_embeds succeeded
DEBUG: bs = 2
DEBUG: About to call build_embeds
DEBUG: build_embeds succeeded
DEBUG: bs = 2
DEBUG: About to call build_embeds
DEBUG: About to call build_embeds
DEBUG: build_embeds succeeded
DEBUG: bs = 2
DEBUG: build_embeds succeeded
DEBUG: bs = 2
DEBUG: About to call build_embeds
DEBUG: About to call build_embeds
DEBUG: build_embeds succeeded
DEBUG: bs = 2
DEBUG: build_embeds succeeded
DEBUG: bs = 2
DEBUG: About to call build_embeds
DEBUG: About to call build_embeds
DEBUG: build_embeds succeeded
DEBUG: bs = 2
DEBUG: build_embeds succeeded
DEBUG: bs = 2
DEBUG: About to call build_embeds
DEBUG: About to call build_embeds
DEBUG: build_embeds succeeded
DEBUG: bs = 2
DEBUG: build_embeds succeeded
DEBUG: bs = 2
DEBUG: About to call build_embeds
DEBUG: About to call build_embeds
DEBUG: build_embeds succeeded
DEBUG: bs = 2
DEBUG: build_embeds succeeded
DEBUG: bs = 2
DEBUG: About to call build_embeds
DEBUG: About to call build_embeds
DEBUG: build_embeds succeeded
DEBUG: bs = 2
DEBUG: build_embeds succeeded
DEBUG: bs = 2
DEBUG: About to call build_embeds
DEBUG: About to call build_embeds
DEBUG: build_embeds succeeded
DEBUG: bs = 2
DEBUG: build_embeds succeeded
DEBUG: bs = 2
DEBUG: About to call build_embeds
DEBUG: About to call build_embeds
DEBUG: build_embeds succeeded
DEBUG: bs = 2
DEBUG: build_embeds succeeded
DEBUG: bs = 2
DEBUG: About to call build_embeds
DEBUG: About to call build_embeds
DEBUG: build_embeds succeeded
DEBUG: bs = 2
DEBUG: build_embeds succeeded
DEBUG: bs = 2
DEBUG: About to call build_embeds
DEBUG: About to call build_embeds
DEBUG: build_embeds succeeded
DEBUG: bs = 2
DEBUG: build_embeds succeeded
DEBUG: bs = 2
DEBUG: About to call build_embeds
DEBUG: About to call build_embeds
DEBUG: build_embeds succeeded
DEBUG: bs = 2
DEBUG: build_embeds succeeded
DEBUG: bs = 2
DEBUG: About to call build_embeds
DEBUG: About to call build_embeds
DEBUG: build_embeds succeeded
DEBUG: bs = 2
DEBUG: build_embeds succeeded
DEBUG: bs = 2
DEBUG: About to call build_embeds
DEBUG: About to call build_embeds
DEBUG: build_embeds succeeded
DEBUG: bs = 2
DEBUG: build_embeds succeeded
DEBUG: bs = 2
DEBUG: About to call build_embeds
DEBUG: About to call build_embeds
DEBUG: build_embeds succeeded
DEBUG: bs = 2
DEBUG: build_embeds succeeded
DEBUG: bs = 2
DEBUG: About to call build_embeds
DEBUG: About to call build_embeds
DEBUG: build_embeds succeeded
DEBUG: bs = 2
DEBUG: build_embeds succeeded
DEBUG: bs = 2
DEBUG: About to call build_embeds
DEBUG: About to call build_embeds
DEBUG: build_embeds succeeded
DEBUG: bs = 2
DEBUG: build_embeds succeeded
DEBUG: bs = 2
DEBUG: About to call build_embedsDEBUG: About to call build_embeds

DEBUG: build_embeds succeeded
DEBUG: bs = 2
DEBUG: build_embeds succeeded
DEBUG: bs = 2
DEBUG: About to call build_embedsDEBUG: About to call build_embeds

DEBUG: build_embeds succeeded
DEBUG: bs = 2
DEBUG: build_embeds succeeded
DEBUG: bs = 2
DEBUG: About to call build_embeds
DEBUG: About to call build_embeds
DEBUG: build_embeds succeeded
DEBUG: bs = 2
DEBUG: build_embeds succeeded
DEBUG: bs = 2
DEBUG: About to call build_embeds
DEBUG: About to call build_embeds
DEBUG: build_embeds succeeded
DEBUG: bs = 2
DEBUG: build_embeds succeeded
DEBUG: bs = 2
DEBUG: About to call build_embeds
DEBUG: About to call build_embeds
DEBUG: build_embeds succeeded
DEBUG: bs = 2
DEBUG: build_embeds succeeded
DEBUG: bs = 2
DEBUG: About to call build_embeds
DEBUG: About to call build_embeds
DEBUG: build_embeds succeeded
DEBUG: bs = 2
DEBUG: build_embeds succeeded
DEBUG: bs = 2
DEBUG: About to call build_embeds
DEBUG: About to call build_embeds
DEBUG: build_embeds succeeded
DEBUG: bs = 2
DEBUG: build_embeds succeeded
DEBUG: bs = 2
DEBUG: About to call build_embeds
DEBUG: About to call build_embeds
DEBUG: build_embeds succeeded
DEBUG: bs = 2
DEBUG: build_embeds succeeded
DEBUG: bs = 2
DEBUG: About to call build_embeds
DEBUG: About to call build_embeds
DEBUG: build_embeds succeeded
DEBUG: bs = 2
DEBUG: build_embeds succeeded
DEBUG: bs = 2
DEBUG: About to call build_embeds
DEBUG: About to call build_embeds
DEBUG: build_embeds succeeded
DEBUG: bs = 2
DEBUG: build_embeds succeeded
DEBUG: bs = 2
DEBUG: About to call build_embeds
DEBUG: About to call build_embeds
DEBUG: build_embeds succeeded
DEBUG: bs = 2
DEBUG: build_embeds succeeded
DEBUG: bs = 2
DEBUG: About to call build_embeds
DEBUG: About to call build_embeds
DEBUG: build_embeds succeeded
DEBUG: bs = 2
DEBUG: build_embeds succeeded
DEBUG: bs = 2
DEBUG: About to call build_embeds
DEBUG: About to call build_embeds
DEBUG: build_embeds succeeded
DEBUG: bs = 2
DEBUG: build_embeds succeeded
DEBUG: bs = 2
DEBUG: About to call build_embeds
DEBUG: About to call build_embeds
DEBUG: build_embeds succeeded
DEBUG: bs = 2
DEBUG: build_embeds succeeded
DEBUG: bs = 2
DEBUG: About to call build_embeds
DEBUG: About to call build_embeds
DEBUG: build_embeds succeeded
DEBUG: bs = 2
DEBUG: build_embeds succeeded
DEBUG: bs = 2
DEBUG: About to call build_embeds
DEBUG: About to call build_embeds
DEBUG: build_embeds succeeded
DEBUG: bs = 2
DEBUG: build_embeds succeeded
DEBUG: bs = 2
DEBUG: About to call build_embeds
DEBUG: About to call build_embeds
DEBUG: build_embeds succeeded
DEBUG: bs = 2
DEBUG: build_embeds succeeded
DEBUG: bs = 2
DEBUG: About to call build_embeds
DEBUG: About to call build_embeds
DEBUG: build_embeds succeeded
DEBUG: bs = 2
DEBUG: build_embeds succeeded
DEBUG: bs = 2
DEBUG: About to call build_embeds
DEBUG: About to call build_embeds
DEBUG: build_embeds succeeded
DEBUG: bs = 2
DEBUG: build_embeds succeeded
DEBUG: bs = 2
DEBUG: About to call build_embeds
DEBUG: About to call build_embeds
DEBUG: build_embeds succeeded
DEBUG: bs = 2
DEBUG: build_embeds succeeded
DEBUG: bs = 2
DEBUG: About to call build_embeds
DEBUG: About to call build_embeds
DEBUG: build_embeds succeeded
DEBUG: bs = 2
DEBUG: build_embeds succeeded
DEBUG: bs = 2
DEBUG: About to call build_embeds
DEBUG: About to call build_embeds
DEBUG: build_embeds succeeded
DEBUG: bs = 2
DEBUG: build_embeds succeeded
DEBUG: bs = 2
DEBUG: About to call build_embeds
DEBUG: About to call build_embeds
DEBUG: build_embeds succeeded
DEBUG: bs = 2
DEBUG: build_embeds succeeded
DEBUG: bs = 2
DEBUG: About to call build_embeds
DEBUG: About to call build_embeds
DEBUG: build_embeds succeeded
DEBUG: bs = 2
DEBUG: build_embeds succeeded
DEBUG: bs = 2
DEBUG: About to call build_embeds
DEBUG: About to call build_embeds
DEBUG: build_embeds succeeded
DEBUG: bs = 2
DEBUG: build_embeds succeeded
DEBUG: bs = 2
DEBUG: About to call build_embeds
DEBUG: About to call build_embeds
DEBUG: build_embeds succeeded
DEBUG: bs = 2
DEBUG: build_embeds succeeded
DEBUG: bs = 2
DEBUG: About to call build_embeds
DEBUG: About to call build_embeds
DEBUG: build_embeds succeeded
DEBUG: bs = 2
DEBUG: build_embeds succeeded
DEBUG: bs = 2
DEBUG: About to call build_embeds
DEBUG: About to call build_embeds
DEBUG: build_embeds succeeded
DEBUG: bs = 2
DEBUG: build_embeds succeeded
DEBUG: bs = 2
DEBUG: About to call build_embeds
DEBUG: About to call build_embeds
DEBUG: build_embeds succeeded
DEBUG: bs = 2
DEBUG: build_embeds succeeded
DEBUG: bs = 2
DEBUG: About to call build_embeds
DEBUG: About to call build_embeds
DEBUG: build_embeds succeeded
DEBUG: bs = 2
DEBUG: build_embeds succeeded
DEBUG: bs = 2
DEBUG: About to call build_embeds
DEBUG: About to call build_embeds
DEBUG: build_embeds succeeded
DEBUG: bs = 2
DEBUG: build_embeds succeeded
DEBUG: bs = 2
DEBUG: About to call build_embeds
DEBUG: About to call build_embeds
DEBUG: build_embeds succeeded
DEBUG: bs = 2
DEBUG: build_embeds succeeded
DEBUG: bs = 2
DEBUG: About to call build_embeds
DEBUG: About to call build_embeds
DEBUG: build_embeds succeeded
DEBUG: bs = 2
DEBUG: build_embeds succeeded
DEBUG: bs = 2
DEBUG: About to call build_embeds
DEBUG: About to call build_embeds
DEBUG: build_embeds succeeded
DEBUG: bs = 2
DEBUG: build_embeds succeeded
DEBUG: bs = 2
DEBUG: About to call build_embeds
DEBUG: About to call build_embeds
DEBUG: build_embeds succeeded
DEBUG: bs = 2
DEBUG: build_embeds succeeded
DEBUG: bs = 2
DEBUG: About to call build_embeds
DEBUG: About to call build_embeds
DEBUG: build_embeds succeeded
DEBUG: bs = 2
DEBUG: build_embeds succeeded
DEBUG: bs = 2
DEBUG: About to call build_embeds
DEBUG: About to call build_embeds
DEBUG: build_embeds succeeded
DEBUG: bs = 2
DEBUG: build_embeds succeeded
DEBUG: bs = 2
DEBUG: About to call build_embeds
DEBUG: About to call build_embeds
DEBUG: build_embeds succeeded
DEBUG: bs = 2
DEBUG: build_embeds succeeded
DEBUG: bs = 2
DEBUG: About to call build_embeds
DEBUG: About to call build_embeds
DEBUG: build_embeds succeeded
DEBUG: bs = 2
DEBUG: build_embeds succeeded
DEBUG: bs = 2
DEBUG: About to call build_embeds
DEBUG: About to call build_embeds
DEBUG: build_embeds succeeded
DEBUG: bs = 2
DEBUG: build_embeds succeeded
DEBUG: bs = 2
DEBUG: About to call build_embedsDEBUG: About to call build_embeds

DEBUG: build_embeds succeeded
DEBUG: bs = 2
DEBUG: build_embeds succeeded
DEBUG: bs = 2
DEBUG: About to call build_embeds
DEBUG: About to call build_embeds
DEBUG: build_embeds succeeded
DEBUG: bs = 2
DEBUG: build_embeds succeeded
DEBUG: bs = 2
DEBUG: About to call build_embeds
DEBUG: About to call build_embeds
DEBUG: build_embeds succeeded
DEBUG: bs = 2
DEBUG: build_embeds succeeded
DEBUG: bs = 2
DEBUG: About to call build_embeds
DEBUG: About to call build_embeds
DEBUG: build_embeds succeeded
DEBUG: bs = 2
DEBUG: build_embeds succeeded
DEBUG: bs = 2
DEBUG: About to call build_embeds
DEBUG: About to call build_embeds
DEBUG: build_embeds succeeded
DEBUG: bs = 2
DEBUG: build_embeds succeeded
DEBUG: bs = 2
DEBUG: About to call build_embeds
DEBUG: About to call build_embeds
DEBUG: build_embeds succeeded
DEBUG: bs = 2
DEBUG: build_embeds succeeded
DEBUG: bs = 2
DEBUG: About to call build_embeds
DEBUG: About to call build_embeds
DEBUG: build_embeds succeeded
DEBUG: bs = 2
DEBUG: build_embeds succeeded
DEBUG: bs = 2
DEBUG: About to call build_embeds
DEBUG: About to call build_embeds
DEBUG: build_embeds succeeded
DEBUG: bs = 2
DEBUG: build_embeds succeeded
DEBUG: bs = 2
DEBUG: About to call build_embeds
DEBUG: About to call build_embeds
DEBUG: build_embeds succeeded
DEBUG: bs = 2
DEBUG: build_embeds succeeded
DEBUG: bs = 2
DEBUG: About to call build_embeds
DEBUG: About to call build_embeds
DEBUG: build_embeds succeededDEBUG: build_embeds succeeded
DEBUG: bs = 2

DEBUG: bs = 2
DEBUG: About to call build_embedsDEBUG: About to call build_embeds

DEBUG: build_embeds succeeded
DEBUG: bs = 2
DEBUG: build_embeds succeeded
DEBUG: bs = 2
DEBUG: About to call build_embeds
DEBUG: About to call build_embeds
DEBUG: build_embeds succeeded
DEBUG: bs = 2
DEBUG: build_embeds succeeded
DEBUG: bs = 2
DEBUG: About to call build_embeds
DEBUG: About to call build_embeds
DEBUG: build_embeds succeeded
DEBUG: bs = 2
DEBUG: build_embeds succeeded
DEBUG: bs = 2
DEBUG: About to call build_embedsDEBUG: About to call build_embeds

DEBUG: build_embeds succeeded
DEBUG: bs = 2
DEBUG: build_embeds succeeded
DEBUG: bs = 2
DEBUG: About to call build_embeds
DEBUG: About to call build_embeds
DEBUG: build_embeds succeeded
DEBUG: bs = 2
DEBUG: build_embeds succeeded
DEBUG: bs = 2
DEBUG: About to call build_embeds
DEBUG: About to call build_embeds
DEBUG: build_embeds succeeded
DEBUG: build_embeds succeeded
DEBUG: bs = 2
DEBUG: bs = 2
DEBUG: About to call build_embeds
DEBUG: About to call build_embeds
DEBUG: build_embeds succeeded
DEBUG: bs = 2DEBUG: build_embeds succeeded
DEBUG: bs = 2

DEBUG: About to call build_embedsDEBUG: About to call build_embeds

DEBUG: build_embeds succeeded
DEBUG: bs = 2
DEBUG: build_embeds succeeded
DEBUG: bs = 2
DEBUG: About to call build_embedsDEBUG: About to call build_embeds

DEBUG: build_embeds succeeded
DEBUG: bs = 2
DEBUG: build_embeds succeeded
DEBUG: bs = 2
DEBUG: About to call build_embeds
DEBUG: About to call build_embeds
DEBUG: build_embeds succeeded
DEBUG: bs = 2
DEBUG: build_embeds succeeded
DEBUG: bs = 2
DEBUG: About to call build_embedsDEBUG: About to call build_embeds

DEBUG: build_embeds succeeded
DEBUG: bs = 2
DEBUG: build_embeds succeeded
DEBUG: bs = 2
DEBUG: About to call build_embeds
DEBUG: About to call build_embeds
DEBUG: build_embeds succeeded
DEBUG: bs = 2
DEBUG: build_embeds succeeded
DEBUG: bs = 2
DEBUG: About to call build_embeds
DEBUG: About to call build_embeds
DEBUG: build_embeds succeeded
DEBUG: bs = 2
DEBUG: build_embeds succeeded
DEBUG: bs = 2
DEBUG: About to call build_embeds
DEBUG: About to call build_embeds
DEBUG: build_embeds succeeded
DEBUG: bs = 2
DEBUG: build_embeds succeeded
DEBUG: bs = 2
DEBUG: About to call build_embeds
DEBUG: About to call build_embeds
DEBUG: build_embeds succeeded
DEBUG: bs = 2
DEBUG: build_embeds succeeded
DEBUG: bs = 2
DEBUG: About to call build_embeds
DEBUG: About to call build_embeds
DEBUG: build_embeds succeeded
DEBUG: bs = 2
DEBUG: build_embeds succeeded
DEBUG: bs = 2
DEBUG: About to call build_embeds
DEBUG: About to call build_embeds
DEBUG: build_embeds succeeded
DEBUG: bs = 2
DEBUG: build_embeds succeeded
DEBUG: bs = 2
DEBUG: About to call build_embeds
DEBUG: About to call build_embeds
DEBUG: build_embeds succeeded
DEBUG: bs = 2
DEBUG: build_embeds succeeded
DEBUG: bs = 2
DEBUG: About to call build_embeds
DEBUG: About to call build_embeds
DEBUG: build_embeds succeeded
DEBUG: bs = 2
DEBUG: build_embeds succeeded
DEBUG: bs = 2
DEBUG: About to call build_embeds
DEBUG: About to call build_embeds
DEBUG: build_embeds succeeded
DEBUG: bs = 2
DEBUG: build_embeds succeeded
DEBUG: bs = 2
DEBUG: About to call build_embeds
DEBUG: About to call build_embeds
DEBUG: build_embeds succeeded
DEBUG: bs = 2
DEBUG: build_embeds succeeded
DEBUG: bs = 2
DEBUG: About to call build_embeds
DEBUG: About to call build_embeds
DEBUG: build_embeds succeeded
DEBUG: bs = 2
DEBUG: build_embeds succeeded
DEBUG: bs = 2
DEBUG: About to call build_embeds
DEBUG: About to call build_embeds
DEBUG: build_embeds succeededDEBUG: build_embeds succeeded
DEBUG: bs = 2

DEBUG: bs = 2
DEBUG: About to call build_embeds
DEBUG: About to call build_embeds
DEBUG: build_embeds succeeded
DEBUG: bs = 2
DEBUG: build_embeds succeeded
DEBUG: bs = 2
DEBUG: About to call build_embeds
DEBUG: About to call build_embeds
DEBUG: build_embeds succeeded
DEBUG: bs = 2
DEBUG: build_embeds succeeded
DEBUG: bs = 2
DEBUG: About to call build_embeds
DEBUG: About to call build_embeds
DEBUG: build_embeds succeeded
DEBUG: bs = 2
DEBUG: build_embeds succeeded
DEBUG: bs = 2
DEBUG: About to call build_embeds
DEBUG: About to call build_embeds
DEBUG: build_embeds succeeded
DEBUG: bs = 2
DEBUG: build_embeds succeeded
DEBUG: bs = 2
DEBUG: About to call build_embeds
DEBUG: About to call build_embeds
DEBUG: build_embeds succeeded
DEBUG: bs = 2
DEBUG: build_embeds succeeded
DEBUG: bs = 2
DEBUG: About to call build_embeds
DEBUG: About to call build_embeds
DEBUG: build_embeds succeeded
DEBUG: bs = 2
DEBUG: build_embeds succeeded
DEBUG: bs = 2
DEBUG: About to call build_embeds
DEBUG: About to call build_embeds
DEBUG: build_embeds succeeded
DEBUG: bs = 2
DEBUG: build_embeds succeeded
DEBUG: bs = 2
DEBUG: About to call build_embeds
DEBUG: About to call build_embeds
DEBUG: build_embeds succeeded
DEBUG: bs = 2
DEBUG: build_embeds succeeded
DEBUG: bs = 2
DEBUG: About to call build_embeds
DEBUG: About to call build_embeds
DEBUG: build_embeds succeeded
DEBUG: bs = 2
DEBUG: build_embeds succeeded
DEBUG: bs = 2
DEBUG: About to call build_embeds
DEBUG: About to call build_embeds
DEBUG: build_embeds succeeded
DEBUG: bs = 2
DEBUG: build_embeds succeeded
DEBUG: bs = 2
{'target_metric': 0.43, 'sentence_sim': 0.8146005395054817, 'cider': 1.9965524966410348, 'bleu': 0.275690193315548, 'meteor': 0.31589138023162083, 'rouge': 0.5885750784331296}
{'target_metric': 0.43, 'sentence_sim': 0.8146005395054817, 'cider': 1.9965524966410348, 'bleu': 0.275690193315548, 'meteor': 0.31589138023162083, 'rouge': 0.5885750784331296}
[Epoch 7] finished eval, is_best: False
DEBUG: About to call build_embeds
DEBUG: build_embeds succeeded
DEBUG: bs = 2
DEBUG: About to call build_embeds
DEBUG: build_embeds succeeded
DEBUG: bs = 2
DEBUG: About to call build_embeds
DEBUG: About to call build_embeds
DEBUG: build_embeds succeeded
DEBUG: bs = 2
DEBUG: build_embeds succeeded
DEBUG: bs = 2
DEBUG: About to call build_embeds
DEBUG: About to call build_embeds
DEBUG: build_embeds succeededDEBUG: build_embeds succeeded
DEBUG: bs = 2

DEBUG: bs = 2
DEBUG: About to call build_embedsDEBUG: About to call build_embeds

DEBUG: build_embeds succeeded
DEBUG: bs = 2
DEBUG: build_embeds succeeded
DEBUG: bs = 2
DEBUG: About to call build_embeds
DEBUG: About to call build_embeds
DEBUG: build_embeds succeeded
DEBUG: bs = 2
DEBUG: build_embeds succeeded
DEBUG: bs = 2
DEBUG: About to call build_embeds
DEBUG: About to call build_embeds
DEBUG: build_embeds succeeded
DEBUG: bs = 2
DEBUG: build_embeds succeeded
DEBUG: bs = 2
DEBUG: About to call build_embeds
DEBUG: About to call build_embeds
DEBUG: build_embeds succeeded
DEBUG: bs = 2
DEBUG: build_embeds succeeded
DEBUG: bs = 2
DEBUG: About to call build_embeds
DEBUG: About to call build_embeds
DEBUG: build_embeds succeeded
DEBUG: bs = 2
DEBUG: build_embeds succeeded
DEBUG: bs = 2
DEBUG: About to call build_embeds
DEBUG: About to call build_embeds
DEBUG: build_embeds succeeded
DEBUG: bs = 2
DEBUG: build_embeds succeeded
DEBUG: bs = 2
DEBUG: About to call build_embeds
DEBUG: About to call build_embeds
DEBUG: build_embeds succeeded
DEBUG: bs = 2
DEBUG: build_embeds succeeded
DEBUG: bs = 2
DEBUG: About to call build_embeds
DEBUG: About to call build_embeds
DEBUG: build_embeds succeeded
DEBUG: bs = 2
DEBUG: build_embeds succeeded
DEBUG: bs = 2
DEBUG: About to call build_embeds
DEBUG: About to call build_embeds
DEBUG: build_embeds succeeded
DEBUG: bs = 2
DEBUG: build_embeds succeeded
DEBUG: bs = 2
DEBUG: About to call build_embeds
DEBUG: About to call build_embeds
DEBUG: build_embeds succeeded
DEBUG: bs = 2
DEBUG: build_embeds succeeded
DEBUG: bs = 2
DEBUG: About to call build_embeds
DEBUG: About to call build_embeds
DEBUG: build_embeds succeeded
DEBUG: bs = 2
DEBUG: build_embeds succeeded
DEBUG: bs = 2
DEBUG: About to call build_embeds
DEBUG: About to call build_embeds
DEBUG: build_embeds succeeded
DEBUG: bs = 2
DEBUG: build_embeds succeeded
DEBUG: bs = 2
DEBUG: About to call build_embeds
DEBUG: About to call build_embeds
DEBUG: build_embeds succeeded
DEBUG: bs = 2
DEBUG: build_embeds succeeded
DEBUG: bs = 2
DEBUG: About to call build_embeds
DEBUG: About to call build_embeds
DEBUG: build_embeds succeeded
DEBUG: bs = 2
DEBUG: build_embeds succeeded
DEBUG: bs = 2
DEBUG: About to call build_embeds
DEBUG: About to call build_embeds
DEBUG: build_embeds succeeded
DEBUG: bs = 2
DEBUG: build_embeds succeeded
DEBUG: bs = 2
DEBUG: About to call build_embeds
DEBUG: About to call build_embeds
DEBUG: build_embeds succeeded
DEBUG: bs = 2
DEBUG: build_embeds succeeded
DEBUG: bs = 2
DEBUG: About to call build_embeds
DEBUG: About to call build_embeds
DEBUG: build_embeds succeeded
DEBUG: bs = 2
DEBUG: build_embeds succeeded
DEBUG: bs = 2
DEBUG: About to call build_embeds
DEBUG: About to call build_embeds
DEBUG: build_embeds succeeded
DEBUG: bs = 2
DEBUG: build_embeds succeeded
DEBUG: bs = 2
DEBUG: About to call build_embeds
DEBUG: About to call build_embeds
DEBUG: build_embeds succeeded
DEBUG: bs = 2
DEBUG: build_embeds succeeded
DEBUG: bs = 2
DEBUG: About to call build_embeds
DEBUG: About to call build_embeds
DEBUG: build_embeds succeeded
DEBUG: bs = 2
DEBUG: build_embeds succeeded
DEBUG: bs = 2
DEBUG: About to call build_embeds
DEBUG: About to call build_embeds
DEBUG: build_embeds succeeded
DEBUG: bs = 2
DEBUG: build_embeds succeeded
DEBUG: bs = 2
DEBUG: About to call build_embeds
DEBUG: About to call build_embeds
DEBUG: build_embeds succeeded
DEBUG: bs = 2
DEBUG: build_embeds succeeded
DEBUG: bs = 2
DEBUG: About to call build_embeds
DEBUG: About to call build_embeds
DEBUG: build_embeds succeeded
DEBUG: bs = 2
DEBUG: build_embeds succeeded
DEBUG: bs = 2
DEBUG: About to call build_embeds
DEBUG: About to call build_embeds
DEBUG: build_embeds succeeded
DEBUG: bs = 2
DEBUG: build_embeds succeeded
DEBUG: bs = 2
DEBUG: About to call build_embeds
DEBUG: About to call build_embeds
DEBUG: build_embeds succeeded
DEBUG: bs = 2
DEBUG: build_embeds succeeded
DEBUG: bs = 2
DEBUG: About to call build_embeds
DEBUG: About to call build_embeds
DEBUG: build_embeds succeeded
DEBUG: bs = 2DEBUG: build_embeds succeeded

DEBUG: bs = 2
DEBUG: About to call build_embeds
DEBUG: About to call build_embeds
DEBUG: build_embeds succeeded
DEBUG: bs = 2DEBUG: build_embeds succeeded

DEBUG: bs = 2
DEBUG: About to call build_embeds
DEBUG: About to call build_embeds
DEBUG: build_embeds succeeded
DEBUG: bs = 2
DEBUG: build_embeds succeeded
DEBUG: bs = 2
DEBUG: About to call build_embedsDEBUG: About to call build_embeds

DEBUG: build_embeds succeeded
DEBUG: bs = 2
DEBUG: build_embeds succeeded
DEBUG: bs = 2
DEBUG: About to call build_embeds
DEBUG: About to call build_embeds
DEBUG: build_embeds succeeded
DEBUG: bs = 2
DEBUG: build_embeds succeeded
DEBUG: bs = 2
DEBUG: About to call build_embeds
DEBUG: About to call build_embeds
DEBUG: build_embeds succeeded
DEBUG: bs = 2
DEBUG: build_embeds succeeded
DEBUG: bs = 2
DEBUG: About to call build_embeds
DEBUG: About to call build_embeds
DEBUG: build_embeds succeeded
DEBUG: bs = 2
DEBUG: build_embeds succeeded
DEBUG: bs = 2
DEBUG: About to call build_embeds
DEBUG: About to call build_embeds
DEBUG: build_embeds succeeded
DEBUG: bs = 2
DEBUG: build_embeds succeeded
DEBUG: bs = 2
DEBUG: About to call build_embeds
DEBUG: About to call build_embeds
DEBUG: build_embeds succeeded
DEBUG: bs = 2
DEBUG: build_embeds succeeded
DEBUG: bs = 2
DEBUG: About to call build_embeds
DEBUG: About to call build_embeds
DEBUG: build_embeds succeeded
DEBUG: bs = 2
DEBUG: build_embeds succeeded
DEBUG: bs = 2
DEBUG: About to call build_embeds
DEBUG: About to call build_embeds
DEBUG: build_embeds succeeded
DEBUG: bs = 2
DEBUG: build_embeds succeeded
DEBUG: bs = 2
DEBUG: About to call build_embeds
DEBUG: About to call build_embeds
DEBUG: build_embeds succeeded
DEBUG: bs = 2
DEBUG: build_embeds succeeded
DEBUG: bs = 2
DEBUG: About to call build_embeds
DEBUG: About to call build_embeds
DEBUG: build_embeds succeeded
DEBUG: bs = 2
DEBUG: build_embeds succeeded
DEBUG: bs = 2
DEBUG: About to call build_embeds
DEBUG: About to call build_embeds
DEBUG: build_embeds succeeded
DEBUG: bs = 2
DEBUG: build_embeds succeeded
DEBUG: bs = 2
DEBUG: About to call build_embeds
DEBUG: About to call build_embeds
DEBUG: build_embeds succeeded
DEBUG: bs = 2
DEBUG: build_embeds succeeded
DEBUG: bs = 2
DEBUG: About to call build_embeds
DEBUG: About to call build_embeds
DEBUG: build_embeds succeeded
DEBUG: bs = 2
DEBUG: build_embeds succeeded
DEBUG: bs = 2
DEBUG: About to call build_embeds
DEBUG: About to call build_embeds
DEBUG: build_embeds succeeded
DEBUG: bs = 2
DEBUG: build_embeds succeeded
DEBUG: bs = 2
DEBUG: About to call build_embeds
DEBUG: About to call build_embeds
DEBUG: build_embeds succeeded
DEBUG: bs = 2
DEBUG: build_embeds succeeded
DEBUG: bs = 2
DEBUG: About to call build_embeds
DEBUG: About to call build_embeds
DEBUG: build_embeds succeeded
DEBUG: bs = 2
DEBUG: build_embeds succeeded
DEBUG: bs = 2
DEBUG: About to call build_embeds
DEBUG: About to call build_embeds
DEBUG: build_embeds succeeded
DEBUG: bs = 2
DEBUG: build_embeds succeeded
DEBUG: bs = 2
DEBUG: About to call build_embeds
DEBUG: About to call build_embeds
DEBUG: build_embeds succeeded
DEBUG: bs = 2
DEBUG: build_embeds succeeded
DEBUG: bs = 2
DEBUG: About to call build_embeds
DEBUG: About to call build_embeds
DEBUG: build_embeds succeeded
DEBUG: bs = 2
DEBUG: build_embeds succeeded
DEBUG: bs = 2
DEBUG: About to call build_embeds
DEBUG: About to call build_embeds
DEBUG: build_embeds succeeded
DEBUG: bs = 2
DEBUG: build_embeds succeeded
DEBUG: bs = 2
DEBUG: About to call build_embeds
DEBUG: About to call build_embeds
DEBUG: build_embeds succeeded
DEBUG: bs = 2
DEBUG: build_embeds succeeded
DEBUG: bs = 2
DEBUG: About to call build_embeds
DEBUG: About to call build_embeds
DEBUG: build_embeds succeeded
DEBUG: bs = 2
DEBUG: build_embeds succeeded
DEBUG: bs = 2
DEBUG: About to call build_embeds
DEBUG: About to call build_embeds
DEBUG: build_embeds succeeded
DEBUG: bs = 2
DEBUG: build_embeds succeeded
DEBUG: bs = 2
DEBUG: About to call build_embeds
DEBUG: About to call build_embeds
DEBUG: build_embeds succeeded
DEBUG: bs = 2
DEBUG: build_embeds succeeded
DEBUG: bs = 2
DEBUG: About to call build_embeds
DEBUG: About to call build_embeds
DEBUG: build_embeds succeeded
DEBUG: bs = 2
DEBUG: build_embeds succeeded
DEBUG: bs = 2
DEBUG: About to call build_embeds
DEBUG: About to call build_embeds
DEBUG: build_embeds succeeded
DEBUG: bs = 2
DEBUG: build_embeds succeeded
DEBUG: bs = 2
DEBUG: About to call build_embeds
DEBUG: About to call build_embeds
DEBUG: build_embeds succeeded
DEBUG: bs = 2
DEBUG: build_embeds succeeded
DEBUG: bs = 2
DEBUG: About to call build_embeds
DEBUG: About to call build_embeds
DEBUG: build_embeds succeeded
DEBUG: bs = 2
DEBUG: build_embeds succeeded
DEBUG: bs = 2
DEBUG: About to call build_embeds
DEBUG: About to call build_embeds
DEBUG: build_embeds succeeded
DEBUG: bs = 2
DEBUG: build_embeds succeeded
DEBUG: bs = 2
DEBUG: About to call build_embeds
DEBUG: About to call build_embeds
DEBUG: build_embeds succeeded
DEBUG: bs = 2
DEBUG: build_embeds succeeded
DEBUG: bs = 2
DEBUG: About to call build_embeds
DEBUG: About to call build_embeds
DEBUG: build_embeds succeeded
DEBUG: bs = 2
DEBUG: build_embeds succeeded
DEBUG: bs = 2
DEBUG: About to call build_embeds
DEBUG: About to call build_embeds
DEBUG: build_embeds succeeded
DEBUG: bs = 2
DEBUG: build_embeds succeeded
DEBUG: bs = 2
DEBUG: About to call build_embeds
DEBUG: About to call build_embeds
DEBUG: build_embeds succeeded
DEBUG: bs = 2
DEBUG: build_embeds succeeded
DEBUG: bs = 2
DEBUG: About to call build_embeds
DEBUG: About to call build_embeds
DEBUG: build_embeds succeeded
DEBUG: bs = 2
DEBUG: build_embeds succeeded
DEBUG: bs = 2
DEBUG: About to call build_embeds
DEBUG: About to call build_embeds
DEBUG: build_embeds succeeded
DEBUG: bs = 2
DEBUG: build_embeds succeeded
DEBUG: bs = 2
DEBUG: About to call build_embeds
DEBUG: About to call build_embeds
DEBUG: build_embeds succeeded
DEBUG: bs = 2
DEBUG: build_embeds succeeded
DEBUG: bs = 2
DEBUG: About to call build_embeds
DEBUG: About to call build_embeds
DEBUG: build_embeds succeeded
DEBUG: bs = 2
DEBUG: build_embeds succeeded
DEBUG: bs = 2
DEBUG: About to call build_embeds
DEBUG: About to call build_embeds
DEBUG: build_embeds succeeded
DEBUG: bs = 2
DEBUG: build_embeds succeeded
DEBUG: bs = 2
DEBUG: About to call build_embeds
DEBUG: About to call build_embeds
DEBUG: build_embeds succeeded
DEBUG: bs = 2
DEBUG: build_embeds succeeded
DEBUG: bs = 2
DEBUG: About to call build_embedsDEBUG: About to call build_embeds

DEBUG: build_embeds succeededDEBUG: build_embeds succeeded
DEBUG: bs = 2

DEBUG: bs = 2
DEBUG: About to call build_embeds
DEBUG: About to call build_embeds
DEBUG: build_embeds succeeded
DEBUG: bs = 2
DEBUG: build_embeds succeeded
DEBUG: bs = 2
DEBUG: About to call build_embeds
DEBUG: About to call build_embeds
DEBUG: build_embeds succeeded
DEBUG: bs = 2
DEBUG: build_embeds succeeded
DEBUG: bs = 2
DEBUG: About to call build_embedsDEBUG: About to call build_embeds

DEBUG: build_embeds succeeded
DEBUG: bs = 2
DEBUG: build_embeds succeeded
DEBUG: bs = 2
DEBUG: About to call build_embeds
DEBUG: About to call build_embeds
DEBUG: build_embeds succeeded
DEBUG: bs = 2
DEBUG: build_embeds succeeded
DEBUG: bs = 2
DEBUG: About to call build_embeds
DEBUG: About to call build_embeds
DEBUG: build_embeds succeeded
DEBUG: bs = 2
DEBUG: build_embeds succeeded
DEBUG: bs = 2
DEBUG: About to call build_embeds
DEBUG: About to call build_embeds
DEBUG: build_embeds succeeded
DEBUG: bs = 2
DEBUG: build_embeds succeeded
DEBUG: bs = 2
DEBUG: About to call build_embeds
DEBUG: About to call build_embeds
DEBUG: build_embeds succeeded
DEBUG: bs = 2
DEBUG: build_embeds succeeded
DEBUG: bs = 2
DEBUG: About to call build_embeds
DEBUG: About to call build_embeds
DEBUG: build_embeds succeeded
DEBUG: bs = 2
DEBUG: build_embeds succeeded
DEBUG: bs = 2
DEBUG: About to call build_embeds
DEBUG: About to call build_embeds
DEBUG: build_embeds succeeded
DEBUG: bs = 2
DEBUG: build_embeds succeeded
DEBUG: bs = 2
DEBUG: About to call build_embeds
DEBUG: About to call build_embeds
DEBUG: build_embeds succeeded
DEBUG: bs = 2
DEBUG: build_embeds succeeded
DEBUG: bs = 2
DEBUG: About to call build_embedsDEBUG: About to call build_embeds

DEBUG: build_embeds succeeded
DEBUG: bs = 2
DEBUG: build_embeds succeeded
DEBUG: bs = 2
DEBUG: About to call build_embeds
DEBUG: About to call build_embeds
DEBUG: build_embeds succeeded
DEBUG: bs = 2
DEBUG: build_embeds succeeded
DEBUG: bs = 2
DEBUG: About to call build_embeds
DEBUG: About to call build_embeds
DEBUG: build_embeds succeeded
DEBUG: bs = 2
DEBUG: build_embeds succeeded
DEBUG: bs = 2
DEBUG: About to call build_embeds
DEBUG: About to call build_embeds
DEBUG: build_embeds succeeded
DEBUG: bs = 2
DEBUG: build_embeds succeeded
DEBUG: bs = 2
DEBUG: About to call build_embeds
DEBUG: About to call build_embeds
DEBUG: build_embeds succeeded
DEBUG: bs = 2
DEBUG: build_embeds succeeded
DEBUG: bs = 2
DEBUG: About to call build_embeds
DEBUG: About to call build_embeds
DEBUG: build_embeds succeeded
DEBUG: bs = 2
DEBUG: build_embeds succeeded
DEBUG: bs = 2
DEBUG: About to call build_embeds
DEBUG: About to call build_embeds
DEBUG: build_embeds succeeded
DEBUG: bs = 2
DEBUG: build_embeds succeeded
DEBUG: bs = 2
DEBUG: About to call build_embeds
DEBUG: About to call build_embeds
DEBUG: build_embeds succeeded
DEBUG: bs = 2
DEBUG: build_embeds succeeded
DEBUG: bs = 2
DEBUG: About to call build_embeds
DEBUG: About to call build_embeds
DEBUG: build_embeds succeeded
DEBUG: bs = 2
DEBUG: build_embeds succeeded
DEBUG: bs = 2
DEBUG: About to call build_embeds
DEBUG: About to call build_embeds
DEBUG: build_embeds succeeded
DEBUG: bs = 2
DEBUG: build_embeds succeeded
DEBUG: bs = 2
DEBUG: About to call build_embeds
DEBUG: About to call build_embeds
DEBUG: build_embeds succeeded
DEBUG: bs = 2
DEBUG: build_embeds succeeded
DEBUG: bs = 2
DEBUG: About to call build_embeds
DEBUG: About to call build_embeds
DEBUG: build_embeds succeeded
DEBUG: bs = 2
DEBUG: build_embeds succeeded
DEBUG: bs = 2
DEBUG: About to call build_embeds
DEBUG: About to call build_embeds
DEBUG: build_embeds succeeded
DEBUG: bs = 2
DEBUG: build_embeds succeeded
DEBUG: bs = 2
DEBUG: About to call build_embeds
DEBUG: About to call build_embeds
DEBUG: build_embeds succeeded
DEBUG: bs = 2
DEBUG: build_embeds succeeded
DEBUG: bs = 2
DEBUG: About to call build_embedsDEBUG: About to call build_embeds

DEBUG: build_embeds succeeded
DEBUG: bs = 2
DEBUG: build_embeds succeeded
DEBUG: bs = 2
DEBUG: About to call build_embeds
DEBUG: About to call build_embeds
DEBUG: build_embeds succeeded
DEBUG: bs = 2
DEBUG: build_embeds succeeded
DEBUG: bs = 2
DEBUG: About to call build_embeds
DEBUG: About to call build_embeds
DEBUG: build_embeds succeeded
DEBUG: bs = 2
DEBUG: build_embeds succeeded
DEBUG: bs = 2
DEBUG: About to call build_embeds
DEBUG: About to call build_embeds
DEBUG: build_embeds succeeded
DEBUG: bs = 2
DEBUG: build_embeds succeeded
DEBUG: bs = 2
DEBUG: About to call build_embeds
DEBUG: About to call build_embeds
DEBUG: build_embeds succeeded
DEBUG: bs = 2
DEBUG: build_embeds succeeded
DEBUG: bs = 2
{'target_metric': 0.2825, 'sentence_sim': 0.7908138772845268, 'cider': 2.533180399472057, 'bleu': 0.31827687544635913, 'meteor': 0.29888752364838134, 'rouge': 0.5827027058645894}
{'target_metric': 0.2825, 'sentence_sim': 0.7908138772845268, 'cider': 2.533180399472057, 'bleu': 0.31827687544635913, 'meteor': 0.29888752364838134, 'rouge': 0.5827027058645894}
DEBUG: About to call build_embeds
DEBUG: About to call build_embeds
DEBUG: build_embeds succeeded
DEBUG: bs = 2
DEBUG: build_embeds succeeded
DEBUG: bs = 2
DEBUG: About to call build_embeds
DEBUG: About to call build_embeds
DEBUG: build_embeds succeeded
DEBUG: bs = 2
DEBUG: build_embeds succeeded
DEBUG: bs = 2
DEBUG: About to call build_embeds
DEBUG: About to call build_embeds
DEBUG: build_embeds succeeded
DEBUG: bs = 2
DEBUG: build_embeds succeeded
DEBUG: bs = 2
DEBUG: About to call build_embeds
DEBUG: About to call build_embeds
DEBUG: build_embeds succeeded
DEBUG: bs = 2
DEBUG: build_embeds succeeded
DEBUG: bs = 2
DEBUG: About to call build_embeds
DEBUG: About to call build_embeds
DEBUG: build_embeds succeeded
DEBUG: bs = 2
DEBUG: build_embeds succeeded
DEBUG: bs = 2
DEBUG: About to call build_embeds
DEBUG: About to call build_embeds
DEBUG: build_embeds succeeded
DEBUG: bs = 2
DEBUG: build_embeds succeeded
DEBUG: bs = 2
DEBUG: About to call build_embeds
DEBUG: About to call build_embeds
DEBUG: build_embeds succeeded
DEBUG: bs = 2
DEBUG: build_embeds succeeded
DEBUG: bs = 2
DEBUG: About to call build_embeds
DEBUG: About to call build_embeds
DEBUG: build_embeds succeeded
DEBUG: bs = 2
DEBUG: build_embeds succeeded
DEBUG: bs = 2
DEBUG: About to call build_embeds
DEBUG: About to call build_embeds
DEBUG: build_embeds succeeded
DEBUG: bs = 2
DEBUG: build_embeds succeeded
DEBUG: bs = 2
DEBUG: About to call build_embeds
DEBUG: About to call build_embeds
DEBUG: build_embeds succeeded
DEBUG: bs = 2
DEBUG: build_embeds succeeded
DEBUG: bs = 2
DEBUG: About to call build_embedsDEBUG: About to call build_embeds

DEBUG: build_embeds succeeded
DEBUG: bs = 2
DEBUG: build_embeds succeeded
DEBUG: bs = 2
DEBUG: About to call build_embeds
DEBUG: About to call build_embeds
DEBUG: build_embeds succeeded
DEBUG: bs = 2
DEBUG: build_embeds succeeded
DEBUG: bs = 2
DEBUG: About to call build_embeds
DEBUG: About to call build_embeds
DEBUG: build_embeds succeeded
DEBUG: bs = 2
DEBUG: build_embeds succeeded
DEBUG: bs = 2
DEBUG: About to call build_embeds
DEBUG: About to call build_embeds
DEBUG: build_embeds succeeded
DEBUG: bs = 2
DEBUG: build_embeds succeeded
DEBUG: bs = 2
DEBUG: About to call build_embeds
DEBUG: About to call build_embeds
DEBUG: build_embeds succeeded
DEBUG: bs = 2
DEBUG: build_embeds succeeded
DEBUG: bs = 2
DEBUG: About to call build_embeds
DEBUG: About to call build_embeds
DEBUG: build_embeds succeeded
DEBUG: bs = 2
DEBUG: build_embeds succeeded
DEBUG: bs = 2
DEBUG: About to call build_embeds
DEBUG: About to call build_embeds
DEBUG: build_embeds succeeded
DEBUG: bs = 2
DEBUG: build_embeds succeeded
DEBUG: bs = 2
DEBUG: About to call build_embeds
DEBUG: About to call build_embeds
DEBUG: build_embeds succeeded
DEBUG: bs = 2
DEBUG: build_embeds succeeded
DEBUG: bs = 2
DEBUG: About to call build_embeds
DEBUG: About to call build_embeds
DEBUG: build_embeds succeeded
DEBUG: bs = 2
DEBUG: build_embeds succeeded
DEBUG: bs = 2
DEBUG: About to call build_embeds
DEBUG: About to call build_embeds
DEBUG: build_embeds succeeded
DEBUG: bs = 2
DEBUG: build_embeds succeeded
DEBUG: bs = 2
DEBUG: About to call build_embedsDEBUG: About to call build_embeds

DEBUG: build_embeds succeeded
DEBUG: bs = 2
DEBUG: build_embeds succeeded
DEBUG: bs = 2
DEBUG: About to call build_embeds
DEBUG: About to call build_embeds
DEBUG: build_embeds succeeded
DEBUG: bs = 2
DEBUG: build_embeds succeeded
DEBUG: bs = 2
DEBUG: About to call build_embeds
DEBUG: About to call build_embeds
DEBUG: build_embeds succeeded
DEBUG: bs = 2
DEBUG: build_embeds succeeded
DEBUG: bs = 2
DEBUG: About to call build_embedsDEBUG: About to call build_embeds

DEBUG: build_embeds succeeded
DEBUG: bs = 2
DEBUG: build_embeds succeeded
DEBUG: bs = 2
DEBUG: About to call build_embeds
DEBUG: About to call build_embeds
DEBUG: build_embeds succeeded
DEBUG: bs = 2
DEBUG: build_embeds succeeded
DEBUG: bs = 2
DEBUG: About to call build_embeds
DEBUG: About to call build_embeds
DEBUG: build_embeds succeeded
DEBUG: bs = 2
DEBUG: build_embeds succeeded
DEBUG: bs = 2
DEBUG: About to call build_embeds
DEBUG: About to call build_embeds
DEBUG: build_embeds succeeded
DEBUG: bs = 2
DEBUG: build_embeds succeeded
DEBUG: bs = 2
DEBUG: About to call build_embeds
DEBUG: About to call build_embeds
DEBUG: build_embeds succeeded
DEBUG: bs = 2
DEBUG: build_embeds succeeded
DEBUG: bs = 2
DEBUG: About to call build_embedsDEBUG: About to call build_embeds

DEBUG: build_embeds succeeded
DEBUG: bs = 2
DEBUG: build_embeds succeeded
DEBUG: bs = 2
DEBUG: About to call build_embeds
DEBUG: About to call build_embeds
DEBUG: build_embeds succeeded
DEBUG: bs = 2
DEBUG: build_embeds succeeded
DEBUG: bs = 2
DEBUG: About to call build_embeds
DEBUG: About to call build_embeds
DEBUG: build_embeds succeeded
DEBUG: bs = 2
DEBUG: build_embeds succeeded
DEBUG: bs = 2
DEBUG: About to call build_embeds
DEBUG: About to call build_embeds
DEBUG: build_embeds succeeded
DEBUG: bs = 2
DEBUG: build_embeds succeeded
DEBUG: bs = 2
DEBUG: About to call build_embeds
DEBUG: About to call build_embeds
DEBUG: build_embeds succeeded
DEBUG: bs = 2
DEBUG: build_embeds succeeded
DEBUG: bs = 2
DEBUG: About to call build_embeds
DEBUG: About to call build_embeds
DEBUG: build_embeds succeeded
DEBUG: bs = 2
DEBUG: build_embeds succeeded
DEBUG: bs = 2
DEBUG: About to call build_embeds
DEBUG: About to call build_embeds
DEBUG: build_embeds succeeded
DEBUG: bs = 2
DEBUG: build_embeds succeeded
DEBUG: bs = 2
DEBUG: About to call build_embedsDEBUG: About to call build_embeds

DEBUG: build_embeds succeeded
DEBUG: bs = 2
DEBUG: build_embeds succeeded
DEBUG: bs = 2
DEBUG: About to call build_embedsDEBUG: About to call build_embeds

DEBUG: build_embeds succeeded
DEBUG: bs = 2
DEBUG: build_embeds succeeded
DEBUG: bs = 2
DEBUG: About to call build_embeds
DEBUG: About to call build_embeds
DEBUG: build_embeds succeeded
DEBUG: bs = 2
DEBUG: build_embeds succeeded
DEBUG: bs = 2
DEBUG: About to call build_embedsDEBUG: About to call build_embeds

DEBUG: build_embeds succeeded
DEBUG: bs = 2
DEBUG: build_embeds succeeded
DEBUG: bs = 2
DEBUG: About to call build_embeds
DEBUG: About to call build_embeds
DEBUG: build_embeds succeeded
DEBUG: bs = 2
DEBUG: build_embeds succeeded
DEBUG: bs = 2
DEBUG: About to call build_embeds
DEBUG: About to call build_embeds
DEBUG: build_embeds succeeded
DEBUG: bs = 2
DEBUG: build_embeds succeeded
DEBUG: bs = 2
DEBUG: About to call build_embeds
DEBUG: About to call build_embeds
DEBUG: build_embeds succeeded
DEBUG: bs = 2
DEBUG: build_embeds succeeded
DEBUG: bs = 2
DEBUG: About to call build_embeds
DEBUG: About to call build_embeds
DEBUG: build_embeds succeeded
DEBUG: bs = 2
DEBUG: build_embeds succeeded
DEBUG: bs = 2
DEBUG: About to call build_embeds
DEBUG: About to call build_embeds
DEBUG: build_embeds succeeded
DEBUG: bs = 2
DEBUG: build_embeds succeeded
DEBUG: bs = 2
DEBUG: About to call build_embeds
DEBUG: About to call build_embeds
DEBUG: build_embeds succeeded
DEBUG: bs = 2
DEBUG: build_embeds succeeded
DEBUG: bs = 2
DEBUG: About to call build_embeds
DEBUG: About to call build_embeds
DEBUG: build_embeds succeeded
DEBUG: bs = 2
DEBUG: build_embeds succeeded
DEBUG: bs = 2
DEBUG: About to call build_embeds
DEBUG: About to call build_embeds
DEBUG: build_embeds succeeded
DEBUG: bs = 2
DEBUG: build_embeds succeeded
DEBUG: bs = 2
DEBUG: About to call build_embeds
DEBUG: About to call build_embeds
DEBUG: build_embeds succeeded
DEBUG: bs = 2
DEBUG: build_embeds succeeded
DEBUG: bs = 2
DEBUG: About to call build_embeds
DEBUG: About to call build_embeds
DEBUG: build_embeds succeeded
DEBUG: bs = 2
DEBUG: build_embeds succeeded
DEBUG: bs = 2
DEBUG: About to call build_embeds
DEBUG: About to call build_embeds
DEBUG: build_embeds succeeded
DEBUG: bs = 2
DEBUG: build_embeds succeeded
DEBUG: bs = 2
DEBUG: About to call build_embeds
DEBUG: About to call build_embeds
DEBUG: build_embeds succeeded
DEBUG: bs = 2
DEBUG: build_embeds succeeded
DEBUG: bs = 2
DEBUG: About to call build_embeds
DEBUG: About to call build_embeds
DEBUG: build_embeds succeeded
DEBUG: bs = 2
DEBUG: build_embeds succeeded
DEBUG: bs = 2
DEBUG: About to call build_embeds
DEBUG: About to call build_embeds
DEBUG: build_embeds succeeded
DEBUG: bs = 2
DEBUG: build_embeds succeeded
DEBUG: bs = 2
DEBUG: About to call build_embedsDEBUG: About to call build_embeds

DEBUG: build_embeds succeeded
DEBUG: bs = 2
DEBUG: build_embeds succeeded
DEBUG: bs = 2
DEBUG: About to call build_embeds
DEBUG: About to call build_embeds
DEBUG: build_embeds succeeded
DEBUG: bs = 2
DEBUG: build_embeds succeeded
DEBUG: bs = 2
DEBUG: About to call build_embeds
DEBUG: About to call build_embeds
DEBUG: build_embeds succeeded
DEBUG: bs = 2
DEBUG: build_embeds succeeded
DEBUG: bs = 2
DEBUG: About to call build_embeds
DEBUG: About to call build_embeds
DEBUG: build_embeds succeeded
DEBUG: bs = 2
DEBUG: build_embeds succeeded
DEBUG: bs = 2
DEBUG: About to call build_embeds
DEBUG: About to call build_embeds
DEBUG: build_embeds succeeded
DEBUG: bs = 2
DEBUG: build_embeds succeeded
DEBUG: bs = 2
DEBUG: About to call build_embeds
DEBUG: About to call build_embeds
DEBUG: build_embeds succeeded
DEBUG: bs = 2
DEBUG: build_embeds succeeded
DEBUG: bs = 2
DEBUG: About to call build_embedsDEBUG: About to call build_embeds

DEBUG: build_embeds succeeded
DEBUG: bs = 2
DEBUG: build_embeds succeeded
DEBUG: bs = 2
DEBUG: About to call build_embeds
DEBUG: About to call build_embeds
DEBUG: build_embeds succeeded
DEBUG: bs = 2
DEBUG: build_embeds succeeded
DEBUG: bs = 2
DEBUG: About to call build_embeds
DEBUG: About to call build_embeds
DEBUG: build_embeds succeeded
DEBUG: bs = 2
DEBUG: build_embeds succeeded
DEBUG: bs = 2
DEBUG: About to call build_embeds
DEBUG: About to call build_embeds
DEBUG: build_embeds succeeded
DEBUG: bs = 2
DEBUG: build_embeds succeeded
DEBUG: bs = 2
DEBUG: About to call build_embeds
DEBUG: About to call build_embeds
DEBUG: build_embeds succeeded
DEBUG: bs = 2
DEBUG: build_embeds succeeded
DEBUG: bs = 2
DEBUG: About to call build_embeds
DEBUG: About to call build_embeds
DEBUG: build_embeds succeeded
DEBUG: bs = 2DEBUG: build_embeds succeeded

DEBUG: bs = 2
DEBUG: About to call build_embeds
DEBUG: About to call build_embeds
DEBUG: build_embeds succeeded
DEBUG: bs = 2
DEBUG: build_embeds succeeded
DEBUG: bs = 2
DEBUG: About to call build_embedsDEBUG: About to call build_embeds

DEBUG: build_embeds succeeded
DEBUG: bs = 2
DEBUG: build_embeds succeeded
DEBUG: bs = 2
DEBUG: About to call build_embeds
DEBUG: About to call build_embeds
DEBUG: build_embeds succeeded
DEBUG: bs = 2
DEBUG: build_embeds succeeded
DEBUG: bs = 2
DEBUG: About to call build_embeds
DEBUG: About to call build_embeds
DEBUG: build_embeds succeeded
DEBUG: bs = 2
DEBUG: build_embeds succeeded
DEBUG: bs = 2
DEBUG: About to call build_embeds
DEBUG: About to call build_embeds
DEBUG: build_embeds succeeded
DEBUG: bs = 2
DEBUG: build_embeds succeeded
DEBUG: bs = 2
DEBUG: About to call build_embeds
DEBUG: About to call build_embeds
DEBUG: build_embeds succeeded
DEBUG: bs = 2
DEBUG: build_embeds succeeded
DEBUG: bs = 2
DEBUG: About to call build_embeds
DEBUG: About to call build_embeds
DEBUG: build_embeds succeeded
DEBUG: bs = 2
DEBUG: build_embeds succeeded
DEBUG: bs = 2
DEBUG: About to call build_embeds
DEBUG: About to call build_embeds
DEBUG: build_embeds succeeded
DEBUG: bs = 2
DEBUG: build_embeds succeeded
DEBUG: bs = 2
DEBUG: About to call build_embeds
DEBUG: About to call build_embeds
DEBUG: build_embeds succeeded
DEBUG: bs = 2
DEBUG: build_embeds succeeded
DEBUG: bs = 2
DEBUG: About to call build_embeds
DEBUG: About to call build_embeds
DEBUG: build_embeds succeeded
DEBUG: bs = 2
DEBUG: build_embeds succeeded
DEBUG: bs = 2
DEBUG: About to call build_embeds
DEBUG: About to call build_embeds
DEBUG: build_embeds succeededDEBUG: build_embeds succeeded
DEBUG: bs = 2

DEBUG: bs = 2
DEBUG: About to call build_embeds
DEBUG: About to call build_embeds
DEBUG: build_embeds succeeded
DEBUG: bs = 2
DEBUG: build_embeds succeeded
DEBUG: bs = 2
DEBUG: About to call build_embeds
DEBUG: About to call build_embeds
DEBUG: build_embeds succeeded
DEBUG: bs = 2
DEBUG: build_embeds succeeded
DEBUG: bs = 2
DEBUG: About to call build_embeds
DEBUG: About to call build_embeds
DEBUG: build_embeds succeeded
DEBUG: bs = 2
DEBUG: build_embeds succeeded
DEBUG: bs = 2
DEBUG: About to call build_embeds
DEBUG: About to call build_embeds
DEBUG: build_embeds succeeded
DEBUG: bs = 2
DEBUG: build_embeds succeeded
DEBUG: bs = 2
DEBUG: About to call build_embeds
DEBUG: About to call build_embeds
DEBUG: build_embeds succeeded
DEBUG: bs = 2
DEBUG: build_embeds succeeded
DEBUG: bs = 2
DEBUG: About to call build_embeds
DEBUG: About to call build_embeds
DEBUG: build_embeds succeeded
DEBUG: bs = 2
DEBUG: build_embeds succeeded
DEBUG: bs = 2
DEBUG: About to call build_embeds
DEBUG: About to call build_embeds
DEBUG: build_embeds succeeded
DEBUG: bs = 2
DEBUG: build_embeds succeeded
DEBUG: bs = 2
DEBUG: About to call build_embeds
DEBUG: About to call build_embeds
DEBUG: build_embeds succeeded
DEBUG: bs = 2
DEBUG: build_embeds succeeded
DEBUG: bs = 2
DEBUG: About to call build_embeds
DEBUG: About to call build_embeds
DEBUG: build_embeds succeeded
DEBUG: bs = 2
DEBUG: build_embeds succeeded
DEBUG: bs = 2
DEBUG: About to call build_embeds
DEBUG: About to call build_embeds
DEBUG: build_embeds succeeded
DEBUG: build_embeds succeededDEBUG: bs = 2
DEBUG: bs = 2

DEBUG: About to call build_embeds
DEBUG: About to call build_embeds
DEBUG: build_embeds succeeded
DEBUG: bs = 2
DEBUG: build_embeds succeeded
DEBUG: bs = 2
DEBUG: About to call build_embeds
DEBUG: About to call build_embeds
DEBUG: build_embeds succeededDEBUG: build_embeds succeeded
DEBUG: bs = 2

DEBUG: bs = 2
DEBUG: About to call build_embeds
DEBUG: About to call build_embeds
DEBUG: build_embeds succeeded
DEBUG: bs = 2
DEBUG: build_embeds succeeded
DEBUG: bs = 2
DEBUG: About to call build_embeds
DEBUG: About to call build_embeds
DEBUG: build_embeds succeeded
DEBUG: bs = 2
DEBUG: build_embeds succeeded
DEBUG: bs = 2
DEBUG: About to call build_embeds
DEBUG: About to call build_embeds
DEBUG: build_embeds succeeded
DEBUG: bs = 2
DEBUG: build_embeds succeeded
DEBUG: bs = 2
DEBUG: About to call build_embeds
DEBUG: About to call build_embeds
DEBUG: build_embeds succeeded
DEBUG: bs = 2
DEBUG: build_embeds succeeded
DEBUG: bs = 2
DEBUG: About to call build_embeds
DEBUG: About to call build_embeds
DEBUG: build_embeds succeeded
DEBUG: bs = 2
DEBUG: build_embeds succeeded
DEBUG: bs = 2
DEBUG: About to call build_embeds
DEBUG: About to call build_embeds
DEBUG: build_embeds succeeded
DEBUG: bs = 2
DEBUG: build_embeds succeeded
DEBUG: bs = 2
DEBUG: About to call build_embeds
DEBUG: About to call build_embeds
DEBUG: build_embeds succeeded
DEBUG: bs = 2
DEBUG: build_embeds succeeded
DEBUG: bs = 2
DEBUG: About to call build_embeds
DEBUG: About to call build_embeds
DEBUG: build_embeds succeeded
DEBUG: bs = 2
DEBUG: build_embeds succeeded
DEBUG: bs = 2
DEBUG: About to call build_embeds
DEBUG: About to call build_embeds
DEBUG: build_embeds succeeded
DEBUG: bs = 2
DEBUG: build_embeds succeeded
DEBUG: bs = 2
DEBUG: About to call build_embedsDEBUG: About to call build_embeds

DEBUG: build_embeds succeeded
DEBUG: bs = 2
DEBUG: build_embeds succeeded
DEBUG: bs = 2
DEBUG: About to call build_embeds
DEBUG: About to call build_embeds
DEBUG: build_embeds succeeded
DEBUG: bs = 2
DEBUG: build_embeds succeeded
DEBUG: bs = 2
DEBUG: About to call build_embeds
DEBUG: About to call build_embeds
DEBUG: build_embeds succeeded
DEBUG: bs = 2
DEBUG: build_embeds succeeded
DEBUG: bs = 2
{'target_metric': 0.3525, 'sentence_sim': 0.8093665331602097, 'cider': 2.658671193496647, 'bleu': 0.25718178131753033, 'meteor': 0.29478121136435254, 'rouge': 0.5947605382165319}
{'target_metric': 0.3525, 'sentence_sim': 0.8093665331602097, 'cider': 2.658671193496647, 'bleu': 0.25718178131753033, 'meteor': 0.29478121136435254, 'rouge': 0.5947605382165319}
DEBUG: About to call build_embeds
DEBUG: About to call build_embeds
DEBUG: build_embeds succeeded
DEBUG: bs = 2
DEBUG: build_embeds succeeded
DEBUG: bs = 2
DEBUG: About to call build_embeds
DEBUG: About to call build_embeds
DEBUG: build_embeds succeeded
DEBUG: bs = 2
DEBUG: build_embeds succeeded
DEBUG: bs = 2
DEBUG: About to call build_embeds
DEBUG: About to call build_embeds
DEBUG: build_embeds succeededDEBUG: build_embeds succeeded
DEBUG: bs = 2

DEBUG: bs = 2
DEBUG: About to call build_embeds
DEBUG: About to call build_embeds
DEBUG: build_embeds succeeded
DEBUG: bs = 2
DEBUG: build_embeds succeeded
DEBUG: bs = 2
DEBUG: About to call build_embeds
DEBUG: About to call build_embeds
DEBUG: build_embeds succeeded
DEBUG: bs = 2
DEBUG: build_embeds succeeded
DEBUG: bs = 2
DEBUG: About to call build_embeds
DEBUG: About to call build_embeds
DEBUG: build_embeds succeeded
DEBUG: bs = 2
DEBUG: build_embeds succeeded
DEBUG: bs = 2
DEBUG: About to call build_embeds
DEBUG: About to call build_embeds
DEBUG: build_embeds succeeded
DEBUG: bs = 2
DEBUG: build_embeds succeeded
DEBUG: bs = 2
DEBUG: About to call build_embeds
DEBUG: About to call build_embeds
DEBUG: build_embeds succeeded
DEBUG: bs = 2
DEBUG: build_embeds succeeded
DEBUG: bs = 2
DEBUG: About to call build_embeds
DEBUG: About to call build_embeds
DEBUG: build_embeds succeeded
DEBUG: bs = 2
DEBUG: build_embeds succeeded
DEBUG: bs = 2
DEBUG: About to call build_embeds
DEBUG: About to call build_embeds
DEBUG: build_embeds succeeded
DEBUG: bs = 2
DEBUG: build_embeds succeeded
DEBUG: bs = 2
DEBUG: About to call build_embeds
DEBUG: About to call build_embeds
DEBUG: build_embeds succeeded
DEBUG: bs = 2
DEBUG: build_embeds succeeded
DEBUG: bs = 2
DEBUG: About to call build_embeds
DEBUG: About to call build_embeds
DEBUG: build_embeds succeeded
DEBUG: bs = 2
DEBUG: build_embeds succeeded
DEBUG: bs = 2
DEBUG: About to call build_embeds
DEBUG: About to call build_embeds
DEBUG: build_embeds succeeded
DEBUG: bs = 2
DEBUG: build_embeds succeeded
DEBUG: bs = 2
DEBUG: About to call build_embeds
DEBUG: About to call build_embeds
DEBUG: build_embeds succeeded
DEBUG: bs = 2
DEBUG: build_embeds succeeded
DEBUG: bs = 2
DEBUG: About to call build_embeds
DEBUG: About to call build_embeds
DEBUG: build_embeds succeeded
DEBUG: bs = 2
DEBUG: build_embeds succeeded
DEBUG: bs = 2
DEBUG: About to call build_embeds
DEBUG: About to call build_embeds
DEBUG: build_embeds succeeded
DEBUG: bs = 2
DEBUG: build_embeds succeeded
DEBUG: bs = 2
DEBUG: About to call build_embeds
DEBUG: About to call build_embeds
DEBUG: build_embeds succeeded
DEBUG: bs = 2
DEBUG: build_embeds succeeded
DEBUG: bs = 2
DEBUG: About to call build_embeds
DEBUG: About to call build_embeds
DEBUG: build_embeds succeeded
DEBUG: bs = 2
DEBUG: build_embeds succeeded
DEBUG: bs = 2
DEBUG: About to call build_embeds
DEBUG: About to call build_embeds
DEBUG: build_embeds succeeded
DEBUG: bs = 2
DEBUG: build_embeds succeeded
DEBUG: bs = 2
DEBUG: About to call build_embeds
DEBUG: About to call build_embeds
DEBUG: build_embeds succeeded
DEBUG: bs = 2
DEBUG: build_embeds succeeded
DEBUG: bs = 2
DEBUG: About to call build_embeds
DEBUG: About to call build_embeds
DEBUG: build_embeds succeeded
DEBUG: bs = 2
DEBUG: build_embeds succeeded
DEBUG: bs = 2
DEBUG: About to call build_embeds
DEBUG: About to call build_embeds
DEBUG: build_embeds succeeded
DEBUG: bs = 2
DEBUG: build_embeds succeeded
DEBUG: bs = 2
DEBUG: About to call build_embeds
DEBUG: About to call build_embeds
DEBUG: build_embeds succeeded
DEBUG: bs = 2
DEBUG: build_embeds succeeded
DEBUG: bs = 2
DEBUG: About to call build_embeds
DEBUG: About to call build_embeds
DEBUG: build_embeds succeeded
DEBUG: bs = 2
DEBUG: build_embeds succeeded
DEBUG: bs = 2
DEBUG: About to call build_embeds
DEBUG: About to call build_embeds
DEBUG: build_embeds succeeded
DEBUG: bs = 2
DEBUG: build_embeds succeeded
DEBUG: bs = 2
DEBUG: About to call build_embeds
DEBUG: About to call build_embeds
DEBUG: build_embeds succeeded
DEBUG: bs = 2
DEBUG: build_embeds succeeded
DEBUG: bs = 2
DEBUG: About to call build_embeds
DEBUG: About to call build_embeds
DEBUG: build_embeds succeeded
DEBUG: bs = 2
DEBUG: build_embeds succeeded
DEBUG: bs = 2
DEBUG: About to call build_embeds
DEBUG: About to call build_embeds
DEBUG: build_embeds succeeded
DEBUG: build_embeds succeededDEBUG: bs = 2
DEBUG: bs = 2

DEBUG: About to call build_embeds
DEBUG: About to call build_embeds
DEBUG: build_embeds succeeded
DEBUG: bs = 2
DEBUG: build_embeds succeeded
DEBUG: bs = 2
DEBUG: About to call build_embeds
DEBUG: About to call build_embeds
DEBUG: build_embeds succeeded
DEBUG: bs = 2
DEBUG: build_embeds succeeded
DEBUG: bs = 2
DEBUG: About to call build_embedsDEBUG: About to call build_embeds

DEBUG: build_embeds succeeded
DEBUG: bs = 2
DEBUG: build_embeds succeeded
DEBUG: bs = 2
DEBUG: About to call build_embedsDEBUG: About to call build_embeds

DEBUG: build_embeds succeeded
DEBUG: bs = 2
DEBUG: build_embeds succeeded
DEBUG: bs = 2
DEBUG: About to call build_embeds
DEBUG: About to call build_embeds
DEBUG: build_embeds succeeded
DEBUG: bs = 2
DEBUG: build_embeds succeeded
DEBUG: bs = 2
DEBUG: About to call build_embeds
DEBUG: About to call build_embeds
DEBUG: build_embeds succeeded
DEBUG: bs = 2
DEBUG: build_embeds succeeded
DEBUG: bs = 2
DEBUG: About to call build_embeds
DEBUG: About to call build_embeds
DEBUG: build_embeds succeeded
DEBUG: bs = 2
DEBUG: build_embeds succeeded
DEBUG: bs = 2
DEBUG: About to call build_embeds
DEBUG: About to call build_embeds
DEBUG: build_embeds succeeded
DEBUG: bs = 2
DEBUG: build_embeds succeeded
DEBUG: bs = 2
DEBUG: About to call build_embeds
DEBUG: About to call build_embeds
DEBUG: build_embeds succeeded
DEBUG: bs = 2
DEBUG: build_embeds succeeded
DEBUG: bs = 2
DEBUG: About to call build_embeds
DEBUG: About to call build_embeds
DEBUG: build_embeds succeeded
DEBUG: bs = 2
DEBUG: build_embeds succeeded
DEBUG: bs = 2
DEBUG: About to call build_embeds
DEBUG: About to call build_embeds
DEBUG: build_embeds succeeded
DEBUG: bs = 2
DEBUG: build_embeds succeeded
DEBUG: bs = 2
DEBUG: About to call build_embeds
DEBUG: About to call build_embeds
DEBUG: build_embeds succeeded
DEBUG: bs = 2
DEBUG: build_embeds succeeded
DEBUG: bs = 2
DEBUG: About to call build_embeds
DEBUG: About to call build_embeds
DEBUG: build_embeds succeeded
DEBUG: bs = 2
DEBUG: build_embeds succeeded
DEBUG: bs = 2
DEBUG: About to call build_embeds
DEBUG: About to call build_embeds
DEBUG: build_embeds succeeded
DEBUG: bs = 2
DEBUG: build_embeds succeeded
DEBUG: bs = 2
DEBUG: About to call build_embedsDEBUG: About to call build_embeds

DEBUG: build_embeds succeeded
DEBUG: bs = 2
DEBUG: build_embeds succeeded
DEBUG: bs = 2
DEBUG: About to call build_embeds
DEBUG: About to call build_embeds
DEBUG: build_embeds succeeded
DEBUG: bs = 2
DEBUG: build_embeds succeeded
DEBUG: bs = 2
DEBUG: About to call build_embedsDEBUG: About to call build_embeds

DEBUG: build_embeds succeeded
DEBUG: bs = 2
DEBUG: build_embeds succeeded
DEBUG: bs = 2
DEBUG: About to call build_embeds
DEBUG: About to call build_embeds
DEBUG: build_embeds succeeded
DEBUG: bs = 2
DEBUG: build_embeds succeeded
DEBUG: bs = 2
DEBUG: About to call build_embeds
DEBUG: About to call build_embeds
DEBUG: build_embeds succeeded
DEBUG: bs = 2
DEBUG: build_embeds succeeded
DEBUG: bs = 2
DEBUG: About to call build_embeds
DEBUG: About to call build_embeds
DEBUG: build_embeds succeeded
DEBUG: bs = 2
DEBUG: build_embeds succeeded
DEBUG: bs = 2
DEBUG: About to call build_embeds
DEBUG: About to call build_embeds
DEBUG: build_embeds succeeded
DEBUG: build_embeds succeeded
DEBUG: bs = 2
DEBUG: bs = 2
DEBUG: About to call build_embeds
DEBUG: About to call build_embeds
DEBUG: build_embeds succeeded
DEBUG: bs = 2
DEBUG: build_embeds succeeded
DEBUG: bs = 2
DEBUG: About to call build_embeds
DEBUG: About to call build_embeds
DEBUG: build_embeds succeeded
DEBUG: bs = 2
DEBUG: build_embeds succeeded
DEBUG: bs = 2
DEBUG: About to call build_embeds
DEBUG: About to call build_embeds
DEBUG: build_embeds succeeded
DEBUG: bs = 2
DEBUG: build_embeds succeeded
DEBUG: bs = 2
DEBUG: About to call build_embeds
DEBUG: About to call build_embeds
DEBUG: build_embeds succeeded
DEBUG: bs = 2
DEBUG: build_embeds succeeded
DEBUG: bs = 2
DEBUG: About to call build_embedsDEBUG: About to call build_embeds

DEBUG: build_embeds succeeded
DEBUG: bs = 2
DEBUG: build_embeds succeeded
DEBUG: bs = 2
DEBUG: About to call build_embeds
DEBUG: About to call build_embeds
DEBUG: build_embeds succeeded
DEBUG: bs = 2
DEBUG: build_embeds succeeded
DEBUG: bs = 2
DEBUG: About to call build_embeds
DEBUG: About to call build_embeds
DEBUG: build_embeds succeeded
DEBUG: bs = 2
DEBUG: build_embeds succeeded
DEBUG: bs = 2
DEBUG: About to call build_embeds
DEBUG: About to call build_embeds
DEBUG: build_embeds succeeded
DEBUG: bs = 2
DEBUG: build_embeds succeeded
DEBUG: bs = 2
DEBUG: About to call build_embeds
DEBUG: About to call build_embeds
DEBUG: build_embeds succeeded
DEBUG: bs = 2
DEBUG: build_embeds succeeded
DEBUG: bs = 2
DEBUG: About to call build_embedsDEBUG: About to call build_embeds

DEBUG: build_embeds succeeded
DEBUG: bs = 2
DEBUG: build_embeds succeeded
DEBUG: bs = 2
DEBUG: About to call build_embedsDEBUG: About to call build_embeds

DEBUG: build_embeds succeeded
DEBUG: bs = 2
DEBUG: build_embeds succeeded
DEBUG: bs = 2
DEBUG: About to call build_embeds
DEBUG: About to call build_embeds
DEBUG: build_embeds succeeded
DEBUG: bs = 2
DEBUG: build_embeds succeeded
DEBUG: bs = 2
DEBUG: About to call build_embeds
DEBUG: About to call build_embeds
DEBUG: build_embeds succeeded
DEBUG: bs = 2
DEBUG: build_embeds succeeded
DEBUG: bs = 2
DEBUG: About to call build_embeds
DEBUG: About to call build_embeds
DEBUG: build_embeds succeeded
DEBUG: bs = 2
DEBUG: build_embeds succeeded
DEBUG: bs = 2
DEBUG: About to call build_embeds
DEBUG: About to call build_embeds
DEBUG: build_embeds succeeded
DEBUG: build_embeds succeededDEBUG: bs = 2
DEBUG: bs = 2

DEBUG: About to call build_embeds
DEBUG: About to call build_embeds
DEBUG: build_embeds succeeded
DEBUG: bs = 2
DEBUG: build_embeds succeeded
DEBUG: bs = 2
DEBUG: About to call build_embeds
DEBUG: About to call build_embeds
DEBUG: build_embeds succeeded
DEBUG: bs = 2
DEBUG: build_embeds succeeded
DEBUG: bs = 2
DEBUG: About to call build_embeds
DEBUG: About to call build_embeds
DEBUG: build_embeds succeeded
DEBUG: bs = 2
DEBUG: build_embeds succeeded
DEBUG: bs = 2
DEBUG: About to call build_embeds
DEBUG: About to call build_embeds
DEBUG: build_embeds succeeded
DEBUG: bs = 2
DEBUG: build_embeds succeeded
DEBUG: bs = 2
DEBUG: About to call build_embeds
DEBUG: About to call build_embeds
DEBUG: build_embeds succeeded
DEBUG: bs = 2
DEBUG: build_embeds succeeded
DEBUG: bs = 2
DEBUG: About to call build_embeds
DEBUG: About to call build_embeds
DEBUG: build_embeds succeeded
DEBUG: bs = 2
DEBUG: build_embeds succeeded
DEBUG: bs = 2
DEBUG: About to call build_embedsDEBUG: About to call build_embeds

DEBUG: build_embeds succeeded
DEBUG: bs = 2
DEBUG: build_embeds succeeded
DEBUG: bs = 2
DEBUG: About to call build_embeds
DEBUG: About to call build_embeds
DEBUG: build_embeds succeeded
DEBUG: bs = 2
DEBUG: build_embeds succeeded
DEBUG: bs = 2
DEBUG: About to call build_embeds
DEBUG: About to call build_embeds
DEBUG: build_embeds succeeded
DEBUG: bs = 2
DEBUG: build_embeds succeeded
DEBUG: bs = 2
DEBUG: About to call build_embeds
DEBUG: About to call build_embeds
DEBUG: build_embeds succeeded
DEBUG: bs = 2
DEBUG: build_embeds succeeded
DEBUG: bs = 2
DEBUG: About to call build_embeds
DEBUG: About to call build_embeds
DEBUG: build_embeds succeeded
DEBUG: bs = 2
DEBUG: build_embeds succeeded
DEBUG: bs = 2
DEBUG: About to call build_embeds
DEBUG: About to call build_embeds
DEBUG: build_embeds succeeded
DEBUG: bs = 2
DEBUG: build_embeds succeeded
DEBUG: bs = 2
DEBUG: About to call build_embeds
DEBUG: About to call build_embeds
DEBUG: build_embeds succeeded
DEBUG: bs = 2
DEBUG: build_embeds succeeded
DEBUG: bs = 2
DEBUG: About to call build_embeds
DEBUG: About to call build_embeds
DEBUG: build_embeds succeeded
DEBUG: bs = 2
DEBUG: build_embeds succeeded
DEBUG: bs = 2
DEBUG: About to call build_embeds
DEBUG: About to call build_embeds
DEBUG: build_embeds succeeded
DEBUG: bs = 2
DEBUG: build_embeds succeeded
DEBUG: bs = 2
DEBUG: About to call build_embeds
DEBUG: About to call build_embeds
DEBUG: build_embeds succeeded
DEBUG: bs = 2
DEBUG: build_embeds succeeded
DEBUG: bs = 2
DEBUG: About to call build_embeds
DEBUG: About to call build_embeds
DEBUG: build_embeds succeeded
DEBUG: bs = 2
DEBUG: build_embeds succeeded
DEBUG: bs = 2
DEBUG: About to call build_embeds
DEBUG: About to call build_embeds
DEBUG: build_embeds succeeded
DEBUG: bs = 2
DEBUG: build_embeds succeeded
DEBUG: bs = 2
DEBUG: About to call build_embeds
DEBUG: About to call build_embeds
DEBUG: build_embeds succeeded
DEBUG: bs = 2
DEBUG: build_embeds succeeded
DEBUG: bs = 2
DEBUG: About to call build_embeds
DEBUG: About to call build_embeds
DEBUG: build_embeds succeeded
DEBUG: bs = 2
DEBUG: build_embeds succeeded
DEBUG: bs = 2
DEBUG: About to call build_embeds
DEBUG: About to call build_embeds
DEBUG: build_embeds succeeded
DEBUG: bs = 2
DEBUG: build_embeds succeeded
DEBUG: bs = 2
DEBUG: About to call build_embeds
DEBUG: About to call build_embeds
DEBUG: build_embeds succeeded
DEBUG: bs = 2
DEBUG: build_embeds succeeded
DEBUG: bs = 2
DEBUG: About to call build_embeds
DEBUG: About to call build_embeds
DEBUG: build_embeds succeeded
DEBUG: bs = 2
DEBUG: build_embeds succeeded
DEBUG: bs = 2
DEBUG: About to call build_embeds
DEBUG: About to call build_embeds
DEBUG: build_embeds succeeded
DEBUG: bs = 2
DEBUG: build_embeds succeeded
DEBUG: bs = 2
DEBUG: About to call build_embeds
DEBUG: About to call build_embeds
DEBUG: build_embeds succeeded
DEBUG: bs = 2
DEBUG: build_embeds succeeded
DEBUG: bs = 2
DEBUG: About to call build_embeds
DEBUG: About to call build_embeds
DEBUG: build_embeds succeeded
DEBUG: bs = 2
DEBUG: build_embeds succeeded
DEBUG: bs = 2
DEBUG: About to call build_embeds
DEBUG: About to call build_embeds
DEBUG: build_embeds succeeded
DEBUG: bs = 2
DEBUG: build_embeds succeeded
DEBUG: bs = 2
DEBUG: About to call build_embeds
DEBUG: About to call build_embeds
DEBUG: build_embeds succeeded
DEBUG: bs = 2
DEBUG: build_embeds succeeded
DEBUG: bs = 2
DEBUG: About to call build_embeds
DEBUG: About to call build_embeds
DEBUG: build_embeds succeeded
DEBUG: bs = 2
DEBUG: build_embeds succeeded
DEBUG: bs = 2
DEBUG: About to call build_embeds
DEBUG: About to call build_embeds
DEBUG: build_embeds succeeded
DEBUG: bs = 2
DEBUG: build_embeds succeeded
DEBUG: bs = 2
DEBUG: About to call build_embeds
DEBUG: About to call build_embeds
DEBUG: build_embeds succeeded
DEBUG: bs = 2
DEBUG: build_embeds succeeded
DEBUG: bs = 2
DEBUG: About to call build_embeds
DEBUG: About to call build_embeds
DEBUG: build_embeds succeeded
DEBUG: bs = 2
DEBUG: build_embeds succeeded
DEBUG: bs = 2
DEBUG: About to call build_embeds
DEBUG: About to call build_embeds
DEBUG: build_embeds succeeded
DEBUG: bs = 2
DEBUG: build_embeds succeeded
DEBUG: bs = 2
DEBUG: About to call build_embeds
DEBUG: About to call build_embeds
DEBUG: build_embeds succeeded
DEBUG: bs = 2
DEBUG: build_embeds succeeded
DEBUG: bs = 2
DEBUG: About to call build_embeds
DEBUG: About to call build_embeds
DEBUG: build_embeds succeeded
DEBUG: bs = 2
DEBUG: build_embeds succeeded
DEBUG: bs = 2
DEBUG: About to call build_embeds
DEBUG: About to call build_embeds
DEBUG: build_embeds succeeded
DEBUG: bs = 2
DEBUG: build_embeds succeeded
DEBUG: bs = 2
{'target_metric': 0.4525, 'sentence_sim': 0.8229878178238869, 'cider': 2.1768008165277353, 'bleu': 0.31011045077558724, 'meteor': 0.3257133244196348, 'rouge': 0.6135929841735901}
{'target_metric': 0.4525, 'sentence_sim': 0.8229878178238869, 'cider': 2.1768008165277353, 'bleu': 0.31011045077558724, 'meteor': 0.3257133244196348, 'rouge': 0.6135929841735901}
[Epoch 8] finished eval, is_best: True
DEBUG: About to call build_embeds
DEBUG: build_embeds succeeded
DEBUG: bs = 2
DEBUG: About to call build_embeds
DEBUG: build_embeds succeeded
DEBUG: bs = 2
DEBUG: About to call build_embeds
DEBUG: About to call build_embeds
DEBUG: build_embeds succeeded
DEBUG: bs = 2
DEBUG: build_embeds succeeded
DEBUG: bs = 2
DEBUG: About to call build_embeds
DEBUG: About to call build_embeds
DEBUG: build_embeds succeeded
DEBUG: bs = 2
DEBUG: build_embeds succeeded
DEBUG: bs = 2
DEBUG: About to call build_embeds
DEBUG: About to call build_embeds
DEBUG: build_embeds succeeded
DEBUG: bs = 2
DEBUG: build_embeds succeeded
DEBUG: bs = 2
DEBUG: About to call build_embeds
DEBUG: About to call build_embeds
DEBUG: build_embeds succeeded
DEBUG: bs = 2
DEBUG: build_embeds succeeded
DEBUG: bs = 2
DEBUG: About to call build_embeds
DEBUG: About to call build_embeds
DEBUG: build_embeds succeeded
DEBUG: bs = 2
DEBUG: build_embeds succeeded
DEBUG: bs = 2
DEBUG: About to call build_embeds
DEBUG: About to call build_embeds
DEBUG: build_embeds succeeded
DEBUG: bs = 2
DEBUG: build_embeds succeeded
DEBUG: bs = 2
DEBUG: About to call build_embeds
DEBUG: About to call build_embeds
DEBUG: build_embeds succeeded
DEBUG: bs = 2
DEBUG: build_embeds succeeded
DEBUG: bs = 2
DEBUG: About to call build_embeds
DEBUG: About to call build_embeds
DEBUG: build_embeds succeeded
DEBUG: bs = 2
DEBUG: build_embeds succeeded
DEBUG: bs = 2
DEBUG: About to call build_embeds
DEBUG: About to call build_embeds
DEBUG: build_embeds succeeded
DEBUG: bs = 2
DEBUG: build_embeds succeeded
DEBUG: bs = 2
DEBUG: About to call build_embeds
DEBUG: About to call build_embeds
DEBUG: build_embeds succeeded
DEBUG: bs = 2
DEBUG: build_embeds succeeded
DEBUG: bs = 2
DEBUG: About to call build_embeds
DEBUG: About to call build_embeds
DEBUG: build_embeds succeeded
DEBUG: bs = 2
DEBUG: build_embeds succeeded
DEBUG: bs = 2
DEBUG: About to call build_embeds
DEBUG: About to call build_embeds
DEBUG: build_embeds succeeded
DEBUG: bs = 2
DEBUG: build_embeds succeeded
DEBUG: bs = 2
DEBUG: About to call build_embeds
DEBUG: About to call build_embeds
DEBUG: build_embeds succeeded
DEBUG: bs = 2
DEBUG: build_embeds succeeded
DEBUG: bs = 2
DEBUG: About to call build_embeds
DEBUG: About to call build_embeds
DEBUG: build_embeds succeeded
DEBUG: bs = 2
DEBUG: build_embeds succeeded
DEBUG: bs = 2
DEBUG: About to call build_embedsDEBUG: About to call build_embeds

DEBUG: build_embeds succeeded
DEBUG: bs = 2
DEBUG: build_embeds succeeded
DEBUG: bs = 2
DEBUG: About to call build_embeds
DEBUG: About to call build_embeds
DEBUG: build_embeds succeeded
DEBUG: bs = 2
DEBUG: build_embeds succeeded
DEBUG: bs = 2
DEBUG: About to call build_embeds
DEBUG: About to call build_embeds
DEBUG: build_embeds succeeded
DEBUG: bs = 2
DEBUG: build_embeds succeeded
DEBUG: bs = 2
DEBUG: About to call build_embeds
DEBUG: About to call build_embeds
DEBUG: build_embeds succeeded
DEBUG: bs = 2
DEBUG: build_embeds succeeded
DEBUG: bs = 2
DEBUG: About to call build_embeds
DEBUG: About to call build_embeds
DEBUG: build_embeds succeeded
DEBUG: bs = 2
DEBUG: build_embeds succeeded
DEBUG: bs = 2
DEBUG: About to call build_embeds
DEBUG: About to call build_embeds
DEBUG: build_embeds succeeded
DEBUG: bs = 2
DEBUG: build_embeds succeeded
DEBUG: bs = 2
DEBUG: About to call build_embeds
DEBUG: About to call build_embeds
DEBUG: build_embeds succeeded
DEBUG: bs = 2
DEBUG: build_embeds succeeded
DEBUG: bs = 2
DEBUG: About to call build_embeds
DEBUG: About to call build_embeds
DEBUG: build_embeds succeeded
DEBUG: bs = 2
DEBUG: build_embeds succeeded
DEBUG: bs = 2
DEBUG: About to call build_embeds
DEBUG: About to call build_embeds
DEBUG: build_embeds succeeded
DEBUG: bs = 2
DEBUG: build_embeds succeeded
DEBUG: bs = 2
DEBUG: About to call build_embeds
DEBUG: About to call build_embeds
DEBUG: build_embeds succeeded
DEBUG: bs = 2
DEBUG: build_embeds succeeded
DEBUG: bs = 2
DEBUG: About to call build_embeds
DEBUG: About to call build_embeds
DEBUG: build_embeds succeeded
DEBUG: bs = 2
DEBUG: build_embeds succeeded
DEBUG: bs = 2
DEBUG: About to call build_embeds
DEBUG: About to call build_embeds
DEBUG: build_embeds succeeded
DEBUG: bs = 2
DEBUG: build_embeds succeeded
DEBUG: bs = 2
DEBUG: About to call build_embeds
DEBUG: About to call build_embeds
DEBUG: build_embeds succeeded
DEBUG: bs = 2
DEBUG: build_embeds succeeded
DEBUG: bs = 2
DEBUG: About to call build_embeds
DEBUG: About to call build_embeds
DEBUG: build_embeds succeeded
DEBUG: bs = 2
DEBUG: build_embeds succeeded
DEBUG: bs = 2
DEBUG: About to call build_embeds
DEBUG: About to call build_embeds
DEBUG: build_embeds succeeded
DEBUG: bs = 2
DEBUG: build_embeds succeeded
DEBUG: bs = 2
DEBUG: About to call build_embeds
DEBUG: About to call build_embeds
DEBUG: build_embeds succeeded
DEBUG: bs = 2
DEBUG: build_embeds succeeded
DEBUG: bs = 2
DEBUG: About to call build_embedsDEBUG: About to call build_embeds

DEBUG: build_embeds succeeded
DEBUG: bs = 2
DEBUG: build_embeds succeeded
DEBUG: bs = 2
DEBUG: About to call build_embeds
DEBUG: About to call build_embeds
DEBUG: build_embeds succeeded
DEBUG: bs = 2
DEBUG: build_embeds succeeded
DEBUG: bs = 2
DEBUG: About to call build_embeds
DEBUG: About to call build_embeds
DEBUG: build_embeds succeeded
DEBUG: bs = 2
DEBUG: build_embeds succeeded
DEBUG: bs = 2
DEBUG: About to call build_embeds
DEBUG: About to call build_embeds
DEBUG: build_embeds succeeded
DEBUG: bs = 2
DEBUG: build_embeds succeeded
DEBUG: bs = 2
DEBUG: About to call build_embedsDEBUG: About to call build_embeds

DEBUG: build_embeds succeeded
DEBUG: bs = 2
DEBUG: build_embeds succeeded
DEBUG: bs = 2
DEBUG: About to call build_embeds
DEBUG: About to call build_embeds
DEBUG: build_embeds succeeded
DEBUG: bs = 2
DEBUG: build_embeds succeeded
DEBUG: bs = 2
DEBUG: About to call build_embeds
DEBUG: About to call build_embeds
DEBUG: build_embeds succeeded
DEBUG: bs = 2
DEBUG: build_embeds succeeded
DEBUG: bs = 2
DEBUG: About to call build_embeds
DEBUG: About to call build_embeds
DEBUG: build_embeds succeeded
DEBUG: bs = 2
DEBUG: build_embeds succeeded
DEBUG: bs = 2
DEBUG: About to call build_embeds
DEBUG: About to call build_embeds
DEBUG: build_embeds succeeded
DEBUG: bs = 2
DEBUG: build_embeds succeeded
DEBUG: bs = 2
DEBUG: About to call build_embeds
DEBUG: About to call build_embeds
DEBUG: build_embeds succeeded
DEBUG: bs = 2
DEBUG: build_embeds succeeded
DEBUG: bs = 2
DEBUG: About to call build_embeds
DEBUG: About to call build_embeds
DEBUG: build_embeds succeeded
DEBUG: bs = 2
DEBUG: build_embeds succeeded
DEBUG: bs = 2
DEBUG: About to call build_embedsDEBUG: About to call build_embeds

DEBUG: build_embeds succeeded
DEBUG: bs = 2
DEBUG: build_embeds succeeded
DEBUG: bs = 2
DEBUG: About to call build_embeds
DEBUG: About to call build_embeds
DEBUG: build_embeds succeeded
DEBUG: bs = 2
DEBUG: build_embeds succeeded
DEBUG: bs = 2
DEBUG: About to call build_embeds
DEBUG: About to call build_embeds
DEBUG: build_embeds succeeded
DEBUG: bs = 2
DEBUG: build_embeds succeeded
DEBUG: bs = 2
DEBUG: About to call build_embeds
DEBUG: About to call build_embeds
DEBUG: build_embeds succeeded
DEBUG: bs = 2
DEBUG: build_embeds succeeded
DEBUG: bs = 2
DEBUG: About to call build_embeds
DEBUG: About to call build_embeds
DEBUG: build_embeds succeeded
DEBUG: bs = 2
DEBUG: build_embeds succeeded
DEBUG: bs = 2
DEBUG: About to call build_embeds
DEBUG: About to call build_embeds
DEBUG: build_embeds succeededDEBUG: build_embeds succeeded

DEBUG: bs = 2
DEBUG: bs = 2
DEBUG: About to call build_embeds
DEBUG: About to call build_embeds
DEBUG: build_embeds succeeded
DEBUG: bs = 2
DEBUG: build_embeds succeeded
DEBUG: bs = 2
DEBUG: About to call build_embeds
DEBUG: About to call build_embeds
DEBUG: build_embeds succeeded
DEBUG: bs = 2
DEBUG: build_embeds succeeded
DEBUG: bs = 2
DEBUG: About to call build_embeds
DEBUG: About to call build_embeds
DEBUG: build_embeds succeeded
DEBUG: bs = 2
DEBUG: build_embeds succeeded
DEBUG: bs = 2
DEBUG: About to call build_embeds
DEBUG: About to call build_embeds
DEBUG: build_embeds succeeded
DEBUG: bs = 2
DEBUG: build_embeds succeeded
DEBUG: bs = 2
DEBUG: About to call build_embeds
DEBUG: About to call build_embeds
DEBUG: build_embeds succeeded
DEBUG: bs = 2
DEBUG: build_embeds succeeded
DEBUG: bs = 2
DEBUG: About to call build_embeds
DEBUG: About to call build_embeds
DEBUG: build_embeds succeeded
DEBUG: bs = 2
DEBUG: build_embeds succeeded
DEBUG: bs = 2
DEBUG: About to call build_embeds
DEBUG: About to call build_embeds
DEBUG: build_embeds succeeded
DEBUG: bs = 2
DEBUG: build_embeds succeeded
DEBUG: bs = 2
DEBUG: About to call build_embedsDEBUG: About to call build_embeds

DEBUG: build_embeds succeeded
DEBUG: bs = 2
DEBUG: build_embeds succeeded
DEBUG: bs = 2
DEBUG: About to call build_embeds
DEBUG: About to call build_embeds
DEBUG: build_embeds succeeded
DEBUG: bs = 2
DEBUG: build_embeds succeeded
DEBUG: bs = 2
DEBUG: About to call build_embeds
DEBUG: About to call build_embeds
DEBUG: build_embeds succeeded
DEBUG: bs = 2
DEBUG: build_embeds succeeded
DEBUG: bs = 2
DEBUG: About to call build_embeds
DEBUG: About to call build_embeds
DEBUG: build_embeds succeeded
DEBUG: bs = 2
DEBUG: build_embeds succeeded
DEBUG: bs = 2
DEBUG: About to call build_embeds
DEBUG: About to call build_embeds
DEBUG: build_embeds succeeded
DEBUG: bs = 2
DEBUG: build_embeds succeeded
DEBUG: bs = 2
DEBUG: About to call build_embeds
DEBUG: About to call build_embeds
DEBUG: build_embeds succeeded
DEBUG: bs = 2
DEBUG: build_embeds succeeded
DEBUG: bs = 2
DEBUG: About to call build_embeds
DEBUG: About to call build_embeds
DEBUG: build_embeds succeeded
DEBUG: bs = 2
DEBUG: build_embeds succeeded
DEBUG: bs = 2
DEBUG: About to call build_embeds
DEBUG: About to call build_embeds
DEBUG: build_embeds succeeded
DEBUG: bs = 2
DEBUG: build_embeds succeeded
DEBUG: bs = 2
DEBUG: About to call build_embeds
DEBUG: About to call build_embeds
DEBUG: build_embeds succeeded
DEBUG: bs = 2
DEBUG: build_embeds succeeded
DEBUG: bs = 2
DEBUG: About to call build_embeds
DEBUG: About to call build_embeds
DEBUG: build_embeds succeeded
DEBUG: bs = 2
DEBUG: build_embeds succeeded
DEBUG: bs = 2
DEBUG: About to call build_embeds
DEBUG: About to call build_embeds
DEBUG: build_embeds succeeded
DEBUG: bs = 2
DEBUG: build_embeds succeeded
DEBUG: bs = 2
DEBUG: About to call build_embeds
DEBUG: About to call build_embeds
DEBUG: build_embeds succeeded
DEBUG: bs = 2
DEBUG: build_embeds succeeded
DEBUG: bs = 2
DEBUG: About to call build_embeds
DEBUG: About to call build_embeds
DEBUG: build_embeds succeeded
DEBUG: bs = 2
DEBUG: build_embeds succeeded
DEBUG: bs = 2
DEBUG: About to call build_embeds
DEBUG: About to call build_embeds
DEBUG: build_embeds succeeded
DEBUG: bs = 2
DEBUG: build_embeds succeeded
DEBUG: bs = 2
DEBUG: About to call build_embeds
DEBUG: About to call build_embeds
DEBUG: build_embeds succeeded
DEBUG: bs = 2DEBUG: build_embeds succeeded

DEBUG: bs = 2
DEBUG: About to call build_embeds
DEBUG: About to call build_embeds
DEBUG: build_embeds succeeded
DEBUG: bs = 2
DEBUG: build_embeds succeeded
DEBUG: bs = 2
DEBUG: About to call build_embeds
DEBUG: About to call build_embeds
DEBUG: build_embeds succeeded
DEBUG: bs = 2
DEBUG: build_embeds succeeded
DEBUG: bs = 2
DEBUG: About to call build_embeds
DEBUG: About to call build_embeds
DEBUG: build_embeds succeeded
DEBUG: bs = 2
DEBUG: build_embeds succeeded
DEBUG: bs = 2
DEBUG: About to call build_embeds
DEBUG: About to call build_embeds
DEBUG: build_embeds succeeded
DEBUG: bs = 2
DEBUG: build_embeds succeeded
DEBUG: bs = 2
DEBUG: About to call build_embeds
DEBUG: About to call build_embeds
DEBUG: build_embeds succeeded
DEBUG: bs = 2
DEBUG: build_embeds succeeded
DEBUG: bs = 2
DEBUG: About to call build_embeds
DEBUG: About to call build_embeds
DEBUG: build_embeds succeeded
DEBUG: bs = 2
DEBUG: build_embeds succeeded
DEBUG: bs = 2
DEBUG: About to call build_embeds
DEBUG: About to call build_embeds
DEBUG: build_embeds succeeded
DEBUG: bs = 2
DEBUG: build_embeds succeeded
DEBUG: bs = 2
DEBUG: About to call build_embeds
DEBUG: About to call build_embeds
DEBUG: build_embeds succeeded
DEBUG: bs = 2
DEBUG: build_embeds succeeded
DEBUG: bs = 2
DEBUG: About to call build_embedsDEBUG: About to call build_embeds

DEBUG: build_embeds succeeded
DEBUG: bs = 2
DEBUG: build_embeds succeeded
DEBUG: bs = 2
DEBUG: About to call build_embeds
DEBUG: About to call build_embeds
DEBUG: build_embeds succeeded
DEBUG: bs = 2
DEBUG: build_embeds succeeded
DEBUG: bs = 2
DEBUG: About to call build_embedsDEBUG: About to call build_embeds

DEBUG: build_embeds succeeded
DEBUG: bs = 2
DEBUG: build_embeds succeeded
DEBUG: bs = 2
DEBUG: About to call build_embedsDEBUG: About to call build_embeds

DEBUG: build_embeds succeeded
DEBUG: bs = 2
DEBUG: build_embeds succeeded
DEBUG: bs = 2
DEBUG: About to call build_embeds
DEBUG: About to call build_embeds
DEBUG: build_embeds succeeded
DEBUG: bs = 2
DEBUG: build_embeds succeeded
DEBUG: bs = 2
DEBUG: About to call build_embeds
DEBUG: About to call build_embeds
DEBUG: build_embeds succeeded
DEBUG: bs = 2
DEBUG: build_embeds succeeded
DEBUG: bs = 2
DEBUG: About to call build_embeds
DEBUG: About to call build_embeds
DEBUG: build_embeds succeeded
DEBUG: bs = 2
DEBUG: build_embeds succeeded
DEBUG: bs = 2
DEBUG: About to call build_embeds
DEBUG: About to call build_embeds
DEBUG: build_embeds succeeded
DEBUG: bs = 2
DEBUG: build_embeds succeeded
DEBUG: bs = 2
DEBUG: About to call build_embeds
DEBUG: About to call build_embeds
DEBUG: build_embeds succeeded
DEBUG: bs = 2
DEBUG: build_embeds succeeded
DEBUG: bs = 2
DEBUG: About to call build_embeds
DEBUG: About to call build_embeds
DEBUG: build_embeds succeeded
DEBUG: bs = 2
DEBUG: build_embeds succeeded
DEBUG: bs = 2
DEBUG: About to call build_embeds
DEBUG: About to call build_embeds
DEBUG: build_embeds succeeded
DEBUG: bs = 2
DEBUG: build_embeds succeeded
DEBUG: bs = 2
DEBUG: About to call build_embedsDEBUG: About to call build_embeds

DEBUG: build_embeds succeeded
DEBUG: bs = 2
DEBUG: build_embeds succeeded
DEBUG: bs = 2
DEBUG: About to call build_embeds
DEBUG: About to call build_embeds
DEBUG: build_embeds succeeded
DEBUG: bs = 2
DEBUG: build_embeds succeeded
DEBUG: bs = 2
DEBUG: About to call build_embeds
DEBUG: About to call build_embeds
DEBUG: build_embeds succeeded
DEBUG: bs = 2
DEBUG: build_embeds succeeded
DEBUG: bs = 2
DEBUG: About to call build_embeds
DEBUG: About to call build_embeds
DEBUG: build_embeds succeeded
DEBUG: bs = 2
DEBUG: build_embeds succeeded
DEBUG: bs = 2
DEBUG: About to call build_embeds
DEBUG: About to call build_embeds
DEBUG: build_embeds succeeded
DEBUG: bs = 2
DEBUG: build_embeds succeeded
DEBUG: bs = 2
DEBUG: About to call build_embeds
DEBUG: About to call build_embeds
DEBUG: build_embeds succeeded
DEBUG: bs = 2
DEBUG: build_embeds succeeded
DEBUG: bs = 2
DEBUG: About to call build_embeds
DEBUG: About to call build_embeds
DEBUG: build_embeds succeeded
DEBUG: bs = 2
DEBUG: build_embeds succeeded
DEBUG: bs = 2
DEBUG: About to call build_embeds
DEBUG: About to call build_embeds
DEBUG: build_embeds succeeded
DEBUG: bs = 2
DEBUG: build_embeds succeeded
DEBUG: bs = 2
DEBUG: About to call build_embeds
DEBUG: About to call build_embeds
DEBUG: build_embeds succeeded
DEBUG: bs = 2
DEBUG: build_embeds succeeded
DEBUG: bs = 2
DEBUG: About to call build_embeds
DEBUG: About to call build_embeds
DEBUG: build_embeds succeeded
DEBUG: bs = 2
DEBUG: build_embeds succeeded
DEBUG: bs = 2
DEBUG: About to call build_embedsDEBUG: About to call build_embeds

DEBUG: build_embeds succeeded
DEBUG: bs = 2
DEBUG: build_embeds succeeded
DEBUG: bs = 2
{'target_metric': 0.29, 'sentence_sim': 0.7916528838872909, 'cider': 2.5233899500387746, 'bleu': 0.3033454527940448, 'meteor': 0.2968251253713811, 'rouge': 0.5865312065471052}
{'target_metric': 0.29, 'sentence_sim': 0.7916528838872909, 'cider': 2.5233899500387746, 'bleu': 0.3033454527940448, 'meteor': 0.2968251253713811, 'rouge': 0.5865312065471052}
DEBUG: About to call build_embeds
DEBUG: About to call build_embeds
DEBUG: build_embeds succeeded
DEBUG: bs = 2
DEBUG: build_embeds succeeded
DEBUG: bs = 2
DEBUG: About to call build_embeds
DEBUG: About to call build_embeds
DEBUG: build_embeds succeeded
DEBUG: bs = 2
DEBUG: build_embeds succeeded
DEBUG: bs = 2
DEBUG: About to call build_embedsDEBUG: About to call build_embeds

DEBUG: build_embeds succeeded
DEBUG: bs = 2
DEBUG: build_embeds succeeded
DEBUG: bs = 2
DEBUG: About to call build_embedsDEBUG: About to call build_embeds

DEBUG: build_embeds succeeded
DEBUG: bs = 2
DEBUG: build_embeds succeeded
DEBUG: bs = 2
DEBUG: About to call build_embeds
DEBUG: About to call build_embeds
DEBUG: build_embeds succeeded
DEBUG: bs = 2
DEBUG: build_embeds succeeded
DEBUG: bs = 2
DEBUG: About to call build_embeds
DEBUG: About to call build_embeds
DEBUG: build_embeds succeeded
DEBUG: bs = 2
DEBUG: build_embeds succeeded
DEBUG: bs = 2
DEBUG: About to call build_embeds
DEBUG: About to call build_embeds
DEBUG: build_embeds succeeded
DEBUG: bs = 2
DEBUG: build_embeds succeeded
DEBUG: bs = 2
DEBUG: About to call build_embeds
DEBUG: About to call build_embeds
DEBUG: build_embeds succeeded
DEBUG: bs = 2
DEBUG: build_embeds succeeded
DEBUG: bs = 2
DEBUG: About to call build_embeds
DEBUG: About to call build_embeds
DEBUG: build_embeds succeeded
DEBUG: bs = 2DEBUG: build_embeds succeeded

DEBUG: bs = 2
DEBUG: About to call build_embeds
DEBUG: About to call build_embeds
DEBUG: build_embeds succeeded
DEBUG: bs = 2
DEBUG: build_embeds succeeded
DEBUG: bs = 2
DEBUG: About to call build_embeds
DEBUG: About to call build_embeds
DEBUG: build_embeds succeeded
DEBUG: bs = 2
DEBUG: build_embeds succeeded
DEBUG: bs = 2
DEBUG: About to call build_embeds
DEBUG: About to call build_embeds
DEBUG: build_embeds succeeded
DEBUG: bs = 2
DEBUG: build_embeds succeeded
DEBUG: bs = 2
DEBUG: About to call build_embeds
DEBUG: About to call build_embeds
DEBUG: build_embeds succeeded
DEBUG: build_embeds succeededDEBUG: bs = 2
DEBUG: bs = 2

DEBUG: About to call build_embeds
DEBUG: About to call build_embeds
DEBUG: build_embeds succeeded
DEBUG: bs = 2
DEBUG: build_embeds succeeded
DEBUG: bs = 2
DEBUG: About to call build_embeds
DEBUG: About to call build_embeds
DEBUG: build_embeds succeeded
DEBUG: bs = 2
DEBUG: build_embeds succeeded
DEBUG: bs = 2
DEBUG: About to call build_embeds
DEBUG: About to call build_embeds
DEBUG: build_embeds succeeded
DEBUG: bs = 2
DEBUG: build_embeds succeeded
DEBUG: bs = 2
DEBUG: About to call build_embeds
DEBUG: About to call build_embeds
DEBUG: build_embeds succeeded
DEBUG: bs = 2DEBUG: build_embeds succeeded
DEBUG: bs = 2

DEBUG: About to call build_embeds
DEBUG: About to call build_embeds
DEBUG: build_embeds succeeded
DEBUG: bs = 2
DEBUG: build_embeds succeeded
DEBUG: bs = 2
DEBUG: About to call build_embedsDEBUG: About to call build_embeds

DEBUG: build_embeds succeeded
DEBUG: bs = 2
DEBUG: build_embeds succeeded
DEBUG: bs = 2
DEBUG: About to call build_embeds
DEBUG: About to call build_embeds
DEBUG: build_embeds succeeded
DEBUG: bs = 2
DEBUG: build_embeds succeeded
DEBUG: bs = 2
DEBUG: About to call build_embeds
DEBUG: About to call build_embeds
DEBUG: build_embeds succeeded
DEBUG: bs = 2
DEBUG: build_embeds succeeded
DEBUG: bs = 2
DEBUG: About to call build_embeds
DEBUG: About to call build_embeds
DEBUG: build_embeds succeeded
DEBUG: bs = 2
DEBUG: build_embeds succeeded
DEBUG: bs = 2
DEBUG: About to call build_embeds
DEBUG: About to call build_embeds
DEBUG: build_embeds succeeded
DEBUG: bs = 2
DEBUG: build_embeds succeeded
DEBUG: bs = 2
DEBUG: About to call build_embeds
DEBUG: About to call build_embeds
DEBUG: build_embeds succeeded
DEBUG: bs = 2
DEBUG: build_embeds succeeded
DEBUG: bs = 2
DEBUG: About to call build_embeds
DEBUG: About to call build_embeds
DEBUG: build_embeds succeeded
DEBUG: bs = 2
DEBUG: build_embeds succeeded
DEBUG: bs = 2
DEBUG: About to call build_embeds
DEBUG: About to call build_embeds
DEBUG: build_embeds succeeded
DEBUG: bs = 2
DEBUG: build_embeds succeeded
DEBUG: bs = 2
DEBUG: About to call build_embeds
DEBUG: About to call build_embeds
DEBUG: build_embeds succeeded
DEBUG: bs = 2
DEBUG: build_embeds succeeded
DEBUG: bs = 2
DEBUG: About to call build_embeds
DEBUG: About to call build_embeds
DEBUG: build_embeds succeeded
DEBUG: bs = 2
DEBUG: build_embeds succeeded
DEBUG: bs = 2
DEBUG: About to call build_embeds
DEBUG: About to call build_embeds
DEBUG: build_embeds succeeded
DEBUG: bs = 2
DEBUG: build_embeds succeeded
DEBUG: bs = 2
DEBUG: About to call build_embeds
DEBUG: About to call build_embeds
DEBUG: build_embeds succeeded
DEBUG: bs = 2
DEBUG: build_embeds succeeded
DEBUG: bs = 2
DEBUG: About to call build_embeds
DEBUG: About to call build_embeds
DEBUG: build_embeds succeeded
DEBUG: bs = 2
DEBUG: build_embeds succeeded
DEBUG: bs = 2
DEBUG: About to call build_embeds
DEBUG: About to call build_embeds
DEBUG: build_embeds succeeded
DEBUG: bs = 2
DEBUG: build_embeds succeeded
DEBUG: bs = 2
DEBUG: About to call build_embeds
DEBUG: About to call build_embeds
DEBUG: build_embeds succeeded
DEBUG: bs = 2
DEBUG: build_embeds succeeded
DEBUG: bs = 2
DEBUG: About to call build_embeds
DEBUG: About to call build_embeds
DEBUG: build_embeds succeeded
DEBUG: bs = 2
DEBUG: build_embeds succeeded
DEBUG: bs = 2
DEBUG: About to call build_embeds
DEBUG: About to call build_embeds
DEBUG: build_embeds succeeded
DEBUG: bs = 2
DEBUG: build_embeds succeeded
DEBUG: bs = 2
DEBUG: About to call build_embeds
DEBUG: About to call build_embeds
DEBUG: build_embeds succeeded
DEBUG: bs = 2
DEBUG: build_embeds succeeded
DEBUG: bs = 2
DEBUG: About to call build_embeds
DEBUG: About to call build_embeds
DEBUG: build_embeds succeeded
DEBUG: bs = 2
DEBUG: build_embeds succeeded
DEBUG: bs = 2
DEBUG: About to call build_embeds
DEBUG: About to call build_embeds
DEBUG: build_embeds succeeded
DEBUG: bs = 2
DEBUG: build_embeds succeeded
DEBUG: bs = 2
DEBUG: About to call build_embeds
DEBUG: About to call build_embeds
DEBUG: build_embeds succeeded
DEBUG: bs = 2
DEBUG: build_embeds succeeded
DEBUG: bs = 2
DEBUG: About to call build_embeds
DEBUG: About to call build_embeds
DEBUG: build_embeds succeeded
DEBUG: bs = 2
DEBUG: build_embeds succeeded
DEBUG: bs = 2
DEBUG: About to call build_embeds
DEBUG: About to call build_embeds
DEBUG: build_embeds succeeded
DEBUG: bs = 2
DEBUG: build_embeds succeeded
DEBUG: bs = 2
DEBUG: About to call build_embeds
DEBUG: About to call build_embeds
DEBUG: build_embeds succeeded
DEBUG: bs = 2
DEBUG: build_embeds succeeded
DEBUG: bs = 2
DEBUG: About to call build_embeds
DEBUG: About to call build_embeds
DEBUG: build_embeds succeeded
DEBUG: bs = 2
DEBUG: build_embeds succeeded
DEBUG: bs = 2
DEBUG: About to call build_embeds
DEBUG: About to call build_embeds
DEBUG: build_embeds succeeded
DEBUG: bs = 2
DEBUG: build_embeds succeeded
DEBUG: bs = 2
DEBUG: About to call build_embeds
DEBUG: About to call build_embeds
DEBUG: build_embeds succeeded
DEBUG: bs = 2
DEBUG: build_embeds succeeded
DEBUG: bs = 2
DEBUG: About to call build_embeds
DEBUG: About to call build_embeds
DEBUG: build_embeds succeeded
DEBUG: bs = 2
DEBUG: build_embeds succeeded
DEBUG: bs = 2
DEBUG: About to call build_embeds
DEBUG: About to call build_embeds
DEBUG: build_embeds succeeded
DEBUG: bs = 2
DEBUG: build_embeds succeeded
DEBUG: bs = 2
DEBUG: About to call build_embeds
DEBUG: About to call build_embeds
DEBUG: build_embeds succeeded
DEBUG: bs = 2
DEBUG: build_embeds succeeded
DEBUG: bs = 2
DEBUG: About to call build_embeds
DEBUG: About to call build_embeds
DEBUG: build_embeds succeeded
DEBUG: bs = 2
DEBUG: build_embeds succeeded
DEBUG: bs = 2
DEBUG: About to call build_embeds
DEBUG: About to call build_embeds
DEBUG: build_embeds succeeded
DEBUG: bs = 2
DEBUG: build_embeds succeeded
DEBUG: bs = 2
DEBUG: About to call build_embeds
DEBUG: About to call build_embeds
DEBUG: build_embeds succeeded
DEBUG: bs = 2
DEBUG: build_embeds succeeded
DEBUG: bs = 2
DEBUG: About to call build_embeds
DEBUG: About to call build_embeds
DEBUG: build_embeds succeeded
DEBUG: bs = 2
DEBUG: build_embeds succeeded
DEBUG: bs = 2
DEBUG: About to call build_embeds
DEBUG: About to call build_embeds
DEBUG: build_embeds succeeded
DEBUG: bs = 2
DEBUG: build_embeds succeeded
DEBUG: bs = 2
DEBUG: About to call build_embeds
DEBUG: About to call build_embeds
DEBUG: build_embeds succeeded
DEBUG: bs = 2
DEBUG: build_embeds succeeded
DEBUG: bs = 2
DEBUG: About to call build_embeds
DEBUG: About to call build_embeds
DEBUG: build_embeds succeeded
DEBUG: bs = 2
DEBUG: build_embeds succeeded
DEBUG: bs = 2
DEBUG: About to call build_embeds
DEBUG: About to call build_embeds
DEBUG: build_embeds succeeded
DEBUG: bs = 2
DEBUG: build_embeds succeeded
DEBUG: bs = 2
DEBUG: About to call build_embeds
DEBUG: About to call build_embeds
DEBUG: build_embeds succeeded
DEBUG: bs = 2
DEBUG: build_embeds succeeded
DEBUG: bs = 2
DEBUG: About to call build_embeds
DEBUG: About to call build_embeds
DEBUG: build_embeds succeeded
DEBUG: bs = 2
DEBUG: build_embeds succeeded
DEBUG: bs = 2
DEBUG: About to call build_embeds
DEBUG: About to call build_embeds
DEBUG: build_embeds succeeded
DEBUG: bs = 2
DEBUG: build_embeds succeeded
DEBUG: bs = 2
DEBUG: About to call build_embedsDEBUG: About to call build_embeds

DEBUG: build_embeds succeeded
DEBUG: bs = 2
DEBUG: build_embeds succeeded
DEBUG: bs = 2
DEBUG: About to call build_embeds
DEBUG: About to call build_embeds
DEBUG: build_embeds succeeded
DEBUG: bs = 2
DEBUG: build_embeds succeeded
DEBUG: bs = 2
DEBUG: About to call build_embeds
DEBUG: About to call build_embeds
DEBUG: build_embeds succeeded
DEBUG: bs = 2
DEBUG: build_embeds succeeded
DEBUG: bs = 2
DEBUG: About to call build_embeds
DEBUG: About to call build_embeds
DEBUG: build_embeds succeeded
DEBUG: bs = 2
DEBUG: build_embeds succeeded
DEBUG: bs = 2
DEBUG: About to call build_embeds
DEBUG: About to call build_embeds
DEBUG: build_embeds succeeded
DEBUG: bs = 2
DEBUG: build_embeds succeeded
DEBUG: bs = 2
DEBUG: About to call build_embeds
DEBUG: About to call build_embeds
DEBUG: build_embeds succeeded
DEBUG: bs = 2
DEBUG: build_embeds succeeded
DEBUG: bs = 2
DEBUG: About to call build_embeds
DEBUG: About to call build_embeds
DEBUG: build_embeds succeeded
DEBUG: bs = 2
DEBUG: build_embeds succeeded
DEBUG: bs = 2
DEBUG: About to call build_embeds
DEBUG: About to call build_embeds
DEBUG: build_embeds succeeded
DEBUG: bs = 2
DEBUG: build_embeds succeeded
DEBUG: bs = 2
DEBUG: About to call build_embeds
DEBUG: About to call build_embeds
DEBUG: build_embeds succeeded
DEBUG: bs = 2
DEBUG: build_embeds succeeded
DEBUG: bs = 2
DEBUG: About to call build_embeds
DEBUG: About to call build_embeds
DEBUG: build_embeds succeeded
DEBUG: bs = 2
DEBUG: build_embeds succeeded
DEBUG: bs = 2
DEBUG: About to call build_embeds
DEBUG: About to call build_embeds
DEBUG: build_embeds succeeded
DEBUG: bs = 2
DEBUG: build_embeds succeeded
DEBUG: bs = 2
DEBUG: About to call build_embeds
DEBUG: About to call build_embeds
DEBUG: build_embeds succeeded
DEBUG: bs = 2
DEBUG: build_embeds succeeded
DEBUG: bs = 2
DEBUG: About to call build_embeds
DEBUG: About to call build_embeds
DEBUG: build_embeds succeeded
DEBUG: bs = 2
DEBUG: build_embeds succeeded
DEBUG: bs = 2
DEBUG: About to call build_embeds
DEBUG: About to call build_embeds
DEBUG: build_embeds succeeded
DEBUG: bs = 2
DEBUG: build_embeds succeeded
DEBUG: bs = 2
DEBUG: About to call build_embeds
DEBUG: About to call build_embeds
DEBUG: build_embeds succeeded
DEBUG: bs = 2
DEBUG: build_embeds succeeded
DEBUG: bs = 2
DEBUG: About to call build_embeds
DEBUG: About to call build_embeds
DEBUG: build_embeds succeeded
DEBUG: bs = 2
DEBUG: build_embeds succeeded
DEBUG: bs = 2
DEBUG: About to call build_embeds
DEBUG: About to call build_embeds
DEBUG: build_embeds succeeded
DEBUG: bs = 2
DEBUG: build_embeds succeeded
DEBUG: bs = 2
DEBUG: About to call build_embeds
DEBUG: About to call build_embeds
DEBUG: build_embeds succeeded
DEBUG: bs = 2
DEBUG: build_embeds succeeded
DEBUG: bs = 2
DEBUG: About to call build_embeds
DEBUG: About to call build_embeds
DEBUG: build_embeds succeeded
DEBUG: bs = 2
DEBUG: build_embeds succeeded
DEBUG: bs = 2
DEBUG: About to call build_embeds
DEBUG: About to call build_embeds
DEBUG: build_embeds succeeded
DEBUG: bs = 2
DEBUG: build_embeds succeeded
DEBUG: bs = 2
DEBUG: About to call build_embeds
DEBUG: About to call build_embeds
DEBUG: build_embeds succeeded
DEBUG: bs = 2
DEBUG: build_embeds succeeded
DEBUG: bs = 2
DEBUG: About to call build_embeds
DEBUG: About to call build_embeds
DEBUG: build_embeds succeeded
DEBUG: bs = 2
DEBUG: build_embeds succeeded
DEBUG: bs = 2
DEBUG: About to call build_embedsDEBUG: About to call build_embeds

DEBUG: build_embeds succeeded
DEBUG: bs = 2
DEBUG: build_embeds succeeded
DEBUG: bs = 2
DEBUG: About to call build_embeds
DEBUG: About to call build_embeds
DEBUG: build_embeds succeeded
DEBUG: bs = 2
DEBUG: build_embeds succeeded
DEBUG: bs = 2
DEBUG: About to call build_embeds
DEBUG: About to call build_embeds
DEBUG: build_embeds succeeded
DEBUG: bs = 2
DEBUG: build_embeds succeeded
DEBUG: bs = 2
DEBUG: About to call build_embeds
DEBUG: About to call build_embeds
DEBUG: build_embeds succeeded
DEBUG: bs = 2
DEBUG: build_embeds succeeded
DEBUG: bs = 2
DEBUG: About to call build_embeds
DEBUG: About to call build_embeds
DEBUG: build_embeds succeeded
DEBUG: bs = 2
DEBUG: build_embeds succeeded
DEBUG: bs = 2
DEBUG: About to call build_embeds
DEBUG: About to call build_embeds
DEBUG: build_embeds succeeded
DEBUG: bs = 2
DEBUG: build_embeds succeeded
DEBUG: bs = 2
DEBUG: About to call build_embeds
DEBUG: About to call build_embeds
DEBUG: build_embeds succeeded
DEBUG: bs = 2
DEBUG: build_embeds succeeded
DEBUG: bs = 2
DEBUG: About to call build_embeds
DEBUG: About to call build_embeds
DEBUG: build_embeds succeeded
DEBUG: bs = 2
DEBUG: build_embeds succeeded
DEBUG: bs = 2
DEBUG: About to call build_embeds
DEBUG: About to call build_embeds
DEBUG: build_embeds succeeded
DEBUG: bs = 2
DEBUG: build_embeds succeeded
DEBUG: bs = 2
DEBUG: About to call build_embeds
DEBUG: About to call build_embeds
DEBUG: build_embeds succeeded
DEBUG: bs = 2
DEBUG: build_embeds succeeded
DEBUG: bs = 2
DEBUG: About to call build_embeds
DEBUG: About to call build_embeds
DEBUG: build_embeds succeeded
DEBUG: bs = 2
DEBUG: build_embeds succeeded
DEBUG: bs = 2
DEBUG: About to call build_embeds
DEBUG: About to call build_embeds
DEBUG: build_embeds succeeded
DEBUG: bs = 2
DEBUG: build_embeds succeeded
DEBUG: bs = 2
DEBUG: About to call build_embeds
DEBUG: About to call build_embeds
DEBUG: build_embeds succeeded
DEBUG: bs = 2
DEBUG: build_embeds succeeded
DEBUG: bs = 2
DEBUG: About to call build_embeds
DEBUG: About to call build_embeds
DEBUG: build_embeds succeeded
DEBUG: bs = 2
DEBUG: build_embeds succeeded
DEBUG: bs = 2
DEBUG: About to call build_embeds
DEBUG: About to call build_embeds
DEBUG: build_embeds succeeded
DEBUG: bs = 2
DEBUG: build_embeds succeeded
DEBUG: bs = 2
DEBUG: About to call build_embeds
DEBUG: About to call build_embeds
DEBUG: build_embeds succeeded
DEBUG: bs = 2
DEBUG: build_embeds succeeded
DEBUG: bs = 2
DEBUG: About to call build_embeds
DEBUG: About to call build_embeds
DEBUG: build_embeds succeeded
DEBUG: bs = 2
DEBUG: build_embeds succeeded
DEBUG: bs = 2
DEBUG: About to call build_embeds
DEBUG: About to call build_embeds
DEBUG: build_embeds succeeded
DEBUG: bs = 2
DEBUG: build_embeds succeeded
DEBUG: bs = 2
DEBUG: About to call build_embedsDEBUG: About to call build_embeds

DEBUG: build_embeds succeeded
DEBUG: bs = 2
DEBUG: build_embeds succeeded
DEBUG: bs = 2
{'target_metric': 0.355, 'sentence_sim': 0.8108113291859627, 'cider': 2.585086337395096, 'bleu': 0.2565827277132359, 'meteor': 0.29650155092981084, 'rouge': 0.588090714622384}
{'target_metric': 0.355, 'sentence_sim': 0.8108113291859627, 'cider': 2.585086337395096, 'bleu': 0.2565827277132359, 'meteor': 0.29650155092981084, 'rouge': 0.588090714622384}
DEBUG: About to call build_embeds
DEBUG: build_embeds succeeded
DEBUG: bs = 2
DEBUG: About to call build_embeds
DEBUG: build_embeds succeeded
DEBUG: bs = 2
DEBUG: About to call build_embeds
DEBUG: About to call build_embeds
DEBUG: build_embeds succeeded
DEBUG: bs = 2
DEBUG: build_embeds succeeded
DEBUG: bs = 2
DEBUG: About to call build_embeds
DEBUG: About to call build_embeds
DEBUG: build_embeds succeeded
DEBUG: bs = 2
DEBUG: build_embeds succeeded
DEBUG: bs = 2
DEBUG: About to call build_embeds
DEBUG: About to call build_embeds
DEBUG: build_embeds succeeded
DEBUG: bs = 2
DEBUG: build_embeds succeeded
DEBUG: bs = 2
DEBUG: About to call build_embeds
DEBUG: About to call build_embeds
DEBUG: build_embeds succeeded
DEBUG: bs = 2
DEBUG: build_embeds succeeded
DEBUG: bs = 2
DEBUG: About to call build_embeds
DEBUG: About to call build_embeds
DEBUG: build_embeds succeeded
DEBUG: bs = 2
DEBUG: build_embeds succeeded
DEBUG: bs = 2
DEBUG: About to call build_embeds
DEBUG: About to call build_embeds
DEBUG: build_embeds succeeded
DEBUG: bs = 2
DEBUG: build_embeds succeeded
DEBUG: bs = 2
DEBUG: About to call build_embedsDEBUG: About to call build_embeds

DEBUG: build_embeds succeeded
DEBUG: bs = 2
DEBUG: build_embeds succeeded
DEBUG: bs = 2
DEBUG: About to call build_embeds
DEBUG: About to call build_embeds
DEBUG: build_embeds succeeded
DEBUG: bs = 2
DEBUG: build_embeds succeeded
DEBUG: bs = 2
DEBUG: About to call build_embeds
DEBUG: About to call build_embeds
DEBUG: build_embeds succeeded
DEBUG: bs = 2
DEBUG: build_embeds succeeded
DEBUG: bs = 2
DEBUG: About to call build_embeds
DEBUG: About to call build_embeds
DEBUG: build_embeds succeeded
DEBUG: bs = 2
DEBUG: build_embeds succeeded
DEBUG: bs = 2
DEBUG: About to call build_embeds
DEBUG: About to call build_embeds
DEBUG: build_embeds succeeded
DEBUG: bs = 2
DEBUG: build_embeds succeeded
DEBUG: bs = 2
DEBUG: About to call build_embeds
DEBUG: About to call build_embeds
DEBUG: build_embeds succeeded
DEBUG: bs = 2
DEBUG: build_embeds succeeded
DEBUG: bs = 2
DEBUG: About to call build_embeds
DEBUG: About to call build_embeds
DEBUG: build_embeds succeeded
DEBUG: bs = 2
DEBUG: build_embeds succeeded
DEBUG: bs = 2
DEBUG: About to call build_embeds
DEBUG: About to call build_embeds
DEBUG: build_embeds succeeded
DEBUG: bs = 2
DEBUG: build_embeds succeeded
DEBUG: bs = 2
DEBUG: About to call build_embeds
DEBUG: About to call build_embeds
DEBUG: build_embeds succeeded
DEBUG: bs = 2
DEBUG: build_embeds succeeded
DEBUG: bs = 2
DEBUG: About to call build_embeds
DEBUG: About to call build_embeds
DEBUG: build_embeds succeeded
DEBUG: bs = 2
DEBUG: build_embeds succeeded
DEBUG: bs = 2
DEBUG: About to call build_embeds
DEBUG: About to call build_embeds
DEBUG: build_embeds succeeded
DEBUG: bs = 2
DEBUG: build_embeds succeeded
DEBUG: bs = 2
DEBUG: About to call build_embeds
DEBUG: About to call build_embeds
DEBUG: build_embeds succeeded
DEBUG: bs = 2
DEBUG: build_embeds succeeded
DEBUG: bs = 2
DEBUG: About to call build_embeds
DEBUG: About to call build_embeds
DEBUG: build_embeds succeeded
DEBUG: bs = 2
DEBUG: build_embeds succeeded
DEBUG: bs = 2
DEBUG: About to call build_embeds
DEBUG: About to call build_embeds
DEBUG: build_embeds succeeded
DEBUG: bs = 2
DEBUG: build_embeds succeeded
DEBUG: bs = 2
DEBUG: About to call build_embeds
DEBUG: About to call build_embeds
DEBUG: build_embeds succeeded
DEBUG: bs = 2
DEBUG: build_embeds succeeded
DEBUG: bs = 2
DEBUG: About to call build_embeds
DEBUG: About to call build_embeds
DEBUG: build_embeds succeeded
DEBUG: bs = 2
DEBUG: build_embeds succeeded
DEBUG: bs = 2
DEBUG: About to call build_embeds
DEBUG: About to call build_embeds
DEBUG: build_embeds succeeded
DEBUG: build_embeds succeeded
DEBUG: bs = 2
DEBUG: bs = 2
DEBUG: About to call build_embeds
DEBUG: About to call build_embeds
DEBUG: build_embeds succeeded
DEBUG: bs = 2
DEBUG: build_embeds succeeded
DEBUG: bs = 2
DEBUG: About to call build_embeds
DEBUG: About to call build_embeds
DEBUG: build_embeds succeeded
DEBUG: bs = 2
DEBUG: build_embeds succeeded
DEBUG: bs = 2
DEBUG: About to call build_embeds
DEBUG: About to call build_embeds
DEBUG: build_embeds succeeded
DEBUG: bs = 2
DEBUG: build_embeds succeeded
DEBUG: bs = 2
DEBUG: About to call build_embeds
DEBUG: About to call build_embeds
DEBUG: build_embeds succeeded
DEBUG: bs = 2
DEBUG: build_embeds succeeded
DEBUG: bs = 2
DEBUG: About to call build_embeds
DEBUG: About to call build_embeds
DEBUG: build_embeds succeeded
DEBUG: bs = 2
DEBUG: build_embeds succeeded
DEBUG: bs = 2
DEBUG: About to call build_embeds
DEBUG: About to call build_embeds
DEBUG: build_embeds succeeded
DEBUG: bs = 2
DEBUG: build_embeds succeeded
DEBUG: bs = 2
DEBUG: About to call build_embeds
DEBUG: About to call build_embeds
DEBUG: build_embeds succeeded
DEBUG: bs = 2
DEBUG: build_embeds succeeded
DEBUG: bs = 2
DEBUG: About to call build_embeds
DEBUG: About to call build_embeds
DEBUG: build_embeds succeeded
DEBUG: bs = 2
DEBUG: build_embeds succeeded
DEBUG: bs = 2
DEBUG: About to call build_embedsDEBUG: About to call build_embeds

DEBUG: build_embeds succeeded
DEBUG: bs = 2
DEBUG: build_embeds succeeded
DEBUG: bs = 2
DEBUG: About to call build_embedsDEBUG: About to call build_embeds

DEBUG: build_embeds succeeded
DEBUG: bs = 2
DEBUG: build_embeds succeeded
DEBUG: bs = 2
DEBUG: About to call build_embeds
DEBUG: About to call build_embeds
DEBUG: build_embeds succeeded
DEBUG: bs = 2
DEBUG: build_embeds succeeded
DEBUG: bs = 2
DEBUG: About to call build_embeds
DEBUG: About to call build_embeds
DEBUG: build_embeds succeeded
DEBUG: bs = 2
DEBUG: build_embeds succeeded
DEBUG: bs = 2
DEBUG: About to call build_embeds
DEBUG: About to call build_embeds
DEBUG: build_embeds succeeded
DEBUG: bs = 2
DEBUG: build_embeds succeeded
DEBUG: bs = 2
DEBUG: About to call build_embeds
DEBUG: About to call build_embeds
DEBUG: build_embeds succeeded
DEBUG: bs = 2
DEBUG: build_embeds succeeded
DEBUG: bs = 2
DEBUG: About to call build_embeds
DEBUG: About to call build_embeds
DEBUG: build_embeds succeeded
DEBUG: bs = 2
DEBUG: build_embeds succeeded
DEBUG: bs = 2
DEBUG: About to call build_embeds
DEBUG: About to call build_embeds
DEBUG: build_embeds succeeded
DEBUG: bs = 2
DEBUG: build_embeds succeeded
DEBUG: bs = 2
DEBUG: About to call build_embeds
DEBUG: About to call build_embeds
DEBUG: build_embeds succeeded
DEBUG: bs = 2
DEBUG: build_embeds succeeded
DEBUG: bs = 2
DEBUG: About to call build_embeds
DEBUG: About to call build_embeds
DEBUG: build_embeds succeeded
DEBUG: bs = 2
DEBUG: build_embeds succeeded
DEBUG: bs = 2
DEBUG: About to call build_embeds
DEBUG: About to call build_embeds
DEBUG: build_embeds succeeded
DEBUG: bs = 2
DEBUG: build_embeds succeeded
DEBUG: bs = 2
DEBUG: About to call build_embeds
DEBUG: About to call build_embeds
DEBUG: build_embeds succeeded
DEBUG: bs = 2DEBUG: build_embeds succeeded
DEBUG: bs = 2

DEBUG: About to call build_embeds
DEBUG: About to call build_embeds
DEBUG: build_embeds succeeded
DEBUG: bs = 2
DEBUG: build_embeds succeeded
DEBUG: bs = 2
DEBUG: About to call build_embeds
DEBUG: About to call build_embeds
DEBUG: build_embeds succeeded
DEBUG: bs = 2
DEBUG: build_embeds succeeded
DEBUG: bs = 2
DEBUG: About to call build_embeds
DEBUG: About to call build_embeds
DEBUG: build_embeds succeeded
DEBUG: bs = 2
DEBUG: build_embeds succeeded
DEBUG: bs = 2
DEBUG: About to call build_embeds
DEBUG: About to call build_embeds
DEBUG: build_embeds succeeded
DEBUG: bs = 2
DEBUG: build_embeds succeeded
DEBUG: bs = 2
DEBUG: About to call build_embeds
DEBUG: About to call build_embeds
DEBUG: build_embeds succeeded
DEBUG: bs = 2
DEBUG: build_embeds succeeded
DEBUG: bs = 2
DEBUG: About to call build_embeds
DEBUG: About to call build_embeds
DEBUG: build_embeds succeeded
DEBUG: bs = 2
DEBUG: build_embeds succeeded
DEBUG: bs = 2
DEBUG: About to call build_embeds
DEBUG: About to call build_embeds
DEBUG: build_embeds succeeded
DEBUG: bs = 2
DEBUG: build_embeds succeeded
DEBUG: bs = 2
DEBUG: About to call build_embeds
DEBUG: About to call build_embeds
DEBUG: build_embeds succeeded
DEBUG: bs = 2
DEBUG: build_embeds succeeded
DEBUG: bs = 2
DEBUG: About to call build_embeds
DEBUG: About to call build_embeds
DEBUG: build_embeds succeeded
DEBUG: bs = 2
DEBUG: build_embeds succeeded
DEBUG: bs = 2
DEBUG: About to call build_embeds
DEBUG: About to call build_embeds
DEBUG: build_embeds succeeded
DEBUG: bs = 2
DEBUG: build_embeds succeeded
DEBUG: bs = 2
DEBUG: About to call build_embeds
DEBUG: About to call build_embeds
DEBUG: build_embeds succeeded
DEBUG: bs = 2
DEBUG: build_embeds succeeded
DEBUG: bs = 2
DEBUG: About to call build_embeds
DEBUG: About to call build_embeds
DEBUG: build_embeds succeeded
DEBUG: bs = 2
DEBUG: build_embeds succeeded
DEBUG: bs = 2
DEBUG: About to call build_embeds
DEBUG: About to call build_embeds
DEBUG: build_embeds succeeded
DEBUG: bs = 2
DEBUG: build_embeds succeeded
DEBUG: bs = 2
DEBUG: About to call build_embeds
DEBUG: About to call build_embeds
DEBUG: build_embeds succeeded
DEBUG: bs = 2
DEBUG: build_embeds succeeded
DEBUG: bs = 2
DEBUG: About to call build_embeds
DEBUG: About to call build_embeds
DEBUG: build_embeds succeeded
DEBUG: bs = 2
DEBUG: build_embeds succeeded
DEBUG: bs = 2
DEBUG: About to call build_embeds
DEBUG: About to call build_embeds
DEBUG: build_embeds succeeded
DEBUG: bs = 2
DEBUG: build_embeds succeeded
DEBUG: bs = 2
DEBUG: About to call build_embeds
DEBUG: About to call build_embeds
DEBUG: build_embeds succeeded
DEBUG: bs = 2
DEBUG: build_embeds succeeded
DEBUG: bs = 2
DEBUG: About to call build_embeds
DEBUG: About to call build_embeds
DEBUG: build_embeds succeeded
DEBUG: bs = 2
DEBUG: build_embeds succeeded
DEBUG: bs = 2
DEBUG: About to call build_embeds
DEBUG: About to call build_embeds
DEBUG: build_embeds succeeded
DEBUG: bs = 2
DEBUG: build_embeds succeeded
DEBUG: bs = 2
DEBUG: About to call build_embeds
DEBUG: About to call build_embeds
DEBUG: build_embeds succeeded
DEBUG: bs = 2
DEBUG: build_embeds succeeded
DEBUG: bs = 2
DEBUG: About to call build_embeds
DEBUG: About to call build_embeds
DEBUG: build_embeds succeeded
DEBUG: bs = 2
DEBUG: build_embeds succeeded
DEBUG: bs = 2
DEBUG: About to call build_embeds
DEBUG: About to call build_embeds
DEBUG: build_embeds succeeded
DEBUG: bs = 2
DEBUG: build_embeds succeeded
DEBUG: bs = 2
DEBUG: About to call build_embeds
DEBUG: About to call build_embeds
DEBUG: build_embeds succeeded
DEBUG: bs = 2
DEBUG: build_embeds succeeded
DEBUG: bs = 2
DEBUG: About to call build_embeds
DEBUG: About to call build_embeds
DEBUG: build_embeds succeeded
DEBUG: bs = 2
DEBUG: build_embeds succeeded
DEBUG: bs = 2
DEBUG: About to call build_embeds
DEBUG: About to call build_embeds
DEBUG: build_embeds succeeded
DEBUG: bs = 2
DEBUG: build_embeds succeeded
DEBUG: bs = 2
DEBUG: About to call build_embeds
DEBUG: About to call build_embeds
DEBUG: build_embeds succeeded
DEBUG: bs = 2
DEBUG: build_embeds succeeded
DEBUG: bs = 2
DEBUG: About to call build_embeds
DEBUG: About to call build_embeds
DEBUG: build_embeds succeeded
DEBUG: bs = 2
DEBUG: build_embeds succeeded
DEBUG: bs = 2
DEBUG: About to call build_embeds
DEBUG: About to call build_embeds
DEBUG: build_embeds succeeded
DEBUG: bs = 2
DEBUG: build_embeds succeeded
DEBUG: bs = 2
DEBUG: About to call build_embeds
DEBUG: About to call build_embeds
DEBUG: build_embeds succeeded
DEBUG: bs = 2
DEBUG: build_embeds succeeded
DEBUG: bs = 2
DEBUG: About to call build_embeds
DEBUG: About to call build_embeds
DEBUG: build_embeds succeeded
DEBUG: bs = 2
DEBUG: build_embeds succeeded
DEBUG: bs = 2
DEBUG: About to call build_embeds
DEBUG: About to call build_embeds
DEBUG: build_embeds succeededDEBUG: build_embeds succeeded
DEBUG: bs = 2

DEBUG: bs = 2
DEBUG: About to call build_embedsDEBUG: About to call build_embeds

DEBUG: build_embeds succeeded
DEBUG: bs = 2
DEBUG: build_embeds succeeded
DEBUG: bs = 2
DEBUG: About to call build_embeds
DEBUG: About to call build_embeds
DEBUG: build_embeds succeeded
DEBUG: bs = 2
DEBUG: build_embeds succeeded
DEBUG: bs = 2
DEBUG: About to call build_embeds
DEBUG: About to call build_embeds
DEBUG: build_embeds succeeded
DEBUG: bs = 2
DEBUG: build_embeds succeeded
DEBUG: bs = 2
DEBUG: About to call build_embeds
DEBUG: About to call build_embeds
DEBUG: build_embeds succeeded
DEBUG: bs = 2
DEBUG: build_embeds succeeded
DEBUG: bs = 2
DEBUG: About to call build_embeds
DEBUG: About to call build_embeds
DEBUG: build_embeds succeeded
DEBUG: bs = 2
DEBUG: build_embeds succeeded
DEBUG: bs = 2
DEBUG: About to call build_embeds
DEBUG: About to call build_embeds
DEBUG: build_embeds succeeded
DEBUG: bs = 2
DEBUG: build_embeds succeeded
DEBUG: bs = 2
DEBUG: About to call build_embeds
DEBUG: About to call build_embeds
DEBUG: build_embeds succeeded
DEBUG: bs = 2
DEBUG: build_embeds succeeded
DEBUG: bs = 2
DEBUG: About to call build_embeds
DEBUG: About to call build_embeds
DEBUG: build_embeds succeeded
DEBUG: bs = 2
DEBUG: build_embeds succeeded
DEBUG: bs = 2
DEBUG: About to call build_embeds
DEBUG: About to call build_embeds
DEBUG: build_embeds succeeded
DEBUG: bs = 2
DEBUG: build_embeds succeeded
DEBUG: bs = 2
DEBUG: About to call build_embeds
DEBUG: About to call build_embeds
DEBUG: build_embeds succeeded
DEBUG: bs = 2
DEBUG: build_embeds succeeded
DEBUG: bs = 2
DEBUG: About to call build_embeds
DEBUG: About to call build_embeds
DEBUG: build_embeds succeeded
DEBUG: bs = 2
DEBUG: build_embeds succeeded
DEBUG: bs = 2
DEBUG: About to call build_embeds
DEBUG: About to call build_embeds
DEBUG: build_embeds succeeded
DEBUG: bs = 2
DEBUG: build_embeds succeeded
DEBUG: bs = 2
DEBUG: About to call build_embeds
DEBUG: About to call build_embeds
DEBUG: build_embeds succeeded
DEBUG: bs = 2
DEBUG: build_embeds succeeded
DEBUG: bs = 2
DEBUG: About to call build_embeds
DEBUG: About to call build_embeds
DEBUG: build_embeds succeeded
DEBUG: bs = 2
DEBUG: build_embeds succeeded
DEBUG: bs = 2
DEBUG: About to call build_embeds
DEBUG: About to call build_embeds
DEBUG: build_embeds succeeded
DEBUG: bs = 2
DEBUG: build_embeds succeeded
DEBUG: bs = 2
DEBUG: About to call build_embedsDEBUG: About to call build_embeds

DEBUG: build_embeds succeeded
DEBUG: bs = 2
DEBUG: build_embeds succeeded
DEBUG: bs = 2
DEBUG: About to call build_embeds
DEBUG: About to call build_embeds
DEBUG: build_embeds succeeded
DEBUG: bs = 2
DEBUG: build_embeds succeeded
DEBUG: bs = 2
DEBUG: About to call build_embeds
DEBUG: About to call build_embeds
DEBUG: build_embeds succeeded
DEBUG: bs = 2
DEBUG: build_embeds succeeded
DEBUG: bs = 2
DEBUG: About to call build_embeds
DEBUG: About to call build_embeds
DEBUG: build_embeds succeeded
DEBUG: bs = 2
DEBUG: build_embeds succeeded
DEBUG: bs = 2
DEBUG: About to call build_embeds
DEBUG: About to call build_embeds
DEBUG: build_embeds succeeded
DEBUG: bs = 2
DEBUG: build_embeds succeeded
DEBUG: bs = 2
DEBUG: About to call build_embedsDEBUG: About to call build_embeds

DEBUG: build_embeds succeeded
DEBUG: bs = 2
DEBUG: build_embeds succeeded
DEBUG: bs = 2
DEBUG: About to call build_embeds
DEBUG: About to call build_embeds
DEBUG: build_embeds succeeded
DEBUG: bs = 2
DEBUG: build_embeds succeeded
DEBUG: bs = 2
DEBUG: About to call build_embedsDEBUG: About to call build_embeds

DEBUG: build_embeds succeeded
DEBUG: build_embeds succeeded
DEBUG: bs = 2DEBUG: bs = 2

DEBUG: About to call build_embeds
DEBUG: About to call build_embeds
DEBUG: build_embeds succeeded
DEBUG: bs = 2
DEBUG: build_embeds succeeded
DEBUG: bs = 2
DEBUG: About to call build_embeds
DEBUG: About to call build_embeds
DEBUG: build_embeds succeeded
DEBUG: bs = 2
DEBUG: build_embeds succeeded
DEBUG: bs = 2
{'target_metric': 0.4425, 'sentence_sim': 0.8155886444449425, 'cider': 2.1042375581275503, 'bleu': 0.2816614618774868, 'meteor': 0.3039403272527597, 'rouge': 0.5890245111922898}
{'target_metric': 0.4425, 'sentence_sim': 0.8155886444449425, 'cider': 2.1042375581275503, 'bleu': 0.2816614618774868, 'meteor': 0.3039403272527597, 'rouge': 0.5890245111922898}
[Epoch 9] finished eval, is_best: False
DEBUG: About to call build_embeds
DEBUG: build_embeds succeeded
DEBUG: bs = 2
DEBUG: About to call build_embeds
DEBUG: build_embeds succeeded
DEBUG: bs = 2
DEBUG: About to call build_embeds
DEBUG: About to call build_embeds
DEBUG: build_embeds succeeded
DEBUG: bs = 2
DEBUG: build_embeds succeeded
DEBUG: bs = 2
DEBUG: About to call build_embeds
DEBUG: About to call build_embeds
DEBUG: build_embeds succeeded
DEBUG: bs = 2
DEBUG: build_embeds succeeded
DEBUG: bs = 2
DEBUG: About to call build_embeds
DEBUG: About to call build_embeds
DEBUG: build_embeds succeeded
DEBUG: bs = 2
DEBUG: build_embeds succeeded
DEBUG: bs = 2
DEBUG: About to call build_embeds
DEBUG: About to call build_embeds
DEBUG: build_embeds succeeded
DEBUG: bs = 2
DEBUG: build_embeds succeeded
DEBUG: bs = 2
DEBUG: About to call build_embeds
DEBUG: About to call build_embeds
DEBUG: build_embeds succeeded
DEBUG: bs = 2
DEBUG: build_embeds succeeded
DEBUG: bs = 2
DEBUG: About to call build_embeds
DEBUG: About to call build_embeds
DEBUG: build_embeds succeeded
DEBUG: bs = 2
DEBUG: build_embeds succeeded
DEBUG: bs = 2
DEBUG: About to call build_embeds
DEBUG: About to call build_embeds
DEBUG: build_embeds succeeded
DEBUG: bs = 2
DEBUG: build_embeds succeeded
DEBUG: bs = 2
DEBUG: About to call build_embeds
DEBUG: About to call build_embeds
DEBUG: build_embeds succeeded
DEBUG: bs = 2
DEBUG: build_embeds succeeded
DEBUG: bs = 2
DEBUG: About to call build_embeds
DEBUG: About to call build_embeds
DEBUG: build_embeds succeeded
DEBUG: bs = 2
DEBUG: build_embeds succeeded
DEBUG: bs = 2
DEBUG: About to call build_embeds
DEBUG: About to call build_embeds
DEBUG: build_embeds succeeded
DEBUG: bs = 2
DEBUG: build_embeds succeeded
DEBUG: bs = 2
DEBUG: About to call build_embeds
DEBUG: About to call build_embeds
DEBUG: build_embeds succeeded
DEBUG: bs = 2
DEBUG: build_embeds succeeded
DEBUG: bs = 2
DEBUG: About to call build_embeds
DEBUG: About to call build_embeds
DEBUG: build_embeds succeeded
DEBUG: bs = 2
DEBUG: build_embeds succeeded
DEBUG: bs = 2
DEBUG: About to call build_embeds
DEBUG: About to call build_embeds
DEBUG: build_embeds succeeded
DEBUG: bs = 2DEBUG: build_embeds succeeded
DEBUG: bs = 2

DEBUG: About to call build_embeds
DEBUG: About to call build_embeds
DEBUG: build_embeds succeeded
DEBUG: bs = 2
DEBUG: build_embeds succeeded
DEBUG: bs = 2
DEBUG: About to call build_embeds
DEBUG: About to call build_embeds
DEBUG: build_embeds succeeded
DEBUG: bs = 2
DEBUG: build_embeds succeeded
DEBUG: bs = 2
DEBUG: About to call build_embeds
DEBUG: About to call build_embeds
DEBUG: build_embeds succeeded
DEBUG: bs = 2
DEBUG: build_embeds succeeded
DEBUG: bs = 2
DEBUG: About to call build_embeds
DEBUG: About to call build_embeds
DEBUG: build_embeds succeeded
DEBUG: bs = 2
DEBUG: build_embeds succeeded
DEBUG: bs = 2
DEBUG: About to call build_embeds
DEBUG: About to call build_embeds
DEBUG: build_embeds succeeded
DEBUG: bs = 2
DEBUG: build_embeds succeeded
DEBUG: bs = 2
DEBUG: About to call build_embeds
DEBUG: About to call build_embeds
DEBUG: build_embeds succeeded
DEBUG: bs = 2
DEBUG: build_embeds succeeded
DEBUG: bs = 2
DEBUG: About to call build_embeds
DEBUG: About to call build_embeds
DEBUG: build_embeds succeeded
DEBUG: bs = 2
DEBUG: build_embeds succeeded
DEBUG: bs = 2
DEBUG: About to call build_embeds
DEBUG: About to call build_embeds
DEBUG: build_embeds succeeded
DEBUG: bs = 2
DEBUG: build_embeds succeeded
DEBUG: bs = 2
DEBUG: About to call build_embeds
DEBUG: About to call build_embeds
DEBUG: build_embeds succeeded
DEBUG: bs = 2
DEBUG: build_embeds succeeded
DEBUG: bs = 2
DEBUG: About to call build_embeds
DEBUG: About to call build_embeds
DEBUG: build_embeds succeeded
DEBUG: bs = 2
DEBUG: build_embeds succeeded
DEBUG: bs = 2
DEBUG: About to call build_embeds
DEBUG: About to call build_embeds
DEBUG: build_embeds succeeded
DEBUG: bs = 2
DEBUG: build_embeds succeeded
DEBUG: bs = 2
DEBUG: About to call build_embeds
DEBUG: About to call build_embeds
DEBUG: build_embeds succeeded
DEBUG: bs = 2
DEBUG: build_embeds succeeded
DEBUG: bs = 2
DEBUG: About to call build_embedsDEBUG: About to call build_embeds

DEBUG: build_embeds succeeded
DEBUG: bs = 2
DEBUG: build_embeds succeeded
DEBUG: bs = 2
DEBUG: About to call build_embeds
DEBUG: About to call build_embeds
DEBUG: build_embeds succeeded
DEBUG: bs = 2
DEBUG: build_embeds succeeded
DEBUG: bs = 2
DEBUG: About to call build_embeds
DEBUG: About to call build_embeds
DEBUG: build_embeds succeeded
DEBUG: bs = 2
DEBUG: build_embeds succeeded
DEBUG: bs = 2
DEBUG: About to call build_embeds
DEBUG: About to call build_embeds
DEBUG: build_embeds succeeded
DEBUG: bs = 2
DEBUG: build_embeds succeeded
DEBUG: bs = 2
DEBUG: About to call build_embeds
DEBUG: About to call build_embeds
DEBUG: build_embeds succeeded
DEBUG: bs = 2
DEBUG: build_embeds succeeded
DEBUG: bs = 2
DEBUG: About to call build_embeds
DEBUG: About to call build_embeds
DEBUG: build_embeds succeeded
DEBUG: bs = 2
DEBUG: build_embeds succeeded
DEBUG: bs = 2
DEBUG: About to call build_embeds
DEBUG: About to call build_embeds
DEBUG: build_embeds succeeded
DEBUG: bs = 2DEBUG: build_embeds succeeded
DEBUG: bs = 2

DEBUG: About to call build_embeds
DEBUG: About to call build_embeds
DEBUG: build_embeds succeeded
DEBUG: bs = 2
DEBUG: build_embeds succeeded
DEBUG: bs = 2
DEBUG: About to call build_embeds
DEBUG: About to call build_embeds
DEBUG: build_embeds succeeded
DEBUG: bs = 2
DEBUG: build_embeds succeeded
DEBUG: bs = 2
DEBUG: About to call build_embeds
DEBUG: About to call build_embeds
DEBUG: build_embeds succeeded
DEBUG: bs = 2
DEBUG: build_embeds succeeded
DEBUG: bs = 2
DEBUG: About to call build_embeds
DEBUG: About to call build_embeds
DEBUG: build_embeds succeeded
DEBUG: bs = 2
DEBUG: build_embeds succeeded
DEBUG: bs = 2
DEBUG: About to call build_embeds
DEBUG: About to call build_embeds
DEBUG: build_embeds succeeded
DEBUG: bs = 2
DEBUG: build_embeds succeeded
DEBUG: bs = 2
DEBUG: About to call build_embeds
DEBUG: About to call build_embeds
DEBUG: build_embeds succeeded
DEBUG: bs = 2
DEBUG: build_embeds succeeded
DEBUG: bs = 2
DEBUG: About to call build_embeds
DEBUG: About to call build_embeds
DEBUG: build_embeds succeeded
DEBUG: bs = 2
DEBUG: build_embeds succeeded
DEBUG: bs = 2
DEBUG: About to call build_embeds
DEBUG: About to call build_embeds
DEBUG: build_embeds succeeded
DEBUG: bs = 2
DEBUG: build_embeds succeeded
DEBUG: bs = 2
DEBUG: About to call build_embeds
DEBUG: About to call build_embeds
DEBUG: build_embeds succeeded
DEBUG: bs = 2
DEBUG: build_embeds succeeded
DEBUG: bs = 2
DEBUG: About to call build_embeds
DEBUG: About to call build_embeds
DEBUG: build_embeds succeeded
DEBUG: bs = 2
DEBUG: build_embeds succeeded
DEBUG: bs = 2
DEBUG: About to call build_embeds
DEBUG: About to call build_embeds
DEBUG: build_embeds succeeded
DEBUG: bs = 2
DEBUG: build_embeds succeeded
DEBUG: bs = 2
DEBUG: About to call build_embeds
DEBUG: About to call build_embeds
DEBUG: build_embeds succeeded
DEBUG: bs = 2
DEBUG: build_embeds succeeded
DEBUG: bs = 2
DEBUG: About to call build_embeds
DEBUG: About to call build_embeds
DEBUG: build_embeds succeeded
DEBUG: bs = 2
DEBUG: build_embeds succeeded
DEBUG: bs = 2
DEBUG: About to call build_embeds
DEBUG: About to call build_embeds
DEBUG: build_embeds succeeded
DEBUG: bs = 2
DEBUG: build_embeds succeeded
DEBUG: bs = 2
DEBUG: About to call build_embeds
DEBUG: About to call build_embeds
DEBUG: build_embeds succeeded
DEBUG: bs = 2
DEBUG: build_embeds succeeded
DEBUG: bs = 2
DEBUG: About to call build_embeds
DEBUG: About to call build_embeds
DEBUG: build_embeds succeeded
DEBUG: bs = 2
DEBUG: build_embeds succeeded
DEBUG: bs = 2
DEBUG: About to call build_embeds
DEBUG: About to call build_embeds
DEBUG: build_embeds succeeded
DEBUG: bs = 2
DEBUG: build_embeds succeeded
DEBUG: bs = 2
DEBUG: About to call build_embeds
DEBUG: About to call build_embeds
DEBUG: build_embeds succeeded
DEBUG: bs = 2
DEBUG: build_embeds succeeded
DEBUG: bs = 2
DEBUG: About to call build_embeds
DEBUG: About to call build_embeds
DEBUG: build_embeds succeeded
DEBUG: bs = 2
DEBUG: build_embeds succeeded
DEBUG: bs = 2
DEBUG: About to call build_embeds
DEBUG: About to call build_embeds
DEBUG: build_embeds succeeded
DEBUG: bs = 2
DEBUG: build_embeds succeeded
DEBUG: bs = 2
DEBUG: About to call build_embeds
DEBUG: About to call build_embeds
DEBUG: build_embeds succeeded
DEBUG: bs = 2
DEBUG: build_embeds succeeded
DEBUG: bs = 2
DEBUG: About to call build_embeds
DEBUG: About to call build_embeds
DEBUG: build_embeds succeeded
DEBUG: bs = 2
DEBUG: build_embeds succeeded
DEBUG: bs = 2
DEBUG: About to call build_embedsDEBUG: About to call build_embeds

DEBUG: build_embeds succeeded
DEBUG: bs = 2
DEBUG: build_embeds succeeded
DEBUG: bs = 2
DEBUG: About to call build_embedsDEBUG: About to call build_embeds

DEBUG: build_embeds succeeded
DEBUG: bs = 2
DEBUG: build_embeds succeeded
DEBUG: bs = 2
DEBUG: About to call build_embeds
DEBUG: About to call build_embeds
DEBUG: build_embeds succeeded
DEBUG: bs = 2
DEBUG: build_embeds succeeded
DEBUG: bs = 2
DEBUG: About to call build_embedsDEBUG: About to call build_embeds

DEBUG: build_embeds succeeded
DEBUG: bs = 2
DEBUG: build_embeds succeeded
DEBUG: bs = 2
DEBUG: About to call build_embeds
DEBUG: About to call build_embeds
DEBUG: build_embeds succeeded
DEBUG: bs = 2
DEBUG: build_embeds succeeded
DEBUG: bs = 2
DEBUG: About to call build_embeds
DEBUG: About to call build_embeds
DEBUG: build_embeds succeeded
DEBUG: bs = 2
DEBUG: build_embeds succeeded
DEBUG: bs = 2
DEBUG: About to call build_embeds
DEBUG: About to call build_embeds
DEBUG: build_embeds succeeded
DEBUG: bs = 2
DEBUG: build_embeds succeeded
DEBUG: bs = 2
DEBUG: About to call build_embeds
DEBUG: About to call build_embeds
DEBUG: build_embeds succeeded
DEBUG: bs = 2
DEBUG: build_embeds succeeded
DEBUG: bs = 2
DEBUG: About to call build_embeds
DEBUG: About to call build_embeds
DEBUG: build_embeds succeeded
DEBUG: bs = 2
DEBUG: build_embeds succeeded
DEBUG: bs = 2
DEBUG: About to call build_embeds
DEBUG: About to call build_embeds
DEBUG: build_embeds succeeded
DEBUG: bs = 2
DEBUG: build_embeds succeeded
DEBUG: bs = 2
DEBUG: About to call build_embeds
DEBUG: About to call build_embeds
DEBUG: build_embeds succeeded
DEBUG: bs = 2
DEBUG: build_embeds succeeded
DEBUG: bs = 2
DEBUG: About to call build_embeds
DEBUG: About to call build_embeds
DEBUG: build_embeds succeeded
DEBUG: bs = 2
DEBUG: build_embeds succeeded
DEBUG: bs = 2
DEBUG: About to call build_embeds
DEBUG: About to call build_embeds
DEBUG: build_embeds succeeded
DEBUG: bs = 2
DEBUG: build_embeds succeeded
DEBUG: bs = 2
DEBUG: About to call build_embeds
DEBUG: About to call build_embeds
DEBUG: build_embeds succeeded
DEBUG: bs = 2
DEBUG: build_embeds succeeded
DEBUG: bs = 2
DEBUG: About to call build_embeds
DEBUG: About to call build_embeds
DEBUG: build_embeds succeeded
DEBUG: build_embeds succeeded
DEBUG: bs = 2
DEBUG: bs = 2
DEBUG: About to call build_embeds
DEBUG: About to call build_embeds
DEBUG: build_embeds succeeded
DEBUG: bs = 2
DEBUG: build_embeds succeeded
DEBUG: bs = 2
DEBUG: About to call build_embeds
DEBUG: About to call build_embeds
DEBUG: build_embeds succeeded
DEBUG: bs = 2
DEBUG: build_embeds succeeded
DEBUG: bs = 2
DEBUG: About to call build_embeds
DEBUG: About to call build_embeds
DEBUG: build_embeds succeeded
DEBUG: bs = 2
DEBUG: build_embeds succeeded
DEBUG: bs = 2
DEBUG: About to call build_embeds
DEBUG: About to call build_embeds
DEBUG: build_embeds succeeded
DEBUG: bs = 2
DEBUG: build_embeds succeeded
DEBUG: bs = 2
DEBUG: About to call build_embeds
DEBUG: About to call build_embeds
DEBUG: build_embeds succeeded
DEBUG: bs = 2
DEBUG: build_embeds succeeded
DEBUG: bs = 2
DEBUG: About to call build_embeds
DEBUG: About to call build_embeds
DEBUG: build_embeds succeeded
DEBUG: bs = 2
DEBUG: build_embeds succeeded
DEBUG: bs = 2
DEBUG: About to call build_embeds
DEBUG: About to call build_embeds
DEBUG: build_embeds succeeded
DEBUG: bs = 2
DEBUG: build_embeds succeeded
DEBUG: bs = 2
DEBUG: About to call build_embeds
DEBUG: About to call build_embeds
DEBUG: build_embeds succeeded
DEBUG: bs = 2
DEBUG: build_embeds succeeded
DEBUG: bs = 2
DEBUG: About to call build_embeds
DEBUG: About to call build_embeds
DEBUG: build_embeds succeeded
DEBUG: bs = 2
DEBUG: build_embeds succeeded
DEBUG: bs = 2
DEBUG: About to call build_embeds
DEBUG: About to call build_embeds
DEBUG: build_embeds succeeded
DEBUG: bs = 2
DEBUG: build_embeds succeeded
DEBUG: bs = 2
DEBUG: About to call build_embedsDEBUG: About to call build_embeds

DEBUG: build_embeds succeeded
DEBUG: bs = 2
DEBUG: build_embeds succeeded
DEBUG: bs = 2
DEBUG: About to call build_embeds
DEBUG: About to call build_embeds
DEBUG: build_embeds succeeded
DEBUG: bs = 2DEBUG: build_embeds succeeded
DEBUG: bs = 2

DEBUG: About to call build_embeds
DEBUG: About to call build_embeds
DEBUG: build_embeds succeeded
DEBUG: bs = 2
DEBUG: build_embeds succeeded
DEBUG: bs = 2
DEBUG: About to call build_embeds
DEBUG: About to call build_embeds
DEBUG: build_embeds succeeded
DEBUG: bs = 2
DEBUG: build_embeds succeeded
DEBUG: bs = 2
DEBUG: About to call build_embeds
DEBUG: About to call build_embeds
DEBUG: build_embeds succeeded
DEBUG: bs = 2
DEBUG: build_embeds succeeded
DEBUG: bs = 2
DEBUG: About to call build_embeds
DEBUG: About to call build_embeds
DEBUG: build_embeds succeeded
DEBUG: bs = 2
DEBUG: build_embeds succeeded
DEBUG: bs = 2
DEBUG: About to call build_embeds
DEBUG: About to call build_embeds
DEBUG: build_embeds succeeded
DEBUG: bs = 2
DEBUG: build_embeds succeeded
DEBUG: bs = 2
DEBUG: About to call build_embeds
DEBUG: About to call build_embeds
DEBUG: build_embeds succeeded
DEBUG: bs = 2
DEBUG: build_embeds succeeded
DEBUG: bs = 2
DEBUG: About to call build_embeds
DEBUG: About to call build_embeds
DEBUG: build_embeds succeeded
DEBUG: bs = 2
DEBUG: build_embeds succeeded
DEBUG: bs = 2
DEBUG: About to call build_embeds
DEBUG: About to call build_embeds
DEBUG: build_embeds succeeded
DEBUG: bs = 2
DEBUG: build_embeds succeeded
DEBUG: bs = 2
DEBUG: About to call build_embedsDEBUG: About to call build_embeds

DEBUG: build_embeds succeeded
DEBUG: bs = 2
DEBUG: build_embeds succeeded
DEBUG: bs = 2
DEBUG: About to call build_embeds
DEBUG: About to call build_embeds
DEBUG: build_embeds succeeded
DEBUG: bs = 2
DEBUG: build_embeds succeeded
DEBUG: bs = 2
DEBUG: About to call build_embeds
DEBUG: About to call build_embeds
DEBUG: build_embeds succeeded
DEBUG: bs = 2
DEBUG: build_embeds succeeded
DEBUG: bs = 2
DEBUG: About to call build_embeds
DEBUG: About to call build_embeds
DEBUG: build_embeds succeeded
DEBUG: bs = 2
DEBUG: build_embeds succeeded
DEBUG: bs = 2
DEBUG: About to call build_embeds
DEBUG: About to call build_embeds
DEBUG: build_embeds succeeded
DEBUG: bs = 2
DEBUG: build_embeds succeeded
DEBUG: bs = 2
DEBUG: About to call build_embeds
DEBUG: About to call build_embeds
DEBUG: build_embeds succeeded
DEBUG: bs = 2
DEBUG: build_embeds succeeded
DEBUG: bs = 2
DEBUG: About to call build_embeds
DEBUG: About to call build_embeds
DEBUG: build_embeds succeeded
DEBUG: bs = 2
DEBUG: build_embeds succeeded
DEBUG: bs = 2
DEBUG: About to call build_embeds
DEBUG: About to call build_embeds
DEBUG: build_embeds succeeded
DEBUG: bs = 2
DEBUG: build_embeds succeeded
DEBUG: bs = 2
DEBUG: About to call build_embeds
DEBUG: About to call build_embeds
DEBUG: build_embeds succeeded
DEBUG: bs = 2
DEBUG: build_embeds succeeded
DEBUG: bs = 2
DEBUG: About to call build_embedsDEBUG: About to call build_embeds

DEBUG: build_embeds succeeded
DEBUG: bs = 2
DEBUG: build_embeds succeeded
DEBUG: bs = 2
{'target_metric': 0.275, 'sentence_sim': 0.7960591155290604, 'cider': 2.573963180166916, 'bleu': 0.31179897802851203, 'meteor': 0.3036077615266355, 'rouge': 0.5911114372849964}{'target_metric': 0.275, 'sentence_sim': 0.7960591155290604, 'cider': 2.573963180166916, 'bleu': 0.31179897802851203, 'meteor': 0.3036077615266355, 'rouge': 0.5911114372849964}

DEBUG: About to call build_embeds
DEBUG: About to call build_embeds
DEBUG: build_embeds succeeded
DEBUG: bs = 2
DEBUG: build_embeds succeeded
DEBUG: bs = 2
DEBUG: About to call build_embeds
DEBUG: About to call build_embeds
DEBUG: build_embeds succeeded
DEBUG: bs = 2
DEBUG: build_embeds succeeded
DEBUG: bs = 2
DEBUG: About to call build_embeds
DEBUG: About to call build_embeds
DEBUG: build_embeds succeeded
DEBUG: bs = 2
DEBUG: build_embeds succeeded
DEBUG: bs = 2
DEBUG: About to call build_embeds
DEBUG: About to call build_embeds
DEBUG: build_embeds succeeded
DEBUG: bs = 2
DEBUG: build_embeds succeeded
DEBUG: bs = 2
DEBUG: About to call build_embeds
DEBUG: About to call build_embeds
DEBUG: build_embeds succeeded
DEBUG: bs = 2
DEBUG: build_embeds succeeded
DEBUG: bs = 2
DEBUG: About to call build_embedsDEBUG: About to call build_embeds

DEBUG: build_embeds succeeded
DEBUG: bs = 2
DEBUG: build_embeds succeeded
DEBUG: bs = 2
DEBUG: About to call build_embeds
DEBUG: About to call build_embeds
DEBUG: build_embeds succeeded
DEBUG: bs = 2
DEBUG: build_embeds succeeded
DEBUG: bs = 2
DEBUG: About to call build_embeds
DEBUG: About to call build_embeds
DEBUG: build_embeds succeeded
DEBUG: bs = 2
DEBUG: build_embeds succeeded
DEBUG: bs = 2
DEBUG: About to call build_embeds
DEBUG: About to call build_embeds
DEBUG: build_embeds succeeded
DEBUG: bs = 2
DEBUG: build_embeds succeeded
DEBUG: bs = 2
DEBUG: About to call build_embeds
DEBUG: About to call build_embeds
DEBUG: build_embeds succeeded
DEBUG: bs = 2
DEBUG: build_embeds succeeded
DEBUG: bs = 2
DEBUG: About to call build_embedsDEBUG: About to call build_embeds

DEBUG: build_embeds succeeded
DEBUG: bs = 2
DEBUG: build_embeds succeeded
DEBUG: bs = 2
DEBUG: About to call build_embeds
DEBUG: About to call build_embeds
DEBUG: build_embeds succeeded
DEBUG: bs = 2
DEBUG: build_embeds succeeded
DEBUG: bs = 2
DEBUG: About to call build_embeds
DEBUG: About to call build_embeds
DEBUG: build_embeds succeededDEBUG: build_embeds succeeded
DEBUG: bs = 2

DEBUG: bs = 2
DEBUG: About to call build_embeds
DEBUG: About to call build_embeds
DEBUG: build_embeds succeeded
DEBUG: bs = 2
DEBUG: build_embeds succeeded
DEBUG: bs = 2
DEBUG: About to call build_embeds
DEBUG: About to call build_embeds
DEBUG: build_embeds succeeded
DEBUG: build_embeds succeededDEBUG: bs = 2
DEBUG: bs = 2

DEBUG: About to call build_embeds
DEBUG: About to call build_embeds
DEBUG: build_embeds succeeded
DEBUG: bs = 2
DEBUG: build_embeds succeeded
DEBUG: bs = 2
DEBUG: About to call build_embeds
DEBUG: About to call build_embeds
DEBUG: build_embeds succeeded
DEBUG: bs = 2
DEBUG: build_embeds succeeded
DEBUG: bs = 2
DEBUG: About to call build_embeds
DEBUG: About to call build_embeds
DEBUG: build_embeds succeeded
DEBUG: bs = 2
DEBUG: build_embeds succeeded
DEBUG: bs = 2
DEBUG: About to call build_embeds
DEBUG: About to call build_embeds
DEBUG: build_embeds succeeded
DEBUG: bs = 2
DEBUG: build_embeds succeeded
DEBUG: bs = 2
DEBUG: About to call build_embeds
DEBUG: About to call build_embeds
DEBUG: build_embeds succeeded
DEBUG: bs = 2
DEBUG: build_embeds succeeded
DEBUG: bs = 2
DEBUG: About to call build_embeds
DEBUG: About to call build_embeds
DEBUG: build_embeds succeeded
DEBUG: bs = 2
DEBUG: build_embeds succeeded
DEBUG: bs = 2
DEBUG: About to call build_embeds
DEBUG: About to call build_embeds
DEBUG: build_embeds succeeded
DEBUG: bs = 2
DEBUG: build_embeds succeeded
DEBUG: bs = 2
DEBUG: About to call build_embeds
DEBUG: About to call build_embeds
DEBUG: build_embeds succeeded
DEBUG: bs = 2
DEBUG: build_embeds succeeded
DEBUG: bs = 2
DEBUG: About to call build_embeds
DEBUG: About to call build_embeds
DEBUG: build_embeds succeeded
DEBUG: bs = 2
DEBUG: build_embeds succeeded
DEBUG: bs = 2
DEBUG: About to call build_embeds
DEBUG: About to call build_embeds
DEBUG: build_embeds succeeded
DEBUG: bs = 2
DEBUG: build_embeds succeeded
DEBUG: bs = 2
DEBUG: About to call build_embeds
DEBUG: About to call build_embeds
DEBUG: build_embeds succeeded
DEBUG: bs = 2
DEBUG: build_embeds succeeded
DEBUG: bs = 2
DEBUG: About to call build_embeds
DEBUG: About to call build_embeds
DEBUG: build_embeds succeeded
DEBUG: bs = 2
DEBUG: build_embeds succeeded
DEBUG: bs = 2
DEBUG: About to call build_embeds
DEBUG: About to call build_embeds
DEBUG: build_embeds succeeded
DEBUG: bs = 2
DEBUG: build_embeds succeeded
DEBUG: bs = 2
DEBUG: About to call build_embeds
DEBUG: About to call build_embeds
DEBUG: build_embeds succeeded
DEBUG: bs = 2
DEBUG: build_embeds succeeded
DEBUG: bs = 2
DEBUG: About to call build_embeds
DEBUG: About to call build_embeds
DEBUG: build_embeds succeeded
DEBUG: bs = 2
DEBUG: build_embeds succeeded
DEBUG: bs = 2
DEBUG: About to call build_embeds
DEBUG: About to call build_embeds
DEBUG: build_embeds succeeded
DEBUG: bs = 2
DEBUG: build_embeds succeeded
DEBUG: bs = 2
DEBUG: About to call build_embedsDEBUG: About to call build_embeds

DEBUG: build_embeds succeeded
DEBUG: bs = 2
DEBUG: build_embeds succeeded
DEBUG: bs = 2
DEBUG: About to call build_embeds
DEBUG: About to call build_embeds
DEBUG: build_embeds succeeded
DEBUG: bs = 2
DEBUG: build_embeds succeeded
DEBUG: bs = 2
DEBUG: About to call build_embeds
DEBUG: About to call build_embeds
DEBUG: build_embeds succeeded
DEBUG: bs = 2
DEBUG: build_embeds succeeded
DEBUG: bs = 2
DEBUG: About to call build_embeds
DEBUG: About to call build_embeds
DEBUG: build_embeds succeeded
DEBUG: bs = 2
DEBUG: build_embeds succeeded
DEBUG: bs = 2
DEBUG: About to call build_embeds
DEBUG: About to call build_embeds
DEBUG: build_embeds succeeded
DEBUG: bs = 2
DEBUG: build_embeds succeeded
DEBUG: bs = 2
DEBUG: About to call build_embeds
DEBUG: About to call build_embeds
DEBUG: build_embeds succeeded
DEBUG: bs = 2
DEBUG: build_embeds succeeded
DEBUG: bs = 2
DEBUG: About to call build_embeds
DEBUG: About to call build_embeds
DEBUG: build_embeds succeeded
DEBUG: bs = 2
DEBUG: build_embeds succeeded
DEBUG: bs = 2
DEBUG: About to call build_embeds
DEBUG: About to call build_embeds
DEBUG: build_embeds succeeded
DEBUG: bs = 2
DEBUG: build_embeds succeeded
DEBUG: bs = 2
DEBUG: About to call build_embeds
DEBUG: About to call build_embeds
DEBUG: build_embeds succeeded
DEBUG: bs = 2
DEBUG: build_embeds succeeded
DEBUG: bs = 2
DEBUG: About to call build_embeds
DEBUG: About to call build_embeds
DEBUG: build_embeds succeeded
DEBUG: bs = 2
DEBUG: build_embeds succeeded
DEBUG: bs = 2
DEBUG: About to call build_embeds
DEBUG: About to call build_embeds
DEBUG: build_embeds succeeded
DEBUG: bs = 2
DEBUG: build_embeds succeeded
DEBUG: bs = 2
DEBUG: About to call build_embeds
DEBUG: About to call build_embeds
DEBUG: build_embeds succeeded
DEBUG: bs = 2
DEBUG: build_embeds succeeded
DEBUG: bs = 2
DEBUG: About to call build_embeds
DEBUG: About to call build_embeds
DEBUG: build_embeds succeeded
DEBUG: bs = 2
DEBUG: build_embeds succeeded
DEBUG: bs = 2
DEBUG: About to call build_embeds
DEBUG: About to call build_embeds
DEBUG: build_embeds succeeded
DEBUG: bs = 2
DEBUG: build_embeds succeeded
DEBUG: bs = 2
DEBUG: About to call build_embeds
DEBUG: About to call build_embeds
DEBUG: build_embeds succeeded
DEBUG: bs = 2
DEBUG: build_embeds succeeded
DEBUG: bs = 2
DEBUG: About to call build_embeds
DEBUG: About to call build_embeds
DEBUG: build_embeds succeeded
DEBUG: bs = 2
DEBUG: build_embeds succeeded
DEBUG: bs = 2
DEBUG: About to call build_embeds
DEBUG: About to call build_embeds
DEBUG: build_embeds succeeded
DEBUG: bs = 2
DEBUG: build_embeds succeeded
DEBUG: bs = 2
DEBUG: About to call build_embeds
DEBUG: About to call build_embeds
DEBUG: build_embeds succeeded
DEBUG: bs = 2
DEBUG: build_embeds succeeded
DEBUG: bs = 2
DEBUG: About to call build_embeds
DEBUG: About to call build_embeds
DEBUG: build_embeds succeeded
DEBUG: bs = 2
DEBUG: build_embeds succeeded
DEBUG: bs = 2
DEBUG: About to call build_embeds
DEBUG: About to call build_embeds
DEBUG: build_embeds succeeded
DEBUG: bs = 2
DEBUG: build_embeds succeeded
DEBUG: bs = 2
DEBUG: About to call build_embeds
DEBUG: About to call build_embeds
DEBUG: build_embeds succeeded
DEBUG: bs = 2
DEBUG: build_embeds succeeded
DEBUG: bs = 2
DEBUG: About to call build_embeds
DEBUG: About to call build_embeds
DEBUG: build_embeds succeeded
DEBUG: bs = 2
DEBUG: build_embeds succeeded
DEBUG: bs = 2
DEBUG: About to call build_embeds
DEBUG: About to call build_embeds
DEBUG: build_embeds succeeded
DEBUG: bs = 2
DEBUG: build_embeds succeeded
DEBUG: bs = 2
DEBUG: About to call build_embeds
DEBUG: About to call build_embeds
DEBUG: build_embeds succeeded
DEBUG: bs = 2
DEBUG: build_embeds succeeded
DEBUG: bs = 2
DEBUG: About to call build_embeds
DEBUG: About to call build_embeds
DEBUG: build_embeds succeeded
DEBUG: bs = 2
DEBUG: build_embeds succeeded
DEBUG: bs = 2
DEBUG: About to call build_embeds
DEBUG: About to call build_embeds
DEBUG: build_embeds succeededDEBUG: build_embeds succeeded
DEBUG: bs = 2

DEBUG: bs = 2
DEBUG: About to call build_embeds
DEBUG: About to call build_embeds
DEBUG: build_embeds succeeded
DEBUG: bs = 2
DEBUG: build_embeds succeeded
DEBUG: bs = 2
DEBUG: About to call build_embeds
DEBUG: About to call build_embeds
DEBUG: build_embeds succeeded
DEBUG: bs = 2
DEBUG: build_embeds succeeded
DEBUG: bs = 2
DEBUG: About to call build_embeds
DEBUG: About to call build_embeds
DEBUG: build_embeds succeeded
DEBUG: bs = 2
DEBUG: build_embeds succeeded
DEBUG: bs = 2
DEBUG: About to call build_embeds
DEBUG: About to call build_embeds
DEBUG: build_embeds succeeded
DEBUG: bs = 2
DEBUG: build_embeds succeeded
DEBUG: bs = 2
DEBUG: About to call build_embeds
DEBUG: About to call build_embeds
DEBUG: build_embeds succeeded
DEBUG: bs = 2
DEBUG: build_embeds succeeded
DEBUG: bs = 2
DEBUG: About to call build_embeds
DEBUG: About to call build_embeds
DEBUG: build_embeds succeeded
DEBUG: bs = 2
DEBUG: build_embeds succeeded
DEBUG: bs = 2
DEBUG: About to call build_embeds
DEBUG: About to call build_embeds
DEBUG: build_embeds succeeded
DEBUG: bs = 2
DEBUG: build_embeds succeeded
DEBUG: bs = 2
DEBUG: About to call build_embeds
DEBUG: About to call build_embeds
DEBUG: build_embeds succeeded
DEBUG: bs = 2
DEBUG: build_embeds succeeded
DEBUG: bs = 2
DEBUG: About to call build_embeds
DEBUG: About to call build_embeds
DEBUG: build_embeds succeeded
DEBUG: bs = 2
DEBUG: build_embeds succeeded
DEBUG: bs = 2
DEBUG: About to call build_embeds
DEBUG: About to call build_embeds
DEBUG: build_embeds succeeded
DEBUG: bs = 2
DEBUG: build_embeds succeeded
DEBUG: bs = 2
DEBUG: About to call build_embeds
DEBUG: About to call build_embeds
DEBUG: build_embeds succeeded
DEBUG: bs = 2
DEBUG: build_embeds succeeded
DEBUG: bs = 2
DEBUG: About to call build_embeds
DEBUG: About to call build_embeds
DEBUG: build_embeds succeeded
DEBUG: bs = 2
DEBUG: build_embeds succeeded
DEBUG: bs = 2
DEBUG: About to call build_embeds
DEBUG: About to call build_embeds
DEBUG: build_embeds succeeded
DEBUG: bs = 2
DEBUG: build_embeds succeeded
DEBUG: bs = 2
DEBUG: About to call build_embeds
DEBUG: About to call build_embeds
DEBUG: build_embeds succeeded
DEBUG: bs = 2
DEBUG: build_embeds succeeded
DEBUG: bs = 2
DEBUG: About to call build_embeds
DEBUG: About to call build_embeds
DEBUG: build_embeds succeeded
DEBUG: bs = 2
DEBUG: build_embeds succeeded
DEBUG: bs = 2
DEBUG: About to call build_embeds
DEBUG: About to call build_embeds
DEBUG: build_embeds succeeded
DEBUG: bs = 2
DEBUG: build_embeds succeeded
DEBUG: bs = 2
DEBUG: About to call build_embeds
DEBUG: About to call build_embeds
DEBUG: build_embeds succeeded
DEBUG: bs = 2
DEBUG: build_embeds succeeded
DEBUG: bs = 2
DEBUG: About to call build_embedsDEBUG: About to call build_embeds

DEBUG: build_embeds succeeded
DEBUG: bs = 2
DEBUG: build_embeds succeeded
DEBUG: bs = 2
DEBUG: About to call build_embedsDEBUG: About to call build_embeds

DEBUG: build_embeds succeeded
DEBUG: bs = 2
DEBUG: build_embeds succeeded
DEBUG: bs = 2
DEBUG: About to call build_embeds
DEBUG: About to call build_embeds
DEBUG: build_embeds succeeded
DEBUG: bs = 2
DEBUG: build_embeds succeeded
DEBUG: bs = 2
DEBUG: About to call build_embeds
DEBUG: About to call build_embeds
DEBUG: build_embeds succeeded
DEBUG: bs = 2
DEBUG: build_embeds succeeded
DEBUG: bs = 2
DEBUG: About to call build_embeds
DEBUG: About to call build_embeds
DEBUG: build_embeds succeeded
DEBUG: bs = 2
DEBUG: build_embeds succeeded
DEBUG: bs = 2
DEBUG: About to call build_embeds
DEBUG: About to call build_embeds
DEBUG: build_embeds succeeded
DEBUG: bs = 2
DEBUG: build_embeds succeeded
DEBUG: bs = 2
DEBUG: About to call build_embeds
DEBUG: About to call build_embeds
DEBUG: build_embeds succeeded
DEBUG: bs = 2
DEBUG: build_embeds succeeded
DEBUG: bs = 2
DEBUG: About to call build_embeds
DEBUG: About to call build_embeds
DEBUG: build_embeds succeeded
DEBUG: bs = 2
DEBUG: build_embeds succeeded
DEBUG: bs = 2
DEBUG: About to call build_embeds
DEBUG: About to call build_embeds
DEBUG: build_embeds succeeded
DEBUG: bs = 2
DEBUG: build_embeds succeeded
DEBUG: bs = 2
DEBUG: About to call build_embeds
DEBUG: About to call build_embeds
DEBUG: build_embeds succeeded
DEBUG: bs = 2
DEBUG: build_embeds succeeded
DEBUG: bs = 2
DEBUG: About to call build_embeds
DEBUG: About to call build_embeds
DEBUG: build_embeds succeeded
DEBUG: bs = 2
DEBUG: build_embeds succeeded
DEBUG: bs = 2
DEBUG: About to call build_embeds
DEBUG: About to call build_embeds
DEBUG: build_embeds succeededDEBUG: build_embeds succeeded
DEBUG: bs = 2

DEBUG: bs = 2
DEBUG: About to call build_embeds
DEBUG: About to call build_embeds
DEBUG: build_embeds succeeded
DEBUG: bs = 2
DEBUG: build_embeds succeeded
DEBUG: bs = 2
DEBUG: About to call build_embeds
DEBUG: About to call build_embeds
DEBUG: build_embeds succeeded
DEBUG: bs = 2
DEBUG: build_embeds succeeded
DEBUG: bs = 2
DEBUG: About to call build_embeds
DEBUG: About to call build_embeds
DEBUG: build_embeds succeededDEBUG: build_embeds succeeded
DEBUG: bs = 2

DEBUG: bs = 2
DEBUG: About to call build_embeds
DEBUG: About to call build_embeds
DEBUG: build_embeds succeeded
DEBUG: bs = 2
DEBUG: build_embeds succeeded
DEBUG: bs = 2
DEBUG: About to call build_embeds
DEBUG: About to call build_embeds
DEBUG: build_embeds succeeded
DEBUG: bs = 2
DEBUG: build_embeds succeeded
DEBUG: bs = 2
DEBUG: About to call build_embeds
DEBUG: About to call build_embeds
DEBUG: build_embeds succeeded
DEBUG: bs = 2
DEBUG: build_embeds succeeded
DEBUG: bs = 2
DEBUG: About to call build_embeds
DEBUG: About to call build_embeds
DEBUG: build_embeds succeeded
DEBUG: bs = 2
DEBUG: build_embeds succeeded
DEBUG: bs = 2
DEBUG: About to call build_embeds
DEBUG: About to call build_embeds
DEBUG: build_embeds succeeded
DEBUG: bs = 2
DEBUG: build_embeds succeeded
DEBUG: bs = 2
DEBUG: About to call build_embeds
DEBUG: About to call build_embeds
DEBUG: build_embeds succeeded
DEBUG: bs = 2
DEBUG: build_embeds succeeded
DEBUG: bs = 2
DEBUG: About to call build_embeds
DEBUG: About to call build_embeds
DEBUG: build_embeds succeeded
DEBUG: bs = 2
DEBUG: build_embeds succeeded
DEBUG: bs = 2
DEBUG: About to call build_embeds
DEBUG: About to call build_embeds
DEBUG: build_embeds succeeded
DEBUG: bs = 2
DEBUG: build_embeds succeeded
DEBUG: bs = 2
DEBUG: About to call build_embeds
DEBUG: About to call build_embeds
DEBUG: build_embeds succeeded
DEBUG: bs = 2
DEBUG: build_embeds succeeded
DEBUG: bs = 2
DEBUG: About to call build_embeds
DEBUG: About to call build_embeds
DEBUG: build_embeds succeeded
DEBUG: bs = 2
DEBUG: build_embeds succeeded
DEBUG: bs = 2
DEBUG: About to call build_embeds
DEBUG: About to call build_embeds
DEBUG: build_embeds succeeded
DEBUG: bs = 2
DEBUG: build_embeds succeeded
DEBUG: bs = 2
{'target_metric': 0.335, 'sentence_sim': 0.8043277564644814, 'cider': 2.597202978488059, 'bleu': 0.25325508678091496, 'meteor': 0.2943349207632565, 'rouge': 0.5954158478054324}
DEBUG: About to call build_embeds
DEBUG: build_embeds succeeded
DEBUG: bs = 2
{'target_metric': 0.335, 'sentence_sim': 0.8043277564644814, 'cider': 2.597202978488059, 'bleu': 0.25325508678091496, 'meteor': 0.2943349207632565, 'rouge': 0.5954158478054324}
DEBUG: About to call build_embeds
DEBUG: build_embeds succeeded
DEBUG: bs = 2
DEBUG: About to call build_embeds
DEBUG: About to call build_embeds
DEBUG: build_embeds succeeded
DEBUG: bs = 2
DEBUG: build_embeds succeeded
DEBUG: bs = 2
DEBUG: About to call build_embeds
DEBUG: About to call build_embeds
DEBUG: build_embeds succeeded
DEBUG: bs = 2
DEBUG: build_embeds succeeded
DEBUG: bs = 2
DEBUG: About to call build_embeds
DEBUG: About to call build_embeds
DEBUG: build_embeds succeeded
DEBUG: bs = 2
DEBUG: build_embeds succeeded
DEBUG: bs = 2
DEBUG: About to call build_embeds
DEBUG: About to call build_embeds
DEBUG: build_embeds succeeded
DEBUG: bs = 2
DEBUG: build_embeds succeeded
DEBUG: bs = 2
DEBUG: About to call build_embeds
DEBUG: About to call build_embeds
DEBUG: build_embeds succeeded
DEBUG: bs = 2
DEBUG: build_embeds succeeded
DEBUG: bs = 2
DEBUG: About to call build_embeds
DEBUG: About to call build_embeds
DEBUG: build_embeds succeeded
DEBUG: bs = 2
DEBUG: build_embeds succeeded
DEBUG: bs = 2
DEBUG: About to call build_embeds
DEBUG: About to call build_embeds
DEBUG: build_embeds succeeded
DEBUG: bs = 2
DEBUG: build_embeds succeeded
DEBUG: bs = 2
DEBUG: About to call build_embeds
DEBUG: About to call build_embeds
DEBUG: build_embeds succeeded
DEBUG: bs = 2
DEBUG: build_embeds succeeded
DEBUG: bs = 2
DEBUG: About to call build_embeds
DEBUG: About to call build_embeds
DEBUG: build_embeds succeeded
DEBUG: bs = 2
DEBUG: build_embeds succeeded
DEBUG: bs = 2
DEBUG: About to call build_embeds
DEBUG: About to call build_embeds
DEBUG: build_embeds succeeded
DEBUG: bs = 2
DEBUG: build_embeds succeeded
DEBUG: bs = 2
DEBUG: About to call build_embeds
DEBUG: About to call build_embeds
DEBUG: build_embeds succeeded
DEBUG: bs = 2
DEBUG: build_embeds succeeded
DEBUG: bs = 2
DEBUG: About to call build_embeds
DEBUG: About to call build_embeds
DEBUG: build_embeds succeeded
DEBUG: bs = 2
DEBUG: build_embeds succeeded
DEBUG: bs = 2
DEBUG: About to call build_embeds
DEBUG: About to call build_embeds
DEBUG: build_embeds succeeded
DEBUG: bs = 2
DEBUG: build_embeds succeeded
DEBUG: bs = 2
DEBUG: About to call build_embeds
DEBUG: About to call build_embeds
DEBUG: build_embeds succeeded
DEBUG: bs = 2
DEBUG: build_embeds succeeded
DEBUG: bs = 2
DEBUG: About to call build_embeds
DEBUG: About to call build_embeds
DEBUG: build_embeds succeeded
DEBUG: bs = 2
DEBUG: build_embeds succeeded
DEBUG: bs = 2
DEBUG: About to call build_embeds
DEBUG: About to call build_embeds
DEBUG: build_embeds succeeded
DEBUG: bs = 2
DEBUG: build_embeds succeeded
DEBUG: bs = 2
DEBUG: About to call build_embedsDEBUG: About to call build_embeds

DEBUG: build_embeds succeeded
DEBUG: bs = 2
DEBUG: build_embeds succeeded
DEBUG: bs = 2
DEBUG: About to call build_embeds
DEBUG: About to call build_embeds
DEBUG: build_embeds succeeded
DEBUG: bs = 2
DEBUG: build_embeds succeeded
DEBUG: bs = 2
DEBUG: About to call build_embeds
DEBUG: About to call build_embeds
DEBUG: build_embeds succeeded
DEBUG: bs = 2
DEBUG: build_embeds succeeded
DEBUG: bs = 2
DEBUG: About to call build_embeds
DEBUG: About to call build_embeds
DEBUG: build_embeds succeeded
DEBUG: bs = 2
DEBUG: build_embeds succeeded
DEBUG: bs = 2
DEBUG: About to call build_embeds
DEBUG: About to call build_embeds
DEBUG: build_embeds succeeded
DEBUG: bs = 2
DEBUG: build_embeds succeeded
DEBUG: bs = 2
DEBUG: About to call build_embeds
DEBUG: About to call build_embeds
DEBUG: build_embeds succeeded
DEBUG: bs = 2
DEBUG: build_embeds succeeded
DEBUG: bs = 2
DEBUG: About to call build_embeds
DEBUG: About to call build_embeds
DEBUG: build_embeds succeeded
DEBUG: bs = 2
DEBUG: build_embeds succeeded
DEBUG: bs = 2
DEBUG: About to call build_embeds
DEBUG: About to call build_embeds
DEBUG: build_embeds succeeded
DEBUG: bs = 2
DEBUG: build_embeds succeeded
DEBUG: bs = 2
DEBUG: About to call build_embeds
DEBUG: About to call build_embeds
DEBUG: build_embeds succeeded
DEBUG: bs = 2
DEBUG: build_embeds succeeded
DEBUG: bs = 2
DEBUG: About to call build_embeds
DEBUG: About to call build_embeds
DEBUG: build_embeds succeeded
DEBUG: bs = 2
DEBUG: build_embeds succeeded
DEBUG: bs = 2
DEBUG: About to call build_embeds
DEBUG: About to call build_embeds
DEBUG: build_embeds succeeded
DEBUG: bs = 2
DEBUG: build_embeds succeeded
DEBUG: bs = 2
DEBUG: About to call build_embeds
DEBUG: About to call build_embeds
DEBUG: build_embeds succeeded
DEBUG: bs = 2
DEBUG: build_embeds succeeded
DEBUG: bs = 2
DEBUG: About to call build_embeds
DEBUG: About to call build_embeds
DEBUG: build_embeds succeeded
DEBUG: bs = 2
DEBUG: build_embeds succeeded
DEBUG: bs = 2
DEBUG: About to call build_embeds
DEBUG: About to call build_embeds
DEBUG: build_embeds succeeded
DEBUG: bs = 2
DEBUG: build_embeds succeeded
DEBUG: bs = 2
DEBUG: About to call build_embeds
DEBUG: About to call build_embeds
DEBUG: build_embeds succeeded
DEBUG: bs = 2
DEBUG: build_embeds succeeded
DEBUG: bs = 2
DEBUG: About to call build_embeds
DEBUG: About to call build_embeds
DEBUG: build_embeds succeeded
DEBUG: bs = 2
DEBUG: build_embeds succeeded
DEBUG: bs = 2
DEBUG: About to call build_embedsDEBUG: About to call build_embeds

DEBUG: build_embeds succeeded
DEBUG: bs = 2
DEBUG: build_embeds succeeded
DEBUG: bs = 2
DEBUG: About to call build_embeds
DEBUG: About to call build_embeds
DEBUG: build_embeds succeeded
DEBUG: bs = 2
DEBUG: build_embeds succeeded
DEBUG: bs = 2
DEBUG: About to call build_embeds
DEBUG: About to call build_embeds
DEBUG: build_embeds succeeded
DEBUG: bs = 2
DEBUG: build_embeds succeeded
DEBUG: bs = 2
DEBUG: About to call build_embedsDEBUG: About to call build_embeds

DEBUG: build_embeds succeeded
DEBUG: bs = 2
DEBUG: build_embeds succeeded
DEBUG: bs = 2
DEBUG: About to call build_embeds
DEBUG: About to call build_embeds
DEBUG: build_embeds succeeded
DEBUG: bs = 2
DEBUG: build_embeds succeeded
DEBUG: bs = 2
DEBUG: About to call build_embeds
DEBUG: About to call build_embeds
DEBUG: build_embeds succeeded
DEBUG: bs = 2
DEBUG: build_embeds succeeded
DEBUG: bs = 2
DEBUG: About to call build_embeds
DEBUG: About to call build_embeds
DEBUG: build_embeds succeeded
DEBUG: bs = 2
DEBUG: build_embeds succeeded
DEBUG: bs = 2
DEBUG: About to call build_embeds
DEBUG: About to call build_embeds
DEBUG: build_embeds succeeded
DEBUG: bs = 2
DEBUG: build_embeds succeeded
DEBUG: bs = 2
DEBUG: About to call build_embeds
DEBUG: About to call build_embeds
DEBUG: build_embeds succeeded
DEBUG: bs = 2
DEBUG: build_embeds succeeded
DEBUG: bs = 2
DEBUG: About to call build_embedsDEBUG: About to call build_embeds

DEBUG: build_embeds succeeded
DEBUG: bs = 2
DEBUG: build_embeds succeeded
DEBUG: bs = 2
DEBUG: About to call build_embeds
DEBUG: About to call build_embeds
DEBUG: build_embeds succeeded
DEBUG: bs = 2
DEBUG: build_embeds succeeded
DEBUG: bs = 2
DEBUG: About to call build_embeds
DEBUG: About to call build_embeds
DEBUG: build_embeds succeeded
DEBUG: bs = 2
DEBUG: build_embeds succeeded
DEBUG: bs = 2
DEBUG: About to call build_embeds
DEBUG: About to call build_embeds
DEBUG: build_embeds succeeded
DEBUG: bs = 2
DEBUG: build_embeds succeeded
DEBUG: bs = 2
DEBUG: About to call build_embeds
DEBUG: About to call build_embeds
DEBUG: build_embeds succeeded
DEBUG: bs = 2
DEBUG: build_embeds succeeded
DEBUG: bs = 2
DEBUG: About to call build_embeds
DEBUG: About to call build_embeds
DEBUG: build_embeds succeeded
DEBUG: bs = 2
DEBUG: build_embeds succeeded
DEBUG: bs = 2
DEBUG: About to call build_embeds
DEBUG: About to call build_embeds
DEBUG: build_embeds succeeded
DEBUG: bs = 2
DEBUG: build_embeds succeeded
DEBUG: bs = 2
DEBUG: About to call build_embeds
DEBUG: About to call build_embeds
DEBUG: build_embeds succeeded
DEBUG: bs = 2
DEBUG: build_embeds succeeded
DEBUG: bs = 2
DEBUG: About to call build_embeds
DEBUG: About to call build_embeds
DEBUG: build_embeds succeeded
DEBUG: bs = 2
DEBUG: build_embeds succeeded
DEBUG: bs = 2
DEBUG: About to call build_embeds
DEBUG: About to call build_embeds
DEBUG: build_embeds succeeded
DEBUG: bs = 2
DEBUG: build_embeds succeeded
DEBUG: bs = 2
DEBUG: About to call build_embeds
DEBUG: About to call build_embeds
DEBUG: build_embeds succeeded
DEBUG: bs = 2
DEBUG: build_embeds succeeded
DEBUG: bs = 2
DEBUG: About to call build_embeds
DEBUG: About to call build_embeds
DEBUG: build_embeds succeeded
DEBUG: bs = 2
DEBUG: build_embeds succeeded
DEBUG: bs = 2
DEBUG: About to call build_embeds
DEBUG: About to call build_embeds
DEBUG: build_embeds succeeded
DEBUG: bs = 2
DEBUG: build_embeds succeeded
DEBUG: bs = 2
DEBUG: About to call build_embeds
DEBUG: About to call build_embeds
DEBUG: build_embeds succeeded
DEBUG: bs = 2
DEBUG: build_embeds succeeded
DEBUG: bs = 2
DEBUG: About to call build_embeds
DEBUG: About to call build_embeds
DEBUG: build_embeds succeeded
DEBUG: bs = 2
DEBUG: build_embeds succeeded
DEBUG: bs = 2
DEBUG: About to call build_embeds
DEBUG: About to call build_embeds
DEBUG: build_embeds succeeded
DEBUG: bs = 2
DEBUG: build_embeds succeeded
DEBUG: bs = 2
DEBUG: About to call build_embeds
DEBUG: About to call build_embeds
DEBUG: build_embeds succeeded
DEBUG: bs = 2
DEBUG: build_embeds succeeded
DEBUG: bs = 2
DEBUG: About to call build_embeds
DEBUG: About to call build_embeds
DEBUG: build_embeds succeeded
DEBUG: bs = 2DEBUG: build_embeds succeeded
DEBUG: bs = 2

DEBUG: About to call build_embeds
DEBUG: About to call build_embeds
DEBUG: build_embeds succeeded
DEBUG: bs = 2
DEBUG: build_embeds succeeded
DEBUG: bs = 2
DEBUG: About to call build_embeds
DEBUG: About to call build_embeds
DEBUG: build_embeds succeeded
DEBUG: bs = 2
DEBUG: build_embeds succeeded
DEBUG: bs = 2
DEBUG: About to call build_embeds
DEBUG: About to call build_embeds
DEBUG: build_embeds succeeded
DEBUG: bs = 2
DEBUG: build_embeds succeeded
DEBUG: bs = 2
DEBUG: About to call build_embeds
DEBUG: About to call build_embeds
DEBUG: build_embeds succeeded
DEBUG: bs = 2
DEBUG: build_embeds succeeded
DEBUG: bs = 2
DEBUG: About to call build_embeds
DEBUG: About to call build_embeds
DEBUG: build_embeds succeeded
DEBUG: bs = 2
DEBUG: build_embeds succeeded
DEBUG: bs = 2
DEBUG: About to call build_embeds
DEBUG: About to call build_embeds
DEBUG: build_embeds succeeded
DEBUG: bs = 2
DEBUG: build_embeds succeeded
DEBUG: bs = 2
DEBUG: About to call build_embeds
DEBUG: About to call build_embeds
DEBUG: build_embeds succeeded
DEBUG: bs = 2
DEBUG: build_embeds succeeded
DEBUG: bs = 2
DEBUG: About to call build_embedsDEBUG: About to call build_embeds

DEBUG: build_embeds succeededDEBUG: build_embeds succeeded

DEBUG: bs = 2
DEBUG: bs = 2
DEBUG: About to call build_embeds
DEBUG: About to call build_embeds
DEBUG: build_embeds succeeded
DEBUG: bs = 2
DEBUG: build_embeds succeeded
DEBUG: bs = 2
DEBUG: About to call build_embeds
DEBUG: About to call build_embeds
DEBUG: build_embeds succeeded
DEBUG: bs = 2
DEBUG: build_embeds succeeded
DEBUG: bs = 2
DEBUG: About to call build_embeds
DEBUG: About to call build_embeds
DEBUG: build_embeds succeeded
DEBUG: bs = 2
DEBUG: build_embeds succeeded
DEBUG: bs = 2
DEBUG: About to call build_embeds
DEBUG: About to call build_embeds
DEBUG: build_embeds succeeded
DEBUG: bs = 2
DEBUG: build_embeds succeeded
DEBUG: bs = 2
DEBUG: About to call build_embeds
DEBUG: About to call build_embeds
DEBUG: build_embeds succeeded
DEBUG: bs = 2
DEBUG: build_embeds succeeded
DEBUG: bs = 2
DEBUG: About to call build_embeds
DEBUG: About to call build_embeds
DEBUG: build_embeds succeeded
DEBUG: bs = 2
DEBUG: build_embeds succeeded
DEBUG: bs = 2
DEBUG: About to call build_embeds
DEBUG: About to call build_embeds
DEBUG: build_embeds succeeded
DEBUG: bs = 2
DEBUG: build_embeds succeeded
DEBUG: bs = 2
DEBUG: About to call build_embeds
DEBUG: About to call build_embeds
DEBUG: build_embeds succeeded
DEBUG: bs = 2
DEBUG: build_embeds succeeded
DEBUG: bs = 2
DEBUG: About to call build_embeds
DEBUG: About to call build_embeds
DEBUG: build_embeds succeeded
DEBUG: bs = 2
DEBUG: build_embeds succeeded
DEBUG: bs = 2
DEBUG: About to call build_embeds
DEBUG: About to call build_embeds
DEBUG: build_embeds succeeded
DEBUG: bs = 2
DEBUG: build_embeds succeeded
DEBUG: bs = 2
DEBUG: About to call build_embeds
DEBUG: About to call build_embeds
DEBUG: build_embeds succeeded
DEBUG: bs = 2
DEBUG: build_embeds succeeded
DEBUG: bs = 2
DEBUG: About to call build_embeds
DEBUG: About to call build_embeds
DEBUG: build_embeds succeeded
DEBUG: bs = 2
DEBUG: build_embeds succeeded
DEBUG: bs = 2
DEBUG: About to call build_embeds
DEBUG: About to call build_embeds
DEBUG: build_embeds succeeded
DEBUG: bs = 2
DEBUG: build_embeds succeeded
DEBUG: bs = 2
DEBUG: About to call build_embeds
DEBUG: About to call build_embeds
DEBUG: build_embeds succeeded
DEBUG: bs = 2
DEBUG: build_embeds succeeded
DEBUG: bs = 2
DEBUG: About to call build_embeds
DEBUG: About to call build_embeds
DEBUG: build_embeds succeeded
DEBUG: bs = 2
DEBUG: build_embeds succeeded
DEBUG: bs = 2
DEBUG: About to call build_embeds
DEBUG: About to call build_embeds
DEBUG: build_embeds succeeded
DEBUG: bs = 2
DEBUG: build_embeds succeeded
DEBUG: bs = 2
DEBUG: About to call build_embeds
DEBUG: About to call build_embeds
DEBUG: build_embeds succeeded
DEBUG: bs = 2
DEBUG: build_embeds succeeded
DEBUG: bs = 2
DEBUG: About to call build_embeds
DEBUG: About to call build_embeds
DEBUG: build_embeds succeeded
DEBUG: bs = 2
DEBUG: build_embeds succeeded
DEBUG: bs = 2
DEBUG: About to call build_embeds
DEBUG: About to call build_embeds
DEBUG: build_embeds succeeded
DEBUG: bs = 2
DEBUG: build_embeds succeeded
DEBUG: bs = 2
DEBUG: About to call build_embeds
DEBUG: About to call build_embeds
DEBUG: build_embeds succeeded
DEBUG: bs = 2
DEBUG: build_embeds succeeded
DEBUG: bs = 2
DEBUG: About to call build_embeds
DEBUG: About to call build_embeds
DEBUG: build_embeds succeeded
DEBUG: bs = 2
DEBUG: build_embeds succeeded
DEBUG: bs = 2
DEBUG: About to call build_embeds
DEBUG: About to call build_embeds
DEBUG: build_embeds succeededDEBUG: build_embeds succeeded

DEBUG: bs = 2
DEBUG: bs = 2
DEBUG: About to call build_embedsDEBUG: About to call build_embeds

DEBUG: build_embeds succeeded
DEBUG: bs = 2
DEBUG: build_embeds succeeded
DEBUG: bs = 2
DEBUG: About to call build_embeds
DEBUG: About to call build_embeds
DEBUG: build_embeds succeeded
DEBUG: bs = 2
DEBUG: build_embeds succeeded
DEBUG: bs = 2
DEBUG: About to call build_embeds
DEBUG: About to call build_embeds
DEBUG: build_embeds succeeded
DEBUG: bs = 2
DEBUG: build_embeds succeeded
DEBUG: bs = 2
DEBUG: About to call build_embeds
DEBUG: About to call build_embeds
DEBUG: build_embeds succeeded
DEBUG: bs = 2
DEBUG: build_embeds succeeded
DEBUG: bs = 2
DEBUG: About to call build_embeds
DEBUG: About to call build_embeds
DEBUG: build_embeds succeeded
DEBUG: bs = 2
DEBUG: build_embeds succeeded
DEBUG: bs = 2
DEBUG: About to call build_embeds
DEBUG: About to call build_embeds
DEBUG: build_embeds succeeded
DEBUG: bs = 2
DEBUG: build_embeds succeeded
DEBUG: bs = 2
DEBUG: About to call build_embeds
DEBUG: About to call build_embeds
DEBUG: build_embeds succeeded
DEBUG: bs = 2
DEBUG: build_embeds succeeded
DEBUG: bs = 2
DEBUG: About to call build_embeds
DEBUG: About to call build_embeds
DEBUG: build_embeds succeeded
DEBUG: bs = 2
DEBUG: build_embeds succeeded
DEBUG: bs = 2
DEBUG: About to call build_embeds
DEBUG: About to call build_embeds
DEBUG: build_embeds succeeded
DEBUG: bs = 2
DEBUG: build_embeds succeeded
DEBUG: bs = 2
DEBUG: About to call build_embeds
DEBUG: About to call build_embeds
DEBUG: build_embeds succeeded
DEBUG: bs = 2
DEBUG: build_embeds succeeded
DEBUG: bs = 2
{'target_metric': 0.4375, 'sentence_sim': 0.8245142221450805, 'cider': 2.20417492687014, 'bleu': 0.3155593930374932, 'meteor': 0.3249627487373353, 'rouge': 0.6134370348629673}
[Epoch 10] finished eval, is_best: False
{'target_metric': 0.4375, 'sentence_sim': 0.8245142221450805, 'cider': 2.20417492687014, 'bleu': 0.3155593930374932, 'meteor': 0.3249627487373353, 'rouge': 0.6134370348629673}
Load best ckpt from MSR3D_BLIPT_FTPNPP_VIC_LORA_3DS/best.pth for testing
launched
Your remaining balance (at the time of job end)
User           Usage |        Account     Usage | Account Limit Available (CPU hrs)
---------- --------- + -------------- --------- + ------------- ---------
cpoullis           0 |            VCG       779 |             0       N/A
ekalogerakis       431 |            VCG       779 |             0       N/A
maverkiou          0 |            VCG       779 |             0       N/A
mloizou           29 |            VCG       779 |             0       N/A
pdemetriou *       279 |            VCG       779 |             0       N/A
yadimoolam        40 |            VCG       779 |             0       N/A
ygeorgiou          0 |            VCG       779 |             0       N/A
